time,name,cpu_pct,user_pct,kernel_pct,page_faults,wset_mb,interrupt_pct,dpc_pct,dpc_worst_cpu_pct,avail_mb,disk_read_mb_s
2026-10-05 11:38:58,system,42,18,24,,,1.3,0.0,3,7810,
2026-10-05 11:38:59,flamesafe,0,0,0,5682,21
2026-10-05 11:38:59,engine,8,8,0,48685,36
2026-10-05 11:38:59,deck,5,3,2,9641,35
2026-10-05 11:38:59,soak,0,0,0,23241,45
2026-10-05 11:38:59,BEYOND,9,2,8,554318,1546
2026-10-05 11:38:59,MadMapper,11,6,5,204404,570
2026-10-05 11:38:59,system,11,8,3,,,0.0,0.0,0,7816,0.0
2026-10-05 11:39:00,flamesafe,2,2,0,5683,21
2026-10-05 11:39:00,engine,3,2,2,48912,36
2026-10-05 11:39:00,deck,6,3,3,9644,35
2026-10-05 11:39:00,soak,2,0,2,23264,45
2026-10-05 11:39:00,BEYOND,6,0,6,554446,1546
2026-10-05 11:39:00,MadMapper,20,2,19,204553,570
2026-10-05 11:39:00,system,13,7,7,,,0.2,0.0,2,7811,0.0
2026-10-05 11:39:01,flamesafe,3,3,0,5684,21
2026-10-05 11:39:01,engine,3,2,2,49128,36
2026-10-05 11:39:01,deck,2,2,0,9646,35
2026-10-05 11:39:01,soak,2,2,0,23271,45
2026-10-05 11:39:01,BEYOND,16,5,11,554581,1546
2026-10-05 11:39:01,MadMapper,86,67,19,257278,606
2026-10-05 11:39:01,system,23,16,7,,,0.4,0.0,2,7765,0.0
2026-10-05 11:39:02,flamesafe,2,2,0,5685,21
2026-10-05 11:39:02,engine,2,2,0,49344,36
2026-10-05 11:39:02,deck,0,0,0,9649,35
2026-10-05 11:39:02,soak,0,0,0,23283,45
2026-10-05 11:39:02,BEYOND,8,5,3,554709,1546
2026-10-05 11:39:02,MadMapper,41,39,2,280022,591
2026-10-05 11:39:02,system,14,10,4,,,0.0,0.4,2,7788,0.0
2026-10-05 11:39:03,flamesafe,2,2,0,5686,21
2026-10-05 11:39:03,engine,9,6,3,61962,37
2026-10-05 11:39:03,deck,2,2,0,9652,35
2026-10-05 11:39:03,soak,2,2,0,23318,45
2026-10-05 11:39:03,BEYOND,9,5,5,554836,1546
2026-10-05 11:39:03,MadMapper,8,3,5,280027,591
2026-10-05 11:39:03,system,10,5,4,,,0.0,0.2,2,7795,0.0
2026-10-05 11:39:04,flamesafe,3,0,3,5686,21
2026-10-05 11:39:04,engine,3,3,0,62174,37
2026-10-05 11:39:04,deck,3,3,0,9653,35
2026-10-05 11:39:04,soak,0,0,0,23322,45
2026-10-05 11:39:04,BEYOND,9,5,5,554966,1546
2026-10-05 11:39:04,MadMapper,8,5,3,280055,591
2026-10-05 11:39:04,system,8,5,3,,,0.2,0.0,2,7803,0.0
2026-10-05 11:39:05,flamesafe,2,0,2,5687,21
2026-10-05 11:39:05,engine,12,11,2,62383,37
2026-10-05 11:39:05,deck,5,5,0,9656,35
2026-10-05 11:39:05,soak,0,0,0,23326,45
2026-10-05 11:39:05,BEYOND,9,0,9,555093,1546
2026-10-05 11:39:05,MadMapper,6,2,5,280059,591
2026-10-05 11:39:05,system,9,6,3,,,0.8,0.2,3,7816,0.0
2026-10-05 11:39:06,flamesafe,0,0,0,5687,21
2026-10-05 11:39:06,engine,8,6,2,62606,37
2026-10-05 11:39:06,deck,2,2,0,9658,35
2026-10-05 11:39:06,soak,5,3,2,23330,45
2026-10-05 11:39:06,BEYOND,14,6,8,555229,1546
2026-10-05 11:39:06,MadMapper,6,2,5,280063,591
2026-10-05 11:39:06,system,9,6,3,,,0.0,0.2,2,7821,0.0
2026-10-05 11:39:07,flamesafe,2,2,0,5688,21
2026-10-05 11:39:07,engine,3,3,0,62856,37
2026-10-05 11:39:07,deck,0,0,0,9660,35
2026-10-05 11:39:07,soak,2,0,2,23336,45
2026-10-05 11:39:07,BEYOND,19,5,14,555356,1546
2026-10-05 11:39:07,MadMapper,6,3,3,280067,591
2026-10-05 11:39:07,system,8,4,4,,,0.2,0.0,2,7826,0.0
2026-10-05 11:39:08,flamesafe,0,0,0,5689,21
2026-10-05 11:39:08,engine,3,0,3,75462,37
2026-10-05 11:39:08,deck,6,6,0,9662,35
2026-10-05 11:39:08,soak,3,0,3,23504,45
2026-10-05 11:39:08,BEYOND,17,6,11,555484,1546
2026-10-05 11:39:08,MadMapper,8,3,5,280071,591
2026-10-05 11:39:08,system,14,7,7,,,0.6,0.2,3,7830,0.0
2026-10-05 11:39:09,flamesafe,2,2,0,5689,21
2026-10-05 11:39:09,engine,2,0,2,75670,37
2026-10-05 11:39:09,deck,11,9,2,9664,35
2026-10-05 11:39:09,soak,2,2,0,23519,45
2026-10-05 11:39:09,BEYOND,14,3,11,555611,1546
2026-10-05 11:39:09,MadMapper,2,0,2,280099,591
2026-10-05 11:39:09,system,15,9,6,,,0.4,0.6,7,7815,0.0
2026-10-05 11:39:10,flamesafe,3,3,0,5690,21
2026-10-05 11:39:10,engine,6,3,3,75886,37
2026-10-05 11:39:10,deck,5,2,3,9665,35
2026-10-05 11:39:10,soak,6,5,2,23531,45
2026-10-05 11:39:10,BEYOND,19,2,17,555739,1546
2026-10-05 11:39:10,MadMapper,14,8,6,280145,591
2026-10-05 11:39:10,system,16,8,9,,,0.4,0.4,3,7835,0.0
2026-10-05 11:39:11,flamesafe,3,3,0,5691,21
2026-10-05 11:39:11,engine,6,5,2,76105,37
2026-10-05 11:39:11,deck,6,3,3,9666,35
2026-10-05 11:39:11,soak,2,2,0,23535,45
2026-10-05 11:39:11,BEYOND,20,0,20,555877,1546
2026-10-05 11:39:11,MadMapper,43,36,8,304585,686
2026-10-05 11:39:11,system,30,16,14,,,0.2,0.0,2,7739,0.1
2026-10-05 11:39:12,flamesafe,3,2,2,5691,21
2026-10-05 11:39:12,engine,5,5,0,76410,37
2026-10-05 11:39:12,deck,6,5,2,9668,35
2026-10-05 11:39:12,soak,5,3,2,23539,45
2026-10-05 11:39:12,BEYOND,23,6,17,556004,1546
2026-10-05 11:39:12,MadMapper,80,65,14,329445,788
2026-10-05 11:39:12,system,28,18,10,,,1.0,0.6,6,7624,0.0
2026-10-05 11:39:13,flamesafe,0,0,0,5692,21
2026-10-05 11:39:13,engine,14,11,3,89012,37
2026-10-05 11:39:13,deck,6,3,3,9669,35
2026-10-05 11:39:13,soak,8,3,5,23582,45
2026-10-05 11:39:13,BEYOND,23,2,22,556132,1546
2026-10-05 11:39:13,MadMapper,75,60,15,352789,883
2026-10-05 11:39:13,system,37,21,16,,,0.4,0.2,2,7548,0.0
2026-10-05 11:39:14,flamesafe,2,2,0,5692,21
2026-10-05 11:39:14,engine,8,5,3,89219,37
2026-10-05 11:39:14,deck,17,12,5,9671,35
2026-10-05 11:39:14,soak,6,5,2,23586,45
2026-10-05 11:39:14,BEYOND,20,3,17,556259,1546
2026-10-05 11:39:14,MadMapper,85,66,19,376041,978
2026-10-05 11:39:14,system,50,26,24,,,0.8,0.4,3,7451,0.1
2026-10-05 11:39:15,flamesafe,2,2,0,5693,21
2026-10-05 11:39:15,engine,11,8,3,89433,37
2026-10-05 11:39:15,deck,6,5,2,9673,35
2026-10-05 11:39:15,soak,5,2,3,23590,45
2026-10-05 11:39:15,BEYOND,30,6,23,556395,1546
2026-10-05 11:39:15,MadMapper,102,76,25,379332,992
2026-10-05 11:39:15,system,55,24,30,,,0.4,0.0,2,7462,0.0
2026-10-05 11:39:16,flamesafe,2,2,0,5694,21
2026-10-05 11:39:16,engine,9,8,2,89681,38
2026-10-05 11:39:16,deck,14,11,3,9675,35
2026-10-05 11:39:16,soak,6,5,2,23594,45
2026-10-05 11:39:16,BEYOND,40,6,34,556524,1546
2026-10-05 11:39:16,MadMapper,140,121,20,379476,992
2026-10-05 11:39:16,system,56,34,21,,,0.6,0.4,3,7443,0.1
2026-10-05 11:39:17,flamesafe,6,2,5,5694,21
2026-10-05 11:39:17,engine,6,5,2,89902,38
2026-10-05 11:39:17,deck,5,3,2,9676,35
2026-10-05 11:39:17,soak,2,2,0,23599,45
2026-10-05 11:39:17,BEYOND,17,3,14,556652,1546
2026-10-05 11:39:17,MadMapper,73,68,5,379507,992
2026-10-05 11:39:17,system,28,18,11,,,1.1,0.6,7,7443,0.0
2026-10-05 11:39:18,flamesafe,3,3,0,5695,21
2026-10-05 11:39:18,engine,17,9,8,102470,38
2026-10-05 11:39:18,deck,9,8,2,9678,35
2026-10-05 11:39:18,soak,11,5,6,23646,45
2026-10-05 11:39:18,BEYOND,31,6,25,556779,1546
2026-10-05 11:39:18,MadMapper,78,70,9,379679,993
2026-10-05 11:39:18,system,46,26,20,,,0.6,0.4,3,7444,0.1
2026-10-05 11:39:19,flamesafe,3,3,0,5698,21
2026-10-05 11:39:19,engine,9,5,5,102685,38
2026-10-05 11:39:19,deck,9,8,2,9679,35
2026-10-05 11:39:19,soak,3,2,2,23650,45
2026-10-05 11:39:19,BEYOND,29,11,19,556913,1546
2026-10-05 11:39:19,MadMapper,60,48,12,379886,994
2026-10-05 11:39:19,system,39,23,16,,,0.8,0.4,3,7419,0.1
2026-10-05 11:39:20,flamesafe,2,2,0,5698,21
2026-10-05 11:39:20,engine,3,0,3,102897,38
2026-10-05 11:39:20,deck,3,2,2,9681,35
2026-10-05 11:39:20,soak,2,2,0,23655,45
2026-10-05 11:39:20,BEYOND,22,8,14,557044,1546
2026-10-05 11:39:20,MadMapper,66,62,3,380105,995
2026-10-05 11:39:20,system,33,18,15,,,0.2,0.2,3,7448,0.0
2026-10-05 11:39:21,flamesafe,3,3,0,5699,21
2026-10-05 11:39:21,engine,5,2,3,103114,38
2026-10-05 11:39:21,deck,6,5,2,9682,35
2026-10-05 11:39:21,soak,0,0,0,23659,45
2026-10-05 11:39:21,BEYOND,32,5,28,557172,1546
2026-10-05 11:39:21,MadMapper,74,56,19,381145,999
2026-10-05 11:39:21,system,42,21,21,,,0.6,0.0,2,7441,0.1
2026-10-05 11:39:23,flamesafe,2,2,0,5699,21
2026-10-05 11:39:23,engine,3,3,0,103342,38
2026-10-05 11:39:23,deck,8,8,0,9684,35
2026-10-05 11:39:23,soak,3,3,0,23663,45
2026-10-05 11:39:23,BEYOND,25,2,23,557299,1546
2026-10-05 11:39:23,MadMapper,55,51,3,381161,999
2026-10-05 11:39:23,system,27,14,13,,,0.4,0.4,2,7445,0.0
2026-10-05 11:39:24,flamesafe,3,3,0,5700,21
2026-10-05 11:39:24,engine,6,2,5,115923,38
2026-10-05 11:39:24,deck,5,5,0,9686,35
2026-10-05 11:39:24,soak,6,5,2,23809,46
2026-10-05 11:39:24,BEYOND,18,9,9,557427,1546
2026-10-05 11:39:24,MadMapper,51,42,9,381549,1001
2026-10-05 11:39:24,system,27,16,11,,,0.4,0.2,2,7431,0.1
2026-10-05 11:39:25,flamesafe,2,2,0,5701,21
2026-10-05 11:39:25,engine,3,2,2,116124,38
2026-10-05 11:39:25,deck,5,3,3,9688,35
2026-10-05 11:39:25,soak,5,2,3,23813,46
2026-10-05 11:39:25,BEYOND,22,2,20,557563,1546
2026-10-05 11:39:25,MadMapper,73,61,12,384320,1012
2026-10-05 11:39:25,system,35,23,12,,,1.0,0.2,3,7430,0.0
2026-10-05 11:39:26,flamesafe,3,3,0,5701,21
2026-10-05 11:39:26,engine,8,5,3,116474,39
2026-10-05 11:39:26,deck,6,5,0,9690,35
2026-10-05 11:39:26,soak,5,2,3,23817,46
2026-10-05 11:39:26,BEYOND,5,0,5,557690,1546
2026-10-05 11:39:26,MadMapper,46,45,2,384325,1012
2026-10-05 11:39:26,system,13,10,3,,,0.2,0.0,2,7441,0.0
2026-10-05 11:39:27,flamesafe,2,2,0,5702,21
2026-10-05 11:39:27,engine,9,9,0,116724,39
2026-10-05 11:39:27,deck,14,11,3,9691,35
2026-10-05 11:39:27,soak,2,2,0,23821,46
2026-10-05 11:39:27,BEYOND,14,2,12,557818,1546
2026-10-05 11:39:27,MadMapper,78,68,9,384387,1012
2026-10-05 11:39:27,system,36,21,15,,,0.0,0.0,0,7426,0.0
2026-10-05 11:39:28,flamesafe,0,0,0,5703,21
2026-10-05 11:39:28,engine,5,5,0,116932,39
2026-10-05 11:39:28,deck,6,5,2,9692,35
2026-10-05 11:39:28,soak,6,2,5,23838,46
2026-10-05 11:39:28,BEYOND,18,2,17,557945,1546
2026-10-05 11:39:28,MadMapper,51,40,11,384391,1012
2026-10-05 11:39:28,system,42,20,22,,,0.2,0.4,2,7414,0.0
2026-10-05 11:39:29,flamesafe,3,2,2,5703,21
2026-10-05 11:39:29,engine,15,14,2,129516,39
2026-10-05 11:39:29,deck,3,2,2,9694,35
2026-10-05 11:39:29,soak,14,9,5,23856,46
2026-10-05 11:39:29,BEYOND,20,3,17,558073,1546
2026-10-05 11:39:29,MadMapper,45,34,11,389230,1031
2026-10-05 11:39:29,system,37,18,19,,,0.6,0.4,2,7416,0.0
2026-10-05 11:39:30,flamesafe,5,3,2,5704,21
2026-10-05 11:39:30,engine,5,5,0,129729,39
2026-10-05 11:39:30,deck,3,3,0,9695,35
2026-10-05 11:39:30,soak,2,2,0,23860,46
2026-10-05 11:39:30,BEYOND,17,5,12,558210,1546
2026-10-05 11:39:30,MadMapper,61,51,9,389321,1031
2026-10-05 11:39:30,system,42,24,18,,,1.0,0.6,6,7431,0.0
2026-10-05 11:39:31,flamesafe,2,2,0,5704,21
2026-10-05 11:39:31,engine,2,2,0,129948,39
2026-10-05 11:39:31,deck,5,3,2,9697,35
2026-10-05 11:39:31,soak,2,2,0,23864,46
2026-10-05 11:39:31,BEYOND,18,9,9,558338,1546
2026-10-05 11:39:31,MadMapper,54,46,8,389458,1032
2026-10-05 11:39:31,system,29,16,14,,,0.0,0.4,3,7422,0.0
2026-10-05 11:39:32,flamesafe,2,2,0,5705,21
2026-10-05 11:39:32,engine,9,6,3,130161,39
2026-10-05 11:39:32,deck,11,8,3,9698,35
2026-10-05 11:39:32,soak,3,3,0,23868,46
2026-10-05 11:39:32,BEYOND,23,12,11,558465,1546
2026-10-05 11:39:32,MadMapper,63,49,14,389516,1032
2026-10-05 11:39:32,system,49,26,22,,,0.6,0.2,2,7418,0.0
2026-10-05 11:39:33,flamesafe,3,2,2,5706,21
2026-10-05 11:39:33,engine,8,3,5,130384,39
2026-10-05 11:39:33,deck,9,6,3,9700,35
2026-10-05 11:39:33,soak,9,8,2,23872,46
2026-10-05 11:39:33,BEYOND,23,6,17,558596,1546
2026-10-05 11:39:33,MadMapper,41,31,9,389526,1032
2026-10-05 11:39:33,system,41,20,21,,,1.0,0.4,6,7399,0.0
2026-10-05 11:39:34,flamesafe,8,6,2,5706,21
2026-10-05 11:39:34,engine,8,6,2,142962,39
2026-10-05 11:39:34,deck,9,5,5,9701,35
2026-10-05 11:39:34,soak,11,6,5,23903,46
2026-10-05 11:39:34,BEYOND,32,9,23,558731,1546
2026-10-05 11:39:34,MadMapper,37,29,8,389897,1033
2026-10-05 11:39:34,system,49,22,27,,,0.8,0.8,6,7422,0.0
2026-10-05 11:39:35,flamesafe,0,0,0,5707,21
2026-10-05 11:39:35,engine,14,9,5,143183,39
2026-10-05 11:39:35,deck,8,6,2,9703,35
2026-10-05 11:39:35,soak,2,2,0,23907,46
2026-10-05 11:39:35,BEYOND,43,3,40,558859,1546
2026-10-05 11:39:35,MadMapper,69,60,9,390142,1033
2026-10-05 11:39:35,system,50,27,23,,,0.8,0.0,2,7429,0.0
2026-10-05 11:39:36,flamesafe,3,3,0,5723,21
2026-10-05 11:39:36,engine,9,5,5,143395,39
2026-10-05 11:39:36,deck,3,3,0,9703,35
2026-10-05 11:39:36,soak,3,3,0,23911,46
2026-10-05 11:39:36,BEYOND,22,6,15,558986,1546
2026-10-05 11:39:36,MadMapper,70,68,2,390160,1033
2026-10-05 11:39:36,system,35,21,14,,,1.0,0.6,6,7435,0.0
2026-10-05 11:39:37,flamesafe,2,2,0,5723,21
2026-10-05 11:39:37,engine,9,5,5,143609,39
2026-10-05 11:39:37,deck,11,11,0,9705,35
2026-10-05 11:39:37,soak,6,6,0,23915,46
2026-10-05 11:39:37,BEYOND,25,5,20,559116,1546
2026-10-05 11:39:37,MadMapper,92,79,14,390206,1033
2026-10-05 11:39:37,system,56,30,26,,,1.0,0.2,6,7438,0.0
2026-10-05 11:39:38,flamesafe,3,3,0,5723,21
2026-10-05 11:39:38,engine,6,6,0,143829,39
2026-10-05 11:39:38,deck,12,9,3,9706,35
2026-10-05 11:39:38,soak,8,5,3,23919,46
2026-10-05 11:39:38,BEYOND,35,12,23,559252,1546
2026-10-05 11:39:38,MadMapper,108,101,6,390210,1033
2026-10-05 11:39:38,system,55,32,23,,,0.6,0.0,2,7412,0.0
2026-10-05 11:39:39,flamesafe,8,8,0,5724,21
2026-10-05 11:39:39,engine,15,8,8,156403,39
2026-10-05 11:39:39,deck,9,8,2,9708,35
2026-10-05 11:39:39,soak,6,3,3,23949,46
2026-10-05 11:39:39,BEYOND,35,11,25,559381,1546
2026-10-05 11:39:39,MadMapper,114,102,12,390253,1033
2026-10-05 11:39:39,system,62,33,29,,,1.3,0.4,4,7444,0.0
2026-10-05 11:39:40,flamesafe,2,2,0,5724,21
2026-10-05 11:39:40,engine,5,5,0,156674,39
2026-10-05 11:39:40,deck,8,6,2,9709,35
2026-10-05 11:39:40,soak,3,3,0,23953,46
2026-10-05 11:39:40,BEYOND,17,5,12,559512,1546
2026-10-05 11:39:40,MadMapper,66,56,9,390307,1033
2026-10-05 11:39:40,system,42,23,20,,,0.8,0.4,6,7417,0.0
2026-10-05 11:39:41,flamesafe,0,0,0,5724,21
2026-10-05 11:39:41,engine,6,5,2,156893,40
2026-10-05 11:39:41,deck,6,5,2,9711,35
2026-10-05 11:39:41,soak,3,2,2,23958,46
2026-10-05 11:39:41,BEYOND,18,3,15,559641,1546
2026-10-05 11:39:41,MadMapper,45,40,5,390657,1034
2026-10-05 11:39:41,system,37,15,21,,,0.4,0.6,4,7442,0.0
2026-10-05 11:39:42,flamesafe,0,0,0,5724,21
2026-10-05 11:39:42,engine,9,9,0,157117,40
2026-10-05 11:39:42,deck,11,8,3,9712,35
2026-10-05 11:39:42,soak,5,3,2,23962,46
2026-10-05 11:39:42,BEYOND,23,5,19,559777,1546
2026-10-05 11:39:42,MadMapper,72,60,11,391005,1035
2026-10-05 11:39:42,system,54,30,24,,,0.6,0.2,3,7437,0.1
2026-10-05 11:39:43,flamesafe,2,2,0,5724,21
2026-10-05 11:39:43,engine,11,8,3,157399,40
2026-10-05 11:39:43,deck,12,12,0,9713,35
2026-10-05 11:39:43,soak,9,5,5,23979,46
2026-10-05 11:39:43,BEYOND,25,8,17,559904,1546
2026-10-05 11:39:43,MadMapper,63,60,3,391293,1036
2026-10-05 11:39:43,system,54,30,24,,,1.0,0.0,4,7416,0.0
2026-10-05 11:39:44,flamesafe,0,0,0,5724,21
2026-10-05 11:39:44,engine,17,11,6,170010,40
2026-10-05 11:39:44,deck,14,11,3,9713,35
2026-10-05 11:39:44,soak,11,8,3,23996,46
2026-10-05 11:39:44,BEYOND,26,5,22,560032,1546
2026-10-05 11:39:44,MadMapper,74,59,15,391653,1038
2026-10-05 11:39:44,system,56,30,26,,,1.1,0.2,4,7436,0.0
2026-10-05 11:39:45,flamesafe,0,0,0,5724,21
2026-10-05 11:39:45,engine,9,6,3,170220,40
2026-10-05 11:39:45,deck,8,5,3,9713,35
2026-10-05 11:39:45,soak,8,5,3,24000,46
2026-10-05 11:39:45,BEYOND,36,5,31,560161,1546
2026-10-05 11:39:45,MadMapper,86,74,11,391966,1037
2026-10-05 11:39:45,system,55,30,25,,,1.1,0.4,4,7409,0.0
2026-10-05 11:39:46,flamesafe,0,0,0,5724,21
2026-10-05 11:39:46,engine,11,5,6,170432,40
2026-10-05 11:39:46,deck,12,9,3,9714,35
2026-10-05 11:39:46,soak,2,2,0,24004,46
2026-10-05 11:39:46,BEYOND,23,8,15,560297,1546
2026-10-05 11:39:46,MadMapper,71,53,19,392372,1039
2026-10-05 11:39:46,system,44,20,25,,,0.6,0.8,6,7438,0.0
2026-10-05 11:39:47,flamesafe,5,3,2,5724,21
2026-10-05 11:39:47,engine,6,2,5,170643,40
2026-10-05 11:39:47,deck,11,8,3,9715,35
2026-10-05 11:39:47,soak,5,3,2,24008,46
2026-10-05 11:39:47,BEYOND,26,6,20,560424,1546
2026-10-05 11:39:47,MadMapper,45,43,2,392739,1036
2026-10-05 11:39:47,system,45,25,20,,,1.0,0.0,4,7435,0.0
2026-10-05 11:39:48,flamesafe,0,0,0,5724,21
2026-10-05 11:39:48,engine,5,3,2,170866,40
2026-10-05 11:39:48,deck,9,8,2,9716,35
2026-10-05 11:39:48,soak,2,0,2,24038,46
2026-10-05 11:39:48,BEYOND,20,2,19,560552,1546
2026-10-05 11:39:48,MadMapper,64,48,15,393279,1037
2026-10-05 11:39:48,system,44,20,24,,,1.0,0.4,3,7444,0.0
2026-10-05 11:39:49,flamesafe,3,0,3,5724,21
2026-10-05 11:39:49,engine,5,2,3,183468,40
2026-10-05 11:39:49,deck,5,5,0,9717,35
2026-10-05 11:39:49,soak,5,3,2,24044,46
2026-10-05 11:39:49,BEYOND,26,9,17,560681,1546
2026-10-05 11:39:49,MadMapper,45,40,5,393283,1037
2026-10-05 11:39:49,system,36,19,18,,,0.6,0.4,3,7447,0.0
2026-10-05 11:39:50,flamesafe,0,0,0,5724,21
2026-10-05 11:39:50,engine,8,5,3,183689,40
2026-10-05 11:39:50,deck,5,5,0,9717,35
2026-10-05 11:39:50,soak,3,2,2,24048,46
2026-10-05 11:39:50,BEYOND,22,6,16,560809,1546
2026-10-05 11:39:50,MadMapper,53,37,16,393311,1037
2026-10-05 11:39:50,system,37,18,19,,,1.0,0.2,3,7448,0.0
2026-10-05 11:39:51,flamesafe,5,5,0,5724,21
2026-10-05 11:39:51,engine,3,3,0,183898,40
2026-10-05 11:39:51,deck,3,3,0,9717,35
2026-10-05 11:39:51,soak,3,2,2,24052,46
2026-10-05 11:39:51,BEYOND,31,6,25,560945,1546
2026-10-05 11:39:51,MadMapper,54,42,12,393315,1037
2026-10-05 11:39:51,system,40,19,21,,,0.6,0.2,3,7439,0.0
2026-10-05 11:39:52,flamesafe,2,2,0,5724,21
2026-10-05 11:39:52,engine,3,3,0,184122,40
2026-10-05 11:39:52,deck,9,5,5,9718,35
2026-10-05 11:39:52,soak,3,2,2,24056,46
2026-10-05 11:39:52,BEYOND,14,2,12,561072,1546
2026-10-05 11:39:52,MadMapper,56,51,5,393621,1037
2026-10-05 11:39:52,system,44,22,22,,,0.4,0.4,2,7423,0.0
2026-10-05 11:39:53,flamesafe,0,0,0,5724,21
2026-10-05 11:39:53,engine,15,8,8,196610,41
2026-10-05 11:39:53,deck,6,5,2,9718,35
2026-10-05 11:39:53,soak,17,12,5,24087,46
2026-10-05 11:39:53,BEYOND,42,5,37,561202,1546
2026-10-05 11:39:53,MadMapper,57,48,9,393958,1038
2026-10-05 11:39:53,system,53,25,28,,,1.0,0.0,6,7451,0.0
2026-10-05 11:39:54,flamesafe,2,2,0,5724,21
2026-10-05 11:39:54,engine,3,3,0,197017,41
2026-10-05 11:39:54,deck,6,5,2,9719,35
2026-10-05 11:39:54,soak,5,3,2,24091,46
2026-10-05 11:39:54,BEYOND,29,2,28,561329,1546
2026-10-05 11:39:54,MadMapper,55,48,8,393962,1038
2026-10-05 11:39:54,system,48,27,21,,,0.8,0.0,3,7419,0.0
2026-10-05 11:39:55,flamesafe,2,2,0,5724,21
2026-10-05 11:39:55,engine,6,3,3,197227,41
2026-10-05 11:39:55,deck,11,9,2,9719,35
2026-10-05 11:39:55,soak,2,0,2,24095,46
2026-10-05 11:39:55,BEYOND,18,8,11,561465,1546
2026-10-05 11:39:55,MadMapper,69,53,17,393990,1038
2026-10-05 11:39:55,system,43,19,24,,,0.4,0.6,4,7447,0.0
2026-10-05 11:39:56,flamesafe,0,0,0,5724,21
2026-10-05 11:39:56,engine,12,6,6,197438,41
2026-10-05 11:39:56,deck,5,5,0,9720,36
2026-10-05 11:39:56,soak,0,0,0,24099,46
2026-10-05 11:39:56,BEYOND,27,8,19,561592,1546
2026-10-05 11:39:56,MadMapper,42,31,11,394045,1037
2026-10-05 11:39:56,system,49,22,26,,,0.6,0.6,3,7443,0.0
2026-10-05 11:39:57,flamesafe,2,2,0,5724,21
2026-10-05 11:39:57,engine,5,3,2,197682,41
2026-10-05 11:39:57,deck,2,2,0,9721,35
2026-10-05 11:39:57,soak,9,2,8,24103,46
2026-10-05 11:39:57,BEYOND,35,9,26,561722,1546
2026-10-05 11:39:57,MadMapper,68,50,19,394359,1037
2026-10-05 11:39:57,system,43,20,24,,,1.3,0.6,7,7451,0.0
2026-10-05 11:39:58,flamesafe,3,3,0,5724,21
2026-10-05 11:39:58,engine,6,6,0,197910,41
2026-10-05 11:39:58,deck,8,3,5,9722,35
2026-10-05 11:39:58,soak,22,14,8,24273,45
2026-10-05 11:39:58,BEYOND,18,6,12,561849,1546
2026-10-05 11:39:58,MadMapper,71,58,12,394696,1038
2026-10-05 11:39:58,system,63,32,31,,,0.6,0.0,2,7410,0.0
2026-10-05 11:39:59,flamesafe,2,0,2,5724,21
2026-10-05 11:39:59,engine,6,3,3,210506,41
2026-10-05 11:39:59,deck,15,15,0,9722,35
2026-10-05 11:39:59,soak,5,0,5,24390,46
2026-10-05 11:39:59,BEYOND,32,9,23,561985,1546
2026-10-05 11:39:59,MadMapper,83,60,23,394737,1038
2026-10-05 11:39:59,system,70,42,28,,,0.6,0.2,2,7320,0.0
2026-10-05 11:40:00,flamesafe,0,0,0,5724,21
2026-10-05 11:40:00,engine,9,8,2,210725,41
2026-10-05 11:40:00,deck,5,3,2,9723,35
2026-10-05 11:40:00,soak,3,2,2,24396,46
2026-10-05 11:40:00,BEYOND,39,6,32,562112,1546
2026-10-05 11:40:00,MadMapper,86,70,15,399998,1037
2026-10-05 11:40:00,system,60,34,26,,,0.6,1.0,6,7314,0.0
2026-10-05 11:40:01,flamesafe,0,0,0,5724,21
2026-10-05 11:40:01,engine,18,19,0,211003,41
2026-10-05 11:40:01,deck,8,8,0,9723,35
2026-10-05 11:40:01,soak,3,2,2,24401,46
2026-10-05 11:40:01,BEYOND,34,9,25,562242,1545
2026-10-05 11:40:01,MadMapper,74,59,15,400576,1039
2026-10-05 11:40:01,system,60,35,25,,,0.4,0.4,3,7287,0.0
2026-10-05 11:40:02,flamesafe,0,0,0,5724,21
2026-10-05 11:40:02,engine,12,11,2,211216,41
2026-10-05 11:40:02,deck,5,5,0,9724,35
2026-10-05 11:40:02,soak,5,2,3,24409,46
2026-10-05 11:40:02,BEYOND,18,3,15,562369,1545
2026-10-05 11:40:02,MadMapper,49,33,17,400591,1039
2026-10-05 11:40:02,system,32,15,17,,,0.6,0.0,2,7284,0.0
2026-10-05 11:40:03,flamesafe,0,0,0,5724,21
2026-10-05 11:40:03,engine,8,6,2,223802,41
2026-10-05 11:40:03,deck,9,9,0,9724,35
2026-10-05 11:40:03,soak,8,2,6,24478,46
2026-10-05 11:40:03,BEYOND,27,5,22,562505,1545
2026-10-05 11:40:03,MadMapper,44,37,6,400900,1039
2026-10-05 11:40:03,system,41,24,17,,,0.6,0.2,3,7382,0.0
2026-10-05 11:40:04,flamesafe,0,0,0,5724,21
2026-10-05 11:40:04,engine,15,9,6,224017,41
2026-10-05 11:40:04,deck,8,5,3,9724,35
2026-10-05 11:40:04,soak,3,3,0,24482,46
2026-10-05 11:40:04,BEYOND,28,6,22,562633,1545
2026-10-05 11:40:04,MadMapper,77,56,22,401054,1039
2026-10-05 11:40:04,system,52,26,26,,,1.3,0.4,8,7376,0.0
2026-10-05 11:40:05,flamesafe,2,2,0,5724,21
2026-10-05 11:40:05,engine,8,6,2,224237,41
2026-10-05 11:40:05,deck,5,5,0,9724,35
2026-10-05 11:40:05,soak,6,3,3,24497,46
2026-10-05 11:40:05,BEYOND,26,6,20,562765,1546
2026-10-05 11:40:05,MadMapper,46,45,2,401088,1039
2026-10-05 11:40:05,system,49,24,25,,,1.0,0.2,3,7355,0.1
2026-10-05 11:40:06,flamesafe,0,0,0,5724,21
2026-10-05 11:40:06,engine,8,8,0,224464,42
2026-10-05 11:40:06,deck,9,8,2,9724,35
2026-10-05 11:40:06,soak,0,0,0,24517,46
2026-10-05 11:40:06,BEYOND,22,3,19,562895,1546
2026-10-05 11:40:06,MadMapper,53,43,9,401218,1040
2026-10-05 11:40:06,system,45,19,26,,,1.0,0.2,3,7412,0.0
2026-10-05 11:40:07,flamesafe,6,6,0,5724,21
2026-10-05 11:40:07,engine,5,5,0,224681,42
2026-10-05 11:40:07,deck,11,9,2,9724,35
2026-10-05 11:40:07,soak,0,0,0,24522,46
2026-10-05 11:40:07,BEYOND,26,6,20,563030,1546
2026-10-05 11:40:07,MadMapper,55,50,6,401278,1040
2026-10-05 11:40:07,system,44,24,19,,,0.6,0.0,2,7391,0.0
2026-10-05 11:40:08,flamesafe,2,2,0,5724,21
2026-10-05 11:40:08,engine,12,9,3,224964,42
2026-10-05 11:40:08,deck,2,2,0,9724,35
2026-10-05 11:40:08,soak,0,0,0,24552,46
2026-10-05 11:40:08,BEYOND,14,2,12,563158,1546
2026-10-05 11:40:08,MadMapper,72,56,17,406071,1059
2026-10-05 11:40:08,system,46,21,25,,,1.0,0.4,4,7391,0.0
2026-10-05 11:40:09,flamesafe,2,2,0,5724,21
2026-10-05 11:40:09,engine,11,3,8,237574,42
2026-10-05 11:40:09,deck,9,8,2,9724,35
2026-10-05 11:40:09,soak,8,2,6,24718,45
2026-10-05 11:40:09,BEYOND,30,5,25,563287,1546
2026-10-05 11:40:09,MadMapper,111,90,20,407814,1045
2026-10-05 11:40:09,system,52,26,26,,,0.4,0.0,2,7413,0.0
2026-10-05 11:40:10,flamesafe,2,2,0,5724,21
2026-10-05 11:40:10,engine,6,5,2,237798,42
2026-10-05 11:40:10,deck,8,8,0,9724,35
2026-10-05 11:40:10,soak,2,0,2,24740,45
2026-10-05 11:40:10,BEYOND,20,3,17,563460,1546
2026-10-05 11:40:10,MadMapper,55,50,6,408121,1046
2026-10-05 11:40:10,system,41,18,23,,,0.8,0.4,3,7409,0.0
2026-10-05 11:40:11,flamesafe,3,3,0,5724,21
2026-10-05 11:40:11,engine,2,0,2,238021,42
2026-10-05 11:40:11,deck,14,11,3,9724,35
2026-10-05 11:40:11,soak,8,6,2,24747,45
2026-10-05 11:40:11,BEYOND,17,5,12,563587,1546
2026-10-05 11:40:11,MadMapper,50,36,14,408139,1046
2026-10-05 11:40:11,system,42,23,20,,,0.4,0.2,3,7402,0.0
2026-10-05 11:40:12,flamesafe,3,3,0,5724,21
2026-10-05 11:40:12,engine,3,2,2,238256,42
2026-10-05 11:40:12,deck,9,9,0,9724,35
2026-10-05 11:40:12,soak,6,5,2,24753,45
2026-10-05 11:40:12,BEYOND,22,3,19,563723,1546
2026-10-05 11:40:12,MadMapper,52,43,9,408246,1046
2026-10-05 11:40:12,system,47,24,23,,,0.8,0.6,4,7402,0.0
2026-10-05 11:40:13,flamesafe,3,3,0,5724,21
2026-10-05 11:40:13,engine,12,8,5,238470,42
2026-10-05 11:40:13,deck,5,3,2,9724,35
2026-10-05 11:40:13,soak,3,3,0,24783,45
2026-10-05 11:40:13,BEYOND,15,2,14,563852,1546
2026-10-05 11:40:13,MadMapper,62,51,11,408251,1046
2026-10-05 11:40:13,system,51,27,24,,,0.6,0.0,3,7381,0.1
2026-10-05 11:40:14,flamesafe,0,0,0,5724,21
2026-10-05 11:40:14,engine,9,6,3,251081,42
2026-10-05 11:40:14,deck,6,6,0,9724,35
2026-10-05 11:40:14,soak,8,6,2,25077,46
2026-10-05 11:40:14,BEYOND,31,8,23,563980,1546
2026-10-05 11:40:14,MadMapper,72,65,6,408263,1046
2026-10-05 11:40:14,system,44,21,23,,,1.1,0.0,3,7408,0.0
2026-10-05 11:40:15,flamesafe,3,2,2,5724,21
2026-10-05 11:40:15,engine,6,5,2,251294,42
2026-10-05 11:40:15,deck,8,3,5,9724,35
2026-10-05 11:40:15,soak,3,3,0,25083,46
2026-10-05 11:40:15,BEYOND,18,5,14,564107,1546
2026-10-05 11:40:15,MadMapper,63,40,23,408292,1046
2026-10-05 11:40:15,system,48,25,23,,,0.0,0.2,2,7382,0.1
2026-10-05 11:40:16,flamesafe,0,0,0,5724,21
2026-10-05 11:40:16,engine,11,8,3,251516,42
2026-10-05 11:40:16,deck,5,5,0,9725,35
2026-10-05 11:40:16,soak,5,5,0,25090,46
2026-10-05 11:40:16,BEYOND,36,11,25,564243,1546
2026-10-05 11:40:16,MadMapper,69,57,11,410850,1056
2026-10-05 11:40:16,system,50,24,26,,,1.9,0.0,4,7387,0.0
2026-10-05 11:40:17,flamesafe,0,0,0,5724,21
2026-10-05 11:40:17,engine,6,3,3,251726,42
2026-10-05 11:40:17,deck,9,6,3,9725,35
2026-10-05 11:40:17,soak,6,2,5,25109,46
2026-10-05 11:40:17,BEYOND,35,8,28,564372,1546
2026-10-05 11:40:17,MadMapper,106,90,17,414803,1049
2026-10-05 11:40:17,system,52,25,26,,,1.0,0.4,4,7402,0.0
2026-10-05 11:40:18,flamesafe,2,0,2,5724,21
2026-10-05 11:40:18,engine,2,2,0,252003,43
2026-10-05 11:40:18,deck,5,5,0,9725,35
2026-10-05 11:40:18,soak,8,3,5,25151,46
2026-10-05 11:40:18,BEYOND,25,3,22,564500,1546
2026-10-05 11:40:18,MadMapper,72,63,9,414845,1049
2026-10-05 11:40:18,system,45,18,26,,,0.8,0.4,3,7400,0.0
2026-10-05 11:40:19,flamesafe,3,2,2,5724,21
2026-10-05 11:40:19,engine,11,9,2,264628,43
2026-10-05 11:40:19,deck,5,3,2,9725,35
2026-10-05 11:40:19,soak,5,0,5,25156,46
2026-10-05 11:40:19,BEYOND,28,3,25,564628,1546
2026-10-05 11:40:19,MadMapper,83,76,8,415205,1050
2026-10-05 11:40:19,system,45,22,24,,,1.1,0.2,3,7396,0.0
2026-10-05 11:40:20,flamesafe,2,2,0,5724,21
2026-10-05 11:40:20,engine,15,12,3,264838,43
2026-10-05 11:40:20,deck,8,8,0,9725,35
2026-10-05 11:40:20,soak,6,3,3,25161,46
2026-10-05 11:40:20,BEYOND,30,2,28,564763,1546
2026-10-05 11:40:20,MadMapper,66,60,5,415255,1050
2026-10-05 11:40:20,system,47,25,22,,,0.6,0.0,3,7401,0.0
2026-10-05 11:40:21,flamesafe,0,0,0,5724,21
2026-10-05 11:40:21,engine,14,8,6,265063,43
2026-10-05 11:40:21,deck,2,2,0,9725,35
2026-10-05 11:40:21,soak,5,5,0,25165,46
2026-10-05 11:40:21,BEYOND,22,8,14,564892,1546
2026-10-05 11:40:21,MadMapper,72,62,11,415261,1050
2026-10-05 11:40:21,system,46,23,23,,,1.0,0.2,3,7378,0.0
2026-10-05 11:40:22,flamesafe,6,6,0,5724,21
2026-10-05 11:40:22,engine,5,2,3,265341,43
2026-10-05 11:40:22,deck,6,5,2,9725,35
2026-10-05 11:40:22,soak,2,2,0,25171,46
2026-10-05 11:40:22,BEYOND,23,3,20,565020,1546
2026-10-05 11:40:22,MadMapper,78,57,20,415268,1050
2026-10-05 11:40:22,system,41,18,23,,,1.1,0.4,3,7406,0.0
2026-10-05 11:40:23,flamesafe,2,2,0,5724,21
2026-10-05 11:40:23,engine,9,8,2,265557,43
2026-10-05 11:40:23,deck,9,9,0,9725,35
2026-10-05 11:40:23,soak,6,5,2,25215,46
2026-10-05 11:40:23,BEYOND,29,2,28,565148,1546
2026-10-05 11:40:23,MadMapper,83,77,6,415272,1050
2026-10-05 11:40:23,system,57,31,26,,,1.3,0.2,6,7374,0.0
2026-10-05 11:40:24,flamesafe,5,5,0,5725,21
2026-10-05 11:40:24,engine,17,14,3,278172,43
2026-10-05 11:40:24,deck,3,2,2,9725,35
2026-10-05 11:40:24,soak,11,5,6,25222,46
2026-10-05 11:40:24,BEYOND,22,5,17,565278,1546
2026-10-05 11:40:24,MadMapper,112,85,28,415301,1050
2026-10-05 11:40:24,system,51,26,25,,,0.8,0.0,3,7372,0.0
2026-10-05 11:40:25,flamesafe,2,0,2,5732,21
2026-10-05 11:40:25,engine,8,5,3,278389,43
2026-10-05 11:40:25,deck,5,5,0,9725,35
2026-10-05 11:40:25,soak,2,2,0,25226,46
2026-10-05 11:40:25,BEYOND,19,3,15,565411,1546
2026-10-05 11:40:25,MadMapper,89,79,9,420336,1057
2026-10-05 11:40:25,system,47,24,23,,,0.4,0.2,2,7392,0.0
2026-10-05 11:40:26,flamesafe,3,3,0,5732,21
2026-10-05 11:40:26,engine,9,6,3,278609,43
2026-10-05 11:40:26,deck,8,5,3,9725,35
2026-10-05 11:40:26,soak,6,0,6,25230,46
2026-10-05 11:40:26,BEYOND,20,6,14,565540,1546
2026-10-05 11:40:26,MadMapper,65,46,19,420340,1057
2026-10-05 11:40:26,system,40,18,22,,,0.6,0.4,3,7393,0.0
2026-10-05 11:40:27,flamesafe,0,0,0,5732,21
2026-10-05 11:40:27,engine,11,8,3,278837,43
2026-10-05 11:40:27,deck,5,5,0,9725,35
2026-10-05 11:40:27,soak,3,3,0,25234,46
2026-10-05 11:40:27,BEYOND,16,2,14,565668,1546
2026-10-05 11:40:27,MadMapper,66,62,3,420472,1058
2026-10-05 11:40:27,system,38,21,17,,,0.4,0.0,3,7401,0.0
2026-10-05 11:40:28,flamesafe,5,3,2,5732,21
2026-10-05 11:40:28,engine,8,6,2,279050,43
2026-10-05 11:40:28,deck,8,6,2,9725,35
2026-10-05 11:40:28,soak,6,3,3,25393,45
2026-10-05 11:40:28,BEYOND,35,5,31,565795,1546
2026-10-05 11:40:28,MadMapper,85,74,11,420494,1057
2026-10-05 11:40:28,system,61,33,28,,,1.2,0.0,2,7390,0.0
2026-10-05 11:40:29,flamesafe,3,2,2,5732,21
2026-10-05 11:40:29,engine,8,8,0,291656,43
2026-10-05 11:40:29,deck,8,8,0,9725,35
2026-10-05 11:40:29,soak,6,3,3,25427,45
2026-10-05 11:40:29,BEYOND,32,11,22,565931,1546
2026-10-05 11:40:29,MadMapper,66,60,6,420499,1057
2026-10-05 11:40:29,system,48,25,23,,,1.1,0.6,4,7375,0.0
2026-10-05 11:40:30,flamesafe,6,6,0,5732,21
2026-10-05 11:40:30,engine,6,5,2,291875,44
2026-10-05 11:40:30,deck,5,3,2,9725,35
2026-10-05 11:40:30,soak,0,0,0,25432,45
2026-10-05 11:40:30,BEYOND,23,6,17,566061,1546
2026-10-05 11:40:30,MadMapper,73,57,15,420527,1057
2026-10-05 11:40:30,system,41,21,20,,,0.8,0.0,3,7393,0.0
2026-10-05 11:40:31,flamesafe,6,5,2,5732,21
2026-10-05 11:40:31,engine,9,6,3,292102,44
2026-10-05 11:40:31,deck,5,5,0,9725,35
2026-10-05 11:40:31,soak,5,3,2,25436,45
2026-10-05 11:40:31,BEYOND,32,5,28,566188,1546
2026-10-05 11:40:31,MadMapper,75,68,8,420531,1057
2026-10-05 11:40:31,system,52,28,23,,,0.6,0.0,2,7374,0.0
2026-10-05 11:40:32,flamesafe,0,0,0,5732,21
2026-10-05 11:40:32,engine,8,8,0,292302,44
2026-10-05 11:40:32,deck,9,9,0,9725,35
2026-10-05 11:40:32,soak,8,5,3,25440,45
2026-10-05 11:40:32,BEYOND,28,9,19,566316,1546
2026-10-05 11:40:32,MadMapper,89,74,14,420566,1057
2026-10-05 11:40:32,system,50,28,22,,,0.8,0.2,3,7369,0.0
2026-10-05 11:40:33,flamesafe,5,5,0,5732,21
2026-10-05 11:40:33,engine,9,5,5,302492,44
2026-10-05 11:40:33,deck,3,3,0,9725,35
2026-10-05 11:40:33,soak,17,5,12,25623,45
2026-10-05 11:40:33,BEYOND,32,3,29,566451,1546
2026-10-05 11:40:33,MadMapper,111,94,17,425033,1064
2026-10-05 11:40:33,system,59,30,29,,,1.1,0.6,4,7393,0.0
2026-10-05 11:40:34,flamesafe,6,6,0,5732,21
2026-10-05 11:40:34,engine,9,8,2,305103,44
2026-10-05 11:40:34,deck,2,2,0,9725,35
2026-10-05 11:40:34,soak,0,0,0,25650,45
2026-10-05 11:40:34,BEYOND,17,3,14,566581,1546
2026-10-05 11:40:34,MadMapper,74,62,12,425037,1064
2026-10-05 11:40:34,system,39,22,17,,,0.6,0.2,4,7391,0.0
2026-10-05 11:40:35,flamesafe,2,2,0,5732,21
2026-10-05 11:40:35,engine,9,6,3,305316,44
2026-10-05 11:40:35,deck,8,6,2,9725,35
2026-10-05 11:40:35,soak,8,8,0,25751,46
2026-10-05 11:40:35,BEYOND,28,3,25,566710,1546
2026-10-05 11:40:35,MadMapper,72,66,6,425065,1064
2026-10-05 11:40:35,system,42,22,20,,,0.4,0.2,2,7390,0.0
2026-10-05 11:40:36,flamesafe,0,0,0,5732,21
2026-10-05 11:40:36,engine,11,8,3,305613,44
2026-10-05 11:40:36,deck,6,5,2,9725,35
2026-10-05 11:40:36,soak,0,0,0,25759,46
2026-10-05 11:40:36,BEYOND,33,5,28,566838,1546
2026-10-05 11:40:36,MadMapper,72,63,8,425087,1063
2026-10-05 11:40:36,system,52,25,27,,,1.0,0.4,3,7382,0.1
2026-10-05 11:40:37,flamesafe,0,0,0,5732,21
2026-10-05 11:40:37,engine,12,12,0,305837,44
2026-10-05 11:40:37,deck,15,14,2,9725,35
2026-10-05 11:40:37,soak,0,0,0,25764,46
2026-10-05 11:40:37,BEYOND,17,2,15,566974,1546
2026-10-05 11:40:37,MadMapper,85,74,11,425091,1063
2026-10-05 11:40:37,system,47,28,19,,,0.8,0.0,2,7365,0.0
2026-10-05 11:40:38,flamesafe,2,2,0,5732,21
2026-10-05 11:40:38,engine,8,6,2,318426,44
2026-10-05 11:40:38,deck,8,8,0,9725,35
2026-10-05 11:40:38,soak,6,3,3,25824,46
2026-10-05 11:40:38,BEYOND,29,5,25,567104,1546
2026-10-05 11:40:38,MadMapper,77,73,5,425223,1064
2026-10-05 11:40:38,system,54,29,26,,,0.4,0.6,3,7385,0.0
2026-10-05 11:40:39,flamesafe,3,3,0,5732,21
2026-10-05 11:40:39,engine,6,6,0,318642,44
2026-10-05 11:40:39,deck,6,5,2,9725,35
2026-10-05 11:40:39,soak,2,2,0,25829,46
2026-10-05 11:40:39,BEYOND,23,6,17,567231,1546
2026-10-05 11:40:39,MadMapper,75,65,9,425227,1064
2026-10-05 11:40:39,system,48,24,23,,,0.2,0.6,4,7366,0.0
2026-10-05 11:40:40,flamesafe,3,3,0,5732,21
2026-10-05 11:40:40,engine,6,5,2,318853,44
2026-10-05 11:40:40,deck,8,8,0,9725,35
2026-10-05 11:40:40,soak,0,0,0,25833,46
2026-10-05 11:40:40,BEYOND,12,2,11,567359,1546
2026-10-05 11:40:40,MadMapper,97,80,17,425332,1064
2026-10-05 11:40:40,system,49,25,24,,,0.6,0.0,3,7362,0.0
2026-10-05 11:40:41,flamesafe,2,0,2,5732,21
2026-10-05 11:40:41,engine,5,5,0,319073,44
2026-10-05 11:40:41,deck,5,3,2,9725,35
2026-10-05 11:40:41,soak,2,2,0,25838,46
2026-10-05 11:40:41,BEYOND,37,5,33,567486,1546
2026-10-05 11:40:41,MadMapper,89,79,11,425565,1064
2026-10-05 11:40:41,system,48,24,24,,,0.6,0.8,4,7381,0.0
2026-10-05 11:40:42,flamesafe,3,2,2,5732,21
2026-10-05 11:40:42,engine,9,9,0,319309,44
2026-10-05 11:40:42,deck,8,6,2,9725,35
2026-10-05 11:40:42,soak,3,0,3,25842,46
2026-10-05 11:40:42,BEYOND,22,5,17,567624,1546
2026-10-05 11:40:42,MadMapper,38,25,12,425569,1064
2026-10-05 11:40:42,system,38,16,22,,,0.6,0.2,3,7383,0.0
2026-10-05 11:40:43,flamesafe,3,3,0,5732,21
2026-10-05 11:40:43,engine,6,5,2,331895,44
2026-10-05 11:40:43,deck,6,5,2,9725,35
2026-10-05 11:40:43,soak,12,5,8,25876,46
2026-10-05 11:40:43,BEYOND,17,3,14,567752,1546
2026-10-05 11:40:43,MadMapper,46,31,15,425573,1064
2026-10-05 11:40:43,system,45,21,25,,,0.6,0.0,2,7385,0.0
2026-10-05 11:40:44,flamesafe,5,5,0,5732,21
2026-10-05 11:40:44,engine,6,5,2,332144,45
2026-10-05 11:40:44,deck,11,9,2,9725,35
2026-10-05 11:40:44,soak,8,5,3,25887,46
2026-10-05 11:40:44,BEYOND,17,2,15,567879,1546
2026-10-05 11:40:44,MadMapper,54,34,20,425620,1064
2026-10-05 11:40:44,system,48,24,24,,,1.3,0.9,8,7383,0.0
2026-10-05 11:40:45,flamesafe,3,3,0,5732,21
2026-10-05 11:40:45,engine,8,5,3,332357,45
2026-10-05 11:40:45,deck,11,6,5,9725,35
2026-10-05 11:40:45,soak,8,3,5,25891,46
2026-10-05 11:40:45,BEYOND,25,8,17,568007,1546
2026-10-05 11:40:45,MadMapper,47,43,3,425624,1064
2026-10-05 11:40:45,system,42,24,18,,,0.2,0.2,2,7363,0.0
2026-10-05 11:40:46,flamesafe,0,0,0,5732,21
2026-10-05 11:40:46,engine,9,6,3,332572,45
2026-10-05 11:40:46,deck,5,5,0,9725,35
2026-10-05 11:40:46,soak,3,2,2,25895,46
2026-10-05 11:40:46,BEYOND,15,5,11,568144,1546
2026-10-05 11:40:46,MadMapper,42,36,6,425628,1064
2026-10-05 11:40:46,system,26,14,12,,,0.6,0.4,3,7386,0.0
2026-10-05 11:40:47,flamesafe,2,2,0,5732,21
2026-10-05 11:40:47,engine,9,8,2,332789,45
2026-10-05 11:40:47,deck,6,0,6,9725,35
2026-10-05 11:40:47,soak,2,0,2,25906,46
2026-10-05 11:40:47,BEYOND,12,3,9,568272,1546
2026-10-05 11:40:47,MadMapper,52,40,11,425632,1064
2026-10-05 11:40:47,system,47,19,27,,,0.8,0.4,2,7378,0.0
2026-10-05 11:40:48,flamesafe,8,8,0,5732,21
2026-10-05 11:40:48,engine,6,6,0,345375,45
2026-10-05 11:40:48,deck,5,3,2,9725,35
2026-10-05 11:40:48,soak,8,5,3,26075,45
2026-10-05 11:40:48,BEYOND,22,5,17,568399,1546
2026-10-05 11:40:48,MadMapper,65,46,19,426737,1068
2026-10-05 11:40:48,system,55,27,27,,,1.3,0.4,6,7375,0.0
2026-10-05 11:40:49,flamesafe,8,2,6,5732,21
2026-10-05 11:40:49,engine,12,8,5,345584,45
2026-10-05 11:40:49,deck,9,8,2,9725,35
2026-10-05 11:40:49,soak,3,2,2,26100,45
2026-10-05 11:40:49,BEYOND,8,2,6,568527,1546
2026-10-05 11:40:49,MadMapper,48,43,5,426909,1068
2026-10-05 11:40:49,system,46,22,24,,,1.1,0.2,3,7359,0.1
2026-10-05 11:40:50,flamesafe,2,0,2,5732,21
2026-10-05 11:40:50,engine,8,5,3,345870,45
2026-10-05 11:40:50,deck,12,12,0,9725,35
2026-10-05 11:40:50,soak,2,2,0,26128,45
2026-10-05 11:40:50,BEYOND,17,0,17,568664,1546
2026-10-05 11:40:50,MadMapper,69,56,14,430900,1072
2026-10-05 11:40:50,system,42,22,20,,,0.2,0.4,3,7381,0.0
2026-10-05 11:40:51,flamesafe,2,2,0,5732,21
2026-10-05 11:40:51,engine,9,5,5,346082,45
2026-10-05 11:40:51,deck,2,2,0,9725,35
2026-10-05 11:40:51,soak,3,0,3,26138,45
2026-10-05 11:40:51,BEYOND,27,8,19,568792,1546
2026-10-05 11:40:51,MadMapper,77,62,14,431433,1072
2026-10-05 11:40:51,system,55,28,27,,,1.0,0.4,3,7375,0.0
2026-10-05 11:40:52,flamesafe,3,3,0,5732,21
2026-10-05 11:40:52,engine,9,5,5,346301,45
2026-10-05 11:40:52,deck,6,6,0,9725,35
2026-10-05 11:40:52,soak,2,0,2,26142,45
2026-10-05 11:40:52,BEYOND,25,8,17,568919,1546
2026-10-05 11:40:52,MadMapper,42,34,8,431441,1072
2026-10-05 11:40:52,system,43,22,21,,,0.4,0.0,2,7356,0.0
2026-10-05 11:40:53,flamesafe,3,3,0,5732,21
2026-10-05 11:40:53,engine,11,8,3,358889,45
2026-10-05 11:40:53,deck,5,3,2,9725,35
2026-10-05 11:40:53,soak,9,5,5,26198,45
2026-10-05 11:40:53,BEYOND,23,2,22,569047,1546
2026-10-05 11:40:53,MadMapper,69,54,15,431452,1072
2026-10-05 11:40:53,system,55,25,30,,,0.6,0.2,2,7380,0.1
2026-10-05 11:40:54,flamesafe,0,0,0,5732,21
2026-10-05 11:40:54,engine,11,9,2,359098,45
2026-10-05 11:40:54,deck,8,8,0,9725,35
2026-10-05 11:40:54,soak,5,3,2,26213,46
2026-10-05 11:40:54,BEYOND,23,8,15,569176,1546
2026-10-05 11:40:54,MadMapper,48,46,2,431487,1072
2026-10-05 11:40:54,system,43,23,20,,,0.8,0.2,3,7359,0.0
2026-10-05 11:40:55,flamesafe,2,2,0,5732,21
2026-10-05 11:40:55,engine,2,2,0,359313,45
2026-10-05 11:40:55,deck,5,5,0,9725,35
2026-10-05 11:40:55,soak,3,3,0,26301,46
2026-10-05 11:40:55,BEYOND,38,22,17,569312,1546
2026-10-05 11:40:55,MadMapper,55,40,15,432037,1072
2026-10-05 11:40:55,system,39,20,19,,,0.4,0.8,6,7382,0.0
2026-10-05 11:40:56,flamesafe,2,2,0,5732,21
2026-10-05 11:40:56,engine,6,2,5,359513,45
2026-10-05 11:40:56,deck,8,6,2,9725,35
2026-10-05 11:40:56,soak,8,8,0,26306,46
2026-10-05 11:40:56,BEYOND,36,5,31,569440,1546
2026-10-05 11:40:56,MadMapper,59,56,3,432041,1072
2026-10-05 11:40:56,system,48,25,23,,,0.8,1.0,6,7373,0.1
2026-10-05 11:40:57,flamesafe,0,0,0,5732,21
2026-10-05 11:40:57,engine,5,3,2,359746,45
2026-10-05 11:40:57,deck,6,6,0,9725,35
2026-10-05 11:40:57,soak,3,3,0,26310,46
2026-10-05 11:40:57,BEYOND,26,8,19,569567,1546
2026-10-05 11:40:57,MadMapper,62,42,20,432060,1072
2026-10-05 11:40:57,system,46,22,24,,,0.8,0.0,2,7360,0.0
2026-10-05 11:40:58,flamesafe,0,0,0,5732,21
2026-10-05 11:40:58,engine,14,11,3,372340,45
2026-10-05 11:40:58,deck,6,0,6,9725,35
2026-10-05 11:40:58,soak,5,3,2,26506,45
2026-10-05 11:40:58,BEYOND,23,6,17,569695,1546
2026-10-05 11:40:58,MadMapper,57,48,9,432087,1073
2026-10-05 11:40:58,system,49,25,24,,,1.0,0.0,3,7380,0.0
2026-10-05 11:40:59,flamesafe,2,2,0,5732,21
2026-10-05 11:40:59,engine,6,3,3,372546,45
2026-10-05 11:40:59,deck,6,5,2,9725,35
2026-10-05 11:40:59,soak,3,2,2,26535,45
2026-10-05 11:40:59,BEYOND,22,11,11,569832,1546
2026-10-05 11:40:59,MadMapper,53,42,11,432115,1072
2026-10-05 11:40:59,system,42,20,22,,,0.4,0.2,2,7348,0.0
2026-10-05 11:41:00,flamesafe,0,0,0,5732,21
2026-10-05 11:41:00,engine,20,11,9,373197,47
2026-10-05 11:41:00,deck,6,5,2,9727,35
2026-10-05 11:41:00,soak,2,2,0,26547,45
2026-10-05 11:41:00,BEYOND,37,2,35,570344,1547
2026-10-05 11:41:00,MadMapper,134,106,28,436323,1077
2026-10-05 11:41:00,system,64,34,30,,,0.8,1.0,3,7367,0.0
2026-10-05 11:41:01,flamesafe,3,3,0,5732,21
2026-10-05 11:41:01,engine,15,14,2,373412,47
2026-10-05 11:41:01,deck,12,12,0,9727,35
2026-10-05 11:41:01,soak,5,3,2,26551,45
2026-10-05 11:41:01,BEYOND,37,6,31,570607,1548
2026-10-05 11:41:01,MadMapper,154,127,26,436327,1077
2026-10-05 11:41:01,system,72,41,31,,,1.7,0.7,4,7339,0.0
2026-10-05 11:41:02,flamesafe,6,6,0,5732,21
2026-10-05 11:41:02,engine,12,9,3,373688,47
2026-10-05 11:41:02,deck,11,8,3,9727,35
2026-10-05 11:41:02,soak,2,2,0,26581,46
2026-10-05 11:41:02,BEYOND,57,9,48,570755,1548
2026-10-05 11:41:02,MadMapper,126,105,22,444098,1103
2026-10-05 11:41:02,system,65,37,28,,,0.6,0.2,3,7338,0.0
2026-10-05 11:41:04,flamesafe,0,0,0,5732,21
2026-10-05 11:41:04,engine,26,17,9,386359,48
2026-10-05 11:41:04,deck,20,14,6,9727,35
2026-10-05 11:41:04,soak,5,3,2,26609,46
2026-10-05 11:41:04,BEYOND,42,9,33,571026,1548
2026-10-05 11:41:04,MadMapper,91,76,15,444103,1103
2026-10-05 11:41:04,system,61,32,29,,,1.5,0.0,6,7334,0.0
2026-10-05 11:41:05,flamesafe,3,2,2,5732,21
2026-10-05 11:41:05,engine,8,6,2,386573,48
2026-10-05 11:41:05,deck,11,8,3,9727,35
2026-10-05 11:41:05,soak,5,5,0,26627,46
2026-10-05 11:41:05,BEYOND,38,8,31,571170,1548
2026-10-05 11:41:05,MadMapper,85,71,14,444136,1103
2026-10-05 11:41:05,system,59,29,30,,,1.3,0.9,6,7309,0.0
2026-10-05 11:41:06,flamesafe,3,3,0,5732,21
2026-10-05 11:41:06,engine,15,8,8,386795,48
2026-10-05 11:41:06,deck,6,6,0,9727,35
2026-10-05 11:41:06,soak,3,2,2,26631,46
2026-10-05 11:41:06,BEYOND,43,6,37,571315,1548
2026-10-05 11:41:06,MadMapper,114,95,18,444679,1103
2026-10-05 11:41:06,system,54,28,26,,,1.0,0.4,4,7344,0.0
2026-10-05 11:41:07,flamesafe,8,6,2,5733,21
2026-10-05 11:41:07,engine,16,9,6,387008,48
2026-10-05 11:41:07,deck,12,8,5,9727,35
2026-10-05 11:41:07,soak,3,2,2,26635,46
2026-10-05 11:41:07,BEYOND,36,8,28,571493,1548
2026-10-05 11:41:07,MadMapper,142,108,32,444683,1102
2026-10-05 11:41:07,system,59,32,27,,,0.4,0.8,3,7348,0.0
2026-10-05 11:41:08,flamesafe,2,2,0,5739,21
2026-10-05 11:41:08,engine,14,12,2,387222,48
2026-10-05 11:41:08,deck,5,5,0,9727,35
2026-10-05 11:41:08,soak,8,6,2,26753,45
2026-10-05 11:41:08,BEYOND,42,9,32,571646,1548
2026-10-05 11:41:08,MadMapper,137,122,15,444687,1101
2026-10-05 11:41:08,system,69,41,28,,,0.9,1.7,10,7306,0.0
2026-10-05 11:41:09,flamesafe,0,0,0,5739,21
2026-10-05 11:41:09,engine,38,18,20,449325,48
2026-10-05 11:41:09,deck,29,23,6,9727,35
2026-10-05 11:41:09,soak,11,6,5,27020,45
2026-10-05 11:41:09,BEYOND,39,12,28,571870,1549
2026-10-05 11:41:09,MadMapper,155,133,23,444699,1098
2026-10-05 11:41:09,system,94,60,35,,,2.4,0.7,10,7226,0.0
2026-10-05 11:41:10,flamesafe,6,3,3,5740,21
2026-10-05 11:41:10,engine,41,23,17,486833,48
2026-10-05 11:41:10,deck,22,22,0,9758,36
2026-10-05 11:41:10,soak,9,8,2,27031,45
2026-10-05 11:41:10,BEYOND,42,14,28,572022,1549
2026-10-05 11:41:10,MadMapper,170,148,20,444738,1098
2026-10-05 11:41:10,system,88,61,27,,,1.3,0.6,4,7227,0.0
2026-10-05 11:41:11,flamesafe,4,5,0,5740,21
2026-10-05 11:41:11,engine,26,18,8,511807,48
2026-10-05 11:41:11,deck,15,15,0,9799,36
2026-10-05 11:41:11,soak,9,6,3,27035,45
2026-10-05 11:41:11,BEYOND,44,14,31,572180,1549
2026-10-05 11:41:11,MadMapper,165,146,21,444791,1091
2026-10-05 11:41:11,system,89,59,30,,,2.1,0.2,4,7208,0.0
2026-10-05 11:41:12,flamesafe,2,2,0,5740,21
2026-10-05 11:41:12,engine,49,28,22,586281,48
2026-10-05 11:41:12,deck,48,45,3,9813,36
2026-10-05 11:41:12,soak,6,5,2,27040,45
2026-10-05 11:41:12,BEYOND,52,15,37,572324,1549
2026-10-05 11:41:12,MadMapper,222,189,32,468591,1175
2026-10-05 11:41:12,system,86,52,34,,,1.1,0.9,6,7122,0.0
2026-10-05 11:41:13,flamesafe,3,2,2,5740,21
2026-10-05 11:41:13,engine,25,11,14,623636,49
2026-10-05 11:41:13,deck,17,15,2,9815,36
2026-10-05 11:41:13,soak,12,3,9,27057,45
2026-10-05 11:41:13,BEYOND,43,18,25,572469,1549
2026-10-05 11:41:13,MadMapper,217,201,15,492231,1261
2026-10-05 11:41:13,system,89,62,26,,,1.1,0.2,8,7051,0.0
2026-10-05 11:41:14,flamesafe,3,2,2,5747,21
2026-10-05 11:41:14,engine,63,25,38,698115,49
2026-10-05 11:41:14,deck,42,37,5,9815,36
2026-10-05 11:41:14,soak,12,8,5,27217,45
2026-10-05 11:41:14,BEYOND,37,6,31,572609,1549
2026-10-05 11:41:14,MadMapper,215,186,29,515421,1355
2026-10-05 11:41:14,system,95,61,34,,,0.9,1.1,8,6959,0.0
2026-10-05 11:41:15,flamesafe,3,2,2,5747,21
2026-10-05 11:41:15,engine,32,28,5,698333,49
2026-10-05 11:41:15,deck,11,8,3,9816,36
2026-10-05 11:41:15,soak,5,3,2,27419,45
2026-10-05 11:41:15,BEYOND,60,15,46,572760,1549
2026-10-05 11:41:15,MadMapper,212,203,9,537912,1447
2026-10-05 11:41:15,system,93,64,29,,,0.4,0.8,6,6971,0.0
2026-10-05 11:41:16,flamesafe,0,0,0,5747,21
2026-10-05 11:41:16,engine,6,5,2,698538,49
2026-10-05 11:41:16,deck,17,14,3,9816,36
2026-10-05 11:41:16,soak,12,8,5,27425,45
2026-10-05 11:41:16,BEYOND,45,9,34,572904,1549
2026-10-05 11:41:16,MadMapper,285,246,38,539429,1451
2026-10-05 11:41:16,system,87,59,28,,,1.1,0.4,4,6972,0.0
2026-10-05 11:41:17,flamesafe,3,3,0,5747,21
2026-10-05 11:41:17,engine,11,5,6,698744,49
2026-10-05 11:41:17,deck,14,11,3,9816,36
2026-10-05 11:41:17,soak,8,5,3,27448,45
2026-10-05 11:41:17,BEYOND,63,22,42,573049,1549
2026-10-05 11:41:17,MadMapper,255,234,22,539439,1451
2026-10-05 11:41:17,system,83,53,30,,,1.0,0.2,4,6956,0.0
2026-10-05 11:41:18,flamesafe,2,2,0,5747,21
2026-10-05 11:41:18,engine,12,8,5,698964,49
2026-10-05 11:41:18,deck,9,6,3,9816,36
2026-10-05 11:41:18,soak,8,3,5,27659,46
2026-10-05 11:41:18,BEYOND,57,20,37,573193,1549
2026-10-05 11:41:18,MadMapper,274,252,21,559180,1529
2026-10-05 11:41:18,system,92,61,30,,,0.4,1.3,7,6907,0.1
2026-10-05 11:41:19,flamesafe,3,2,2,5747,21
2026-10-05 11:41:19,engine,25,17,8,711564,49
2026-10-05 11:41:19,deck,26,18,8,9816,36
2026-10-05 11:41:19,soak,11,8,3,27837,45
2026-10-05 11:41:19,BEYOND,49,9,40,573356,1549
2026-10-05 11:41:19,MadMapper,311,294,17,584693,1631
2026-10-05 11:41:19,system,88,58,30,,,1.9,0.4,4,6818,0.0
2026-10-05 11:41:20,flamesafe,6,6,0,5747,21
2026-10-05 11:41:20,engine,14,8,6,711964,49
2026-10-05 11:41:20,deck,14,11,3,9816,36
2026-10-05 11:41:20,soak,5,3,2,27971,45
2026-10-05 11:41:20,BEYOND,43,11,32,573500,1549
2026-10-05 11:41:20,MadMapper,280,257,23,609623,1733
2026-10-05 11:41:20,system,80,52,28,,,0.9,1.1,10,6718,0.0
2026-10-05 11:41:21,flamesafe,3,3,0,5747,21
2026-10-05 11:41:21,engine,12,6,6,712190,50
2026-10-05 11:41:21,deck,12,11,2,9816,36
2026-10-05 11:41:21,soak,8,5,3,27975,45
2026-10-05 11:41:21,BEYOND,40,12,28,573645,1549
2026-10-05 11:41:21,MadMapper,249,230,18,631380,1821
2026-10-05 11:41:21,system,79,51,28,,,2.4,0.2,8,6618,0.0
2026-10-05 11:41:22,flamesafe,6,5,2,5747,21
2026-10-05 11:41:22,engine,20,17,3,712400,50
2026-10-05 11:41:22,deck,26,17,9,9816,36
2026-10-05 11:41:22,soak,2,0,2,28063,45
2026-10-05 11:41:22,BEYOND,55,14,41,573799,1549
2026-10-05 11:41:22,MadMapper,311,287,23,635978,1837
2026-10-05 11:41:22,system,90,64,26,,,1.1,1.3,8,6615,0.0
2026-10-05 11:41:23,flamesafe,3,2,2,5747,21
2026-10-05 11:41:23,engine,15,14,2,712607,50
2026-10-05 11:41:23,deck,20,17,3,9816,36
2026-10-05 11:41:23,soak,8,8,0,28111,46
2026-10-05 11:41:23,BEYOND,51,15,35,573943,1549
2026-10-05 11:41:23,MadMapper,324,317,8,635989,1837
2026-10-05 11:41:23,system,88,62,25,,,1.5,0.2,7,6602,0.0
2026-10-05 11:41:24,flamesafe,3,3,0,5747,21
2026-10-05 11:41:24,engine,28,23,5,725205,50
2026-10-05 11:41:24,deck,17,15,2,9816,36
2026-10-05 11:41:24,soak,11,8,3,28134,46
2026-10-05 11:41:24,BEYOND,46,14,32,574085,1549
2026-10-05 11:41:24,MadMapper,269,257,12,636504,1840
2026-10-05 11:41:24,system,92,61,31,,,1.1,0.6,8,6586,0.0
2026-10-05 11:41:25,flamesafe,3,3,0,5747,21
2026-10-05 11:41:25,engine,20,14,6,725417,50
2026-10-05 11:41:25,deck,23,18,5,9816,36
2026-10-05 11:41:25,soak,3,3,0,28159,46
2026-10-05 11:41:25,BEYOND,37,15,22,574237,1549
2026-10-05 11:41:25,MadMapper,398,378,22,676535,2001
2026-10-05 11:41:25,system,89,66,24,,,0.2,0.8,6,6439,0.0
2026-10-05 11:41:26,flamesafe,5,3,2,5747,21
2026-10-05 11:41:26,engine,15,14,2,725632,50
2026-10-05 11:41:26,deck,12,11,2,9816,36
2026-10-05 11:41:26,soak,5,2,3,28184,46
2026-10-05 11:41:26,BEYOND,32,9,23,574382,1549
2026-10-05 11:41:26,MadMapper,375,359,17,700340,2096
2026-10-05 11:41:26,system,87,64,23,,,0.8,0.6,7,6367,0.0
2026-10-05 11:41:27,flamesafe,2,2,0,5747,21
2026-10-05 11:41:27,engine,20,12,8,725868,50
2026-10-05 11:41:27,deck,14,14,0,9816,36
2026-10-05 11:41:27,soak,2,2,0,28188,46
2026-10-05 11:41:27,BEYOND,43,15,28,574527,1549
2026-10-05 11:41:27,MadMapper,379,354,23,725035,2197
2026-10-05 11:41:27,system,91,68,24,,,0.4,0.0,3,6270,0.0
2026-10-05 11:41:28,flamesafe,2,2,0,5747,21
2026-10-05 11:41:28,engine,14,8,6,726089,50
2026-10-05 11:41:28,deck,15,15,0,9816,36
2026-10-05 11:41:28,soak,3,3,0,28203,46
2026-10-05 11:41:28,BEYOND,44,17,28,574755,1549
2026-10-05 11:41:28,MadMapper,333,329,9,733831,2233
2026-10-05 11:41:28,system,94,66,28,,,0.6,0.6,3,6197,0.1
2026-10-05 11:41:29,flamesafe,6,5,2,5747,21
2026-10-05 11:41:29,engine,29,20,9,738657,50
2026-10-05 11:41:29,deck,11,9,2,9816,36
2026-10-05 11:41:29,soak,8,3,5,28228,46
2026-10-05 11:41:29,BEYOND,57,18,38,575062,1550
2026-10-05 11:41:29,MadMapper,398,387,11,734412,2233
2026-10-05 11:41:29,system,94,69,24,,,1.9,0.0,3,6227,0.0
2026-10-05 11:41:30,flamesafe,6,6,0,5747,21
2026-10-05 11:41:30,engine,9,5,5,751493,49
2026-10-05 11:41:30,deck,17,14,3,9870,36
2026-10-05 11:41:30,soak,6,6,0,28233,46
2026-10-05 11:41:30,BEYOND,51,8,43,575211,1550
2026-10-05 11:41:30,MadMapper,341,325,17,734721,2234
2026-10-05 11:41:30,system,93,65,28,,,1.7,0.9,10,6191,0.0
2026-10-05 11:41:31,flamesafe,8,8,0,5747,21
2026-10-05 11:41:31,engine,17,11,6,751701,49
2026-10-05 11:41:31,deck,14,6,8,9908,36
2026-10-05 11:41:31,soak,5,3,2,28237,46
2026-10-05 11:41:31,BEYOND,45,9,35,575339,1550
2026-10-05 11:41:31,MadMapper,294,274,20,777409,2337
2026-10-05 11:41:31,system,82,53,29,,,1.3,0.6,8,6092,0.1
2026-10-05 11:41:32,flamesafe,0,0,0,5747,21
2026-10-05 11:41:32,engine,9,6,3,752010,49
2026-10-05 11:41:32,deck,16,12,3,9908,36
2026-10-05 11:41:32,soak,3,0,3,28241,46
2026-10-05 11:41:32,BEYOND,33,3,29,575476,1550
2026-10-05 11:41:32,MadMapper,81,59,22,778424,2339
2026-10-05 11:41:32,system,43,21,22,,,1.5,0.2,6,6100,0.0
2026-10-05 11:41:33,flamesafe,3,2,2,5747,21
2026-10-05 11:41:33,engine,12,9,3,752229,49
2026-10-05 11:41:33,deck,8,5,3,9908,36
2026-10-05 11:41:33,soak,11,6,5,28257,46
2026-10-05 11:41:33,BEYOND,20,2,19,575604,1550
2026-10-05 11:41:33,MadMapper,66,59,8,778580,2339
2026-10-05 11:41:33,system,43,21,22,,,1.1,0.2,3,6108,0.0
2026-10-05 11:41:34,flamesafe,0,0,0,5747,21
2026-10-05 11:41:34,engine,15,6,9,764852,49
2026-10-05 11:41:34,deck,12,9,3,9908,36
2026-10-05 11:41:34,soak,6,5,2,28414,46
2026-10-05 11:41:34,BEYOND,31,5,26,575731,1550
2026-10-05 11:41:34,MadMapper,103,83,20,778639,2339
2026-10-05 11:41:34,system,62,30,32,,,0.9,1.1,8,6089,0.0
2026-10-05 11:41:35,flamesafe,2,2,0,5747,21
2026-10-05 11:41:35,engine,23,22,2,777508,50
2026-10-05 11:41:35,deck,6,6,0,9908,36
2026-10-05 11:41:35,soak,3,0,3,28423,46
2026-10-05 11:41:35,BEYOND,35,5,31,575911,1550
2026-10-05 11:41:35,MadMapper,132,119,14,781576,2351
2026-10-05 11:41:35,system,59,34,25,,,1.1,0.6,6,6101,0.1
2026-10-05 11:41:36,flamesafe,3,2,2,5747,21
2026-10-05 11:41:36,engine,14,11,3,777728,50
2026-10-05 11:41:36,deck,14,11,3,9908,36
2026-10-05 11:41:36,soak,3,2,2,28428,46
2026-10-05 11:41:36,BEYOND,38,11,28,576056,1550
2026-10-05 11:41:36,MadMapper,226,212,14,802282,2435
2026-10-05 11:41:36,system,95,52,43,,,0.6,0.9,4,5982,0.4
2026-10-05 11:41:37,flamesafe,0,0,0,5747,21
2026-10-05 11:41:37,engine,11,8,3,778002,50
2026-10-05 11:41:37,deck,8,5,3,9908,36
2026-10-05 11:41:37,soak,3,2,2,28432,46
2026-10-05 11:41:37,BEYOND,38,19,19,576194,1550
2026-10-05 11:41:37,MadMapper,297,281,12,825672,2529
2026-10-05 11:41:37,system,95,55,40,,,0.4,0.2,4,5961,2.6
2026-10-05 11:41:38,flamesafe,8,8,0,5747,21
2026-10-05 11:41:38,engine,12,6,6,778226,50
2026-10-05 11:41:38,deck,12,8,5,9908,36
2026-10-05 11:41:38,soak,3,2,2,28477,46
2026-10-05 11:41:38,BEYOND,34,9,25,576336,1550
2026-10-05 11:41:38,MadMapper,252,249,5,843992,2604
2026-10-05 11:41:38,system,95,52,44,,,0.4,0.0,2,5895,0.0
2026-10-05 11:41:39,flamesafe,2,2,0,5747,21
2026-10-05 11:41:39,engine,8,3,5,778443,50
2026-10-05 11:41:39,deck,9,6,3,9908,36
2026-10-05 11:41:39,soak,8,3,5,28481,46
2026-10-05 11:41:39,BEYOND,40,20,20,576484,1550
2026-10-05 11:41:39,MadMapper,234,219,15,856381,2654
2026-10-05 11:41:39,system,96,55,41,,,0.6,0.2,3,5848,0.1
2026-10-05 11:41:40,flamesafe,3,3,0,5747,21
2026-10-05 11:41:40,engine,23,15,8,791066,50
2026-10-05 11:41:40,deck,12,11,2,9908,36
2026-10-05 11:41:40,soak,8,3,5,28525,46
2026-10-05 11:41:40,BEYOND,26,2,25,576623,1550
2026-10-05 11:41:40,MadMapper,344,320,25,891991,2797
2026-10-05 11:41:40,system,93,59,34,,,0.8,0.2,3,5780,0.4
2026-10-05 11:41:41,flamesafe,0,0,0,5747,21
2026-10-05 11:41:41,engine,6,2,5,791290,50
2026-10-05 11:41:41,deck,9,9,0,9908,36
2026-10-05 11:41:41,soak,5,5,0,28529,46
2026-10-05 11:41:41,BEYOND,45,14,31,576750,1550
2026-10-05 11:41:41,MadMapper,374,365,9,894918,2809
2026-10-05 11:41:41,system,92,70,22,,,0.2,0.6,4,5798,0.0
2026-10-05 11:41:42,flamesafe,5,5,0,5747,21
2026-10-05 11:41:42,engine,6,2,5,791519,50
2026-10-05 11:41:42,deck,8,8,0,9908,36
2026-10-05 11:41:42,soak,3,2,2,28548,46
2026-10-05 11:41:42,BEYOND,29,6,23,576881,1550
2026-10-05 11:41:42,MadMapper,444,434,11,928933,2948
2026-10-05 11:41:42,system,90,68,22,,,1.1,0.4,6,5648,0.0
2026-10-05 11:41:43,flamesafe,2,2,0,5747,21
2026-10-05 11:41:43,engine,8,6,2,791767,51
2026-10-05 11:41:43,deck,18,14,5,9908,36
2026-10-05 11:41:43,soak,3,2,2,28564,46
2026-10-05 11:41:43,BEYOND,35,12,23,577039,1550
2026-10-05 11:41:43,MadMapper,466,441,25,955951,3054
2026-10-05 11:41:43,system,90,72,18,,,0.9,1.3,4,5583,0.0
2026-10-05 11:41:44,flamesafe,2,2,0,5747,21
2026-10-05 11:41:44,engine,22,12,9,804387,51
2026-10-05 11:41:44,deck,22,17,5,9908,36
2026-10-05 11:41:44,soak,11,6,5,28585,46
2026-10-05 11:41:44,BEYOND,48,12,35,577183,1550
2026-10-05 11:41:44,MadMapper,413,395,17,957197,3059
2026-10-05 11:41:44,system,84,66,18,,,1.1,0.2,4,5580,0.0
2026-10-05 11:41:45,flamesafe,5,5,0,5747,21
2026-10-05 11:41:45,engine,14,8,6,804784,51
2026-10-05 11:41:45,deck,9,8,2,9908,36
2026-10-05 11:41:45,soak,3,3,0,28589,46
2026-10-05 11:41:45,BEYOND,48,8,40,577449,1550
2026-10-05 11:41:45,MadMapper,454,427,28,966963,3095
2026-10-05 11:41:45,system,87,72,15,,,0.8,0.4,4,5529,0.0
2026-10-05 11:41:46,flamesafe,8,8,0,5747,21
2026-10-05 11:41:46,engine,9,9,0,805015,51
2026-10-05 11:41:46,deck,11,8,3,9908,36
2026-10-05 11:41:46,soak,2,2,0,28593,46
2026-10-05 11:41:46,BEYOND,22,6,15,577593,1550
2026-10-05 11:41:46,MadMapper,465,439,28,1006742,3250
2026-10-05 11:41:46,system,78,66,12,,,1.1,0.6,4,5395,0.1
2026-10-05 11:41:47,flamesafe,6,5,2,5747,21
2026-10-05 11:41:47,engine,17,14,3,805228,52
2026-10-05 11:41:47,deck,2,2,0,9908,36
2026-10-05 11:41:47,soak,3,2,2,28597,46
2026-10-05 11:41:47,BEYOND,46,14,32,577744,1550
2026-10-05 11:41:47,MadMapper,414,398,17,1032676,2971
2026-10-05 11:41:47,system,73,60,12,,,0.6,0.8,4,5662,0.0
2026-10-05 11:41:48,flamesafe,3,2,2,5747,21
2026-10-05 11:41:48,engine,22,14,8,805441,52
2026-10-05 11:41:48,deck,5,2,3,9908,36
2026-10-05 11:41:48,soak,8,5,3,28615,46
2026-10-05 11:41:48,BEYOND,51,12,38,577889,1550
2026-10-05 11:41:48,MadMapper,431,406,25,1056131,3066
2026-10-05 11:41:48,system,83,64,20,,,2.6,1.1,14,5567,0.0
2026-10-05 11:41:49,flamesafe,0,0,0,5747,21
2026-10-05 11:41:49,engine,25,15,9,818052,52
2026-10-05 11:41:49,deck,8,6,2,9908,36
2026-10-05 11:41:49,soak,9,6,3,28635,46
2026-10-05 11:41:49,BEYOND,45,11,34,578035,1550
2026-10-05 11:41:49,MadMapper,411,401,9,1059530,3077
2026-10-05 11:41:49,system,88,71,17,,,0.9,0.4,4,5524,0.1
2026-10-05 11:41:50,flamesafe,3,3,0,5747,21
2026-10-05 11:41:50,engine,12,5,8,818262,52
2026-10-05 11:41:50,deck,12,11,2,9908,36
2026-10-05 11:41:50,soak,6,5,2,28639,46
2026-10-05 11:41:50,BEYOND,55,15,40,578187,1550
2026-10-05 11:41:50,MadMapper,397,378,18,1061836,3080
2026-10-05 11:41:50,system,73,59,13,,,1.3,0.4,8,5552,0.0
2026-10-05 11:41:51,flamesafe,6,3,3,5747,21
2026-10-05 11:41:51,engine,12,8,5,818478,52
2026-10-05 11:41:51,deck,17,15,2,9908,36
2026-10-05 11:41:51,soak,3,3,0,28643,46
2026-10-05 11:41:51,BEYOND,54,17,37,578331,1550
2026-10-05 11:41:51,MadMapper,391,384,8,1063409,3082
2026-10-05 11:41:51,system,86,70,17,,,1.3,0.6,8,5544,0.0
2026-10-05 11:41:52,flamesafe,3,2,2,5747,21
2026-10-05 11:41:52,engine,6,2,5,818685,52
2026-10-05 11:41:52,deck,11,6,5,9908,36
2026-10-05 11:41:52,soak,2,2,0,28647,46
2026-10-05 11:41:52,BEYOND,35,5,31,578474,1550
2026-10-05 11:41:52,MadMapper,428,411,17,1064249,3083
2026-10-05 11:41:52,system,77,63,14,,,1.7,0.8,12,5553,0.0
2026-10-05 11:41:53,flamesafe,2,0,2,5747,21
2026-10-05 11:41:53,engine,11,3,8,823896,52
2026-10-05 11:41:53,deck,23,22,2,9908,36
2026-10-05 11:41:53,soak,15,9,6,28710,46
2026-10-05 11:41:53,BEYOND,45,12,32,578618,1550
2026-10-05 11:41:53,MadMapper,409,392,17,1064268,3083
2026-10-05 11:41:53,system,88,67,21,,,1.1,0.4,4,5529,0.0
2026-10-05 11:41:54,flamesafe,8,8,0,5747,21
2026-10-05 11:41:54,engine,12,6,6,831510,52
2026-10-05 11:41:54,deck,18,15,3,9908,36
2026-10-05 11:41:54,soak,8,6,2,28714,46
2026-10-05 11:41:54,BEYOND,51,17,34,578770,1550
2026-10-05 11:41:54,MadMapper,405,391,12,1064652,3084
2026-10-05 11:41:54,system,90,70,19,,,2.1,0.4,14,5525,0.1
2026-10-05 11:41:55,flamesafe,5,3,2,5747,21
2026-10-05 11:41:55,engine,14,11,3,831863,52
2026-10-05 11:41:55,deck,11,9,2,9908,36
2026-10-05 11:41:55,soak,2,2,0,28718,46
2026-10-05 11:41:55,BEYOND,25,3,22,578914,1550
2026-10-05 11:41:55,MadMapper,403,384,20,1066802,3084
2026-10-05 11:41:55,system,71,59,12,,,1.3,0.9,4,5548,0.0
2026-10-05 11:41:56,flamesafe,2,0,2,5747,21
2026-10-05 11:41:56,engine,11,9,2,832077,52
2026-10-05 11:41:56,deck,8,6,2,9908,36
2026-10-05 11:41:56,soak,6,0,6,28722,46
2026-10-05 11:41:56,BEYOND,62,28,34,579061,1550
2026-10-05 11:41:56,MadMapper,384,377,6,1067415,3084
2026-10-05 11:41:56,system,79,64,16,,,0.9,0.4,6,5549,0.0
2026-10-05 11:41:57,flamesafe,3,2,2,5747,21
2026-10-05 11:41:57,engine,17,15,2,832305,52
2026-10-05 11:41:57,deck,14,11,3,9908,36
2026-10-05 11:41:57,soak,9,9,0,28726,46
2026-10-05 11:41:57,BEYOND,38,9,29,579201,1550
2026-10-05 11:41:57,MadMapper,406,394,12,1067421,3073
2026-10-05 11:41:57,system,85,70,15,,,1.3,0.6,7,5526,0.1
2026-10-05 11:41:58,flamesafe,5,5,0,5747,21
2026-10-05 11:41:58,engine,15,11,5,844925,52
2026-10-05 11:41:58,deck,18,17,2,9908,36
2026-10-05 11:41:58,soak,8,5,3,28760,46
2026-10-05 11:41:58,BEYOND,45,11,34,579355,1550
2026-10-05 11:41:58,MadMapper,389,377,14,1067985,3073
2026-10-05 11:41:58,system,82,65,17,,,0.6,0.4,3,5555,0.1
2026-10-05 11:41:59,flamesafe,3,3,0,5747,21
2026-10-05 11:41:59,engine,20,17,3,845139,52
2026-10-05 11:41:59,deck,14,11,3,9908,36
2026-10-05 11:41:59,soak,9,6,3,28764,46
2026-10-05 11:41:59,BEYOND,41,14,26,579495,1550
2026-10-05 11:41:59,MadMapper,380,359,15,1068270,3074
2026-10-05 11:41:59,system,86,68,18,,,0.6,0.8,7,5532,0.0
2026-10-05 11:42:00,flamesafe,5,2,3,5747,21
2026-10-05 11:42:00,engine,6,5,2,845360,52
2026-10-05 11:42:00,deck,15,11,5,9908,36
2026-10-05 11:42:00,soak,2,0,2,28768,46
2026-10-05 11:42:00,BEYOND,43,11,32,579640,1550
2026-10-05 11:42:00,MadMapper,415,408,8,1069602,3074
2026-10-05 11:42:00,system,77,63,13,,,0.8,0.2,4,5540,0.0
2026-10-05 11:42:01,flamesafe,2,2,0,5747,21
2026-10-05 11:42:01,engine,11,8,3,845581,53
2026-10-05 11:42:01,deck,17,15,2,9908,36
2026-10-05 11:42:01,soak,2,2,0,28772,46
2026-10-05 11:42:01,BEYOND,38,9,29,579793,1550
2026-10-05 11:42:01,MadMapper,380,366,14,1070286,3076
2026-10-05 11:42:01,system,71,59,13,,,0.9,0.8,10,5540,0.0
2026-10-05 11:42:02,flamesafe,2,0,2,5747,21
2026-10-05 11:42:02,engine,6,5,2,845797,53
2026-10-05 11:42:02,deck,14,11,3,9908,36
2026-10-05 11:42:02,soak,8,6,2,28855,46
2026-10-05 11:42:02,BEYOND,46,8,38,579933,1550
2026-10-05 11:42:02,MadMapper,454,432,22,1070297,3076
2026-10-05 11:42:02,system,94,72,22,,,0.8,0.6,3,5528,0.0
2026-10-05 11:42:03,flamesafe,2,2,0,5747,21
2026-10-05 11:42:03,engine,18,9,9,846009,53
2026-10-05 11:42:03,deck,11,6,5,9908,36
2026-10-05 11:42:03,soak,3,2,2,28883,46
2026-10-05 11:42:03,BEYOND,22,9,12,580078,1550
2026-10-05 11:42:03,MadMapper,430,416,14,1070861,3076
2026-10-05 11:42:03,system,85,68,16,,,1.3,0.8,7,5540,0.0
2026-10-05 11:42:04,flamesafe,5,5,0,5747,21
2026-10-05 11:42:04,engine,9,8,2,858806,53
2026-10-05 11:42:04,deck,12,8,5,9908,36
2026-10-05 11:42:04,soak,8,5,3,28888,46
2026-10-05 11:42:04,BEYOND,48,11,37,580230,1550
2026-10-05 11:42:04,MadMapper,432,418,15,1070976,3076
2026-10-05 11:42:04,system,84,68,16,,,0.6,0.6,4,5543,0.0
2026-10-05 11:42:05,flamesafe,2,0,2,5747,21
2026-10-05 11:42:05,engine,8,5,3,859015,53
2026-10-05 11:42:05,deck,6,3,3,9908,36
2026-10-05 11:42:05,soak,8,3,5,28892,46
2026-10-05 11:42:05,BEYOND,40,11,29,580361,1550
2026-10-05 11:42:05,MadMapper,441,428,14,1071065,3077
2026-10-05 11:42:05,system,84,71,13,,,0.8,0.2,2,5529,0.0
2026-10-05 11:42:06,flamesafe,3,3,0,5747,21
2026-10-05 11:42:06,engine,12,6,6,859236,53
2026-10-05 11:42:06,deck,9,8,2,9908,36
2026-10-05 11:42:06,soak,8,5,3,28896,46
2026-10-05 11:42:06,BEYOND,43,17,26,580501,1550
2026-10-05 11:42:06,MadMapper,445,431,15,1071375,3077
2026-10-05 11:42:06,system,88,73,15,,,1.1,0.8,6,5593,0.0
2026-10-05 11:42:07,flamesafe,5,5,0,5747,21
2026-10-05 11:42:07,engine,14,12,2,859459,54
2026-10-05 11:42:07,deck,9,6,3,9908,36
2026-10-05 11:42:07,soak,0,0,0,28900,46
2026-10-05 11:42:07,BEYOND,42,12,29,580641,1550
2026-10-05 11:42:07,MadMapper,432,415,18,1071465,3077
2026-10-05 11:42:07,system,94,80,14,,,0.4,1.0,7,5487,0.0
2026-10-05 11:42:08,flamesafe,3,2,2,5747,21
2026-10-05 11:42:08,engine,15,11,5,859675,54
2026-10-05 11:42:08,deck,8,5,3,9908,36
2026-10-05 11:42:08,soak,9,8,2,28916,46
2026-10-05 11:42:08,BEYOND,49,15,34,580791,1550
2026-10-05 11:42:08,MadMapper,464,451,14,1071505,3077
2026-10-05 11:42:08,system,97,80,17,,,0.9,0.6,7,5480,0.0
2026-10-05 11:42:09,flamesafe,3,3,0,5747,21
2026-10-05 11:42:09,engine,12,6,6,872283,54
2026-10-05 11:42:09,deck,9,5,5,9908,36
2026-10-05 11:42:09,soak,6,3,3,28933,46
2026-10-05 11:42:09,BEYOND,31,12,19,580936,1550
2026-10-05 11:42:09,MadMapper,462,453,11,1071533,3077
2026-10-05 11:42:09,system,82,69,13,,,1.1,0.9,11,5473,0.0
2026-10-05 11:42:11,flamesafe,6,5,2,5747,21
2026-10-05 11:42:11,engine,8,8,0,872494,54
2026-10-05 11:42:11,deck,12,12,0,9908,36
2026-10-05 11:42:11,soak,6,3,3,28937,46
2026-10-05 11:42:11,BEYOND,45,20,25,581086,1550
2026-10-05 11:42:11,MadMapper,456,428,23,1071593,3077
2026-10-05 11:42:11,system,76,64,11,,,1.9,0.2,3,5480,0.0
2026-10-05 11:42:12,flamesafe,3,2,2,5747,21
2026-10-05 11:42:12,engine,12,11,2,872710,54
2026-10-05 11:42:12,deck,9,9,0,9908,36
2026-10-05 11:42:12,soak,5,2,3,28941,46
2026-10-05 11:42:12,BEYOND,25,6,19,581229,1550
2026-10-05 11:42:12,MadMapper,432,423,12,1071603,3077
2026-10-05 11:42:12,system,74,64,9,,,1.5,0.6,7,5480,0.0
2026-10-05 11:42:13,flamesafe,2,2,0,5747,21
2026-10-05 11:42:13,engine,8,5,3,872947,54
2026-10-05 11:42:13,deck,14,12,2,9908,36
2026-10-05 11:42:13,soak,3,2,2,28957,46
2026-10-05 11:42:13,BEYOND,23,8,15,581381,1550
2026-10-05 11:42:13,MadMapper,485,477,9,1072116,3080
2026-10-05 11:42:13,system,79,72,7,,,1.0,0.0,3,5480,0.0
2026-10-05 11:42:14,flamesafe,3,3,0,5747,21
2026-10-05 11:42:14,engine,6,6,0,873158,54
2026-10-05 11:42:14,deck,11,9,2,9908,36
2026-10-05 11:42:14,soak,5,2,3,28973,46
2026-10-05 11:42:14,BEYOND,38,11,26,581526,1550
2026-10-05 11:42:14,MadMapper,486,468,12,1072120,3080
2026-10-05 11:42:14,system,84,70,13,,,1.3,0.6,7,5483,0.0
2026-10-05 11:42:15,flamesafe,0,0,0,5747,21
2026-10-05 11:42:15,engine,20,14,6,885798,54
2026-10-05 11:42:15,deck,12,11,2,9908,36
2026-10-05 11:42:15,soak,9,6,3,28977,46
2026-10-05 11:42:15,BEYOND,42,8,34,581670,1550
2026-10-05 11:42:15,MadMapper,475,467,11,1072148,3080
2026-10-05 11:42:15,system,87,76,11,,,0.6,1.0,4,5466,0.0
2026-10-05 11:42:16,flamesafe,6,5,2,5747,21
2026-10-05 11:42:16,engine,17,14,3,886007,54
2026-10-05 11:42:16,deck,15,8,8,9908,36
2026-10-05 11:42:16,soak,2,2,0,28981,46
2026-10-05 11:42:16,BEYOND,71,40,31,584888,1551
2026-10-05 11:42:16,MadMapper,472,468,6,1072152,3080
2026-10-05 11:42:16,system,89,79,10,,,0.6,0.0,2,5458,0.0
2026-10-05 11:42:17,flamesafe,5,5,0,5747,21
2026-10-05 11:42:17,engine,9,8,2,886225,54
2026-10-05 11:42:17,deck,8,6,2,9908,36
2026-10-05 11:42:17,soak,2,2,0,28985,46
2026-10-05 11:42:17,BEYOND,92,60,32,585507,1553
2026-10-05 11:42:17,MadMapper,457,437,20,1072156,3080
2026-10-05 11:42:17,system,94,78,16,,,0.9,0.9,6,5462,0.1
2026-10-05 11:42:18,flamesafe,0,0,0,5747,21
2026-10-05 11:42:18,engine,14,12,2,886438,54
2026-10-05 11:42:18,deck,11,8,3,9908,36
2026-10-05 11:42:18,soak,9,5,5,29006,46
2026-10-05 11:42:18,BEYOND,89,63,26,585865,1551
2026-10-05 11:42:18,MadMapper,518,506,15,1072166,3080
2026-10-05 11:42:18,system,90,79,10,,,1.1,0.6,7,5472,0.1
2026-10-05 11:42:19,flamesafe,2,2,0,5747,21
2026-10-05 11:42:19,engine,9,8,2,886654,54
2026-10-05 11:42:19,deck,14,11,3,9908,36
2026-10-05 11:42:19,soak,5,5,0,29058,47
2026-10-05 11:42:19,BEYOND,84,46,37,586242,1550
2026-10-05 11:42:19,MadMapper,481,458,17,1072173,3080
2026-10-05 11:42:19,system,92,77,15,,,0.8,0.8,9,5475,0.0
2026-10-05 11:42:20,flamesafe,5,5,0,5747,21
2026-10-05 11:42:20,engine,22,15,6,899233,54
2026-10-05 11:42:20,deck,8,3,5,9908,36
2026-10-05 11:42:20,soak,6,3,3,29077,47
2026-10-05 11:42:20,BEYOND,66,45,22,586906,1552
2026-10-05 11:42:20,MadMapper,472,465,8,1072205,3080
2026-10-05 11:42:20,system,94,82,12,,,0.8,0.6,4,5431,0.0
2026-10-05 11:42:21,flamesafe,2,2,0,5747,21
2026-10-05 11:42:21,engine,15,11,5,899453,54
2026-10-05 11:42:21,deck,6,6,0,9908,36
2026-10-05 11:42:21,soak,5,3,2,29083,47
2026-10-05 11:42:21,BEYOND,88,56,32,587809,1555
2026-10-05 11:42:21,MadMapper,480,470,11,1072209,3080
2026-10-05 11:42:21,system,97,86,11,,,1.1,0.8,8,5368,0.0
2026-10-05 11:42:22,flamesafe,3,0,3,5747,21
2026-10-05 11:42:22,engine,15,9,6,899735,54
2026-10-05 11:42:22,deck,11,9,2,9908,36
2026-10-05 11:42:22,soak,5,3,2,29087,47
2026-10-05 11:42:22,BEYOND,68,42,26,587992,1555
2026-10-05 11:42:22,MadMapper,501,487,15,1072221,3079
2026-10-05 11:42:22,system,97,84,13,,,0.8,0.2,4,5348,0.0
2026-10-05 11:42:23,flamesafe,3,3,0,5747,21
2026-10-05 11:42:23,engine,22,15,6,899960,54
2026-10-05 11:42:23,deck,15,14,2,9908,36
2026-10-05 11:42:23,soak,5,5,0,29091,47
2026-10-05 11:42:23,BEYOND,69,40,29,588183,1552
2026-10-05 11:42:23,MadMapper,502,493,11,1072226,3079
2026-10-05 11:42:23,system,92,78,14,,,0.8,0.4,6,5346,0.0
2026-10-05 11:42:24,flamesafe,6,5,2,5747,21
2026-10-05 11:42:24,engine,11,8,3,900176,54
2026-10-05 11:42:24,deck,8,5,3,9908,36
2026-10-05 11:42:24,soak,8,5,3,29223,46
2026-10-05 11:42:24,BEYOND,85,57,28,588426,1553
2026-10-05 11:42:24,MadMapper,471,460,11,1072230,3079
2026-10-05 11:42:24,system,94,79,16,,,0.6,0.6,6,5345,0.0
2026-10-05 11:42:25,flamesafe,8,8,0,5747,21
2026-10-05 11:42:25,engine,26,20,6,912878,55
2026-10-05 11:42:25,deck,9,8,2,9908,36
2026-10-05 11:42:25,soak,3,2,2,29253,46
2026-10-05 11:42:25,BEYOND,86,52,34,589033,1549
2026-10-05 11:42:25,MadMapper,466,452,15,1072260,3079
2026-10-05 11:42:25,system,96,82,14,,,1.5,0.0,4,5342,0.0
2026-10-05 11:42:26,flamesafe,5,5,0,5747,21
2026-10-05 11:42:26,engine,17,14,3,913084,55
2026-10-05 11:42:26,deck,16,15,0,9908,36
2026-10-05 11:42:26,soak,8,8,0,29269,46
2026-10-05 11:42:26,BEYOND,84,52,31,589282,1548
2026-10-05 11:42:26,MadMapper,467,457,5,1072264,3079
2026-10-05 11:42:26,system,94,81,12,,,0.6,0.6,3,5464,0.0
2026-10-05 11:42:27,flamesafe,2,2,0,5747,21
2026-10-05 11:42:27,engine,9,5,5,913301,55
2026-10-05 11:42:27,deck,9,9,0,9908,36
2026-10-05 11:42:27,soak,5,0,5,29273,46
2026-10-05 11:42:27,BEYOND,71,43,28,589544,1548
2026-10-05 11:42:27,MadMapper,525,516,9,1072268,3079
2026-10-05 11:42:27,system,90,79,11,,,0.9,0.8,6,5462,0.0
2026-10-05 11:42:28,flamesafe,2,2,0,5747,21
2026-10-05 11:42:28,engine,6,6,0,913532,55
2026-10-05 11:42:28,deck,6,6,0,9908,36
2026-10-05 11:42:28,soak,8,5,3,29290,46
2026-10-05 11:42:28,BEYOND,63,37,26,589719,1548
2026-10-05 11:42:28,MadMapper,504,499,6,1072368,3080
2026-10-05 11:42:28,system,89,79,10,,,1.5,0.8,8,5545,0.0
2026-10-05 11:42:29,flamesafe,2,2,0,5747,21
2026-10-05 11:42:29,engine,14,11,3,926116,55
2026-10-05 11:42:29,deck,8,6,2,9908,36
2026-10-05 11:42:29,soak,18,6,12,29389,46
2026-10-05 11:42:29,BEYOND,74,55,18,589922,1546
2026-10-05 11:42:29,MadMapper,451,444,6,1072372,3080
2026-10-05 11:42:29,system,95,77,18,,,1.1,0.6,6,5587,0.0
2026-10-05 11:42:30,flamesafe,3,3,0,5747,21
2026-10-05 11:42:30,engine,5,3,2,926328,55
2026-10-05 11:42:30,deck,11,9,2,9908,36
2026-10-05 11:42:30,soak,5,3,2,29407,46
2026-10-05 11:42:30,BEYOND,78,45,34,590159,1545
2026-10-05 11:42:30,MadMapper,496,478,19,1072400,3080
2026-10-05 11:42:30,system,89,75,15,,,0.8,0.2,4,5611,0.0
2026-10-05 11:42:31,flamesafe,2,2,0,5747,21
2026-10-05 11:42:31,engine,6,6,0,926542,55
2026-10-05 11:42:31,deck,12,9,3,9908,36
2026-10-05 11:42:31,soak,3,0,3,29411,46
2026-10-05 11:42:31,BEYOND,62,40,22,590413,1544
2026-10-05 11:42:31,MadMapper,492,492,3,1072404,3080
2026-10-05 11:42:31,system,85,77,8,,,0.6,0.2,4,5607,0.0
2026-10-05 11:42:32,flamesafe,0,0,0,5747,21
2026-10-05 11:42:32,engine,14,11,3,926760,55
2026-10-05 11:42:32,deck,11,9,2,9908,36
2026-10-05 11:42:32,soak,0,0,0,29415,46
2026-10-05 11:42:32,BEYOND,75,51,25,590662,1545
2026-10-05 11:42:32,MadMapper,497,490,8,1072408,3080
2026-10-05 11:42:32,system,91,80,11,,,1.3,0.6,7,5608,0.1
2026-10-05 11:42:33,flamesafe,8,8,0,5747,21
2026-10-05 11:42:33,engine,6,5,2,926974,55
2026-10-05 11:42:33,deck,6,5,2,9908,36
2026-10-05 11:42:33,soak,2,2,0,29439,46
2026-10-05 11:42:33,BEYOND,66,37,28,591156,1546
2026-10-05 11:42:33,MadMapper,505,485,12,1072412,3080
2026-10-05 11:42:33,system,96,82,14,,,2.8,0.4,6,5475,0.0
2026-10-05 11:42:34,flamesafe,2,2,0,5747,21
2026-10-05 11:42:34,engine,15,14,2,927178,55
2026-10-05 11:42:34,deck,8,8,0,9908,36
2026-10-05 11:42:34,soak,6,5,2,29457,46
2026-10-05 11:42:34,BEYOND,63,43,20,591413,1547
2026-10-05 11:42:34,MadMapper,491,486,6,1072416,3080
2026-10-05 11:42:34,system,94,82,12,,,1.0,0.4,4,5479,0.0
2026-10-05 11:42:35,flamesafe,3,2,2,5747,21
2026-10-05 11:42:35,engine,22,17,5,939800,55
2026-10-05 11:42:35,deck,14,11,3,9908,36
2026-10-05 11:42:35,soak,2,0,2,29464,46
2026-10-05 11:42:35,BEYOND,69,40,29,591665,1547
2026-10-05 11:42:35,MadMapper,532,522,11,1072444,3080
2026-10-05 11:42:35,system,89,77,12,,,1.5,0.4,4,5471,0.0
2026-10-05 11:42:36,flamesafe,5,5,0,5747,21
2026-10-05 11:42:36,engine,14,11,3,940018,55
2026-10-05 11:42:36,deck,8,8,0,9908,36
2026-10-05 11:42:36,soak,6,6,0,29468,46
2026-10-05 11:42:36,BEYOND,82,50,32,591834,1547
2026-10-05 11:42:36,MadMapper,437,435,5,1072450,3080
2026-10-05 11:42:36,system,83,74,9,,,0.6,0.4,4,5483,0.0
2026-10-05 11:42:37,flamesafe,3,3,0,5747,21
2026-10-05 11:42:37,engine,8,8,0,940236,55
2026-10-05 11:42:37,deck,15,9,6,9908,36
2026-10-05 11:42:37,soak,2,2,0,29472,46
2026-10-05 11:42:37,BEYOND,74,49,25,592049,1546
2026-10-05 11:42:37,MadMapper,423,402,22,1072454,3080
2026-10-05 11:42:37,system,80,69,11,,,1.1,0.6,4,5476,0.0
2026-10-05 11:42:38,flamesafe,0,0,0,5747,21
2026-10-05 11:42:38,engine,14,12,2,940453,55
2026-10-05 11:42:38,deck,14,8,6,9908,36
2026-10-05 11:42:38,soak,12,11,2,29488,46
2026-10-05 11:42:38,BEYOND,95,48,48,592632,1548
2026-10-05 11:42:38,MadMapper,424,417,8,1072458,3079
2026-10-05 11:42:38,system,90,75,15,,,1.7,0.6,10,5464,0.0
2026-10-05 11:42:39,flamesafe,3,3,0,5747,21
2026-10-05 11:42:39,engine,17,12,5,940726,56
2026-10-05 11:42:39,deck,5,5,0,9908,36
2026-10-05 11:42:39,soak,8,6,2,29506,46
2026-10-05 11:42:39,BEYOND,95,51,45,592788,1548
2026-10-05 11:42:39,MadMapper,397,382,15,1072462,3079
2026-10-05 11:42:39,system,93,78,15,,,1.3,0.2,6,5462,0.0
2026-10-05 11:42:40,flamesafe,5,5,0,5747,21
2026-10-05 11:42:40,engine,12,6,6,953301,56
2026-10-05 11:42:40,deck,11,11,0,9908,36
2026-10-05 11:42:40,soak,9,8,2,29510,46
2026-10-05 11:42:40,BEYOND,63,45,18,592913,1548
2026-10-05 11:42:40,MadMapper,346,331,15,1072502,3078
2026-10-05 11:42:40,system,97,81,16,,,1.5,0.6,8,5460,0.1
2026-10-05 11:42:41,flamesafe,8,6,2,5747,21
2026-10-05 11:42:41,engine,9,5,5,953505,56
2026-10-05 11:42:41,deck,18,15,3,9908,36
2026-10-05 11:42:41,soak,2,0,2,29514,46
2026-10-05 11:42:41,BEYOND,86,52,34,593094,1548
2026-10-05 11:42:41,MadMapper,396,378,17,1072638,3078
2026-10-05 11:42:41,system,92,73,18,,,1.3,0.2,8,5474,0.1
2026-10-05 11:42:42,flamesafe,5,3,2,5747,21
2026-10-05 11:42:42,engine,12,9,3,953712,56
2026-10-05 11:42:42,deck,8,8,0,9908,36
2026-10-05 11:42:42,soak,5,3,2,29518,46
2026-10-05 11:42:42,BEYOND,91,52,38,593240,1548
2026-10-05 11:42:42,MadMapper,431,424,6,1072642,3078
2026-10-05 11:42:42,system,97,80,17,,,1.1,0.6,6,5439,0.0
2026-10-05 11:42:43,flamesafe,6,3,3,5747,21
2026-10-05 11:42:43,engine,12,8,5,953949,56
2026-10-05 11:42:43,deck,11,11,0,9908,36
2026-10-05 11:42:43,soak,6,6,0,29535,46
2026-10-05 11:42:43,BEYOND,80,55,25,593382,1548
2026-10-05 11:42:43,MadMapper,395,380,15,1072646,3078
2026-10-05 11:42:43,system,95,78,17,,,0.8,0.8,7,5468,0.1
2026-10-05 11:42:44,flamesafe,5,5,0,5747,21
2026-10-05 11:42:44,engine,17,12,5,966527,56
2026-10-05 11:42:44,deck,11,11,0,9908,36
2026-10-05 11:42:44,soak,14,9,5,29551,46
2026-10-05 11:42:44,BEYOND,102,63,38,593510,1548
2026-10-05 11:42:44,MadMapper,399,393,6,1072650,3078
2026-10-05 11:42:44,system,99,84,15,,,1.0,0.0,3,5359,0.1
2026-10-05 11:42:45,flamesafe,5,5,0,5747,21
2026-10-05 11:42:45,engine,8,5,3,966874,56
2026-10-05 11:42:45,deck,14,14,0,9908,36
2026-10-05 11:42:45,soak,6,5,2,29555,46
2026-10-05 11:42:45,BEYOND,85,46,39,593787,1547
2026-10-05 11:42:45,MadMapper,421,401,22,1072678,3078
2026-10-05 11:42:45,system,93,78,16,,,1.3,0.8,6,5417,3.3
2026-10-05 11:42:46,flamesafe,3,3,0,5747,21
2026-10-05 11:42:46,engine,15,12,3,967157,55
2026-10-05 11:42:46,deck,14,9,5,9908,36
2026-10-05 11:42:46,soak,5,5,0,29559,46
2026-10-05 11:42:46,BEYOND,91,57,34,593939,1547
2026-10-05 11:42:46,MadMapper,404,385,18,1072684,3078
2026-10-05 11:42:46,system,81,67,14,,,2.2,1.1,17,5418,10.8
2026-10-05 11:42:47,flamesafe,6,5,2,5747,21
2026-10-05 11:42:47,engine,12,11,2,967426,55
2026-10-05 11:42:47,deck,9,8,2,9908,36
2026-10-05 11:42:47,soak,8,6,2,29563,46
2026-10-05 11:42:47,BEYOND,88,42,46,594091,1547
2026-10-05 11:42:47,MadMapper,388,373,15,1072697,3079
2026-10-05 11:42:47,system,77,63,13,,,1.1,0.4,6,5420,9.6
2026-10-05 11:42:48,flamesafe,2,2,0,5747,21
2026-10-05 11:42:48,engine,15,11,5,967654,55
2026-10-05 11:42:48,deck,17,14,3,9908,36
2026-10-05 11:42:48,soak,5,2,3,29579,46
2026-10-05 11:42:48,BEYOND,77,43,34,594240,1547
2026-10-05 11:42:48,MadMapper,395,377,18,1072701,3079
2026-10-05 11:42:48,system,81,65,16,,,2.2,0.6,11,5424,10.5
2026-10-05 11:42:49,flamesafe,8,8,0,5747,21
2026-10-05 11:42:49,engine,20,15,5,980340,55
2026-10-05 11:42:49,deck,15,14,2,9908,36
2026-10-05 11:42:49,soak,8,3,5,29596,46
2026-10-05 11:42:49,BEYOND,80,43,37,594429,1547
2026-10-05 11:42:49,MadMapper,400,390,11,1072705,3079
2026-10-05 11:42:49,system,85,69,17,,,0.9,1.1,10,5445,10.9
2026-10-05 11:42:50,flamesafe,3,2,2,5747,21
2026-10-05 11:42:50,engine,16,8,8,980566,56
2026-10-05 11:42:50,deck,16,12,3,9908,36
2026-10-05 11:42:50,soak,3,3,0,29600,46
2026-10-05 11:42:50,BEYOND,72,48,23,594631,1547
2026-10-05 11:42:50,MadMapper,412,382,25,1072788,3079
2026-10-05 11:42:50,system,76,63,12,,,0.6,1.0,4,5447,11.4
2026-10-05 11:42:51,flamesafe,5,5,0,5747,21
2026-10-05 11:42:51,engine,15,11,5,980771,56
2026-10-05 11:42:51,deck,11,9,2,9908,36
2026-10-05 11:42:51,soak,8,5,3,29605,46
2026-10-05 11:42:51,BEYOND,77,43,34,594820,1547
2026-10-05 11:42:51,MadMapper,429,416,14,1072794,3079
2026-10-05 11:42:51,system,80,68,12,,,0.6,0.8,6,5452,10.8
2026-10-05 11:42:52,flamesafe,2,2,0,5747,21
2026-10-05 11:42:52,engine,12,6,6,980996,56
2026-10-05 11:42:52,deck,9,6,3,9908,36
2026-10-05 11:42:52,soak,0,0,0,29609,46
2026-10-05 11:42:52,BEYOND,71,37,34,594975,1547
2026-10-05 11:42:52,MadMapper,400,392,9,1072798,3079
2026-10-05 11:42:52,system,76,64,12,,,0.9,0.8,4,5465,10.6
2026-10-05 11:42:53,flamesafe,3,3,0,5747,21
2026-10-05 11:42:53,engine,12,11,2,981221,56
2026-10-05 11:42:53,deck,11,9,2,9908,36
2026-10-05 11:42:53,soak,6,0,6,29640,46
2026-10-05 11:42:53,BEYOND,77,41,35,595463,1549
2026-10-05 11:42:53,MadMapper,433,406,25,1072802,3079
2026-10-05 11:42:53,system,87,70,17,,,1.1,0.6,4,5476,11.3
2026-10-05 11:42:54,flamesafe,6,6,0,5747,21
2026-10-05 11:42:54,engine,17,11,6,993828,56
2026-10-05 11:42:54,deck,17,15,2,9908,36
2026-10-05 11:42:54,soak,12,6,6,29647,46
2026-10-05 11:42:54,BEYOND,78,54,25,596183,1551
2026-10-05 11:42:54,MadMapper,401,398,5,1072806,3079
2026-10-05 11:42:54,system,84,71,13,,,0.4,1.1,4,5464,12.9
2026-10-05 11:42:55,flamesafe,6,5,2,5747,21
2026-10-05 11:42:55,engine,25,18,6,994255,57
2026-10-05 11:42:55,deck,8,8,0,9908,36
2026-10-05 11:42:55,soak,2,2,0,29651,46
2026-10-05 11:42:55,BEYOND,80,52,28,596570,1552
2026-10-05 11:42:55,MadMapper,383,369,14,1072834,3079
2026-10-05 11:42:55,system,82,68,14,,,1.7,0.6,12,5539,11.9
2026-10-05 11:42:56,flamesafe,3,3,0,5747,21
2026-10-05 11:42:56,engine,6,3,3,994461,57
2026-10-05 11:42:56,deck,11,9,2,9908,36
2026-10-05 11:42:56,soak,6,6,0,29655,46
2026-10-05 11:42:56,BEYOND,85,59,26,597005,1553
2026-10-05 11:42:56,MadMapper,462,444,18,1072838,3079
2026-10-05 11:42:56,system,82,71,10,,,0.8,0.6,4,5538,11.2
2026-10-05 11:42:57,flamesafe,6,6,0,5747,21
2026-10-05 11:42:57,engine,6,6,0,994689,57
2026-10-05 11:42:57,deck,9,5,5,9908,36
2026-10-05 11:42:57,soak,8,6,2,29659,46
2026-10-05 11:42:57,BEYOND,100,59,42,597188,1551
2026-10-05 11:42:57,MadMapper,438,428,11,1072842,3079
2026-10-05 11:42:57,system,84,73,11,,,0.8,0.6,4,5545,11.7
2026-10-05 11:42:58,flamesafe,3,3,0,5747,21
2026-10-05 11:42:58,engine,8,3,5,994907,57
2026-10-05 11:42:58,deck,17,12,5,9908,36
2026-10-05 11:42:58,soak,5,3,2,29675,46
2026-10-05 11:42:58,BEYOND,109,57,52,597545,1550
2026-10-05 11:42:58,MadMapper,420,397,23,1072850,3079
2026-10-05 11:42:58,system,94,76,18,,,1.0,0.2,4,5534,12.3
2026-10-05 11:42:59,flamesafe,3,3,0,5747,21
2026-10-05 11:42:59,engine,15,9,6,1007531,57
2026-10-05 11:42:59,deck,9,8,2,9908,36
2026-10-05 11:42:59,soak,8,5,3,29694,46
2026-10-05 11:42:59,BEYOND,68,49,18,597723,1548
2026-10-05 11:42:59,MadMapper,374,360,14,1072989,3079
2026-10-05 11:42:59,system,98,83,15,,,0.4,0.6,3,5480,12.2
2026-10-05 11:43:00,flamesafe,8,6,2,5747,21
2026-10-05 11:43:00,engine,14,12,2,1007747,57
2026-10-05 11:43:00,deck,9,9,0,9908,36
2026-10-05 11:43:00,soak,5,2,3,29698,46
2026-10-05 11:43:00,BEYOND,82,58,23,597916,1547
2026-10-05 11:43:00,MadMapper,429,422,8,1073017,3079
2026-10-05 11:43:00,system,98,88,11,,,0.8,0.2,3,5436,11.9
2026-10-05 11:43:01,flamesafe,2,2,0,5747,21
2026-10-05 11:43:01,engine,15,14,2,1007966,57
2026-10-05 11:43:01,deck,9,9,0,9908,36
2026-10-05 11:43:01,soak,5,3,2,29703,46
2026-10-05 11:43:01,BEYOND,80,40,40,598200,1546
2026-10-05 11:43:01,MadMapper,460,448,11,1073021,3079
2026-10-05 11:43:01,system,89,77,12,,,0.9,0.4,4,5434,12.0
2026-10-05 11:43:02,flamesafe,3,3,0,5747,21
2026-10-05 11:43:02,engine,15,14,2,1008183,57
2026-10-05 11:43:02,deck,12,9,3,9908,36
2026-10-05 11:43:02,soak,2,2,0,29707,46
2026-10-05 11:43:02,BEYOND,58,34,25,598383,1546
2026-10-05 11:43:02,MadMapper,434,419,17,1073277,3080
2026-10-05 11:43:02,system,79,67,12,,,1.5,0.4,10,5430,11.8
2026-10-05 11:43:03,flamesafe,5,3,2,5747,21
2026-10-05 11:43:03,engine,8,8,0,1008460,57
2026-10-05 11:43:03,deck,12,12,0,9908,36
2026-10-05 11:43:03,soak,8,2,6,29723,46
2026-10-05 11:43:03,BEYOND,71,40,31,598537,1546
2026-10-05 11:43:03,MadMapper,418,412,8,1073281,3080
2026-10-05 11:43:03,system,84,69,15,,,1.1,1.3,7,5434,12.6
2026-10-05 11:43:04,flamesafe,8,6,2,5747,21
2026-10-05 11:43:04,engine,18,12,6,1021067,57
2026-10-05 11:43:04,deck,17,15,2,9908,36
2026-10-05 11:43:04,soak,6,2,5,29740,46
2026-10-05 11:43:04,BEYOND,82,51,31,598689,1547
2026-10-05 11:43:04,MadMapper,451,439,12,1073288,3080
2026-10-05 11:43:04,system,87,73,14,,,1.1,0.4,4,5436,12.7
2026-10-05 11:43:05,flamesafe,5,5,0,5747,21
2026-10-05 11:43:05,engine,9,5,5,1021416,58
2026-10-05 11:43:05,deck,11,11,0,9908,36
2026-10-05 11:43:05,soak,2,2,0,29744,46
2026-10-05 11:43:05,BEYOND,75,35,39,599025,1547
2026-10-05 11:43:05,MadMapper,431,422,3,1073316,3080
2026-10-05 11:43:05,system,85,72,13,,,1.5,0.2,4,5465,13.1
2026-10-05 11:43:06,flamesafe,6,6,0,5747,21
2026-10-05 11:43:06,engine,12,11,2,1021618,58
2026-10-05 11:43:06,deck,12,11,2,9908,36
2026-10-05 11:43:06,soak,3,2,2,29750,46
2026-10-05 11:43:06,BEYOND,46,25,22,599148,1547
2026-10-05 11:43:06,MadMapper,354,348,6,1073320,3080
2026-10-05 11:43:06,system,96,86,10,,,1.3,0.0,6,5329,9.8
2026-10-05 11:43:07,flamesafe,3,3,0,5750,21
2026-10-05 11:43:07,engine,8,6,2,1021827,58
2026-10-05 11:43:07,deck,11,9,2,9908,36
2026-10-05 11:43:07,soak,2,2,0,29754,46
2026-10-05 11:43:07,BEYOND,88,46,42,599765,1547
2026-10-05 11:43:07,MadMapper,496,485,11,1073420,3080
2026-10-05 11:43:07,system,99,88,10,,,0.6,0.2,3,5338,17.6
2026-10-05 11:43:08,flamesafe,2,2,0,5750,21
2026-10-05 11:43:08,engine,9,5,5,1022040,58
2026-10-05 11:43:08,deck,14,14,0,9908,36
2026-10-05 11:43:08,soak,6,3,3,29781,46
2026-10-05 11:43:08,BEYOND,72,35,37,600432,1550
2026-10-05 11:43:08,MadMapper,457,448,9,1073424,3080
2026-10-05 11:43:08,system,91,71,20,,,2.1,0.7,6,5436,15.0
2026-10-05 11:43:09,flamesafe,2,2,0,5750,21
2026-10-05 11:43:09,engine,20,14,6,1034641,58
2026-10-05 11:43:09,deck,11,8,3,9908,36
2026-10-05 11:43:09,soak,2,0,2,29787,46
2026-10-05 11:43:09,BEYOND,89,55,34,600661,1550
2026-10-05 11:43:09,MadMapper,466,461,5,1073453,3080
2026-10-05 11:43:09,system,88,75,13,,,0.8,0.4,4,5417,15.7
2026-10-05 11:43:10,flamesafe,3,3,0,5750,21
2026-10-05 11:43:10,engine,14,11,3,1034853,58
2026-10-05 11:43:10,deck,8,8,0,9908,36
2026-10-05 11:43:10,soak,2,2,0,29791,46
2026-10-05 11:43:10,BEYOND,77,39,39,600852,1550
2026-10-05 11:43:10,MadMapper,463,449,15,1073494,3080
2026-10-05 11:43:10,system,82,70,12,,,1.1,0.2,3,5417,13.9
2026-10-05 11:43:11,flamesafe,8,8,0,5750,21
2026-10-05 11:43:11,engine,12,9,3,1035057,58
2026-10-05 11:43:11,deck,15,15,0,9908,36
2026-10-05 11:43:11,soak,3,0,3,29796,46
2026-10-05 11:43:11,BEYOND,80,48,32,601087,1549
2026-10-05 11:43:11,MadMapper,463,451,12,1073498,3080
2026-10-05 11:43:11,system,85,74,10,,,1.0,0.0,3,5422,14.5
2026-10-05 11:43:12,flamesafe,6,6,0,5750,21
2026-10-05 11:43:12,engine,11,6,5,1035297,58
2026-10-05 11:43:12,deck,8,6,2,9908,36
2026-10-05 11:43:12,soak,12,11,2,29800,46
2026-10-05 11:43:12,BEYOND,85,48,37,601328,1546
2026-10-05 11:43:12,MadMapper,460,441,18,1073504,3080
2026-10-05 11:43:12,system,85,73,12,,,0.6,0.4,4,5465,11.2
2026-10-05 11:43:13,flamesafe,0,0,0,5750,21
2026-10-05 11:43:13,engine,9,8,2,1035511,58
2026-10-05 11:43:13,deck,11,11,0,9908,36
2026-10-05 11:43:13,soak,8,3,5,29828,46
2026-10-05 11:43:13,BEYOND,92,52,40,601613,1547
2026-10-05 11:43:13,MadMapper,448,441,6,1073508,3080
2026-10-05 11:43:13,system,89,73,16,,,1.3,0.4,6,5456,10.4
2026-10-05 11:43:14,flamesafe,9,8,2,5750,21
2026-10-05 11:43:14,engine,14,9,5,1048137,58
2026-10-05 11:43:14,deck,14,9,5,9908,36
2026-10-05 11:43:14,soak,5,3,2,29832,46
2026-10-05 11:43:14,BEYOND,82,48,34,601815,1547
2026-10-05 11:43:14,MadMapper,472,465,9,1073536,3080
2026-10-05 11:43:14,system,90,78,11,,,0.0,0.4,3,5465,14.3
2026-10-05 11:43:15,flamesafe,3,3,0,5750,21
2026-10-05 11:43:15,engine,14,12,2,1048345,58
2026-10-05 11:43:15,deck,9,8,2,9908,36
2026-10-05 11:43:15,soak,2,0,2,29836,46
2026-10-05 11:43:15,BEYOND,51,34,17,602347,1548
2026-10-05 11:43:15,MadMapper,494,477,19,1073540,3080
2026-10-05 11:43:15,system,87,74,13,,,1.1,0.2,3,5479,16.1
2026-10-05 11:43:16,flamesafe,2,2,0,5750,21
2026-10-05 11:43:16,engine,14,12,2,1048573,58
2026-10-05 11:43:16,deck,18,15,3,9908,36
2026-10-05 11:43:16,soak,2,0,2,29840,46
2026-10-05 11:43:16,BEYOND,75,42,34,602825,1550
2026-10-05 11:43:16,MadMapper,420,414,8,1073546,3080
2026-10-05 11:43:16,system,79,69,10,,,1.9,0.2,4,5483,12.9
2026-10-05 11:43:17,flamesafe,2,0,2,5750,21
2026-10-05 11:43:17,engine,17,15,2,1048795,58
2026-10-05 11:43:17,deck,9,8,2,9908,36
2026-10-05 11:43:17,soak,11,11,0,29856,46
2026-10-05 11:43:17,BEYOND,74,45,29,603330,1551
2026-10-05 11:43:17,MadMapper,440,428,12,1073550,3080
2026-10-05 11:43:17,system,82,72,10,,,1.1,0.8,8,5489,13.3
2026-10-05 11:43:18,flamesafe,3,3,0,5750,21
2026-10-05 11:43:18,engine,11,8,3,1049008,58
2026-10-05 11:43:18,deck,14,12,2,9908,36
2026-10-05 11:43:18,soak,9,8,2,29875,46
2026-10-05 11:43:18,BEYOND,78,52,26,603495,1549
2026-10-05 11:43:18,MadMapper,442,424,18,1073554,3080
2026-10-05 11:43:18,system,90,75,16,,,1.1,0.6,4,5492,10.7
2026-10-05 11:43:19,flamesafe,6,5,2,5750,21
2026-10-05 11:43:19,engine,16,11,5,1061591,58
2026-10-05 11:43:19,deck,14,12,2,9908,36
2026-10-05 11:43:19,soak,5,3,2,29880,46
2026-10-05 11:43:19,BEYOND,88,51,36,603655,1547
2026-10-05 11:43:19,MadMapper,522,511,5,1073583,3080
2026-10-05 11:43:19,system,89,79,10,,,1.7,0.2,4,5501,14.2
2026-10-05 11:43:20,flamesafe,2,0,2,5750,21
2026-10-05 11:43:20,engine,12,12,0,1061810,58
2026-10-05 11:43:20,deck,5,5,0,9908,36
2026-10-05 11:43:20,soak,2,0,2,29884,46
2026-10-05 11:43:20,BEYOND,82,52,29,603829,1544
2026-10-05 11:43:20,MadMapper,458,444,15,1073587,3080
2026-10-05 11:43:20,system,81,71,10,,,0.6,0.4,3,5489,11.1
2026-10-05 11:43:21,flamesafe,5,3,2,5750,21
2026-10-05 11:43:21,engine,12,8,5,1062038,58
2026-10-05 11:43:21,deck,8,8,0,9908,36
2026-10-05 11:43:21,soak,8,3,5,29888,46
2026-10-05 11:43:21,BEYOND,82,48,34,604008,1542
2026-10-05 11:43:21,MadMapper,500,492,8,1073591,3080
2026-10-05 11:43:21,system,88,77,10,,,0.8,0.4,3,5505,14.2
2026-10-05 11:43:22,flamesafe,2,2,0,5750,21
2026-10-05 11:43:22,engine,11,8,3,1062254,58
2026-10-05 11:43:22,deck,9,9,0,9908,36
2026-10-05 11:43:22,soak,2,2,0,29892,46
2026-10-05 11:43:22,BEYOND,48,20,28,604174,1542
2026-10-05 11:43:22,MadMapper,506,496,11,1073595,3080
2026-10-05 11:43:22,system,85,76,9,,,0.6,0.4,7,5599,13.0
2026-10-05 11:43:24,flamesafe,3,3,0,5750,21
2026-10-05 11:43:24,engine,22,17,5,1074859,59
2026-10-05 11:43:24,deck,9,6,3,9908,36
2026-10-05 11:43:24,soak,6,5,2,29924,46
2026-10-05 11:43:24,BEYOND,57,23,34,607606,1555
2026-10-05 11:43:24,MadMapper,492,484,9,1073599,3080
2026-10-05 11:43:24,system,91,75,16,,,1.0,0.2,4,5572,15.5
2026-10-05 11:43:25,flamesafe,9,9,0,5750,21
2026-10-05 11:43:25,engine,12,8,5,1075208,59
2026-10-05 11:43:25,deck,18,11,8,9908,36
2026-10-05 11:43:25,soak,6,5,2,29928,46
2026-10-05 11:43:25,BEYOND,65,37,28,607750,1555
2026-10-05 11:43:25,MadMapper,323,310,14,1073632,3080
2026-10-05 11:43:25,system,68,56,13,,,1.1,0.9,10,5570,6.5
2026-10-05 11:43:26,flamesafe,8,8,0,5750,21
2026-10-05 11:43:26,engine,12,8,5,1075419,59
2026-10-05 11:43:26,deck,11,11,0,9908,36
2026-10-05 11:43:26,soak,6,6,0,29932,46
2026-10-05 11:43:26,BEYOND,55,23,32,607897,1555
2026-10-05 11:43:26,MadMapper,426,411,15,1073637,3080
2026-10-05 11:43:26,system,77,66,11,,,1.1,0.2,6,5572,7.0
2026-10-05 11:43:27,flamesafe,3,3,0,5750,21
2026-10-05 11:43:27,engine,9,8,2,1075639,59
2026-10-05 11:43:27,deck,8,5,3,9908,36
2026-10-05 11:43:27,soak,8,5,3,29936,46
2026-10-05 11:43:27,BEYOND,75,35,40,608053,1555
2026-10-05 11:43:27,MadMapper,469,450,20,1073641,3080
2026-10-05 11:43:27,system,86,71,14,,,0.8,0.2,3,5574,11.3
2026-10-05 11:43:28,flamesafe,5,5,0,5750,21
2026-10-05 11:43:28,engine,19,14,5,1075878,59
2026-10-05 11:43:28,deck,12,11,2,9908,36
2026-10-05 11:43:28,soak,2,2,0,29951,46
2026-10-05 11:43:28,BEYOND,56,32,23,608197,1555
2026-10-05 11:43:28,MadMapper,480,461,12,1073650,3080
2026-10-05 11:43:28,system,85,75,10,,,0.8,0.2,4,5572,11.1
2026-10-05 11:43:29,flamesafe,3,3,0,5750,21
2026-10-05 11:43:29,engine,23,8,15,1088459,59
2026-10-05 11:43:29,deck,8,5,3,9908,36
2026-10-05 11:43:29,soak,11,3,8,29971,46
2026-10-05 11:43:29,BEYOND,86,43,43,608342,1555
2026-10-05 11:43:29,MadMapper,456,440,15,1073660,3080
2026-10-05 11:43:29,system,93,72,20,,,1.3,0.4,8,5579,9.0
2026-10-05 11:43:30,flamesafe,0,0,0,5750,21
2026-10-05 11:43:30,engine,12,11,2,1088673,59
2026-10-05 11:43:30,deck,18,15,3,9908,36
2026-10-05 11:43:30,soak,9,6,3,30025,47
2026-10-05 11:43:30,BEYOND,68,29,38,608486,1555
2026-10-05 11:43:30,MadMapper,460,456,5,1073697,3080
2026-10-05 11:43:30,system,88,71,18,,,0.9,0.6,4,5605,11.1
2026-10-05 11:43:31,flamesafe,2,2,0,5750,21
2026-10-05 11:43:31,engine,17,9,8,1101412,58
2026-10-05 11:43:31,deck,14,8,6,9908,36
2026-10-05 11:43:31,soak,6,3,3,30031,47
2026-10-05 11:43:31,BEYOND,48,26,23,608635,1555
2026-10-05 11:43:31,MadMapper,429,425,8,1073732,3070
2026-10-05 11:43:31,system,93,73,20,,,1.1,1.1,7,5586,10.9
2026-10-05 11:43:32,flamesafe,2,2,0,5750,21
2026-10-05 11:43:32,engine,2,0,2,1101629,58
2026-10-05 11:43:32,deck,8,5,3,9908,36
2026-10-05 11:43:32,soak,3,2,2,30035,47
2026-10-05 11:43:32,BEYOND,17,6,11,608762,1555
2026-10-05 11:43:32,MadMapper,119,101,17,1074778,3075
2026-10-05 11:43:32,system,42,28,14,,,1.0,0.6,7,5503,0.0
2026-10-05 11:43:33,flamesafe,2,2,0,5750,21
2026-10-05 11:43:33,engine,5,5,0,1101832,58
2026-10-05 11:43:33,deck,6,6,0,9908,36
2026-10-05 11:43:33,soak,3,3,0,30078,47
2026-10-05 11:43:33,BEYOND,14,2,12,608890,1555
2026-10-05 11:43:33,MadMapper,8,5,3,1074782,3075
2026-10-05 11:43:33,system,12,6,7,,,0.6,0.2,3,5497,0.0
2026-10-05 11:43:34,flamesafe,2,2,0,5750,21
2026-10-05 11:43:34,engine,8,5,3,1114410,58
2026-10-05 11:43:34,deck,8,5,3,9908,36
2026-10-05 11:43:34,soak,2,2,0,30096,47
2026-10-05 11:43:34,BEYOND,9,2,8,609025,1555
2026-10-05 11:43:34,MadMapper,8,3,5,1074786,3075
2026-10-05 11:43:34,system,21,13,9,,,0.4,0.2,2,5612,0.0
2026-10-05 11:43:35,flamesafe,0,0,0,5750,21
2026-10-05 11:43:35,engine,5,3,2,1114630,59
2026-10-05 11:43:35,deck,6,3,3,9908,36
2026-10-05 11:43:35,soak,2,2,0,30100,47
2026-10-05 11:43:35,BEYOND,5,0,5,609153,1555
2026-10-05 11:43:35,MadMapper,6,2,5,1074814,3075
2026-10-05 11:43:35,system,8,5,3,,,0.0,0.4,2,5609,0.0
2026-10-05 11:43:36,flamesafe,2,2,0,5750,21
2026-10-05 11:43:36,engine,5,5,0,1127273,59
2026-10-05 11:43:36,deck,3,3,0,9908,36
2026-10-05 11:43:36,soak,2,2,0,30104,47
2026-10-05 11:43:36,BEYOND,12,5,8,609520,1555
2026-10-05 11:43:36,MadMapper,144,138,5,1075665,3078
2026-10-05 11:43:36,system,29,24,5,,,0.2,0.8,3,5603,0.0
2026-10-05 11:43:37,flamesafe,2,2,0,5750,21
2026-10-05 11:43:37,engine,17,14,3,1127492,59
2026-10-05 11:43:37,deck,11,9,2,9908,36
2026-10-05 11:43:37,soak,0,0,0,30120,47
2026-10-05 11:43:37,BEYOND,69,35,34,609661,1555
2026-10-05 11:43:37,MadMapper,420,402,18,1076321,3080
2026-10-05 11:43:37,system,82,66,15,,,1.3,0.8,7,5640,11.4
2026-10-05 11:43:38,flamesafe,2,2,0,5750,21
2026-10-05 11:43:38,engine,15,15,0,1127704,59
2026-10-05 11:43:38,deck,11,9,2,9908,36
2026-10-05 11:43:38,soak,5,3,2,30127,47
2026-10-05 11:43:38,BEYOND,66,37,29,609891,1555
2026-10-05 11:43:38,MadMapper,434,416,18,1076327,3080
2026-10-05 11:43:38,system,75,64,11,,,1.3,0.6,6,5630,9.9
2026-10-05 11:43:39,flamesafe,5,3,2,5750,21
2026-10-05 11:43:39,engine,11,11,0,1127916,59
2026-10-05 11:43:39,deck,14,14,0,9908,36
2026-10-05 11:43:39,soak,6,2,5,30156,47
2026-10-05 11:43:39,BEYOND,72,32,40,610927,1559
2026-10-05 11:43:39,MadMapper,430,421,9,1076331,3080
2026-10-05 11:43:39,system,88,69,19,,,1.1,0.9,8,5627,16.7
2026-10-05 11:43:40,flamesafe,8,8,0,5750,21
2026-10-05 11:43:40,engine,23,11,12,1140804,60
2026-10-05 11:43:40,deck,12,5,8,9908,36
2026-10-05 11:43:40,soak,12,8,5,30160,47
2026-10-05 11:43:40,BEYOND,65,35,29,612170,1563
2026-10-05 11:43:40,MadMapper,429,403,28,1076372,3080
2026-10-05 11:43:40,system,83,66,16,,,1.5,0.8,6,5642,14.0
2026-10-05 11:43:41,flamesafe,2,2,0,5750,21
2026-10-05 11:43:41,engine,12,8,5,1141029,60
2026-10-05 11:43:41,deck,14,6,8,9908,36
2026-10-05 11:43:41,soak,8,3,5,30164,47
2026-10-05 11:43:41,BEYOND,77,43,32,613459,1568
2026-10-05 11:43:41,MadMapper,417,399,14,1076401,3074
2026-10-05 11:43:41,system,79,64,14,,,0.2,0.4,3,5651,15.5
2026-10-05 11:43:42,flamesafe,2,2,0,5750,21
2026-10-05 11:43:42,engine,17,11,6,1141262,60
2026-10-05 11:43:42,deck,9,9,0,9908,36
2026-10-05 11:43:42,soak,5,3,2,30168,47
2026-10-05 11:43:42,BEYOND,65,31,34,614741,1573
2026-10-05 11:43:42,MadMapper,420,403,19,1077256,3078
2026-10-05 11:43:42,system,76,65,12,,,1.3,0.4,4,5645,14.0
2026-10-05 11:43:43,flamesafe,3,3,0,5750,21
2026-10-05 11:43:43,engine,12,9,3,1141494,60
2026-10-05 11:43:43,deck,14,14,0,9908,36
2026-10-05 11:43:43,soak,8,5,3,30184,47
2026-10-05 11:43:43,BEYOND,89,59,31,615376,1575
2026-10-05 11:43:43,MadMapper,430,415,15,1077260,3078
2026-10-05 11:43:43,system,85,72,13,,,0.8,0.9,6,5630,15.5
2026-10-05 11:43:44,flamesafe,3,3,0,5750,21
2026-10-05 11:43:44,engine,22,14,8,1154103,60
2026-10-05 11:43:44,deck,5,3,2,9908,36
2026-10-05 11:43:44,soak,9,8,2,30202,47
2026-10-05 11:43:44,BEYOND,112,63,49,615626,1572
2026-10-05 11:43:44,MadMapper,434,425,11,1077264,3078
2026-10-05 11:43:44,system,91,75,16,,,1.1,0.4,4,5637,12.3
2026-10-05 11:43:45,flamesafe,5,5,0,5750,21
2026-10-05 11:43:45,engine,12,9,3,1154319,60
2026-10-05 11:43:45,deck,14,9,5,9908,36
2026-10-05 11:43:45,soak,5,5,0,30213,47
2026-10-05 11:43:45,BEYOND,97,63,34,615790,1566
2026-10-05 11:43:45,MadMapper,442,423,19,1077292,3078
2026-10-05 11:43:45,system,83,71,12,,,0.0,0.2,2,5641,11.3
2026-10-05 11:43:46,flamesafe,5,3,2,5750,21
2026-10-05 11:43:46,engine,14,9,5,1154521,60
2026-10-05 11:43:46,deck,11,5,6,9908,36
2026-10-05 11:43:46,soak,6,5,2,30217,47
2026-10-05 11:43:46,BEYOND,105,74,31,615960,1562
2026-10-05 11:43:46,MadMapper,451,440,11,1077296,3078
2026-10-05 11:43:46,system,83,73,10,,,0.9,0.6,4,5653,12.9
2026-10-05 11:43:47,flamesafe,5,5,0,5750,21
2026-10-05 11:43:47,engine,14,11,3,1154744,60
2026-10-05 11:43:47,deck,9,8,2,9908,36
2026-10-05 11:43:47,soak,3,2,2,30221,47
2026-10-05 11:43:47,BEYOND,115,71,45,616121,1557
2026-10-05 11:43:47,MadMapper,441,422,20,1077311,3078
2026-10-05 11:43:47,system,90,74,16,,,1.1,0.4,4,5654,9.0
2026-10-05 11:43:48,flamesafe,3,3,0,5750,21
2026-10-05 11:43:48,engine,20,15,5,1154961,60
2026-10-05 11:43:48,deck,12,9,3,9908,36
2026-10-05 11:43:48,soak,2,2,0,30239,47
2026-10-05 11:43:48,BEYOND,86,57,29,616309,1555
2026-10-05 11:43:48,MadMapper,457,440,17,1077315,3078
2026-10-05 11:43:48,system,86,74,13,,,1.1,0.9,12,5664,11.1
2026-10-05 11:43:49,flamesafe,2,2,0,5750,21
2026-10-05 11:43:49,engine,29,23,6,1167558,61
2026-10-05 11:43:49,deck,14,14,0,9908,36
2026-10-05 11:43:49,soak,3,3,0,30266,47
2026-10-05 11:43:49,BEYOND,55,40,15,616494,1555
2026-10-05 11:43:49,MadMapper,440,427,14,1077319,3078
2026-10-05 11:43:49,system,87,74,13,,,2.1,0.6,11,5661,9.4
2026-10-05 11:43:50,flamesafe,3,3,0,5750,21
2026-10-05 11:43:50,engine,9,5,5,1167900,61
2026-10-05 11:43:50,deck,9,9,0,9908,36
2026-10-05 11:43:50,soak,2,2,0,30270,47
2026-10-05 11:43:50,BEYOND,57,26,31,617061,1557
2026-10-05 11:43:50,MadMapper,438,421,19,1077347,3078
2026-10-05 11:43:50,system,77,65,12,,,1.0,0.8,6,5665,14.9
2026-10-05 11:43:51,flamesafe,5,5,0,5750,21
2026-10-05 11:43:51,engine,11,8,3,1168117,61
2026-10-05 11:43:51,deck,6,3,3,9908,36
2026-10-05 11:43:51,soak,3,0,3,30274,47
2026-10-05 11:43:51,BEYOND,68,38,29,617642,1559
2026-10-05 11:43:51,MadMapper,411,392,18,1077351,3078
2026-10-05 11:43:51,system,73,61,12,,,1.5,0.8,4,5659,10.7
2026-10-05 11:43:52,flamesafe,0,0,0,5750,21
2026-10-05 11:43:52,engine,12,8,5,1168324,61
2026-10-05 11:43:52,deck,11,11,0,9908,36
2026-10-05 11:43:52,soak,3,2,2,30278,47
2026-10-05 11:43:52,BEYOND,58,31,28,618222,1560
2026-10-05 11:43:52,MadMapper,415,407,9,1077355,3078
2026-10-05 11:43:52,system,73,64,9,,,1.1,0.4,4,5664,12.7
2026-10-05 11:43:53,flamesafe,2,2,0,5750,21
2026-10-05 11:43:53,engine,14,11,3,1168537,61
2026-10-05 11:43:53,deck,17,15,2,9908,36
2026-10-05 11:43:53,soak,8,6,2,30294,47
2026-10-05 11:43:53,BEYOND,69,32,35,618990,1563
2026-10-05 11:43:53,MadMapper,448,419,23,1077361,3078
2026-10-05 11:43:53,system,83,70,14,,,0.4,0.6,6,5657,13.5
2026-10-05 11:43:54,flamesafe,5,2,3,5760,21
2026-10-05 11:43:54,engine,14,14,0,1181140,61
2026-10-05 11:43:54,deck,9,8,2,9908,36
2026-10-05 11:43:54,soak,12,6,6,30311,47
2026-10-05 11:43:54,BEYOND,62,31,31,619194,1563
2026-10-05 11:43:54,MadMapper,394,385,11,1077366,3078
2026-10-05 11:43:54,system,80,65,16,,,0.6,0.6,4,5656,11.7
2026-10-05 11:43:55,flamesafe,5,5,0,5760,21
2026-10-05 11:43:55,engine,12,11,2,1181349,61
2026-10-05 11:43:55,deck,15,8,8,9908,36
2026-10-05 11:43:55,soak,11,6,5,30315,47
2026-10-05 11:43:55,BEYOND,78,49,29,619388,1561
2026-10-05 11:43:55,MadMapper,400,385,15,1077394,3078
2026-10-05 11:43:55,system,76,66,11,,,0.4,0.2,3,5657,11.4
2026-10-05 11:43:56,flamesafe,5,3,2,5760,21
2026-10-05 11:43:56,engine,17,14,3,1181564,61
2026-10-05 11:43:56,deck,8,8,0,9918,36
2026-10-05 11:43:56,soak,3,2,2,30319,47
2026-10-05 11:43:56,BEYOND,82,46,36,619553,1560
2026-10-05 11:43:56,MadMapper,412,400,14,1077401,3078
2026-10-05 11:43:56,system,76,64,12,,,1.3,0.4,6,5656,11.3
2026-10-05 11:43:57,flamesafe,6,6,0,5760,21
2026-10-05 11:43:57,engine,8,6,2,1181788,61
2026-10-05 11:43:57,deck,9,9,0,9918,36
2026-10-05 11:43:57,soak,3,2,2,30323,47
2026-10-05 11:43:57,BEYOND,85,37,48,619733,1557
2026-10-05 11:43:57,MadMapper,403,396,8,1077405,3078
2026-10-05 11:43:57,system,76,65,12,,,0.6,0.4,4,5660,12.5
2026-10-05 11:43:58,flamesafe,6,6,0,5760,21
2026-10-05 11:43:58,engine,11,6,5,1182026,61
2026-10-05 11:43:58,deck,6,6,0,9918,36
2026-10-05 11:43:58,soak,2,2,0,30339,47
2026-10-05 11:43:58,BEYOND,82,43,38,619880,1556
2026-10-05 11:43:58,MadMapper,454,445,9,1077409,3078
2026-10-05 11:43:58,system,83,70,13,,,2.1,0.2,10,5651,10.1
2026-10-05 11:43:59,flamesafe,8,5,3,5760,21
2026-10-05 11:43:59,engine,9,5,5,1194643,61
2026-10-05 11:43:59,deck,17,17,0,9918,36
2026-10-05 11:43:59,soak,5,3,2,30356,47
2026-10-05 11:43:59,BEYOND,81,31,49,620018,1555
2026-10-05 11:43:59,MadMapper,439,425,9,1077432,3078
2026-10-05 11:43:59,system,85,68,17,,,0.9,0.9,9,5659,10.9
2026-10-05 11:44:00,flamesafe,0,0,0,5760,21
2026-10-05 11:44:00,engine,9,8,2,1194991,62
2026-10-05 11:44:00,deck,9,9,0,9918,36
2026-10-05 11:44:00,soak,6,6,0,30360,47
2026-10-05 11:44:00,BEYOND,78,42,37,620202,1555
2026-10-05 11:44:00,MadMapper,424,419,6,1077460,3078
2026-10-05 11:44:00,system,80,69,11,,,0.8,0.8,7,5645,11.1
2026-10-05 11:44:01,flamesafe,3,3,0,5760,21
2026-10-05 11:44:01,engine,15,14,2,1195206,62
2026-10-05 11:44:01,deck,15,14,2,9918,36
2026-10-05 11:44:01,soak,6,3,3,30364,47
2026-10-05 11:44:01,BEYOND,54,20,34,620359,1555
2026-10-05 11:44:01,MadMapper,426,414,15,1077465,3078
2026-10-05 11:44:01,system,76,66,11,,,1.1,0.2,6,5645,11.1
2026-10-05 11:44:02,flamesafe,8,8,0,5760,21
2026-10-05 11:44:02,engine,14,11,3,1195427,62
2026-10-05 11:44:02,deck,20,12,8,9918,36
2026-10-05 11:44:02,soak,2,2,0,30368,47
2026-10-05 11:44:02,BEYOND,45,28,17,620532,1555
2026-10-05 11:44:02,MadMapper,421,408,12,1077470,3078
2026-10-05 11:44:02,system,81,70,11,,,0.8,0.4,3,5637,10.9
2026-10-05 11:44:03,flamesafe,2,2,0,5760,21
2026-10-05 11:44:03,engine,15,8,8,1195641,62
2026-10-05 11:44:03,deck,12,8,5,9918,36
2026-10-05 11:44:03,soak,15,6,9,30386,47
2026-10-05 11:44:03,BEYOND,71,39,32,620673,1555
2026-10-05 11:44:03,MadMapper,430,421,9,1077474,3078
2026-10-05 11:44:03,system,90,71,19,,,1.1,0.6,3,5643,8.8
2026-10-05 11:44:04,flamesafe,8,6,2,5760,21
2026-10-05 11:44:04,engine,12,9,3,1208245,62
2026-10-05 11:44:04,deck,6,3,3,9918,36
2026-10-05 11:44:04,soak,11,5,6,30405,47
2026-10-05 11:44:04,BEYOND,81,49,31,620819,1555
2026-10-05 11:44:04,MadMapper,453,429,19,1077478,3078
2026-10-05 11:44:04,system,82,68,15,,,1.3,0.4,7,5647,10.9
2026-10-05 11:44:05,flamesafe,5,5,0,5760,21
2026-10-05 11:44:05,engine,12,6,6,1208455,62
2026-10-05 11:44:05,deck,8,6,2,9918,36
2026-10-05 11:44:05,soak,2,2,0,30409,47
2026-10-05 11:44:05,BEYOND,52,26,26,620966,1554
2026-10-05 11:44:05,MadMapper,429,426,5,1077506,3078
2026-10-05 11:44:05,system,73,65,8,,,1.0,0.0,3,5644,10.9
2026-10-05 11:44:06,flamesafe,5,3,2,5760,21
2026-10-05 11:44:06,engine,15,14,2,1208671,62
2026-10-05 11:44:06,deck,6,5,2,9918,36
2026-10-05 11:44:06,soak,6,6,0,30413,47
2026-10-05 11:44:06,BEYOND,37,14,23,621107,1554
2026-10-05 11:44:06,MadMapper,406,399,9,1077510,3078
2026-10-05 11:44:06,system,71,61,10,,,1.5,1.1,8,5657,11.4
2026-10-05 11:44:07,flamesafe,5,5,0,5760,21
2026-10-05 11:44:07,engine,12,9,3,1208888,62
2026-10-05 11:44:07,deck,8,8,0,9918,36
2026-10-05 11:44:07,soak,2,2,0,30417,47
2026-10-05 11:44:07,BEYOND,32,11,22,621238,1554
2026-10-05 11:44:07,MadMapper,406,402,6,1077517,3078
2026-10-05 11:44:07,system,69,61,7,,,0.6,0.4,3,5650,14.0
2026-10-05 11:44:08,flamesafe,2,2,0,5760,21
2026-10-05 11:44:08,engine,16,11,5,1209100,62
2026-10-05 11:44:08,deck,14,8,6,9918,36
2026-10-05 11:44:08,soak,9,5,5,30433,47
2026-10-05 11:44:08,BEYOND,45,11,34,621382,1554
2026-10-05 11:44:08,MadMapper,417,395,17,1077521,3078
2026-10-05 11:44:08,system,74,59,15,,,1.5,0.6,9,5650,13.6
2026-10-05 11:44:09,flamesafe,2,2,0,5760,21
2026-10-05 11:44:09,engine,28,15,12,1221686,62
2026-10-05 11:44:09,deck,12,9,3,9918,36
2026-10-05 11:44:09,soak,5,3,2,30450,47
2026-10-05 11:44:09,BEYOND,51,8,43,621536,1554
2026-10-05 11:44:09,MadMapper,398,389,11,1077525,3078
2026-10-05 11:44:09,system,76,61,15,,,1.9,0.2,6,5658,13.6
2026-10-05 11:44:10,flamesafe,0,0,0,5760,21
2026-10-05 11:44:10,engine,8,8,0,1222039,63
2026-10-05 11:44:10,deck,8,6,2,9918,36
2026-10-05 11:44:10,soak,9,8,2,30454,47
2026-10-05 11:44:10,BEYOND,37,9,28,621680,1554
2026-10-05 11:44:10,MadMapper,411,399,12,1077808,3079
2026-10-05 11:44:10,system,71,60,10,,,0.0,0.8,3,5651,11.5
2026-10-05 11:44:11,flamesafe,2,2,0,5760,21
2026-10-05 11:44:11,engine,6,2,5,1222251,63
2026-10-05 11:44:11,deck,14,11,3,9919,36
2026-10-05 11:44:11,soak,5,3,2,30458,47
2026-10-05 11:44:11,BEYOND,26,11,15,621824,1554
2026-10-05 11:44:11,MadMapper,425,410,17,1078032,3080
2026-10-05 11:44:11,system,71,60,10,,,1.1,0.4,4,5654,12.9
2026-10-05 11:44:12,flamesafe,0,0,0,5760,21
2026-10-05 11:44:12,engine,8,6,2,1222469,63
2026-10-05 11:44:12,deck,6,5,2,9919,36
2026-10-05 11:44:12,soak,6,6,0,30462,47
2026-10-05 11:44:12,BEYOND,14,3,11,621967,1554
2026-10-05 11:44:12,MadMapper,380,371,11,1078036,3080
2026-10-05 11:44:12,system,63,56,7,,,0.6,0.8,7,5650,13.7
2026-10-05 11:44:13,flamesafe,6,5,2,5760,21
2026-10-05 11:44:13,engine,9,9,0,1222683,63
2026-10-05 11:44:13,deck,5,5,0,9919,36
2026-10-05 11:44:13,soak,6,0,6,30477,47
2026-10-05 11:44:13,BEYOND,42,11,31,622119,1554
2026-10-05 11:44:13,MadMapper,388,366,17,1078040,3080
2026-10-05 11:44:13,system,72,59,13,,,2.5,0.0,4,5651,13.6
2026-10-05 11:44:14,flamesafe,3,2,2,5760,21
2026-10-05 11:44:14,engine,8,6,2,1235260,63
2026-10-05 11:44:14,deck,8,6,2,9919,36
2026-10-05 11:44:14,soak,3,0,3,30498,47
2026-10-05 11:44:14,BEYOND,35,12,23,622262,1554
2026-10-05 11:44:14,MadMapper,433,432,3,1078156,3080
2026-10-05 11:44:14,system,76,66,11,,,1.3,0.6,6,5647,20.8
2026-10-05 11:44:15,flamesafe,8,6,2,5760,21
2026-10-05 11:44:15,engine,12,12,0,1235474,63
2026-10-05 11:44:15,deck,6,6,0,9919,36
2026-10-05 11:44:15,soak,2,2,0,30502,47
2026-10-05 11:44:15,BEYOND,23,9,14,622378,1554
2026-10-05 11:44:15,MadMapper,520,504,19,1078190,3080
2026-10-05 11:44:15,system,78,73,6,,,0.2,0.4,2,5654,18.1
2026-10-05 11:44:16,flamesafe,8,5,3,5760,21
2026-10-05 11:44:16,engine,20,17,3,1235691,63
2026-10-05 11:44:16,deck,9,8,2,9919,36
2026-10-05 11:44:16,soak,3,3,0,30506,47
2026-10-05 11:44:16,BEYOND,33,8,25,622522,1554
2026-10-05 11:44:16,MadMapper,397,381,11,1078194,3080
2026-10-05 11:44:16,system,71,61,10,,,0.4,0.8,7,5657,8.2
2026-10-05 11:44:17,flamesafe,3,2,2,5760,21
2026-10-05 11:44:17,engine,17,11,6,1235910,63
2026-10-05 11:44:17,deck,17,15,2,9919,36
2026-10-05 11:44:17,soak,6,6,0,30510,47
2026-10-05 11:44:17,BEYOND,35,8,28,622676,1554
2026-10-05 11:44:17,MadMapper,428,416,12,1078198,3080
2026-10-05 11:44:17,system,74,64,10,,,0.4,1.1,7,5653,16.9
2026-10-05 11:44:18,flamesafe,3,3,0,5760,21
2026-10-05 11:44:18,engine,9,6,3,1236126,63
2026-10-05 11:44:18,deck,9,8,2,9919,36
2026-10-05 11:44:18,soak,9,6,3,30526,47
2026-10-05 11:44:18,BEYOND,48,14,34,622817,1554
2026-10-05 11:44:18,MadMapper,434,422,12,1078202,3080
2026-10-05 11:44:18,system,86,66,20,,,1.7,0.8,6,5658,13.7
2026-10-05 11:44:19,flamesafe,2,2,0,5760,21
2026-10-05 11:44:19,engine,18,8,11,1248842,63
2026-10-05 11:44:19,deck,9,9,0,9919,36
2026-10-05 11:44:19,soak,5,5,0,30679,46
2026-10-05 11:44:19,BEYOND,45,14,31,622961,1554
2026-10-05 11:44:19,MadMapper,454,454,2,1078206,3080
2026-10-05 11:44:19,system,85,69,15,,,1.9,0.2,7,5664,13.9
2026-10-05 11:44:20,flamesafe,3,3,0,5760,21
2026-10-05 11:44:20,engine,12,6,6,1249053,63
2026-10-05 11:44:20,deck,6,5,2,9919,36
2026-10-05 11:44:20,soak,2,0,2,30684,46
2026-10-05 11:44:20,BEYOND,26,9,17,623103,1554
2026-10-05 11:44:20,MadMapper,417,405,14,1078234,3080
2026-10-05 11:44:20,system,70,60,9,,,0.6,0.6,3,5659,14.0
2026-10-05 11:44:21,flamesafe,5,5,0,5760,21
2026-10-05 11:44:21,engine,8,5,3,1249273,63
2026-10-05 11:44:21,deck,11,9,2,9919,36
2026-10-05 11:44:21,soak,3,0,3,30695,46
2026-10-05 11:44:21,BEYOND,26,3,23,623256,1554
2026-10-05 11:44:21,MadMapper,376,363,14,1078238,3080
2026-10-05 11:44:21,system,67,57,10,,,1.0,0.4,3,5658,10.0
2026-10-05 11:44:22,flamesafe,3,2,2,5760,21
2026-10-05 11:44:22,engine,12,11,2,1249488,64
2026-10-05 11:44:22,deck,14,11,3,9919,36
2026-10-05 11:44:22,soak,2,2,0,30699,46
2026-10-05 11:44:22,BEYOND,36,6,29,623390,1554
2026-10-05 11:44:22,MadMapper,405,388,11,1078242,3080
2026-10-05 11:44:22,system,68,59,9,,,0.9,0.6,4,5662,12.9
2026-10-05 11:44:23,flamesafe,6,6,0,5760,21
2026-10-05 11:44:23,engine,11,8,3,1249705,64
2026-10-05 11:44:23,deck,9,8,2,9919,36
2026-10-05 11:44:23,soak,8,5,3,30735,46
2026-10-05 11:44:23,BEYOND,43,11,32,623544,1554
2026-10-05 11:44:23,MadMapper,491,471,22,1078246,3080
2026-10-05 11:44:23,system,86,72,14,,,0.8,0.0,3,5655,16.8
2026-10-05 11:44:24,flamesafe,2,2,0,5760,21
2026-10-05 11:44:24,engine,17,8,9,1262290,64
2026-10-05 11:44:24,deck,6,5,2,9919,36
2026-10-05 11:44:24,soak,8,6,2,30742,46
2026-10-05 11:44:24,BEYOND,37,5,32,623692,1554
2026-10-05 11:44:24,MadMapper,446,442,6,1078250,3080
2026-10-05 11:44:24,system,78,65,12,,,0.6,0.8,6,5662,14.9
2026-10-05 11:44:25,flamesafe,0,0,0,5760,21
2026-10-05 11:44:25,engine,6,3,3,1262501,64
2026-10-05 11:44:25,deck,9,5,5,9919,36
2026-10-05 11:44:25,soak,0,0,0,30761,46
2026-10-05 11:44:25,BEYOND,45,6,39,623839,1554
2026-10-05 11:44:25,MadMapper,384,373,12,1078280,3080
2026-10-05 11:44:25,system,68,56,12,,,0.6,0.4,6,5666,13.3
2026-10-05 11:44:26,flamesafe,0,0,0,5760,21
2026-10-05 11:44:26,engine,11,8,3,1262723,64
2026-10-05 11:44:26,deck,8,6,2,9919,36
2026-10-05 11:44:26,soak,3,3,0,30765,46
2026-10-05 11:44:26,BEYOND,37,11,26,623981,1554
2026-10-05 11:44:26,MadMapper,397,381,17,1078284,3080
2026-10-05 11:44:26,system,68,59,9,,,1.3,0.4,7,5664,11.0
2026-10-05 11:44:27,flamesafe,3,3,0,5760,21
2026-10-05 11:44:27,engine,5,2,3,1262939,64
2026-10-05 11:44:27,deck,11,11,0,9919,36
2026-10-05 11:44:27,soak,9,6,3,30769,46
2026-10-05 11:44:27,BEYOND,31,8,23,624125,1554
2026-10-05 11:44:27,MadMapper,509,493,11,1078288,3080
2026-10-05 11:44:27,system,80,71,10,,,1.0,0.4,6,5663,16.9
2026-10-05 11:44:28,flamesafe,0,0,0,5760,21
2026-10-05 11:44:28,engine,9,8,2,1263170,64
2026-10-05 11:44:28,deck,8,6,2,9919,36
2026-10-05 11:44:28,soak,8,6,2,30786,46
2026-10-05 11:44:28,BEYOND,31,6,25,624276,1554
2026-10-05 11:44:28,MadMapper,485,476,11,1078350,3081
2026-10-05 11:44:28,system,80,69,11,,,1.7,0.4,8,5659,19.7
2026-10-05 11:44:29,flamesafe,2,2,0,5760,21
2026-10-05 11:44:29,engine,12,5,8,1275887,64
2026-10-05 11:44:29,deck,5,5,0,9919,36
2026-10-05 11:44:29,soak,5,5,0,30803,46
2026-10-05 11:44:29,BEYOND,26,9,17,624418,1554
2026-10-05 11:44:29,MadMapper,515,509,9,1078378,3081
2026-10-05 11:44:29,system,84,74,10,,,0.4,0.8,7,5665,15.3
2026-10-05 11:44:30,flamesafe,6,6,0,5760,21
2026-10-05 11:44:30,engine,14,12,2,1276104,64
2026-10-05 11:44:30,deck,5,5,0,9919,36
2026-10-05 11:44:30,soak,0,0,0,30807,46
2026-10-05 11:44:30,BEYOND,36,14,22,624562,1554
2026-10-05 11:44:30,MadMapper,447,432,11,1078382,3081
2026-10-05 11:44:30,system,72,65,7,,,0.6,0.6,4,5661,14.0
2026-10-05 11:44:31,flamesafe,3,3,0,5760,21
2026-10-05 11:44:31,engine,9,5,5,1276324,64
2026-10-05 11:44:31,deck,6,5,2,9919,36
2026-10-05 11:44:31,soak,3,3,0,30811,46
2026-10-05 11:44:31,BEYOND,40,14,26,624706,1554
2026-10-05 11:44:31,MadMapper,366,355,12,1078387,3081
2026-10-05 11:44:31,system,67,55,12,,,1.3,0.8,4,5662,8.9
2026-10-05 11:44:32,flamesafe,2,0,2,5760,21
2026-10-05 11:44:32,engine,12,9,3,1276539,64
2026-10-05 11:44:32,deck,11,8,3,9919,36
2026-10-05 11:44:32,soak,5,3,2,30817,46
2026-10-05 11:44:32,BEYOND,40,6,34,624850,1554
2026-10-05 11:44:32,MadMapper,410,406,5,1078392,3081
2026-10-05 11:44:32,system,73,61,11,,,1.9,0.0,7,5658,14.6
2026-10-05 11:44:33,flamesafe,2,2,0,5760,21
2026-10-05 11:44:33,engine,11,8,3,1276739,64
2026-10-05 11:44:33,deck,17,14,3,9919,36
2026-10-05 11:44:33,soak,12,8,5,30835,46
2026-10-05 11:44:33,BEYOND,33,6,26,625001,1554
2026-10-05 11:44:33,MadMapper,481,464,12,1078396,3081
2026-10-05 11:44:33,system,86,72,14,,,1.5,0.4,4,5660,14.8
2026-10-05 11:44:34,flamesafe,2,2,0,5760,21
2026-10-05 11:44:34,engine,14,8,6,1289356,64
2026-10-05 11:44:34,deck,12,11,2,9919,36
2026-10-05 11:44:34,soak,6,5,2,30851,46
2026-10-05 11:44:34,BEYOND,43,11,32,625145,1554
2026-10-05 11:44:34,MadMapper,484,480,6,1078424,3081
2026-10-05 11:44:34,system,87,74,13,,,0.9,0.6,4,5669,16.6
2026-10-05 11:44:35,flamesafe,6,3,3,5760,21
2026-10-05 11:44:35,engine,5,5,0,1289570,64
2026-10-05 11:44:35,deck,9,8,2,9919,36
2026-10-05 11:44:35,soak,5,2,3,30855,46
2026-10-05 11:44:35,BEYOND,25,5,20,625290,1554
2026-10-05 11:44:35,MadMapper,528,519,11,1078428,3081
2026-10-05 11:44:35,system,81,72,9,,,1.5,0.4,6,5671,17.5
2026-10-05 11:44:36,flamesafe,2,2,0,5760,21
2026-10-05 11:44:36,engine,6,6,0,1289791,65
2026-10-05 11:44:36,deck,9,6,3,9919,36
2026-10-05 11:44:36,soak,3,3,0,30859,46
2026-10-05 11:44:36,BEYOND,35,8,28,625443,1554
2026-10-05 11:44:36,MadMapper,512,507,8,1078432,3081
2026-10-05 11:44:36,system,82,74,8,,,0.6,0.8,6,5666,16.2
2026-10-05 11:44:37,flamesafe,2,2,0,5760,21
2026-10-05 11:44:37,engine,8,3,5,1290004,65
2026-10-05 11:44:37,deck,11,9,2,9919,36
2026-10-05 11:44:37,soak,0,0,0,30982,46
2026-10-05 11:44:37,BEYOND,27,9,17,625568,1554
2026-10-05 11:44:37,MadMapper,516,489,20,1078436,3081
2026-10-05 11:44:37,system,83,73,10,,,0.6,0.4,3,5654,15.5
2026-10-05 11:44:38,flamesafe,2,2,0,5760,21
2026-10-05 11:44:38,engine,14,9,5,1290228,65
2026-10-05 11:44:38,deck,15,11,5,9919,36
2026-10-05 11:44:38,soak,3,3,0,31027,46
2026-10-05 11:44:38,BEYOND,43,9,34,625706,1554
2026-10-05 11:44:38,MadMapper,483,476,8,1078442,3081
2026-10-05 11:44:38,system,92,76,16,,,1.9,0.4,7,5600,16.2
2026-10-05 11:44:39,flamesafe,9,9,0,5760,21
2026-10-05 11:44:39,engine,11,6,5,1302966,65
2026-10-05 11:44:39,deck,9,8,2,9919,36
2026-10-05 11:44:39,soak,11,8,3,31063,46
2026-10-05 11:44:39,BEYOND,37,17,20,625831,1554
2026-10-05 11:44:39,MadMapper,483,477,8,1078470,3081
2026-10-05 11:44:39,system,95,82,12,,,1.1,0.4,3,5547,15.9
2026-10-05 11:44:40,flamesafe,5,5,0,5760,21
2026-10-05 11:44:40,engine,8,3,5,1303181,65
2026-10-05 11:44:40,deck,12,12,0,9919,36
2026-10-05 11:44:40,soak,0,0,0,31069,46
2026-10-05 11:44:40,BEYOND,38,14,25,625967,1554
2026-10-05 11:44:40,MadMapper,503,491,14,1078510,3081
2026-10-05 11:44:40,system,88,78,10,,,0.4,0.6,3,5539,16.0
2026-10-05 11:44:41,flamesafe,2,2,0,5760,21
2026-10-05 11:44:41,engine,18,9,9,1303403,65
2026-10-05 11:44:41,deck,8,6,2,9919,36
2026-10-05 11:44:41,soak,0,0,0,31073,46
2026-10-05 11:44:41,BEYOND,23,9,14,626095,1554
2026-10-05 11:44:41,MadMapper,512,492,22,1078514,3081
2026-10-05 11:44:41,system,83,73,10,,,0.6,0.0,2,5541,14.9
2026-10-05 11:44:42,flamesafe,6,6,0,5760,21
2026-10-05 11:44:42,engine,6,3,3,1303633,65
2026-10-05 11:44:42,deck,17,17,0,9919,36
2026-10-05 11:44:42,soak,8,5,3,31081,46
2026-10-05 11:44:42,BEYOND,37,11,26,626225,1554
2026-10-05 11:44:42,MadMapper,437,431,5,1078518,3081
2026-10-05 11:44:42,system,88,78,10,,,1.3,0.8,7,5544,13.6
2026-10-05 11:44:44,flamesafe,3,2,2,5760,21
2026-10-05 11:44:44,engine,22,17,5,1303855,65
2026-10-05 11:44:44,deck,9,9,0,9919,36
2026-10-05 11:44:44,soak,6,5,2,31148,46
2026-10-05 11:44:44,BEYOND,35,12,23,626352,1554
2026-10-05 11:44:44,MadMapper,464,464,3,1078522,3081
2026-10-05 11:44:44,system,93,75,18,,,1.3,0.0,6,5625,16.1
2026-10-05 11:44:45,flamesafe,5,5,0,5760,21
2026-10-05 11:44:45,engine,12,8,5,1316459,65
2026-10-05 11:44:45,deck,6,6,0,9919,36
2026-10-05 11:44:45,soak,2,2,0,31173,46
2026-10-05 11:44:45,BEYOND,28,5,23,626489,1554
2026-10-05 11:44:45,MadMapper,522,509,8,1078550,3081
2026-10-05 11:44:45,system,83,74,9,,,0.4,0.2,2,5618,16.2
2026-10-05 11:44:46,flamesafe,3,3,0,5760,21
2026-10-05 11:44:46,engine,15,12,3,1316670,65
2026-10-05 11:44:46,deck,6,5,2,9919,36
2026-10-05 11:44:46,soak,5,5,0,31186,46
2026-10-05 11:44:46,BEYOND,29,8,22,626617,1554
2026-10-05 11:44:46,MadMapper,483,479,8,1078554,3081
2026-10-05 11:44:46,system,84,74,10,,,0.2,0.4,2,5621,16.9
2026-10-05 11:44:47,flamesafe,8,8,0,5760,21
2026-10-05 11:44:47,engine,12,6,6,1316896,65
2026-10-05 11:44:47,deck,14,12,2,9919,36
2026-10-05 11:44:47,soak,5,5,0,31326,46
2026-10-05 11:44:47,BEYOND,27,6,20,626740,1554
2026-10-05 11:44:47,MadMapper,505,493,6,1078558,3081
2026-10-05 11:44:47,system,86,78,8,,,0.8,0.2,3,5666,19.3
2026-10-05 11:44:48,flamesafe,2,2,0,5760,21
2026-10-05 11:44:48,engine,6,5,2,1317110,65
2026-10-05 11:44:48,deck,6,6,0,9919,36
2026-10-05 11:44:48,soak,2,0,2,31348,46
2026-10-05 11:44:48,BEYOND,28,11,17,626868,1554
2026-10-05 11:44:48,MadMapper,540,539,3,1078562,3080
2026-10-05 11:44:48,system,82,74,8,,,1.1,0.6,6,5665,17.1
2026-10-05 11:44:49,flamesafe,2,0,2,5760,21
2026-10-05 11:44:49,engine,22,14,8,1329720,65
2026-10-05 11:44:49,deck,6,5,2,9919,36
2026-10-05 11:44:49,soak,9,5,5,31398,46
2026-10-05 11:44:49,BEYOND,34,9,25,626997,1554
2026-10-05 11:44:49,MadMapper,497,492,8,1078566,3080
2026-10-05 11:44:49,system,86,75,12,,,1.0,0.4,3,5663,13.4
2026-10-05 11:44:50,flamesafe,0,0,0,5760,21
2026-10-05 11:44:50,engine,9,8,2,1330074,66
2026-10-05 11:44:50,deck,11,11,0,9919,36
2026-10-05 11:44:50,soak,5,3,2,31402,46
2026-10-05 11:44:50,BEYOND,31,9,22,627133,1554
2026-10-05 11:44:50,MadMapper,485,479,8,1078598,3080
2026-10-05 11:44:50,system,83,75,8,,,0.4,0.4,6,5664,16.3
2026-10-05 11:44:51,flamesafe,3,3,0,5760,21
2026-10-05 11:44:51,engine,11,8,3,1330284,66
2026-10-05 11:44:51,deck,11,8,3,9919,36
2026-10-05 11:44:51,soak,2,2,0,31412,46
2026-10-05 11:44:51,BEYOND,25,6,19,627258,1554
2026-10-05 11:44:51,MadMapper,527,505,15,1078602,3080
2026-10-05 11:44:51,system,83,73,10,,,0.8,0.4,4,5675,17.0
2026-10-05 11:44:52,flamesafe,2,2,0,5760,21
2026-10-05 11:44:52,engine,11,9,2,1330503,66
2026-10-05 11:44:52,deck,14,9,5,9919,36
2026-10-05 11:44:52,soak,8,0,8,31428,46
2026-10-05 11:44:52,BEYOND,26,8,19,627386,1554
2026-10-05 11:44:52,MadMapper,497,490,9,1078702,3081
2026-10-05 11:44:52,system,81,72,10,,,1.3,0.4,6,5662,16.1
2026-10-05 11:44:53,flamesafe,3,3,0,5760,21
2026-10-05 11:44:53,engine,9,5,5,1330716,66
2026-10-05 11:44:53,deck,12,8,5,9919,36
2026-10-05 11:44:53,soak,3,3,0,31432,46
2026-10-05 11:44:53,BEYOND,33,3,29,627513,1554
2026-10-05 11:44:53,MadMapper,519,506,8,1078706,3081
2026-10-05 11:44:53,system,82,74,9,,,0.0,0.0,0,5670,15.6
2026-10-05 11:44:54,flamesafe,2,2,0,5760,21
2026-10-05 11:44:54,engine,12,8,5,1330931,66
2026-10-05 11:44:54,deck,12,6,6,9919,36
2026-10-05 11:44:54,soak,5,5,0,31463,46
2026-10-05 11:44:54,BEYOND,26,3,23,627651,1554
2026-10-05 11:44:54,MadMapper,509,498,14,1078710,3081
2026-10-05 11:44:54,system,85,74,11,,,0.4,0.4,2,5668,15.1
2026-10-05 11:44:55,flamesafe,3,2,2,5760,21
2026-10-05 11:44:55,engine,18,8,11,1343545,66
2026-10-05 11:44:55,deck,14,12,2,9919,36
2026-10-05 11:44:55,soak,5,2,3,31469,46
2026-10-05 11:44:55,BEYOND,28,6,22,627779,1554
2026-10-05 11:44:55,MadMapper,508,499,11,1078738,3081
2026-10-05 11:44:55,system,83,73,10,,,0.4,0.6,6,5669,18.5
2026-10-05 11:44:56,flamesafe,5,3,2,5760,21
2026-10-05 11:44:56,engine,5,5,0,1343742,66
2026-10-05 11:44:56,deck,17,15,2,9919,36
2026-10-05 11:44:56,soak,3,3,0,31473,46
2026-10-05 11:44:56,BEYOND,26,5,22,627906,1554
2026-10-05 11:44:56,MadMapper,524,522,6,1078742,3081
2026-10-05 11:44:56,system,81,76,6,,,0.6,0.0,3,5672,16.6
2026-10-05 11:44:57,flamesafe,5,5,0,5760,21
2026-10-05 11:44:57,engine,6,5,2,1343960,66
2026-10-05 11:44:57,deck,8,6,2,9919,36
2026-10-05 11:44:57,soak,3,0,3,31477,46
2026-10-05 11:44:57,BEYOND,23,5,19,628032,1554
2026-10-05 11:44:57,MadMapper,498,484,9,1078746,3081
2026-10-05 11:44:57,system,79,70,9,,,1.3,0.4,4,5673,14.8
2026-10-05 11:44:58,flamesafe,2,2,0,5760,21
2026-10-05 11:44:58,engine,9,6,3,1344190,66
2026-10-05 11:44:58,deck,11,9,2,9919,36
2026-10-05 11:44:58,soak,8,8,0,31498,46
2026-10-05 11:44:58,BEYOND,31,5,26,628159,1554
2026-10-05 11:44:58,MadMapper,486,484,5,1078750,3081
2026-10-05 11:44:58,system,80,72,9,,,1.3,0.2,4,5669,13.6
2026-10-05 11:44:59,flamesafe,6,6,0,5760,21
2026-10-05 11:44:59,engine,20,9,11,1356786,66
2026-10-05 11:44:59,deck,8,8,0,9919,36
2026-10-05 11:44:59,soak,8,5,3,31519,46
2026-10-05 11:44:59,BEYOND,23,5,19,628295,1554
2026-10-05 11:44:59,MadMapper,501,494,9,1078754,3081
2026-10-05 11:44:59,system,87,74,12,,,0.9,0.8,6,5667,17.9
2026-10-05 11:45:00,flamesafe,0,0,0,5760,21
2026-10-05 11:45:00,engine,17,15,2,1357037,66
2026-10-05 11:45:00,deck,9,8,2,9919,36
2026-10-05 11:45:00,soak,5,3,2,31523,46
2026-10-05 11:45:00,BEYOND,23,6,17,628424,1554
2026-10-05 11:45:00,MadMapper,525,499,20,1078782,3081
2026-10-05 11:45:00,system,81,71,10,,,0.0,1.0,3,5652,15.8
2026-10-05 11:45:01,flamesafe,0,0,0,5760,21
2026-10-05 11:45:01,engine,17,12,5,1357248,66
2026-10-05 11:45:01,deck,12,11,2,9919,36
2026-10-05 11:45:01,soak,8,5,3,31527,46
2026-10-05 11:45:01,BEYOND,32,11,22,628552,1554
2026-10-05 11:45:01,MadMapper,451,444,9,1078786,3081
2026-10-05 11:45:01,system,78,68,10,,,1.3,0.2,4,5659,14.3
2026-10-05 11:45:02,flamesafe,5,5,0,5760,21
2026-10-05 11:45:02,engine,12,9,3,1357469,66
2026-10-05 11:45:02,deck,9,6,3,9919,36
2026-10-05 11:45:02,soak,3,2,2,31531,46
2026-10-05 11:45:02,BEYOND,32,12,20,628687,1554
2026-10-05 11:45:02,MadMapper,443,425,20,1078790,3080
2026-10-05 11:45:02,system,77,67,10,,,0.4,0.8,6,5660,11.5
2026-10-05 11:45:03,flamesafe,5,3,2,5760,21
2026-10-05 11:45:03,engine,5,5,0,1357684,66
2026-10-05 11:45:03,deck,12,8,5,9919,36
2026-10-05 11:45:03,soak,2,2,0,31548,46
2026-10-05 11:45:03,BEYOND,26,6,20,628817,1554
2026-10-05 11:45:03,MadMapper,440,420,22,1078890,3081
2026-10-05 11:45:03,system,73,63,10,,,0.8,0.4,6,5655,10.4
2026-10-05 11:45:04,flamesafe,0,0,0,5760,21
2026-10-05 11:45:04,engine,19,9,9,1370265,66
2026-10-05 11:45:04,deck,5,3,2,9919,36
2026-10-05 11:45:04,soak,14,11,3,31564,46
2026-10-05 11:45:04,BEYOND,19,5,14,628942,1554
2026-10-05 11:45:04,MadMapper,264,247,14,1078894,3081
2026-10-05 11:45:04,system,55,43,12,,,0.8,0.2,3,5661,7.8
2026-10-05 11:45:05,flamesafe,3,2,2,5760,21
2026-10-05 11:45:05,engine,8,6,2,1370471,66
2026-10-05 11:45:05,deck,12,9,3,9919,36
2026-10-05 11:45:05,soak,6,5,2,31568,46
2026-10-05 11:45:05,BEYOND,28,3,25,629072,1554
2026-10-05 11:45:05,MadMapper,235,213,23,1078923,3081
2026-10-05 11:45:05,system,47,34,12,,,1.1,0.6,6,5660,4.5
2026-10-05 11:45:06,flamesafe,5,5,0,5760,21
2026-10-05 11:45:06,engine,11,8,3,1370688,66
2026-10-05 11:45:06,deck,12,8,5,9919,36
2026-10-05 11:45:06,soak,8,5,3,31573,46
2026-10-05 11:45:06,BEYOND,17,2,15,629208,1554
2026-10-05 11:45:06,MadMapper,223,204,20,1078928,3081
2026-10-05 11:45:06,system,53,38,16,,,0.9,0.6,4,5660,4.6
2026-10-05 11:45:07,flamesafe,3,3,0,5760,21
2026-10-05 11:45:07,engine,6,2,5,1370918,67
2026-10-05 11:45:07,deck,14,11,3,9919,36
2026-10-05 11:45:07,soak,3,2,2,31578,46
2026-10-05 11:45:07,BEYOND,29,5,25,629335,1554
2026-10-05 11:45:07,MadMapper,252,233,20,1078934,3081
2026-10-05 11:45:07,system,49,38,11,,,1.9,0.6,11,5663,4.6
2026-10-05 11:45:08,flamesafe,3,2,2,5760,21
2026-10-05 11:45:08,engine,14,12,2,1371135,67
2026-10-05 11:45:08,deck,5,5,0,9919,36
2026-10-05 11:45:08,soak,2,0,2,31582,46
2026-10-05 11:45:08,BEYOND,20,8,12,629463,1554
2026-10-05 11:45:08,MadMapper,242,221,19,1078939,3081
2026-10-05 11:45:08,system,46,37,9,,,0.6,0.2,4,5661,5.8
2026-10-05 11:45:09,flamesafe,5,3,2,5760,21
2026-10-05 11:45:09,engine,15,9,6,1383718,67
2026-10-05 11:45:09,deck,9,9,0,9919,36
2026-10-05 11:45:09,soak,5,3,2,31610,46
2026-10-05 11:45:09,BEYOND,32,9,23,629592,1554
2026-10-05 11:45:09,MadMapper,231,216,15,1078944,3081
2026-10-05 11:45:09,system,57,42,15,,,0.8,1.0,3,5660,5.9
2026-10-05 11:45:10,flamesafe,5,5,0,5760,21
2026-10-05 11:45:10,engine,5,3,2,1384093,67
2026-10-05 11:45:10,deck,14,14,0,9919,36
2026-10-05 11:45:10,soak,3,3,0,31614,46
2026-10-05 11:45:10,BEYOND,22,6,15,629739,1554
2026-10-05 11:45:10,MadMapper,228,217,12,1079020,3081
2026-10-05 11:45:10,system,47,38,8,,,0.4,0.0,3,5655,6.5
2026-10-05 11:45:11,flamesafe,0,0,0,5760,21
2026-10-05 11:45:11,engine,16,8,8,1384303,67
2026-10-05 11:45:11,deck,11,9,2,9919,36
2026-10-05 11:45:11,soak,5,2,3,31618,46
2026-10-05 11:45:11,BEYOND,22,3,19,629866,1554
2026-10-05 11:45:11,MadMapper,261,248,11,1079025,3081
2026-10-05 11:45:11,system,48,40,9,,,1.1,0.0,4,5651,7.1
2026-10-05 11:45:12,flamesafe,0,0,0,5760,21
2026-10-05 11:45:12,engine,12,11,2,1384518,67
2026-10-05 11:45:12,deck,9,6,3,9919,36
2026-10-05 11:45:12,soak,8,3,5,31634,46
2026-10-05 11:45:12,BEYOND,26,2,25,629994,1554
2026-10-05 11:45:12,MadMapper,260,248,14,1079029,3081
2026-10-05 11:45:12,system,50,39,11,,,1.1,0.6,6,5654,7.2
2026-10-05 11:45:13,flamesafe,8,5,3,5760,21
2026-10-05 11:45:13,engine,9,6,3,1384747,67
2026-10-05 11:45:13,deck,2,2,0,9919,36
2026-10-05 11:45:13,soak,3,3,0,31650,46
2026-10-05 11:45:13,BEYOND,32,9,23,630121,1554
2026-10-05 11:45:13,MadMapper,256,244,12,1079034,3081
2026-10-05 11:45:13,system,55,44,11,,,1.5,0.0,9,5670,7.1
2026-10-05 11:45:14,flamesafe,6,6,0,5760,21
2026-10-05 11:45:14,engine,25,14,11,1397326,67
2026-10-05 11:45:14,deck,9,8,2,9919,36
2026-10-05 11:45:14,soak,8,5,3,31669,46
2026-10-05 11:45:14,BEYOND,17,0,17,630257,1554
2026-10-05 11:45:14,MadMapper,286,268,15,1079039,3081
2026-10-05 11:45:14,system,60,45,15,,,1.7,0.4,4,5679,7.8
2026-10-05 11:45:15,flamesafe,0,0,0,5760,21
2026-10-05 11:45:15,engine,17,14,3,1397537,67
2026-10-05 11:45:15,deck,14,9,5,9919,36
2026-10-05 11:45:15,soak,3,2,2,31673,46
2026-10-05 11:45:15,BEYOND,14,3,11,630384,1554
2026-10-05 11:45:15,MadMapper,261,256,6,1079067,3081
2026-10-05 11:45:15,system,51,42,10,,,1.5,0.9,6,5672,7.8
2026-10-05 11:45:16,flamesafe,0,0,0,5760,21
2026-10-05 11:45:16,engine,11,9,2,1397736,67
2026-10-05 11:45:16,deck,12,6,6,9919,36
2026-10-05 11:45:16,soak,3,2,2,31677,46
2026-10-05 11:45:16,BEYOND,28,8,20,630512,1554
2026-10-05 11:45:16,MadMapper,355,346,11,1079072,3081
2026-10-05 11:45:16,system,63,54,9,,,1.5,0.4,6,5687,7.8
2026-10-05 11:45:17,flamesafe,2,2,0,5760,21
2026-10-05 11:45:17,engine,9,8,2,1397954,67
2026-10-05 11:45:17,deck,12,9,3,9919,36
2026-10-05 11:45:17,soak,9,6,3,31681,46
2026-10-05 11:45:17,BEYOND,26,5,22,630639,1554
2026-10-05 11:45:17,MadMapper,366,349,19,1079076,3081
2026-10-05 11:45:17,system,64,55,9,,,0.8,0.2,3,5695,7.8
2026-10-05 11:45:18,flamesafe,3,2,2,5760,21
2026-10-05 11:45:18,engine,11,8,3,1398173,67
2026-10-05 11:45:18,deck,17,12,5,9919,36
2026-10-05 11:45:18,soak,6,5,2,31697,46
2026-10-05 11:45:18,BEYOND,38,6,31,630775,1554
2026-10-05 11:45:18,MadMapper,405,390,11,1079081,3081
2026-10-05 11:45:18,system,72,61,11,,,1.1,0.2,4,5672,13.0
2026-10-05 11:45:19,flamesafe,2,2,0,5760,21
2026-10-05 11:45:19,engine,15,6,9,1410754,68
2026-10-05 11:45:19,deck,8,6,2,9919,36
2026-10-05 11:45:19,soak,8,3,5,31718,46
2026-10-05 11:45:19,BEYOND,32,6,26,630903,1554
2026-10-05 11:45:19,MadMapper,377,369,9,1079085,3081
2026-10-05 11:45:19,system,70,57,13,,,0.8,0.8,6,5680,13.3
2026-10-05 11:45:20,flamesafe,2,2,0,5760,21
2026-10-05 11:45:20,engine,12,8,5,1411101,68
2026-10-05 11:45:20,deck,9,6,3,9919,36
2026-10-05 11:45:20,soak,3,2,2,31725,46
2026-10-05 11:45:20,BEYOND,17,5,12,631030,1554
2026-10-05 11:45:20,MadMapper,382,368,15,1079113,3081
2026-10-05 11:45:20,system,63,55,9,,,1.3,0.2,6,5680,10.3
2026-10-05 11:45:21,flamesafe,3,3,0,5760,21
2026-10-05 11:45:21,engine,9,6,3,1411315,68
2026-10-05 11:45:21,deck,11,11,0,9919,36
2026-10-05 11:45:21,soak,5,3,2,31729,46
2026-10-05 11:45:21,BEYOND,28,11,17,631160,1554
2026-10-05 11:45:21,MadMapper,378,363,11,1079117,3081
2026-10-05 11:45:21,system,68,58,11,,,1.0,0.4,3,5687,13.5
2026-10-05 11:45:22,flamesafe,6,6,0,5760,21
2026-10-05 11:45:22,engine,11,6,5,1411537,68
2026-10-05 11:45:22,deck,9,9,0,9919,36
2026-10-05 11:45:22,soak,5,3,2,31735,46
2026-10-05 11:45:22,BEYOND,15,5,11,631293,1554
2026-10-05 11:45:22,MadMapper,364,349,17,1079122,3081
2026-10-05 11:45:22,system,64,53,11,,,2.1,1.3,7,5686,11.9
2026-10-05 11:45:23,flamesafe,3,3,0,5760,21
2026-10-05 11:45:23,engine,20,14,6,1411752,68
2026-10-05 11:45:23,deck,8,8,0,9919,36
2026-10-05 11:45:23,soak,6,5,2,31750,46
2026-10-05 11:45:23,BEYOND,23,3,20,631423,1554
2026-10-05 11:45:23,MadMapper,386,378,9,1079127,3081
2026-10-05 11:45:23,system,69,60,9,,,0.8,0.0,2,5685,13.6
2026-10-05 11:45:24,flamesafe,3,2,2,5760,21
2026-10-05 11:45:24,engine,17,11,6,1424346,68
2026-10-05 11:45:24,deck,8,6,2,9919,36
2026-10-05 11:45:24,soak,6,3,3,31768,46
2026-10-05 11:45:24,BEYOND,28,8,20,631550,1554
2026-10-05 11:45:24,MadMapper,366,350,19,1079131,3081
2026-10-05 11:45:24,system,70,56,13,,,1.0,0.2,3,5681,13.5
2026-10-05 11:45:25,flamesafe,3,3,0,5760,21
2026-10-05 11:45:25,engine,5,0,5,1424558,68
2026-10-05 11:45:25,deck,14,12,2,9919,36
2026-10-05 11:45:25,soak,11,5,6,31772,46
2026-10-05 11:45:25,BEYOND,25,14,11,631674,1554
2026-10-05 11:45:25,MadMapper,372,348,20,1079819,3083
2026-10-05 11:45:25,system,64,55,8,,,0.6,0.8,3,5679,10.5
2026-10-05 11:45:26,flamesafe,5,2,3,5760,21
2026-10-05 11:45:26,engine,17,17,0,1424761,68
2026-10-05 11:45:26,deck,9,6,3,9919,36
2026-10-05 11:45:26,soak,2,0,2,31776,46
2026-10-05 11:45:26,BEYOND,23,5,19,631809,1554
2026-10-05 11:45:26,MadMapper,409,402,9,1079823,3083
2026-10-05 11:45:26,system,70,60,10,,,0.8,1.0,4,5678,15.6
2026-10-05 11:45:27,flamesafe,5,3,2,5760,21
2026-10-05 11:45:27,engine,5,3,2,1424971,68
2026-10-05 11:45:27,deck,6,3,3,9919,36
2026-10-05 11:45:27,soak,3,3,0,31780,46
2026-10-05 11:45:27,BEYOND,32,5,28,631946,1554
2026-10-05 11:45:27,MadMapper,403,392,12,1079827,3083
2026-10-05 11:45:27,system,67,58,10,,,1.1,0.0,4,5673,13.1
2026-10-05 11:45:28,flamesafe,3,3,0,5760,21
2026-10-05 11:45:28,engine,9,9,0,1425200,68
2026-10-05 11:45:28,deck,9,6,3,9919,36
2026-10-05 11:45:28,soak,6,6,0,31795,46
2026-10-05 11:45:28,BEYOND,36,8,28,632073,1554
2026-10-05 11:45:28,MadMapper,405,391,9,1079831,3083
2026-10-05 11:45:28,system,73,62,11,,,1.1,0.6,7,5681,14.9
2026-10-05 11:45:29,flamesafe,6,5,2,5760,21
2026-10-05 11:45:29,engine,14,8,6,1437813,68
2026-10-05 11:45:29,deck,5,5,0,9919,36
2026-10-05 11:45:29,soak,8,5,3,31812,46
2026-10-05 11:45:29,BEYOND,31,11,20,632203,1554
2026-10-05 11:45:29,MadMapper,368,347,22,1079837,3083
2026-10-05 11:45:29,system,68,54,14,,,1.3,0.8,4,5676,10.3
2026-10-05 11:45:30,flamesafe,6,6,0,5760,21
2026-10-05 11:45:30,engine,22,11,11,1450468,69
2026-10-05 11:45:30,deck,12,11,2,9919,36
2026-10-05 11:45:30,soak,5,2,3,31816,46
2026-10-05 11:45:30,BEYOND,23,5,19,632339,1554
2026-10-05 11:45:30,MadMapper,389,380,11,1079865,3083
2026-10-05 11:45:30,system,70,61,9,,,1.0,0.2,6,5680,13.9
2026-10-05 11:45:31,flamesafe,3,3,0,5760,21
2026-10-05 11:45:31,engine,5,5,0,1450660,69
2026-10-05 11:45:31,deck,8,2,6,9919,36
2026-10-05 11:45:31,soak,6,2,5,31820,46
2026-10-05 11:45:31,BEYOND,19,3,16,632466,1554
2026-10-05 11:45:31,MadMapper,59,54,5,1079869,3083
2026-10-05 11:45:31,system,18,12,5,,,0.2,0.0,2,5680,2.6
2026-10-05 11:45:32,flamesafe,0,0,0,5760,21
2026-10-05 11:45:32,engine,3,2,2,1450874,69
2026-10-05 11:45:32,deck,5,5,0,9919,36
2026-10-05 11:45:32,soak,2,2,0,31824,46
2026-10-05 11:45:32,BEYOND,11,3,8,632594,1554
2026-10-05 11:45:32,MadMapper,5,5,0,1079877,3083
2026-10-05 11:45:32,system,8,5,3,,,0.4,0.2,3,5680,0.1
2026-10-05 11:45:33,flamesafe,2,2,0,5760,21
2026-10-05 11:45:33,engine,3,3,0,1463473,69
2026-10-05 11:45:33,deck,6,6,0,9919,36
2026-10-05 11:45:33,soak,3,2,2,31853,46
2026-10-05 11:45:33,BEYOND,9,2,8,632721,1554
2026-10-05 11:45:33,MadMapper,12,3,9,1079881,3083
2026-10-05 11:45:33,system,10,6,4,,,0.2,0.0,2,5674,0.0
2026-10-05 11:45:34,flamesafe,0,0,0,5760,21
2026-10-05 11:45:34,engine,5,3,2,1463692,69
2026-10-05 11:45:34,deck,5,5,0,9919,36
2026-10-05 11:45:34,soak,6,5,2,31857,46
2026-10-05 11:45:34,BEYOND,14,2,12,632851,1554
2026-10-05 11:45:34,MadMapper,3,0,3,1079885,3083
2026-10-05 11:45:34,system,8,5,2,,,0.0,0.0,0,5674,0.0
2026-10-05 11:45:35,flamesafe,2,2,0,5760,21
2026-10-05 11:45:35,engine,8,5,3,1476312,69
2026-10-05 11:45:35,deck,5,5,0,9919,36
2026-10-05 11:45:35,soak,2,2,0,31862,46
2026-10-05 11:45:35,BEYOND,20,6,14,632988,1554
2026-10-05 11:45:35,MadMapper,54,45,9,1079913,3083
2026-10-05 11:45:35,system,18,13,6,,,0.6,0.0,3,5669,10.7
2026-10-05 11:45:36,flamesafe,5,5,0,5764,21
2026-10-05 11:45:36,engine,14,9,5,1476527,69
2026-10-05 11:45:36,deck,5,5,0,9920,36
2026-10-05 11:45:36,soak,3,3,0,31866,46
2026-10-05 11:45:36,BEYOND,23,12,11,633116,1554
2026-10-05 11:45:36,MadMapper,255,245,12,1080014,3083
2026-10-05 11:45:36,system,46,39,7,,,1.1,0.4,4,5675,7.7
2026-10-05 11:45:37,flamesafe,6,6,0,5764,21
2026-10-05 11:45:37,engine,12,8,5,1476743,69
2026-10-05 11:45:37,deck,5,5,0,9920,36
2026-10-05 11:45:37,soak,2,2,0,31870,46
2026-10-05 11:45:37,BEYOND,38,5,32,633243,1554
2026-10-05 11:45:37,MadMapper,445,417,23,1080018,3083
2026-10-05 11:45:37,system,77,62,15,,,1.1,0.4,4,5666,15.5
2026-10-05 11:45:38,flamesafe,5,2,3,5764,21
2026-10-05 11:45:38,engine,11,8,3,1476962,69
2026-10-05 11:45:38,deck,17,14,3,9924,36
2026-10-05 11:45:38,soak,14,6,8,31886,46
2026-10-05 11:45:38,BEYOND,28,9,19,633371,1554
2026-10-05 11:45:38,MadMapper,345,336,11,1080022,3083
2026-10-05 11:45:38,system,66,53,13,,,1.3,0.8,7,5664,14.6
2026-10-05 11:45:39,flamesafe,3,2,2,5764,21
2026-10-05 11:45:39,engine,12,6,6,1489579,69
2026-10-05 11:45:39,deck,15,12,3,9924,36
2026-10-05 11:45:39,soak,8,3,5,31902,46
2026-10-05 11:45:39,BEYOND,32,8,25,633498,1554
2026-10-05 11:45:39,MadMapper,468,450,20,1080026,3083
2026-10-05 11:45:39,system,80,66,14,,,0.8,1.0,3,5679,13.1
2026-10-05 11:45:40,flamesafe,2,2,0,5764,21
2026-10-05 11:45:40,engine,17,9,8,1489787,69
2026-10-05 11:45:40,deck,14,11,3,9924,36
2026-10-05 11:45:40,soak,3,2,2,31906,46
2026-10-05 11:45:40,BEYOND,25,8,17,633634,1554
2026-10-05 11:45:40,MadMapper,348,328,17,1080102,3083
2026-10-05 11:45:40,system,63,51,12,,,1.1,0.8,9,5684,9.3
2026-10-05 11:45:41,flamesafe,6,5,2,5764,21
2026-10-05 11:45:41,engine,14,9,5,1490005,69
2026-10-05 11:45:41,deck,9,8,2,9924,36
2026-10-05 11:45:41,soak,3,3,0,31910,46
2026-10-05 11:45:41,BEYOND,22,6,15,633761,1554
2026-10-05 11:45:41,MadMapper,375,352,25,1080106,3083
2026-10-05 11:45:41,system,67,56,11,,,0.4,1.0,6,5681,17.1
2026-10-05 11:45:42,flamesafe,0,0,0,5764,21
2026-10-05 11:45:42,engine,18,9,9,1490247,69
2026-10-05 11:45:42,deck,8,6,2,9924,36
2026-10-05 11:45:42,soak,2,0,2,31914,46
2026-10-05 11:45:42,BEYOND,34,15,19,633889,1554
2026-10-05 11:45:42,MadMapper,357,349,9,1080320,3084
2026-10-05 11:45:42,system,63,54,9,,,1.0,0.4,4,5689,11.1
2026-10-05 11:45:43,flamesafe,5,3,2,5764,21
2026-10-05 11:45:43,engine,9,5,5,1490474,69
2026-10-05 11:45:43,deck,14,12,2,9924,36
2026-10-05 11:45:43,soak,11,6,5,31930,46
2026-10-05 11:45:43,BEYOND,27,6,20,634017,1554
2026-10-05 11:45:43,MadMapper,414,396,12,1080332,3084
2026-10-05 11:45:43,system,73,62,11,,,0.8,0.0,3,5677,17.1
2026-10-05 11:45:44,flamesafe,6,5,2,5764,21
2026-10-05 11:45:44,engine,23,20,3,1503219,70
2026-10-05 11:45:44,deck,11,8,3,9924,36
2026-10-05 11:45:44,soak,9,6,3,31948,46
2026-10-05 11:45:44,BEYOND,18,6,12,634138,1554
2026-10-05 11:45:44,MadMapper,454,449,6,1080336,3084
2026-10-05 11:45:44,system,96,84,12,,,0.9,0.2,3,5552,9.2
2026-10-05 11:45:45,flamesafe,3,3,0,5764,21
2026-10-05 11:45:45,engine,8,6,2,1503430,70
2026-10-05 11:45:45,deck,11,8,3,9924,36
2026-10-05 11:45:45,soak,8,5,3,31952,46
2026-10-05 11:45:45,BEYOND,35,11,25,634274,1554
2026-10-05 11:45:45,MadMapper,530,520,11,1080364,3084
2026-10-05 11:45:45,system,91,83,8,,,0.8,0.4,4,5548,19.1
2026-10-05 11:45:46,flamesafe,2,2,0,5764,21
2026-10-05 11:45:46,engine,6,6,0,1503643,70
2026-10-05 11:45:46,deck,14,6,8,9924,36
2026-10-05 11:45:46,soak,0,0,0,31956,46
2026-10-05 11:45:46,BEYOND,20,3,17,634403,1554
2026-10-05 11:45:46,MadMapper,526,518,11,1080371,3084
2026-10-05 11:45:46,system,83,75,8,,,0.6,0.2,3,5550,17.7
2026-10-05 11:45:47,flamesafe,2,0,2,5764,21
2026-10-05 11:45:47,engine,12,9,3,1503866,70
2026-10-05 11:45:47,deck,20,19,2,9924,36
2026-10-05 11:45:47,soak,5,3,2,31960,46
2026-10-05 11:45:47,BEYOND,35,17,19,634531,1554
2026-10-05 11:45:47,MadMapper,348,323,26,1080375,3084
2026-10-05 11:45:47,system,62,51,11,,,0.8,0.9,7,5549,16.5
2026-10-05 11:45:48,flamesafe,3,3,0,5764,21
2026-10-05 11:45:48,engine,9,8,2,1504064,70
2026-10-05 11:45:48,deck,8,8,0,9924,36
2026-10-05 11:45:48,soak,11,8,3,32005,47
2026-10-05 11:45:48,BEYOND,29,5,25,634658,1554
2026-10-05 11:45:48,MadMapper,437,428,9,1080379,3084
2026-10-05 11:45:48,system,86,74,12,,,0.4,1.0,7,5504,9.1
2026-10-05 11:45:49,flamesafe,6,6,0,5764,21
2026-10-05 11:45:49,engine,18,12,6,1516666,70
2026-10-05 11:45:49,deck,15,12,3,9924,36
2026-10-05 11:45:49,soak,14,11,3,32035,47
2026-10-05 11:45:49,BEYOND,34,8,26,634782,1554
2026-10-05 11:45:49,MadMapper,417,404,12,1080383,3084
2026-10-05 11:45:49,system,95,79,16,,,1.1,0.8,6,5401,16.5
2026-10-05 11:45:50,flamesafe,3,3,0,5764,21
2026-10-05 11:45:50,engine,20,12,8,1516884,70
2026-10-05 11:45:50,deck,8,6,2,9924,36
2026-10-05 11:45:50,soak,9,8,2,32039,47
2026-10-05 11:45:50,BEYOND,43,14,29,634907,1554
2026-10-05 11:45:50,MadMapper,394,377,17,1080411,3084
2026-10-05 11:45:50,system,82,70,13,,,1.3,0.4,4,5353,10.3
2026-10-05 11:45:51,flamesafe,3,3,0,5764,21
2026-10-05 11:45:51,engine,8,5,3,1517098,70
2026-10-05 11:45:51,deck,12,8,5,9924,36
2026-10-05 11:45:51,soak,2,2,0,32043,47
2026-10-05 11:45:51,BEYOND,31,6,25,635035,1554
2026-10-05 11:45:51,MadMapper,509,494,9,1080415,3084
2026-10-05 11:45:51,system,88,76,12,,,0.8,0.8,7,5351,14.2
2026-10-05 11:45:52,flamesafe,5,5,0,5764,21
2026-10-05 11:45:52,engine,14,5,9,1517311,70
2026-10-05 11:45:52,deck,8,8,0,9924,36
2026-10-05 11:45:52,soak,5,5,0,32047,47
2026-10-05 11:45:52,BEYOND,29,5,25,635170,1554
2026-10-05 11:45:52,MadMapper,471,466,6,1080419,3084
2026-10-05 11:45:52,system,85,73,12,,,1.1,0.6,4,5340,16.3
2026-10-05 11:45:53,flamesafe,2,2,0,5764,21
2026-10-05 11:45:53,engine,18,12,6,1517528,70
2026-10-05 11:45:53,deck,11,8,3,9924,36
2026-10-05 11:45:53,soak,5,3,2,32065,47
2026-10-05 11:45:53,BEYOND,34,8,26,635298,1554
2026-10-05 11:45:53,MadMapper,472,462,12,1080423,3084
2026-10-05 11:45:53,system,94,79,15,,,2.1,0.2,6,5350,16.2
2026-10-05 11:45:54,flamesafe,9,9,0,5764,21
2026-10-05 11:45:54,engine,12,6,6,1517940,71
2026-10-05 11:45:54,deck,12,11,2,9924,36
2026-10-05 11:45:54,soak,5,3,2,32095,47
2026-10-05 11:45:54,BEYOND,34,5,29,635401,1554
2026-10-05 11:45:54,MadMapper,370,364,6,1080523,3084
2026-10-05 11:45:54,system,96,82,14,,,0.4,0.2,3,5464,17.6
2026-10-05 11:45:55,flamesafe,3,3,0,5764,21
2026-10-05 11:45:55,engine,18,11,8,1530522,71
2026-10-05 11:45:55,deck,14,8,6,9924,36
2026-10-05 11:45:55,soak,11,8,3,32108,47
2026-10-05 11:45:55,BEYOND,28,8,20,635514,1554
2026-10-05 11:45:55,MadMapper,418,411,9,1080551,3084
2026-10-05 11:45:55,system,98,82,15,,,0.4,0.0,2,5514,14.6
2026-10-05 11:45:56,flamesafe,0,0,0,5764,21
2026-10-05 11:45:56,engine,11,8,3,1530726,71
2026-10-05 11:45:56,deck,9,8,2,9924,36
2026-10-05 11:45:56,soak,5,5,0,32113,47
2026-10-05 11:45:56,BEYOND,27,5,22,635646,1554
2026-10-05 11:45:56,MadMapper,467,449,12,1080555,3084
2026-10-05 11:45:56,system,94,76,18,,,0.8,0.0,3,5551,15.5
2026-10-05 11:45:57,flamesafe,0,0,0,5764,21
2026-10-05 11:45:57,engine,11,8,3,1531025,69
2026-10-05 11:45:57,deck,6,3,3,9924,36
2026-10-05 11:45:57,soak,8,5,3,32117,47
2026-10-05 11:45:57,BEYOND,29,5,25,635774,1554
2026-10-05 11:45:57,MadMapper,537,528,11,1080559,3084
2026-10-05 11:45:57,system,85,76,9,,,0.6,0.4,6,5530,17.8
2026-10-05 11:45:58,flamesafe,5,3,2,5764,21
2026-10-05 11:45:58,engine,18,17,2,1531290,69
2026-10-05 11:45:58,deck,8,6,2,9924,36
2026-10-05 11:45:58,soak,6,2,5,32156,47
2026-10-05 11:45:58,BEYOND,46,12,34,635901,1554
2026-10-05 11:45:58,MadMapper,443,442,3,1080563,3084
2026-10-05 11:45:58,system,91,74,17,,,0.6,0.2,2,5557,15.3
2026-10-05 11:45:59,flamesafe,3,3,0,5764,21
2026-10-05 11:45:59,engine,15,9,6,1543911,69
2026-10-05 11:45:59,deck,3,3,0,9924,36
2026-10-05 11:45:59,soak,11,6,5,32162,47
2026-10-05 11:45:59,BEYOND,31,11,20,636035,1554
2026-10-05 11:45:59,MadMapper,488,472,17,1080591,3084
2026-10-05 11:45:59,system,85,73,12,,,0.8,0.6,4,5558,16.9
2026-10-05 11:46:00,flamesafe,3,3,0,5764,21
2026-10-05 11:46:00,engine,15,9,6,1544129,69
2026-10-05 11:46:00,deck,11,11,0,9924,36
2026-10-05 11:46:00,soak,3,3,0,32166,47
2026-10-05 11:46:00,BEYOND,17,3,14,636164,1554
2026-10-05 11:46:00,MadMapper,489,486,5,1080595,3084
2026-10-05 11:46:00,system,80,73,8,,,0.8,0.2,4,5553,16.6
2026-10-05 11:46:01,flamesafe,3,3,0,5764,21
2026-10-05 11:46:01,engine,11,8,3,1544414,70
2026-10-05 11:46:01,deck,16,12,3,9924,36
2026-10-05 11:46:01,soak,2,0,2,32170,47
2026-10-05 11:46:01,BEYOND,30,2,28,636292,1554
2026-10-05 11:46:01,MadMapper,475,446,23,1080599,3084
2026-10-05 11:46:01,system,80,68,13,,,1.0,0.6,3,5558,15.0
2026-10-05 11:46:02,flamesafe,0,0,0,5764,21
2026-10-05 11:46:02,engine,14,9,5,1544697,70
2026-10-05 11:46:02,deck,11,11,0,9924,36
2026-10-05 11:46:02,soak,5,5,0,32174,47
2026-10-05 11:46:02,BEYOND,26,6,20,636419,1554
2026-10-05 11:46:02,MadMapper,443,440,5,1080603,3084
2026-10-05 11:46:02,system,79,70,9,,,1.3,0.4,4,5592,16.0
2026-10-05 11:46:03,flamesafe,6,6,0,5764,21
2026-10-05 11:46:03,engine,3,2,2,1544911,70
2026-10-05 11:46:03,deck,12,9,3,9924,36
2026-10-05 11:46:03,soak,6,6,0,32270,47
2026-10-05 11:46:03,BEYOND,31,8,23,636549,1554
2026-10-05 11:46:03,MadMapper,471,464,9,1080607,3084
2026-10-05 11:46:03,system,83,71,12,,,0.6,0.6,4,5585,15.3
2026-10-05 11:46:04,flamesafe,5,5,0,5764,21
2026-10-05 11:46:04,engine,14,9,5,1557715,71
2026-10-05 11:46:04,deck,3,3,0,9924,36
2026-10-05 11:46:04,soak,8,5,3,32286,47
2026-10-05 11:46:04,BEYOND,42,14,28,636684,1554
2026-10-05 11:46:04,MadMapper,494,474,22,1080635,3084
2026-10-05 11:46:04,system,87,73,14,,,0.6,0.4,3,5573,16.2
2026-10-05 11:46:05,flamesafe,8,3,5,5764,21
2026-10-05 11:46:05,engine,17,11,6,1557932,71
2026-10-05 11:46:05,deck,11,9,2,9924,36
2026-10-05 11:46:05,soak,3,3,0,32290,47
2026-10-05 11:46:05,BEYOND,31,8,23,636808,1554
2026-10-05 11:46:05,MadMapper,474,466,8,1080639,3084
2026-10-05 11:46:05,system,92,82,10,,,0.6,0.2,4,5504,15.2
2026-10-05 11:46:06,flamesafe,3,3,0,5764,21
2026-10-05 11:46:06,engine,19,14,5,1558159,71
2026-10-05 11:46:06,deck,12,11,2,9924,36
2026-10-05 11:46:06,soak,9,9,0,32294,47
2026-10-05 11:46:06,BEYOND,27,12,14,636932,1554
2026-10-05 11:46:06,MadMapper,517,501,9,1080739,3084
2026-10-05 11:46:06,system,91,84,8,,,0.2,0.4,2,5499,15.8
2026-10-05 11:46:07,flamesafe,5,3,2,5764,21
2026-10-05 11:46:07,engine,8,3,5,1558366,71
2026-10-05 11:46:07,deck,12,8,5,9924,36
2026-10-05 11:46:07,soak,2,2,0,32298,47
2026-10-05 11:46:07,BEYOND,32,9,23,637069,1554
2026-10-05 11:46:07,MadMapper,501,494,9,1080743,3084
2026-10-05 11:46:07,system,84,73,10,,,1.7,0.6,4,5504,15.8
2026-10-05 11:46:08,flamesafe,0,0,0,5764,21
2026-10-05 11:46:08,engine,8,8,0,1558583,71
2026-10-05 11:46:08,deck,5,5,0,9924,36
2026-10-05 11:46:08,soak,5,5,0,32328,47
2026-10-05 11:46:08,BEYOND,31,2,29,637199,1554
2026-10-05 11:46:08,MadMapper,456,453,5,1080747,3084
2026-10-05 11:46:08,system,87,70,16,,,1.1,0.4,6,5500,16.2
2026-10-05 11:46:09,flamesafe,2,2,0,5764,21
2026-10-05 11:46:09,engine,12,6,6,1571161,71
2026-10-05 11:46:09,deck,9,8,2,9924,36
2026-10-05 11:46:09,soak,8,6,2,32335,47
2026-10-05 11:46:09,BEYOND,28,5,23,637326,1554
2026-10-05 11:46:09,MadMapper,492,483,12,1080775,3084
2026-10-05 11:46:09,system,84,71,12,,,0.2,1.0,4,5494,16.1
2026-10-05 11:46:10,flamesafe,6,6,0,5764,21
2026-10-05 11:46:10,engine,8,8,0,1571402,71
2026-10-05 11:46:10,deck,8,6,2,9924,36
2026-10-05 11:46:10,soak,5,3,2,32341,47
2026-10-05 11:46:10,BEYOND,14,2,12,637454,1554
2026-10-05 11:46:10,MadMapper,469,455,8,1080827,3084
2026-10-05 11:46:10,system,78,71,8,,,1.3,0.8,8,5499,15.9
2026-10-05 11:46:11,flamesafe,2,0,2,5764,21
2026-10-05 11:46:11,engine,14,6,8,1571632,71
2026-10-05 11:46:11,deck,18,15,3,9924,36
2026-10-05 11:46:11,soak,5,5,0,32345,47
2026-10-05 11:46:11,BEYOND,18,3,15,637589,1554
2026-10-05 11:46:11,MadMapper,497,483,15,1080831,3084
2026-10-05 11:46:11,system,83,73,9,,,0.2,0.6,3,5502,16.8
2026-10-05 11:46:12,flamesafe,2,2,0,5764,21
2026-10-05 11:46:12,engine,15,11,5,1571856,71
2026-10-05 11:46:12,deck,9,9,0,9924,36
2026-10-05 11:46:12,soak,3,2,2,32350,47
2026-10-05 11:46:12,BEYOND,32,8,25,637719,1554
2026-10-05 11:46:12,MadMapper,476,471,6,1080835,3084
2026-10-05 11:46:12,system,79,70,8,,,1.1,0.8,6,5498,16.2
2026-10-05 11:46:14,flamesafe,3,3,0,5764,21
2026-10-05 11:46:14,engine,9,3,6,1572118,72
2026-10-05 11:46:14,deck,6,6,0,9924,36
2026-10-05 11:46:14,soak,9,3,6,32366,47
2026-10-05 11:46:14,BEYOND,18,2,17,637846,1554
2026-10-05 11:46:14,MadMapper,498,493,6,1080839,3084
2026-10-05 11:46:14,system,84,71,13,,,2.4,0.9,7,5495,15.9
2026-10-05 11:46:15,flamesafe,3,3,0,5764,21
2026-10-05 11:46:15,engine,14,6,8,1584872,72
2026-10-05 11:46:15,deck,9,6,3,9924,36
2026-10-05 11:46:15,soak,8,3,5,32386,47
2026-10-05 11:46:15,BEYOND,28,6,22,637974,1554
2026-10-05 11:46:15,MadMapper,485,479,6,1080867,3084
2026-10-05 11:46:15,system,85,74,10,,,0.6,1.0,6,5504,15.8
2026-10-05 11:46:16,flamesafe,3,3,0,5764,21
2026-10-05 11:46:16,engine,20,17,3,1585088,72
2026-10-05 11:46:16,deck,16,11,5,9924,36
2026-10-05 11:46:16,soak,5,5,0,32390,47
2026-10-05 11:46:16,BEYOND,30,5,25,638109,1554
2026-10-05 11:46:16,MadMapper,461,446,9,1080871,3084
2026-10-05 11:46:16,system,79,70,9,,,0.4,0.6,3,5495,15.9
2026-10-05 11:46:17,flamesafe,3,2,2,5764,21
2026-10-05 11:46:17,engine,8,6,2,1585304,72
2026-10-05 11:46:17,deck,12,11,2,9924,36
2026-10-05 11:46:17,soak,5,5,0,32394,47
2026-10-05 11:46:17,BEYOND,38,12,26,638235,1554
2026-10-05 11:46:17,MadMapper,464,458,8,1080973,3084
2026-10-05 11:46:17,system,83,74,9,,,1.0,0.6,4,5504,15.9
2026-10-05 11:46:18,flamesafe,3,2,2,5764,21
2026-10-05 11:46:18,engine,6,5,2,1585513,72
2026-10-05 11:46:18,deck,11,9,2,9924,36
2026-10-05 11:46:18,soak,5,5,0,32398,47
2026-10-05 11:46:18,BEYOND,38,11,28,638362,1554
2026-10-05 11:46:18,MadMapper,477,469,9,1080977,3084
2026-10-05 11:46:18,system,80,71,10,,,0.8,0.6,4,5580,15.4
2026-10-05 11:46:19,flamesafe,8,5,3,5764,21
2026-10-05 11:46:19,engine,5,3,2,1585730,72
2026-10-05 11:46:19,deck,8,2,6,9924,36
2026-10-05 11:46:19,soak,6,5,2,32425,47
2026-10-05 11:46:19,BEYOND,32,8,25,638490,1554
2026-10-05 11:46:19,MadMapper,477,474,5,1080981,3084
2026-10-05 11:46:19,system,85,72,14,,,1.1,0.4,4,5579,16.2
2026-10-05 11:46:20,flamesafe,2,0,2,5764,21
2026-10-05 11:46:20,engine,19,14,5,1598328,72
2026-10-05 11:46:20,deck,6,5,2,9924,36
2026-10-05 11:46:20,soak,6,5,2,32431,47
2026-10-05 11:46:20,BEYOND,36,12,23,638626,1554
2026-10-05 11:46:20,MadMapper,483,472,6,1081009,3084
2026-10-05 11:46:20,system,88,79,9,,,0.4,1.1,7,5567,14.1
2026-10-05 11:46:21,flamesafe,8,8,0,5764,21
2026-10-05 11:46:21,engine,8,5,3,1598539,72
2026-10-05 11:46:21,deck,8,6,2,9924,36
2026-10-05 11:46:21,soak,5,2,3,32435,47
2026-10-05 11:46:21,BEYOND,17,3,14,638755,1554
2026-10-05 11:46:21,MadMapper,494,482,12,1081013,3084
2026-10-05 11:46:21,system,84,76,8,,,0.6,0.0,3,5576,16.7
2026-10-05 11:46:22,flamesafe,5,3,2,5764,21
2026-10-05 11:46:22,engine,15,11,5,1598739,72
2026-10-05 11:46:22,deck,8,6,2,9924,36
2026-10-05 11:46:22,soak,8,5,3,32439,47
2026-10-05 11:46:22,BEYOND,31,6,25,638885,1554
2026-10-05 11:46:22,MadMapper,492,492,2,1081017,3084
2026-10-05 11:46:22,system,83,75,8,,,0.4,0.2,2,5583,16.8
2026-10-05 11:46:23,flamesafe,2,2,0,5764,21
2026-10-05 11:46:23,engine,17,14,3,1598961,73
2026-10-05 11:46:23,deck,11,8,3,9924,36
2026-10-05 11:46:23,soak,6,2,5,32443,47
2026-10-05 11:46:23,BEYOND,48,6,42,639012,1554
2026-10-05 11:46:23,MadMapper,460,457,3,1081021,3084
2026-10-05 11:46:23,system,81,70,11,,,0.8,0.8,7,5582,16.4
2026-10-05 11:46:24,flamesafe,3,0,3,5764,21
2026-10-05 11:46:24,engine,15,12,3,1599172,73
2026-10-05 11:46:24,deck,9,8,2,9924,36
2026-10-05 11:46:24,soak,5,0,5,32459,47
2026-10-05 11:46:24,BEYOND,31,8,23,639144,1554
2026-10-05 11:46:24,MadMapper,438,427,12,1081025,3084
2026-10-05 11:46:24,system,93,78,15,,,0.4,0.4,4,5466,15.1
2026-10-05 11:46:25,flamesafe,3,3,0,5764,21
2026-10-05 11:46:25,engine,18,12,6,1611906,73
2026-10-05 11:46:25,deck,6,5,2,9924,36
2026-10-05 11:46:25,soak,8,3,5,32475,47
2026-10-05 11:46:25,BEYOND,43,12,31,639263,1554
2026-10-05 11:46:25,MadMapper,470,462,8,1081053,3084
2026-10-05 11:46:25,system,96,83,13,,,0.9,0.2,4,5472,14.9
2026-10-05 11:46:26,flamesafe,5,5,0,5764,21
2026-10-05 11:46:26,engine,8,6,2,1612113,73
2026-10-05 11:46:26,deck,20,12,8,9924,36
2026-10-05 11:46:26,soak,3,3,0,32479,47
2026-10-05 11:46:26,BEYOND,33,5,28,639399,1554
2026-10-05 11:46:26,MadMapper,495,479,11,1081057,3084
2026-10-05 11:46:26,system,84,74,10,,,0.2,0.4,2,5479,17.5
2026-10-05 11:46:27,flamesafe,3,3,0,5764,21
2026-10-05 11:46:27,engine,9,5,5,1612331,73
2026-10-05 11:46:27,deck,14,14,0,9924,36
2026-10-05 11:46:27,soak,5,3,2,32483,47
2026-10-05 11:46:27,BEYOND,18,6,12,639526,1554
2026-10-05 11:46:27,MadMapper,481,481,3,1081061,3084
2026-10-05 11:46:27,system,78,71,7,,,0.6,0.6,6,5479,16.2
2026-10-05 11:46:28,flamesafe,2,0,2,5764,21
2026-10-05 11:46:28,engine,8,6,2,1612545,73
2026-10-05 11:46:28,deck,14,9,5,9924,36
2026-10-05 11:46:28,soak,3,2,2,32500,47
2026-10-05 11:46:28,BEYOND,28,5,23,639652,1554
2026-10-05 11:46:28,MadMapper,491,485,9,1081161,3084
2026-10-05 11:46:28,system,82,74,8,,,0.4,0.2,3,5486,16.9
2026-10-05 11:46:29,flamesafe,5,5,0,5764,21
2026-10-05 11:46:29,engine,18,18,0,1612783,73
2026-10-05 11:46:29,deck,12,6,6,9924,36
2026-10-05 11:46:29,soak,3,2,2,32516,47
2026-10-05 11:46:29,BEYOND,32,5,28,639787,1554
2026-10-05 11:46:29,MadMapper,450,442,8,1081166,3084
2026-10-05 11:46:29,system,90,76,14,,,1.7,0.0,6,5490,14.9
2026-10-05 11:46:30,flamesafe,0,0,0,5764,21
2026-10-05 11:46:30,engine,20,15,5,1625359,73
2026-10-05 11:46:30,deck,6,5,2,9924,36
2026-10-05 11:46:30,soak,5,3,2,32521,47
2026-10-05 11:46:30,BEYOND,12,3,9,639879,1554
2026-10-05 11:46:30,MadMapper,425,416,3,1081194,3084
2026-10-05 11:46:30,system,94,85,8,,,0.6,0.0,3,5422,13.4
2026-10-05 11:46:31,flamesafe,3,3,0,5764,21
2026-10-05 11:46:31,engine,8,8,0,1625574,73
2026-10-05 11:46:31,deck,14,14,0,9924,36
2026-10-05 11:46:31,soak,0,0,0,32525,47
2026-10-05 11:46:31,BEYOND,35,15,20,642012,1550
2026-10-05 11:46:31,MadMapper,492,473,22,1083172,3084
2026-10-05 11:46:31,system,94,83,12,,,0.2,0.2,2,5395,17.3
2026-10-05 11:46:32,flamesafe,6,6,0,5770,21
2026-10-05 11:46:32,engine,6,6,0,1625796,73
2026-10-05 11:46:32,deck,12,11,2,9935,36
2026-10-05 11:46:32,soak,3,3,0,32543,47
2026-10-05 11:46:32,BEYOND,26,5,22,642146,1550
2026-10-05 11:46:32,MadMapper,475,472,5,1085550,3073
2026-10-05 11:46:32,system,85,72,13,,,0.2,0.8,6,5526,16.6
2026-10-05 11:46:33,flamesafe,0,0,0,5775,21
2026-10-05 11:46:33,engine,9,9,0,1626011,73
2026-10-05 11:46:33,deck,9,9,0,9938,36
2026-10-05 11:46:33,soak,6,6,0,32551,47
2026-10-05 11:46:33,BEYOND,29,3,26,644200,1539
2026-10-05 11:46:33,MadMapper,480,470,12,1087568,3068
2026-10-05 11:46:33,system,82,70,12,,,1.1,0.6,3,5542,14.9
2026-10-05 11:46:34,flamesafe,2,2,0,5784,21
2026-10-05 11:46:34,engine,11,5,6,1638617,73
2026-10-05 11:46:34,deck,12,9,3,9947,36
2026-10-05 11:46:34,soak,5,2,3,32599,47
2026-10-05 11:46:34,BEYOND,28,5,23,646283,1535
2026-10-05 11:46:34,MadMapper,481,458,19,1089428,3062
2026-10-05 11:46:34,system,84,68,16,,,1.3,0.6,4,5569,15.9
2026-10-05 11:46:35,flamesafe,3,3,0,5792,21
2026-10-05 11:46:35,engine,11,8,3,1638869,73
2026-10-05 11:46:35,deck,6,5,2,9953,36
2026-10-05 11:46:35,soak,5,5,0,32608,47
2026-10-05 11:46:35,BEYOND,32,5,28,648360,1528
2026-10-05 11:46:35,MadMapper,488,482,8,1091178,3058
2026-10-05 11:46:35,system,84,72,12,,,0.2,0.4,4,5630,17.6
2026-10-05 11:46:36,flamesafe,6,6,0,5797,21
2026-10-05 11:46:36,engine,6,5,2,1639097,73
2026-10-05 11:46:36,deck,12,9,3,9956,36
2026-10-05 11:46:36,soak,3,2,2,32616,47
2026-10-05 11:46:36,BEYOND,31,6,25,650303,1521
2026-10-05 11:46:36,MadMapper,496,492,6,1092913,3054
2026-10-05 11:46:36,system,83,71,12,,,0.6,0.4,3,5678,15.7
2026-10-05 11:46:37,flamesafe,3,3,0,5797,21
2026-10-05 11:46:37,engine,11,11,0,1639305,73
2026-10-05 11:46:37,deck,6,5,2,9956,36
2026-10-05 11:46:37,soak,5,5,0,32622,47
2026-10-05 11:46:37,BEYOND,33,5,28,652330,1510
2026-10-05 11:46:37,MadMapper,509,498,6,1092952,3054
2026-10-05 11:46:37,system,82,71,10,,,1.5,0.2,4,5696,16.5
2026-10-05 11:46:38,flamesafe,3,3,0,5802,21
2026-10-05 11:46:38,engine,11,9,2,1639519,73
2026-10-05 11:46:38,deck,12,9,3,9961,36
2026-10-05 11:46:38,soak,6,5,2,32647,47
2026-10-05 11:46:38,BEYOND,22,8,14,653273,1509
2026-10-05 11:46:38,MadMapper,491,481,12,1095208,3045
2026-10-05 11:46:38,system,83,72,11,,,0.4,0.2,3,5733,15.2
2026-10-05 11:46:39,flamesafe,2,2,0,5811,21
2026-10-05 11:46:39,engine,11,8,3,1652136,73
2026-10-05 11:46:39,deck,15,14,2,9966,36
2026-10-05 11:46:39,soak,11,6,5,32673,47
2026-10-05 11:46:39,BEYOND,32,5,28,655779,1501
2026-10-05 11:46:39,MadMapper,483,478,6,1096584,3042
2026-10-05 11:46:39,system,87,74,14,,,1.0,0.6,3,5781,15.1
2026-10-05 11:46:40,flamesafe,0,0,0,5811,21
2026-10-05 11:46:40,engine,11,11,0,1652351,73
2026-10-05 11:46:40,deck,8,6,2,9966,36
2026-10-05 11:46:40,soak,3,2,2,32679,47
2026-10-05 11:46:40,BEYOND,33,9,23,657494,1493
2026-10-05 11:46:40,MadMapper,509,496,8,1096622,3042
2026-10-05 11:46:40,system,84,72,13,,,1.0,0.2,4,5801,16.4
2026-10-05 11:46:41,flamesafe,8,8,0,5821,21
2026-10-05 11:46:41,engine,11,8,3,1652572,73
2026-10-05 11:46:41,deck,14,14,0,9981,36
2026-10-05 11:46:41,soak,3,3,0,32699,47
2026-10-05 11:46:41,BEYOND,35,14,22,658749,1491
2026-10-05 11:46:41,MadMapper,480,479,3,1098421,3036
2026-10-05 11:46:41,system,94,83,11,,,1.1,0.6,6,5697,16.3
2026-10-05 11:46:42,flamesafe,6,6,0,5821,21
2026-10-05 11:46:42,engine,14,11,3,1652784,73
2026-10-05 11:46:42,deck,8,5,3,9983,36
2026-10-05 11:46:42,soak,8,6,2,32703,47
2026-10-05 11:46:42,BEYOND,23,2,22,659703,1487
2026-10-05 11:46:42,MadMapper,503,495,11,1099110,3031
2026-10-05 11:46:42,system,87,76,11,,,0.6,0.8,6,5725,14.6
2026-10-05 11:46:43,flamesafe,6,6,0,5826,21
2026-10-05 11:46:43,engine,9,6,3,1652997,73
2026-10-05 11:46:43,deck,6,5,2,9983,36
2026-10-05 11:46:43,soak,6,5,2,32726,47
2026-10-05 11:46:43,BEYOND,26,6,20,660342,1487
2026-10-05 11:46:43,MadMapper,483,476,9,1100153,3031
2026-10-05 11:46:43,system,84,71,13,,,0.4,0.6,6,5844,16.5
2026-10-05 11:46:44,flamesafe,2,2,0,5826,21
2026-10-05 11:46:44,engine,20,8,12,1665624,73
2026-10-05 11:46:44,deck,3,3,0,9983,36
2026-10-05 11:46:44,soak,3,0,3,32746,47
2026-10-05 11:46:44,BEYOND,16,2,14,662736,1478
2026-10-05 11:46:44,MadMapper,500,477,17,1102381,3023
2026-10-05 11:46:44,system,84,69,16,,,1.0,0.8,4,5855,17.5
2026-10-05 11:46:45,flamesafe,0,0,0,5841,21
2026-10-05 11:46:45,engine,14,12,2,1665978,74
2026-10-05 11:46:45,deck,15,15,0,9991,36
2026-10-05 11:46:45,soak,2,0,2,32772,47
2026-10-05 11:46:45,BEYOND,26,0,26,663283,1472
2026-10-05 11:46:45,MadMapper,474,471,5,1102487,3024
2026-10-05 11:46:45,system,85,73,12,,,0.8,0.8,3,5859,15.4
2026-10-05 11:46:46,flamesafe,6,5,2,5854,21
2026-10-05 11:46:46,engine,14,12,2,1666194,74
2026-10-05 11:46:46,deck,8,6,2,9992,36
2026-10-05 11:46:46,soak,5,2,3,32781,47
2026-10-05 11:46:46,BEYOND,34,8,26,666442,1465
2026-10-05 11:46:46,MadMapper,480,473,9,1104708,3017
2026-10-05 11:46:46,system,87,76,10,,,0.6,0.4,3,5901,14.7
2026-10-05 11:46:47,flamesafe,3,3,0,5854,21
2026-10-05 11:46:47,engine,8,6,2,1666422,74
2026-10-05 11:46:47,deck,9,8,2,9992,36
2026-10-05 11:46:47,soak,6,5,2,32785,47
2026-10-05 11:46:47,BEYOND,34,6,28,669309,1455
2026-10-05 11:46:47,MadMapper,494,487,9,1104736,3017
2026-10-05 11:46:47,system,87,76,12,,,0.4,0.0,3,5953,15.7
2026-10-05 11:46:48,flamesafe,6,5,2,5862,21
2026-10-05 11:46:48,engine,8,6,2,1666608,74
2026-10-05 11:46:48,deck,14,9,5,10007,36
2026-10-05 11:46:48,soak,6,3,3,32816,47
2026-10-05 11:46:48,BEYOND,25,0,25,669774,1454
2026-10-05 11:46:48,MadMapper,422,403,14,1106686,3010
2026-10-05 11:46:48,system,92,80,13,,,0.0,0.2,2,5843,14.7
2026-10-05 11:46:49,flamesafe,0,0,0,5862,21
2026-10-05 11:46:49,engine,15,11,5,1679174,74
2026-10-05 11:46:49,deck,14,11,3,10007,36
2026-10-05 11:46:49,soak,11,3,8,32834,47
2026-10-05 11:46:49,BEYOND,22,6,15,669948,1454
2026-10-05 11:46:49,MadMapper,460,455,6,1106747,3010
2026-10-05 11:46:49,system,96,83,13,,,1.0,0.2,4,5842,15.8
2026-10-05 11:46:50,flamesafe,3,3,0,5865,21
2026-10-05 11:46:50,engine,6,6,0,1679391,74
2026-10-05 11:46:50,deck,11,8,3,10013,36
2026-10-05 11:46:50,soak,0,0,0,32843,46
2026-10-05 11:46:50,BEYOND,18,8,11,671590,1448
2026-10-05 11:46:50,MadMapper,523,519,6,1108547,3004
2026-10-05 11:46:50,system,84,74,10,,,0.4,0.2,2,5956,16.0
2026-10-05 11:46:51,flamesafe,5,3,2,5866,21
2026-10-05 11:46:51,engine,9,6,3,1679606,74
2026-10-05 11:46:51,deck,11,9,2,10014,36
2026-10-05 11:46:51,soak,3,3,0,32847,46
2026-10-05 11:46:51,BEYOND,25,9,15,672129,1448
2026-10-05 11:46:51,MadMapper,520,514,9,1113332,2978
2026-10-05 11:46:51,system,83,72,11,,,0.6,0.4,3,6024,16.5
2026-10-05 11:46:52,flamesafe,0,0,0,5867,21
2026-10-05 11:46:52,engine,14,6,8,1679827,74
2026-10-05 11:46:52,deck,9,8,2,10017,36
2026-10-05 11:46:52,soak,3,0,3,32855,46
2026-10-05 11:46:52,BEYOND,17,2,15,672838,1441
2026-10-05 11:46:52,MadMapper,503,477,20,1120891,2967
2026-10-05 11:46:52,system,81,68,13,,,1.1,0.6,7,6088,13.5
2026-10-05 11:46:53,flamesafe,6,6,0,5868,21
2026-10-05 11:46:53,engine,5,3,2,1680041,74
2026-10-05 11:46:53,deck,9,9,0,10018,36
2026-10-05 11:46:53,soak,5,3,2,32871,46
2026-10-05 11:46:53,BEYOND,25,11,14,674372,1412
2026-10-05 11:46:53,MadMapper,475,454,23,1123413,2967
2026-10-05 11:46:53,system,85,71,13,,,1.0,0.2,3,6151,13.7
2026-10-05 11:46:54,flamesafe,6,5,2,5872,21
2026-10-05 11:46:54,engine,9,6,3,1692754,74
2026-10-05 11:46:54,deck,6,6,0,10022,36
2026-10-05 11:46:54,soak,5,5,0,32899,46
2026-10-05 11:46:54,BEYOND,25,3,22,674669,1413
2026-10-05 11:46:54,MadMapper,500,489,14,1125418,2962
2026-10-05 11:46:54,system,84,74,10,,,1.0,0.0,3,6198,13.2
2026-10-05 11:46:55,flamesafe,5,3,2,5872,21
2026-10-05 11:46:55,engine,16,14,2,1692972,74
2026-10-05 11:46:55,deck,6,6,0,10024,36
2026-10-05 11:46:55,soak,9,3,6,32906,46
2026-10-05 11:46:55,BEYOND,28,3,25,675358,1398
2026-10-05 11:46:55,MadMapper,473,455,14,1126598,2960
2026-10-05 11:46:55,system,84,68,16,,,1.0,0.4,4,6213,12.7
2026-10-05 11:46:56,flamesafe,2,2,0,5879,21
2026-10-05 11:46:56,engine,11,8,3,1693191,74
2026-10-05 11:46:56,deck,12,11,2,10027,36
2026-10-05 11:46:56,soak,3,3,0,32914,46
2026-10-05 11:46:56,BEYOND,26,5,22,677593,1381
2026-10-05 11:46:56,MadMapper,459,447,12,1131645,2958
2026-10-05 11:46:56,system,82,68,14,,,1.0,0.0,6,6316,11.3
2026-10-05 11:46:57,flamesafe,5,5,0,5879,21
2026-10-05 11:46:57,engine,22,17,5,1693412,75
2026-10-05 11:46:57,deck,6,6,0,10027,36
2026-10-05 11:46:57,soak,3,2,2,33034,46
2026-10-05 11:46:57,BEYOND,42,12,29,678986,1362
2026-10-05 11:46:57,MadMapper,384,359,26,1131858,2958
2026-10-05 11:46:57,system,74,55,19,,,2.2,0.9,10,6336,5.2
2026-10-05 11:46:58,flamesafe,3,3,0,5882,21
2026-10-05 11:46:58,engine,11,9,2,1693625,75
2026-10-05 11:46:58,deck,17,14,3,10030,36
2026-10-05 11:46:58,soak,6,3,3,33096,46
2026-10-05 11:46:58,BEYOND,51,17,34,681418,1351
2026-10-05 11:46:58,MadMapper,359,343,17,1137428,2954
2026-10-05 11:46:58,system,80,60,20,,,2.5,0.2,7,6389,4.5
2026-10-05 11:46:59,flamesafe,5,3,2,5882,21
2026-10-05 11:46:59,engine,22,11,11,1706232,75
2026-10-05 11:46:59,deck,14,12,2,10030,36
2026-10-05 11:46:59,soak,14,9,5,33113,46
2026-10-05 11:46:59,BEYOND,42,14,28,681663,1351
2026-10-05 11:46:59,MadMapper,383,358,25,1137449,2954
2026-10-05 11:46:59,system,80,62,19,,,1.1,0.4,6,6376,4.5
2026-10-05 11:47:00,flamesafe,8,8,0,5882,21
2026-10-05 11:47:00,engine,20,17,3,1706442,75
2026-10-05 11:47:00,deck,18,12,6,10030,36
2026-10-05 11:47:00,soak,3,0,3,33270,46
2026-10-05 11:47:00,BEYOND,38,8,31,681951,1349
2026-10-05 11:47:00,MadMapper,384,359,25,1137482,2954
2026-10-05 11:47:00,system,89,68,22,,,0.8,0.0,3,6302,4.5
2026-10-05 11:47:01,flamesafe,5,2,3,5882,21
2026-10-05 11:47:01,engine,9,6,3,1706658,75
2026-10-05 11:47:01,deck,6,5,2,10030,36
2026-10-05 11:47:01,soak,8,8,0,33302,46
2026-10-05 11:47:01,BEYOND,72,14,58,685277,1347
2026-10-05 11:47:01,MadMapper,374,359,15,1137576,2953
2026-10-05 11:47:01,system,89,67,22,,,0.8,0.6,6,6269,5.2
2026-10-05 11:47:02,flamesafe,5,3,2,5882,21
2026-10-05 11:47:02,engine,20,15,5,1706870,75
2026-10-05 11:47:02,deck,9,9,0,10032,36
2026-10-05 11:47:02,soak,3,3,0,33307,46
2026-10-05 11:47:02,BEYOND,37,6,31,688422,1344
2026-10-05 11:47:02,MadMapper,380,367,12,1137588,2953
2026-10-05 11:47:02,system,86,65,21,,,0.8,0.6,8,6253,6.4
2026-10-05 11:47:03,flamesafe,2,2,0,5882,21
2026-10-05 11:47:03,engine,9,8,2,1707077,75
2026-10-05 11:47:03,deck,11,6,5,10032,36
2026-10-05 11:47:03,soak,5,3,2,33331,46
2026-10-05 11:47:03,BEYOND,43,6,37,692229,1344
2026-10-05 11:47:03,MadMapper,211,195,15,1137880,2953
2026-10-05 11:47:03,system,61,40,22,,,0.4,0.2,2,6262,5.2
2026-10-05 11:47:04,flamesafe,0,0,0,5882,21
2026-10-05 11:47:04,engine,18,6,12,1719798,75
2026-10-05 11:47:04,deck,5,5,0,10032,36
2026-10-05 11:47:04,soak,15,9,6,33362,46
2026-10-05 11:47:04,BEYOND,51,12,38,692481,1345
2026-10-05 11:47:04,MadMapper,191,161,29,1137915,2953
2026-10-05 11:47:04,system,61,40,21,,,1.7,0.4,7,6374,1.9
2026-10-05 11:47:05,flamesafe,3,2,2,5882,21
2026-10-05 11:47:05,engine,14,6,8,1720012,75
2026-10-05 11:47:05,deck,15,15,0,10032,36
2026-10-05 11:47:05,soak,6,5,2,33399,46
2026-10-05 11:47:05,BEYOND,51,8,43,692728,1345
2026-10-05 11:47:05,MadMapper,174,162,12,1137960,2953
2026-10-05 11:47:05,system,63,42,20,,,0.9,0.8,4,6505,2.6
2026-10-05 11:47:06,flamesafe,5,3,2,5882,21
2026-10-05 11:47:06,engine,9,6,3,1720224,75
2026-10-05 11:47:06,deck,6,6,0,10032,36
2026-10-05 11:47:06,soak,5,3,2,33403,46
2026-10-05 11:47:06,BEYOND,20,5,15,692973,1346
2026-10-05 11:47:06,MadMapper,183,160,23,1137981,2954
2026-10-05 11:47:06,system,42,30,12,,,0.9,0.4,6,6496,2.6
2026-10-05 11:47:07,flamesafe,2,2,0,5882,21
2026-10-05 11:47:07,engine,14,8,6,1720446,75
2026-10-05 11:47:07,deck,9,5,5,10032,36
2026-10-05 11:47:07,soak,6,2,5,33421,46
2026-10-05 11:47:07,BEYOND,29,8,22,693226,1346
2026-10-05 11:47:07,MadMapper,178,164,15,1137999,2954
2026-10-05 11:47:07,system,44,32,12,,,0.8,0.2,3,6488,2.6
2026-10-05 11:47:08,flamesafe,2,2,0,5882,21
2026-10-05 11:47:08,engine,9,8,2,1720661,75
2026-10-05 11:47:08,deck,12,8,5,10032,36
2026-10-05 11:47:08,soak,11,6,5,33467,46
2026-10-05 11:47:08,BEYOND,42,8,34,693469,1347
2026-10-05 11:47:08,MadMapper,178,159,20,1138022,2954
2026-10-05 11:47:08,system,60,36,24,,,0.9,0.9,6,6524,3.2
2026-10-05 11:47:09,flamesafe,2,2,0,5882,21
2026-10-05 11:47:09,engine,8,5,3,1733238,75
2026-10-05 11:47:09,deck,9,5,5,10032,36
2026-10-05 11:47:09,soak,5,2,3,33473,46
2026-10-05 11:47:09,BEYOND,30,3,26,693715,1347
2026-10-05 11:47:09,MadMapper,188,168,17,1138056,2954
2026-10-05 11:47:09,system,42,30,12,,,1.0,0.2,3,6521,0.0
2026-10-05 11:47:10,flamesafe,2,2,0,5882,21
2026-10-05 11:47:10,engine,12,8,5,1733460,75
2026-10-05 11:47:10,deck,9,8,2,10032,36
2026-10-05 11:47:10,soak,9,6,3,33639,46
2026-10-05 11:47:10,BEYOND,25,6,19,693959,1348
2026-10-05 11:47:10,MadMapper,172,142,31,1138212,2954
2026-10-05 11:47:10,system,40,27,12,,,0.8,0.2,3,6522,3.9
2026-10-05 11:47:11,flamesafe,0,0,0,5882,21
2026-10-05 11:47:11,engine,9,9,0,1733665,75
2026-10-05 11:47:11,deck,11,11,0,10032,36
2026-10-05 11:47:11,soak,5,5,0,33654,46
2026-10-05 11:47:11,BEYOND,35,5,31,694212,1348
2026-10-05 11:47:11,MadMapper,200,186,15,1138536,2955
2026-10-05 11:47:11,system,50,36,14,,,2.1,0.2,10,6523,3.9
2026-10-05 11:47:12,flamesafe,2,2,0,5882,21
2026-10-05 11:47:12,engine,23,15,8,1733885,76
2026-10-05 11:47:12,deck,6,6,0,10032,36
2026-10-05 11:47:12,soak,3,2,2,33680,46
2026-10-05 11:47:12,BEYOND,31,2,29,694458,1348
2026-10-05 11:47:12,MadMapper,209,184,23,1138780,2956
2026-10-05 11:47:12,system,45,33,13,,,0.4,0.6,6,6519,3.9
2026-10-05 11:47:13,flamesafe,0,0,0,5882,21
2026-10-05 11:47:13,engine,15,8,8,1746510,76
2026-10-05 11:47:13,deck,6,5,2,10032,36
2026-10-05 11:47:13,soak,18,6,12,33750,46
2026-10-05 11:47:13,BEYOND,38,8,31,694703,1349
2026-10-05 11:47:13,MadMapper,260,244,17,1138909,2957
2026-10-05 11:47:13,system,61,42,19,,,0.6,0.6,4,6515,3.9
2026-10-05 11:47:14,flamesafe,5,5,0,5882,21
2026-10-05 11:47:14,engine,15,12,3,1746861,76
2026-10-05 11:47:14,deck,6,5,2,10032,36
2026-10-05 11:47:14,soak,2,2,0,33754,46
2026-10-05 11:47:14,BEYOND,25,3,22,694947,1349
2026-10-05 11:47:14,MadMapper,348,329,20,1138939,2957
2026-10-05 11:47:14,system,63,53,9,,,0.8,0.4,3,6516,9.3
2026-10-05 11:47:15,flamesafe,2,0,2,5882,21
2026-10-05 11:47:15,engine,9,8,2,1747073,76
2026-10-05 11:47:15,deck,5,3,2,10032,36
2026-10-05 11:47:15,soak,6,3,3,33760,46
2026-10-05 11:47:15,BEYOND,29,2,28,695200,1350
2026-10-05 11:47:15,MadMapper,428,414,14,1138977,2957
2026-10-05 11:47:15,system,70,60,10,,,0.4,0.4,3,6519,13.7
2026-10-05 11:47:16,flamesafe,2,2,0,5882,21
2026-10-05 11:47:16,engine,19,9,9,1747283,76
2026-10-05 11:47:16,deck,9,8,2,10032,36
2026-10-05 11:47:16,soak,6,3,3,33764,46
2026-10-05 11:47:16,BEYOND,45,11,34,695444,1350
2026-10-05 11:47:16,MadMapper,411,388,19,1139000,2957
2026-10-05 11:47:16,system,72,59,13,,,1.1,0.4,6,6521,14.3
2026-10-05 11:47:17,flamesafe,6,6,0,5882,21
2026-10-05 11:47:17,engine,12,11,2,1747502,76
2026-10-05 11:47:17,deck,11,5,6,10032,36
2026-10-05 11:47:17,soak,5,5,0,33775,46
2026-10-05 11:47:17,BEYOND,32,11,22,695689,1351
2026-10-05 11:47:17,MadMapper,392,385,9,1139039,2957
2026-10-05 11:47:17,system,68,58,10,,,1.1,1.5,9,6518,12.9
2026-10-05 11:47:18,flamesafe,3,3,0,5882,21
2026-10-05 11:47:18,engine,3,0,3,1752375,76
2026-10-05 11:47:18,deck,12,6,6,10032,36
2026-10-05 11:47:18,soak,5,3,2,33812,46
2026-10-05 11:47:18,BEYOND,35,5,31,695933,1351
2026-10-05 11:47:18,MadMapper,420,410,11,1139063,2957
2026-10-05 11:47:18,system,77,60,17,,,1.9,0.2,8,6527,16.8
2026-10-05 11:47:19,flamesafe,6,5,2,5882,21
2026-10-05 11:47:19,engine,14,8,6,1760330,76
2026-10-05 11:47:19,deck,12,11,2,10032,36
2026-10-05 11:47:19,soak,5,5,0,33822,46
2026-10-05 11:47:19,BEYOND,31,12,19,696184,1352
2026-10-05 11:47:19,MadMapper,411,388,25,1139099,2957
2026-10-05 11:47:19,system,77,60,18,,,0.9,0.6,7,6536,10.1
2026-10-05 11:47:20,flamesafe,2,2,0,5882,21
2026-10-05 11:47:20,engine,0,0,0,1760540,76
2026-10-05 11:47:20,deck,9,8,2,10032,36
2026-10-05 11:47:20,soak,2,2,0,33826,46
2026-10-05 11:47:20,BEYOND,23,3,20,696430,1352
2026-10-05 11:47:20,MadMapper,443,437,6,1139114,2957
2026-10-05 11:47:20,system,73,65,8,,,1.0,0.2,4,6537,14.8
2026-10-05 11:47:21,flamesafe,2,2,0,5882,21
2026-10-05 11:47:21,engine,9,8,2,1760740,76
2026-10-05 11:47:21,deck,6,3,3,10032,36
2026-10-05 11:47:21,soak,5,3,2,33830,46
2026-10-05 11:47:21,BEYOND,34,8,26,696673,1353
2026-10-05 11:47:21,MadMapper,444,415,25,1139123,2957
2026-10-05 11:47:21,system,73,63,10,,,0.2,0.0,2,6540,12.3
2026-10-05 11:47:22,flamesafe,2,0,2,5882,21
2026-10-05 11:47:22,engine,12,8,5,1760956,76
2026-10-05 11:47:22,deck,6,5,2,10032,36
2026-10-05 11:47:22,soak,2,2,0,33834,46
2026-10-05 11:47:22,BEYOND,25,9,15,696941,1353
2026-10-05 11:47:22,MadMapper,380,371,9,1139140,2958
2026-10-05 11:47:22,system,65,57,8,,,0.4,0.4,3,6537,12.3
2026-10-05 11:47:23,flamesafe,5,5,0,5882,21
2026-10-05 11:47:23,engine,14,11,3,1773570,76
2026-10-05 11:47:23,deck,9,8,2,10032,36
2026-10-05 11:47:23,soak,15,6,9,33864,46
2026-10-05 11:47:23,BEYOND,37,8,29,697194,1354
2026-10-05 11:47:23,MadMapper,400,390,11,1139151,2958
2026-10-05 11:47:23,system,80,63,17,,,1.9,0.2,4,6522,12.3
2026-10-05 11:47:24,flamesafe,2,2,0,5892,21
2026-10-05 11:47:24,engine,15,12,3,1773820,76
2026-10-05 11:47:24,deck,11,9,2,10032,36
2026-10-05 11:47:24,soak,5,3,2,33868,46
2026-10-05 11:47:24,BEYOND,26,8,19,697439,1354
2026-10-05 11:47:24,MadMapper,423,403,22,1139186,2958
2026-10-05 11:47:24,system,73,62,10,,,0.8,0.4,4,6521,14.2
2026-10-05 11:47:25,flamesafe,5,2,3,5892,21
2026-10-05 11:47:25,engine,9,9,0,1774033,76
2026-10-05 11:47:25,deck,8,5,3,10032,36
2026-10-05 11:47:25,soak,3,2,2,33872,46
2026-10-05 11:47:25,BEYOND,28,3,25,697683,1355
2026-10-05 11:47:25,MadMapper,421,410,14,1139198,2958
2026-10-05 11:47:25,system,69,59,11,,,1.1,0.6,6,6520,14.3
2026-10-05 11:47:26,flamesafe,5,3,2,5892,21
2026-10-05 11:47:26,engine,5,5,0,1774258,77
2026-10-05 11:47:26,deck,11,6,5,10032,36
2026-10-05 11:47:26,soak,0,0,0,33876,46
2026-10-05 11:47:26,BEYOND,30,8,22,697928,1355
2026-10-05 11:47:26,MadMapper,481,458,17,1139206,2958
2026-10-05 11:47:26,system,81,68,14,,,1.1,0.6,6,6525,14.9
2026-10-05 11:47:27,flamesafe,2,2,0,5897,21
2026-10-05 11:47:27,engine,14,6,8,1774470,77
2026-10-05 11:47:27,deck,11,9,2,10032,36
2026-10-05 11:47:27,soak,5,3,2,33880,46
2026-10-05 11:47:27,BEYOND,29,5,25,698181,1356
2026-10-05 11:47:27,MadMapper,430,424,6,1139220,2958
2026-10-05 11:47:27,system,70,62,8,,,0.6,0.6,6,6521,12.3
2026-10-05 11:47:28,flamesafe,6,5,2,5897,21
2026-10-05 11:47:28,engine,12,11,2,1774699,77
2026-10-05 11:47:28,deck,11,6,5,10032,36
2026-10-05 11:47:28,soak,8,5,3,33896,46
2026-10-05 11:47:28,BEYOND,43,11,32,698425,1356
2026-10-05 11:47:28,MadMapper,451,447,5,1139229,2958
2026-10-05 11:47:28,system,83,69,14,,,1.1,0.2,6,6524,12.3
2026-10-05 11:47:29,flamesafe,0,0,0,5897,21
2026-10-05 11:47:29,engine,18,11,8,1787297,77
2026-10-05 11:47:29,deck,8,6,2,10032,36
2026-10-05 11:47:29,soak,2,0,2,33916,46
2026-10-05 11:47:29,BEYOND,38,14,25,698670,1357
2026-10-05 11:47:29,MadMapper,460,445,17,1139265,2958
2026-10-05 11:47:29,system,78,66,12,,,1.3,0.2,6,6522,14.3
2026-10-05 11:47:30,flamesafe,2,2,0,5897,21
2026-10-05 11:47:30,engine,9,6,3,1787509,77
2026-10-05 11:47:30,deck,9,9,0,10032,36
2026-10-05 11:47:30,soak,2,2,0,33920,46
2026-10-05 11:47:30,BEYOND,26,6,20,698915,1357
2026-10-05 11:47:30,MadMapper,426,413,14,1139276,2958
2026-10-05 11:47:30,system,73,63,10,,,0.8,0.4,6,6520,12.3
2026-10-05 11:47:31,flamesafe,3,3,0,5897,21
2026-10-05 11:47:31,engine,11,9,2,1787725,77
2026-10-05 11:47:31,deck,14,12,2,10032,36
2026-10-05 11:47:31,soak,5,3,2,33924,46
2026-10-05 11:47:31,BEYOND,30,6,23,699167,1358
2026-10-05 11:47:31,MadMapper,466,434,26,1139286,2958
2026-10-05 11:47:31,system,76,65,11,,,1.3,0.2,6,6523,14.3
2026-10-05 11:47:32,flamesafe,2,2,0,5897,21
2026-10-05 11:47:32,engine,9,8,2,1787939,77
2026-10-05 11:47:32,deck,8,6,2,10032,36
2026-10-05 11:47:32,soak,3,3,0,33928,46
2026-10-05 11:47:32,BEYOND,32,6,26,699409,1358
2026-10-05 11:47:32,MadMapper,441,429,14,1139297,2958
2026-10-05 11:47:32,system,75,65,10,,,1.1,0.4,3,6519,12.3
2026-10-05 11:47:33,flamesafe,3,2,2,5905,21
2026-10-05 11:47:33,engine,14,14,0,1788155,77
2026-10-05 11:47:33,deck,9,8,2,10032,36
2026-10-05 11:47:33,soak,6,3,3,33961,46
2026-10-05 11:47:33,BEYOND,34,11,23,699653,1359
2026-10-05 11:47:33,MadMapper,415,392,25,1139307,2958
2026-10-05 11:47:33,system,82,66,15,,,1.5,0.2,6,6523,14.2
2026-10-05 11:47:34,flamesafe,0,0,0,5905,21
2026-10-05 11:47:34,engine,15,9,6,1800894,77
2026-10-05 11:47:34,deck,20,15,5,10032,36
2026-10-05 11:47:34,soak,6,3,3,33965,46
2026-10-05 11:47:34,BEYOND,35,14,22,699898,1359
2026-10-05 11:47:34,MadMapper,453,440,14,1139345,2958
2026-10-05 11:47:34,system,76,66,9,,,0.2,0.8,4,6514,12.3
2026-10-05 11:47:36,flamesafe,8,8,0,5905,21
2026-10-05 11:47:36,engine,8,8,0,1801109,77
2026-10-05 11:47:36,deck,11,11,0,10032,36
2026-10-05 11:47:36,soak,2,2,0,33969,46
2026-10-05 11:47:36,BEYOND,31,12,18,700150,1360
2026-10-05 11:47:36,MadMapper,438,416,15,1139354,2958
2026-10-05 11:47:36,system,74,64,10,,,1.1,0.2,3,6516,14.2
2026-10-05 11:47:37,flamesafe,5,3,2,5905,21
2026-10-05 11:47:37,engine,14,11,3,1801331,77
2026-10-05 11:47:37,deck,9,8,2,10032,36
2026-10-05 11:47:37,soak,0,0,0,33973,46
2026-10-05 11:47:37,BEYOND,22,6,15,700393,1360
2026-10-05 11:47:37,MadMapper,404,392,14,1139364,2958
2026-10-05 11:47:37,system,72,61,10,,,1.0,0.6,6,6515,12.3
2026-10-05 11:47:38,flamesafe,5,5,0,5905,21
2026-10-05 11:47:38,engine,11,5,6,1801541,77
2026-10-05 11:47:38,deck,8,5,3,10032,36
2026-10-05 11:47:38,soak,6,5,2,33977,46
2026-10-05 11:47:38,BEYOND,34,2,32,700600,1360
2026-10-05 11:47:38,MadMapper,453,436,19,1139377,2958
2026-10-05 11:47:38,system,74,63,12,,,0.4,0.2,3,6517,13.6
2026-10-05 11:47:39,flamesafe,3,3,0,5905,21
2026-10-05 11:47:39,engine,17,8,9,1814115,77
2026-10-05 11:47:39,deck,17,17,0,10032,36
2026-10-05 11:47:39,soak,3,2,2,34005,46
2026-10-05 11:47:39,BEYOND,38,14,25,700849,1361
2026-10-05 11:47:39,MadMapper,411,399,12,1139388,2958
2026-10-05 11:47:39,system,80,65,15,,,1.7,0.9,10,6513,14.2
2026-10-05 11:47:40,flamesafe,2,0,2,5905,21
2026-10-05 11:47:40,engine,12,5,8,1814334,78
2026-10-05 11:47:40,deck,8,8,0,10032,36
2026-10-05 11:47:40,soak,8,5,3,34009,46
2026-10-05 11:47:40,BEYOND,40,8,32,701083,1361
2026-10-05 11:47:40,MadMapper,411,392,20,1139421,2958
2026-10-05 11:47:40,system,74,60,14,,,1.1,0.4,7,6512,12.3
2026-10-05 11:47:41,flamesafe,8,8,0,5905,21
2026-10-05 11:47:41,engine,16,11,5,1814543,78
2026-10-05 11:47:41,deck,16,11,5,10032,36
2026-10-05 11:47:41,soak,5,0,5,34015,46
2026-10-05 11:47:41,BEYOND,34,2,32,701293,1362
2026-10-05 11:47:41,MadMapper,436,416,15,1139482,2958
2026-10-05 11:47:41,system,77,66,12,,,0.8,0.2,3,6516,12.3
2026-10-05 11:47:42,flamesafe,5,5,0,5905,21
2026-10-05 11:47:42,engine,11,6,5,1814762,78
2026-10-05 11:47:42,deck,15,12,3,10032,36
2026-10-05 11:47:42,soak,3,2,2,34019,46
2026-10-05 11:47:42,BEYOND,20,2,18,701505,1362
2026-10-05 11:47:42,MadMapper,426,416,11,1139495,2958
2026-10-05 11:47:42,system,78,66,12,,,1.0,0.4,4,6512,14.9
2026-10-05 11:47:43,flamesafe,5,5,0,5905,21
2026-10-05 11:47:43,engine,15,15,0,1814974,78
2026-10-05 11:47:43,deck,11,9,2,10032,36
2026-10-05 11:47:43,soak,8,6,2,34023,46
2026-10-05 11:47:43,BEYOND,25,6,19,701751,1362
2026-10-05 11:47:43,MadMapper,451,434,19,1139504,2958
2026-10-05 11:47:43,system,79,67,12,,,0.8,0.4,3,6517,12.3
2026-10-05 11:47:44,flamesafe,5,3,2,5905,21
2026-10-05 11:47:44,engine,15,8,8,1827571,78
2026-10-05 11:47:44,deck,17,11,6,10032,36
2026-10-05 11:47:44,soak,20,9,11,34057,46
2026-10-05 11:47:44,BEYOND,22,12,9,701979,1363
2026-10-05 11:47:44,MadMapper,441,435,8,1139511,2958
2026-10-05 11:47:44,system,86,73,13,,,1.1,0.0,4,6511,14.9
2026-10-05 11:47:45,flamesafe,3,3,0,5907,21
2026-10-05 11:47:45,engine,12,9,3,1840164,78
2026-10-05 11:47:45,deck,12,6,6,10058,36
2026-10-05 11:47:45,soak,6,5,2,34062,46
2026-10-05 11:47:45,BEYOND,42,6,35,702209,1363
2026-10-05 11:47:45,MadMapper,446,421,26,1139666,2959
2026-10-05 11:47:45,system,78,64,14,,,1.0,0.6,6,6513,11.6
2026-10-05 11:47:46,flamesafe,3,3,0,5907,21
2026-10-05 11:47:46,engine,11,5,6,1852744,78
2026-10-05 11:47:46,deck,12,9,3,10058,36
2026-10-05 11:47:46,soak,2,2,0,34072,46
2026-10-05 11:47:46,BEYOND,22,6,15,702413,1363
2026-10-05 11:47:46,MadMapper,175,147,26,1139700,1072
2026-10-05 11:47:46,system,45,27,18,,,1.1,0.2,3,8375,5.2
2026-10-05 11:47:47,flamesafe,0,0,0,5907,21
2026-10-05 11:47:47,engine,9,9,0,1852952,78
2026-10-05 11:47:47,deck,2,0,2,10058,36
2026-10-05 11:47:47,soak,3,2,2,34076,46
2026-10-05 11:47:47,BEYOND,12,3,9,702664,1364
2026-10-05 11:47:47,MadMapper,5,0,5,1139704,1072
2026-10-05 11:47:47,system,9,4,4,,,0.0,0.0,0,8379,0.0
2026-10-05 11:47:48,flamesafe,0,0,0,5907,21
2026-10-05 11:47:48,engine,0,0,0,1853164,78
2026-10-05 11:47:48,deck,5,5,0,10058,36
2026-10-05 11:47:48,soak,6,2,5,34091,46
2026-10-05 11:47:48,BEYOND,14,5,9,702844,1364
2026-10-05 11:47:48,MadMapper,3,2,2,1139711,1072
2026-10-05 11:47:48,system,8,4,4,,,0.6,0.2,3,8379,0.0
2026-10-05 11:47:49,flamesafe,2,2,0,5907,21
2026-10-05 11:47:49,engine,2,2,0,1865793,78
2026-10-05 11:47:49,deck,3,3,0,10058,36
2026-10-05 11:47:49,soak,5,2,3,34111,46
2026-10-05 11:47:49,BEYOND,6,2,5,703042,1364
2026-10-05 11:47:49,MadMapper,5,0,5,1139715,1072
2026-10-05 11:47:49,system,9,5,4,,,0.0,0.4,2,8379,0.0
2026-10-05 11:47:50,flamesafe,2,2,0,5907,21
2026-10-05 11:47:50,engine,3,2,2,1866012,78
2026-10-05 11:47:50,deck,3,3,0,10058,36
2026-10-05 11:47:50,soak,2,0,2,34115,46
2026-10-05 11:47:50,BEYOND,9,0,9,703216,1365
2026-10-05 11:47:50,MadMapper,5,3,2,1139753,1072
2026-10-05 11:47:50,system,6,4,2,,,0.0,0.2,2,8378,0.0
2026-10-05 11:47:51,flamesafe,0,0,0,5907,21
2026-10-05 11:47:51,engine,3,0,3,1866222,78
2026-10-05 11:47:51,deck,6,5,2,10058,36
2026-10-05 11:47:51,soak,0,0,0,34119,46
2026-10-05 11:47:51,BEYOND,3,2,2,703413,1365
2026-10-05 11:47:51,MadMapper,9,5,5,1139764,1072
2026-10-05 11:47:51,system,8,4,4,,,0.2,0.6,4,8378,0.0
2026-10-05 11:47:52,flamesafe,0,0,0,5907,21
2026-10-05 11:47:52,engine,8,5,3,1866449,78
2026-10-05 11:47:52,deck,2,2,0,10058,36
2026-10-05 11:47:52,soak,0,0,0,34123,46
2026-10-05 11:47:52,BEYOND,3,0,3,703604,1365
2026-10-05 11:47:52,MadMapper,5,3,2,1139768,1072
2026-10-05 11:47:52,system,6,5,2,,,0.0,0.2,2,8378,0.0
2026-10-05 11:47:53,flamesafe,0,0,0,5907,21
2026-10-05 11:47:53,engine,2,2,0,1866658,78
2026-10-05 11:47:53,deck,3,3,0,10058,36
2026-10-05 11:47:53,soak,0,0,0,34127,46
2026-10-05 11:47:53,BEYOND,6,0,6,703788,1365
2026-10-05 11:47:53,MadMapper,8,2,6,1139773,1072
2026-10-05 11:47:53,system,5,3,2,,,0.4,0.0,2,8378,0.0
2026-10-05 11:47:54,flamesafe,2,2,0,5907,21
2026-10-05 11:47:54,engine,8,6,2,1879239,78
2026-10-05 11:47:54,deck,6,3,3,10058,36
2026-10-05 11:47:54,soak,3,3,0,34155,46
2026-10-05 11:47:54,BEYOND,9,0,9,703959,1366
2026-10-05 11:47:54,MadMapper,5,2,3,1139777,1072
2026-10-05 11:47:54,system,11,5,6,,,0.4,0.2,2,8378,0.0
2026-10-05 11:47:55,flamesafe,0,0,0,5907,21
2026-10-05 11:47:55,engine,0,0,0,1879458,78
2026-10-05 11:47:55,deck,9,8,2,10058,36
2026-10-05 11:47:55,soak,0,0,0,34159,46
2026-10-05 11:47:55,BEYOND,11,0,11,704108,1366
2026-10-05 11:47:55,MadMapper,3,2,2,1139806,1072
2026-10-05 11:47:55,system,6,4,2,,,0.2,0.0,2,8375,0.0
2026-10-05 11:47:56,flamesafe,2,2,0,5907,21
2026-10-05 11:47:56,engine,3,3,0,1879675,78
2026-10-05 11:47:56,deck,6,3,3,10058,36
2026-10-05 11:47:56,soak,5,0,5,34163,46
2026-10-05 11:47:56,BEYOND,12,0,12,704259,1366
2026-10-05 11:47:56,MadMapper,5,0,5,1139810,997
2026-10-05 11:47:56,system,8,3,5,,,0.4,0.4,3,8451,0.0
2026-10-05 11:47:57,flamesafe,0,0,0,5907,21
2026-10-05 11:47:57,engine,3,3,0,1879900,78
2026-10-05 11:47:57,deck,3,3,0,10058,36
2026-10-05 11:47:57,soak,2,2,0,34168,46
2026-10-05 11:47:57,BEYOND,5,2,3,704410,1366
2026-10-05 11:47:57,MadMapper,2,2,0,1139815,997
2026-10-05 11:47:57,system,6,4,1,,,0.4,0.0,3,8453,0.1
2026-10-05 11:47:58,flamesafe,2,2,0,5907,21
2026-10-05 11:47:58,engine,3,3,0,1880116,78
2026-10-05 11:47:58,deck,2,2,0,10058,36
2026-10-05 11:47:58,soak,0,0,0,34195,46
2026-10-05 11:47:58,BEYOND,22,3,19,704565,1366
2026-10-05 11:47:58,MadMapper,8,5,3,1139851,997
2026-10-05 11:47:58,system,12,5,7,,,0.4,0.2,3,8459,0.0
2026-10-05 11:47:59,flamesafe,2,2,0,5907,21
2026-10-05 11:47:59,engine,3,3,0,1892722,79
2026-10-05 11:47:59,deck,0,0,0,10058,36
2026-10-05 11:47:59,soak,3,3,0,34214,46
2026-10-05 11:47:59,BEYOND,14,3,11,704692,1366
2026-10-05 11:47:59,MadMapper,5,2,3,1139855,997
2026-10-05 11:47:59,system,8,4,3,,,0.0,0.0,0,8457,0.0
2026-10-05 11:48:00,flamesafe,0,0,0,5907,21
2026-10-05 11:48:00,engine,6,5,2,1892930,79
2026-10-05 11:48:00,deck,6,6,0,10058,36
2026-10-05 11:48:00,soak,3,3,0,34222,46
2026-10-05 11:48:00,BEYOND,6,3,3,704820,1366
2026-10-05 11:48:00,MadMapper,8,2,6,1139883,997
2026-10-05 11:48:00,system,8,6,3,,,0.0,0.0,0,8449,0.0
2026-10-05 11:48:01,flamesafe,3,3,0,5907,21
2026-10-05 11:48:01,engine,0,0,0,1893149,79
2026-10-05 11:48:01,deck,5,3,2,10058,36
2026-10-05 11:48:01,soak,2,2,0,34230,46
2026-10-05 11:48:01,BEYOND,2,0,2,704947,1366
2026-10-05 11:48:01,MadMapper,5,3,2,1139887,997
2026-10-05 11:48:01,system,6,4,2,,,0.0,0.4,3,8450,0.0
2026-10-05 11:48:02,flamesafe,2,2,0,5907,21
2026-10-05 11:48:02,engine,2,2,0,1893365,79
2026-10-05 11:48:02,deck,5,5,0,10058,36
2026-10-05 11:48:02,soak,3,2,2,34238,46
2026-10-05 11:48:02,BEYOND,8,0,8,705075,1366
2026-10-05 11:48:02,MadMapper,6,2,5,1139891,997
2026-10-05 11:48:02,system,6,3,3,,,0.0,0.2,2,8448,0.0
2026-10-05 11:48:03,flamesafe,0,0,0,5907,21
2026-10-05 11:48:03,engine,2,0,2,1893622,79
2026-10-05 11:48:03,deck,12,8,5,10058,36
2026-10-05 11:48:03,soak,0,0,0,34246,46
2026-10-05 11:48:03,BEYOND,11,2,9,705210,1366
2026-10-05 11:48:03,MadMapper,8,2,6,1139895,997
2026-10-05 11:48:03,system,10,5,5,,,0.2,0.6,3,8449,0.0
2026-10-05 11:48:04,flamesafe,0,0,0,5907,21
2026-10-05 11:48:04,engine,5,3,2,1906213,79
2026-10-05 11:48:04,deck,16,12,3,10058,36
2026-10-05 11:48:04,soak,2,2,0,34282,46
2026-10-05 11:48:04,BEYOND,8,3,5,705338,1366
2026-10-05 11:48:04,MadMapper,8,3,5,1139899,996
2026-10-05 11:48:04,system,12,7,6,,,0.8,0.0,4,8449,0.0
2026-10-05 11:48:05,flamesafe,5,5,0,5907,21
2026-10-05 11:48:05,engine,5,5,0,1906423,79
2026-10-05 11:48:05,deck,6,6,0,10058,36
2026-10-05 11:48:05,soak,0,0,0,34290,46
2026-10-05 11:48:05,BEYOND,8,5,3,705465,1366
2026-10-05 11:48:05,MadMapper,12,6,6,1139927,996
2026-10-05 11:48:05,system,8,6,2,,,0.0,0.0,0,8457,0.0
2026-10-05 11:48:06,flamesafe,2,2,0,5907,21
2026-10-05 11:48:06,engine,2,0,2,1906695,79
2026-10-05 11:48:06,deck,2,2,0,10058,36
2026-10-05 11:48:06,soak,0,0,0,34298,46
2026-10-05 11:48:06,BEYOND,12,5,8,705595,1366
2026-10-05 11:48:06,MadMapper,6,6,0,1139933,996
2026-10-05 11:48:06,system,8,5,3,,,0.4,0.2,2,8457,0.0
2026-10-05 11:48:07,flamesafe,0,0,0,5907,21
2026-10-05 11:48:07,engine,5,5,0,1906917,79
2026-10-05 11:48:07,deck,5,5,0,10058,36
2026-10-05 11:48:07,soak,0,0,0,34306,46
2026-10-05 11:48:07,BEYOND,5,0,5,705722,1366
2026-10-05 11:48:07,MadMapper,6,0,6,1139969,996
2026-10-05 11:48:07,system,7,5,2,,,0.4,0.0,2,8457,0.0
2026-10-05 11:48:08,flamesafe,3,3,0,5907,21
2026-10-05 11:48:08,engine,5,2,3,1919512,79
2026-10-05 11:48:08,deck,5,5,0,10058,36
2026-10-05 11:48:08,soak,5,3,2,34338,46
2026-10-05 11:48:08,BEYOND,9,2,8,705858,1366
2026-10-05 11:48:08,MadMapper,5,3,2,1139973,996
2026-10-05 11:48:08,system,12,6,5,,,0.0,0.2,2,8454,0.0
2026-10-05 11:48:09,flamesafe,0,0,0,5907,21
2026-10-05 11:48:09,engine,2,2,0,1919730,79
2026-10-05 11:48:09,deck,3,3,0,10058,36
2026-10-05 11:48:09,soak,0,0,0,34347,46
2026-10-05 11:48:09,BEYOND,9,2,8,705986,1366
2026-10-05 11:48:09,MadMapper,8,2,6,1139977,996
2026-10-05 11:48:09,system,7,4,2,,,0.0,0.0,0,8456,0.0
2026-10-05 11:48:10,flamesafe,2,2,0,5907,21
2026-10-05 11:48:10,engine,3,3,0,1919939,80
2026-10-05 11:48:10,deck,3,3,0,10058,36
2026-10-05 11:48:10,soak,0,0,0,34373,46
2026-10-05 11:48:10,BEYOND,12,6,6,706113,1366
2026-10-05 11:48:10,MadMapper,11,2,9,1140054,996
2026-10-05 11:48:10,system,15,10,5,,,0.0,0.0,0,8341,0.0
2026-10-05 11:48:11,flamesafe,0,0,0,5907,21
2026-10-05 11:48:11,engine,3,0,3,1920153,80
2026-10-05 11:48:11,deck,5,5,0,10058,36
2026-10-05 11:48:11,soak,5,3,2,34389,46
2026-10-05 11:48:11,BEYOND,14,5,9,706241,1366
2026-10-05 11:48:11,MadMapper,8,0,8,1140058,996
2026-10-05 11:48:11,system,16,9,7,,,0.2,0.0,2,8302,0.0
2026-10-05 11:48:12,flamesafe,5,2,3,5907,21
2026-10-05 11:48:12,engine,8,5,3,1920384,80
2026-10-05 11:48:12,deck,5,2,3,10058,36
2026-10-05 11:48:12,soak,0,0,0,34394,46
2026-10-05 11:48:12,BEYOND,8,3,5,706368,1366
2026-10-05 11:48:12,MadMapper,17,3,14,1140062,996
2026-10-05 11:48:12,system,14,8,6,,,0.2,0.0,2,8464,0.0
2026-10-05 11:48:13,flamesafe,0,0,0,5907,21
2026-10-05 11:48:13,engine,2,2,0,1920596,80
2026-10-05 11:48:13,deck,6,5,2,10058,36
2026-10-05 11:48:13,soak,2,0,2,34438,47
2026-10-05 11:48:13,BEYOND,6,2,5,706498,1366
2026-10-05 11:48:13,MadMapper,8,3,5,1140066,996
2026-10-05 11:48:13,system,14,6,8,,,0.8,0.2,4,8428,0.0
2026-10-05 11:48:14,flamesafe,0,0,0,5907,21
2026-10-05 11:48:14,engine,11,9,2,1933225,80
2026-10-05 11:48:14,deck,2,0,2,10058,36
2026-10-05 11:48:14,soak,2,2,0,34481,47
2026-10-05 11:48:14,BEYOND,9,3,6,706633,1366
2026-10-05 11:48:14,MadMapper,11,2,9,1140071,996
2026-10-05 11:48:14,system,13,6,8,,,0.2,0.2,2,8419,0.0
2026-10-05 11:48:15,flamesafe,0,0,0,5907,21
2026-10-05 11:48:15,engine,5,3,2,1933432,80
2026-10-05 11:48:15,deck,2,0,2,10058,36
2026-10-05 11:48:15,soak,2,2,0,34497,47
2026-10-05 11:48:15,BEYOND,9,2,8,706761,1366
2026-10-05 11:48:15,MadMapper,8,2,6,1140099,996
2026-10-05 11:48:15,system,10,6,4,,,0.0,0.2,2,8459,0.0
2026-10-05 11:48:16,flamesafe,0,0,0,5907,21
2026-10-05 11:48:16,engine,8,6,2,1933641,80
2026-10-05 11:48:16,deck,3,2,2,10058,36
2026-10-05 11:48:16,soak,0,0,0,34518,47
2026-10-05 11:48:16,BEYOND,9,8,2,706888,1366
2026-10-05 11:48:16,MadMapper,3,0,3,1140103,996
2026-10-05 11:48:16,system,8,6,2,,,0.0,0.2,2,8453,0.0
2026-10-05 11:48:17,flamesafe,5,5,0,5907,21
2026-10-05 11:48:17,engine,3,3,0,1933931,80
2026-10-05 11:48:17,deck,6,6,0,10058,36
2026-10-05 11:48:17,soak,0,0,0,34531,47
2026-10-05 11:48:17,BEYOND,8,2,6,707016,1366
2026-10-05 11:48:17,MadMapper,3,2,2,1140107,996
2026-10-05 11:48:17,system,10,7,3,,,0.2,0.2,2,8451,0.2
2026-10-05 11:48:18,flamesafe,2,2,0,5907,21
2026-10-05 11:48:18,engine,8,6,2,1946540,80
2026-10-05 11:48:18,deck,5,5,0,10058,36
2026-10-05 11:48:18,soak,3,2,2,34578,47
2026-10-05 11:48:18,BEYOND,14,3,11,707143,1366
2026-10-05 11:48:18,MadMapper,11,5,6,1140111,996
2026-10-05 11:48:18,system,12,7,6,,,0.0,0.0,0,8451,0.0
2026-10-05 11:48:19,flamesafe,0,0,0,5907,21
2026-10-05 11:48:19,engine,3,3,0,1946754,80
2026-10-05 11:48:19,deck,5,3,2,10058,36
2026-10-05 11:48:19,soak,2,0,2,34603,47
2026-10-05 11:48:19,BEYOND,14,0,14,707279,1366
2026-10-05 11:48:19,MadMapper,5,5,0,1140115,996
2026-10-05 11:48:19,system,7,4,3,,,0.4,0.0,2,8453,0.0
2026-10-05 11:48:20,flamesafe,2,0,2,5907,21
2026-10-05 11:48:20,engine,2,2,0,1946968,80
2026-10-05 11:48:20,deck,3,3,0,10058,36
2026-10-05 11:48:20,soak,0,0,0,34611,47
2026-10-05 11:48:20,BEYOND,17,2,16,707406,1366
2026-10-05 11:48:20,MadMapper,12,6,6,1140143,996
2026-10-05 11:48:20,system,8,3,4,,,0.0,0.0,0,8453,0.0
2026-10-05 11:48:21,flamesafe,0,0,0,5907,21
2026-10-05 11:48:21,engine,2,2,0,1947180,80
2026-10-05 11:48:21,deck,5,5,0,10058,36
2026-10-05 11:48:21,soak,0,0,0,34619,47
2026-10-05 11:48:21,BEYOND,12,5,8,707535,1366
2026-10-05 11:48:21,MadMapper,6,2,5,1140147,996
2026-10-05 11:48:21,system,8,4,4,,,0.0,0.2,2,8453,0.0
2026-10-05 11:48:22,flamesafe,0,0,0,5907,21
2026-10-05 11:48:22,engine,5,5,0,1947402,80
2026-10-05 11:48:22,deck,5,3,2,10058,36
2026-10-05 11:48:22,soak,2,2,0,34627,47
2026-10-05 11:48:22,BEYOND,12,2,11,707663,1366
2026-10-05 11:48:22,MadMapper,9,6,3,1140151,996
2026-10-05 11:48:22,system,8,5,2,,,0.2,0.0,2,8455,0.1
2026-10-05 11:48:23,flamesafe,5,5,0,5907,21
2026-10-05 11:48:23,engine,8,5,3,1947615,80
2026-10-05 11:48:23,deck,5,5,0,10058,36
2026-10-05 11:48:23,soak,2,2,0,34648,47
2026-10-05 11:48:23,BEYOND,11,2,9,707791,1366
2026-10-05 11:48:23,MadMapper,12,6,6,1140156,996
2026-10-05 11:48:23,system,9,5,4,,,0.0,0.4,2,8454,0.0
2026-10-05 11:48:24,flamesafe,2,2,0,5907,21
2026-10-05 11:48:24,engine,3,2,2,1960280,81
2026-10-05 11:48:24,deck,5,5,0,10058,36
2026-10-05 11:48:24,soak,0,0,0,34669,47
2026-10-05 11:48:24,BEYOND,14,2,12,707927,1366
2026-10-05 11:48:24,MadMapper,5,3,2,1140192,996
2026-10-05 11:48:24,system,9,5,4,,,0.4,0.0,3,8455,0.0
2026-10-05 11:48:25,flamesafe,5,3,2,5907,21
2026-10-05 11:48:25,engine,2,2,0,1960499,81
2026-10-05 11:48:25,deck,9,8,2,10058,36
2026-10-05 11:48:25,soak,2,0,2,34677,47
2026-10-05 11:48:25,BEYOND,11,0,11,708054,1366
2026-10-05 11:48:25,MadMapper,3,0,3,1140220,996
2026-10-05 11:48:25,system,8,5,3,,,0.0,0.4,2,8454,0.0
2026-10-05 11:48:26,flamesafe,0,0,0,5907,21
2026-10-05 11:48:26,engine,2,0,2,1960860,81
2026-10-05 11:48:26,deck,0,0,0,10058,36
2026-10-05 11:48:26,soak,2,2,0,34685,47
2026-10-05 11:48:26,BEYOND,11,2,9,708182,1366
2026-10-05 11:48:26,MadMapper,6,3,3,1140224,996
2026-10-05 11:48:26,system,7,4,3,,,0.6,0.0,3,8454,0.0
2026-10-05 11:48:27,flamesafe,2,2,0,5907,21
2026-10-05 11:48:27,engine,0,0,0,1961155,82
2026-10-05 11:48:27,deck,2,2,0,10058,36
2026-10-05 11:48:27,soak,2,2,0,34693,47
2026-10-05 11:48:27,BEYOND,14,3,11,708309,1366
2026-10-05 11:48:27,MadMapper,11,9,2,1140229,996
2026-10-05 11:48:27,system,7,5,2,,,0.2,0.2,2,8455,0.1
2026-10-05 11:48:28,flamesafe,0,0,0,5907,21
2026-10-05 11:48:28,engine,6,2,5,1973750,82
2026-10-05 11:48:28,deck,5,5,0,10058,36
2026-10-05 11:48:28,soak,3,0,3,34726,47
2026-10-05 11:48:28,BEYOND,16,3,12,708437,1366
2026-10-05 11:48:28,MadMapper,6,3,3,1140265,996
2026-10-05 11:48:28,system,14,5,9,,,0.4,0.2,2,8449,0.0
2026-10-05 11:48:29,flamesafe,2,2,0,5907,21
2026-10-05 11:48:29,engine,3,3,0,1973977,82
2026-10-05 11:48:29,deck,5,3,2,10058,36
2026-10-05 11:48:29,soak,0,0,0,34734,47
2026-10-05 11:48:29,BEYOND,8,2,6,708574,1366
2026-10-05 11:48:29,MadMapper,12,6,6,1140269,996
2026-10-05 11:48:29,system,8,5,3,,,0.2,0.2,3,8452,0.0
2026-10-05 11:48:30,flamesafe,3,3,0,5907,21
2026-10-05 11:48:30,engine,8,8,0,1974196,82
2026-10-05 11:48:30,deck,2,2,0,10058,36
2026-10-05 11:48:30,soak,2,0,2,34742,47
2026-10-05 11:48:30,BEYOND,11,5,6,708702,1366
2026-10-05 11:48:30,MadMapper,3,2,2,1140297,996
2026-10-05 11:48:30,system,9,4,5,,,0.2,0.4,3,8451,0.0
2026-10-05 11:48:31,flamesafe,2,2,0,5907,21
2026-10-05 11:48:31,engine,5,5,0,1974403,82
2026-10-05 11:48:31,deck,5,3,2,10058,36
2026-10-05 11:48:31,soak,3,3,0,34750,47
2026-10-05 11:48:31,BEYOND,19,6,12,708829,1366
2026-10-05 11:48:31,MadMapper,0,0,0,1140302,996
2026-10-05 11:48:31,system,10,6,5,,,0.4,0.2,3,8451,0.0
2026-10-05 11:48:32,flamesafe,3,3,0,5907,21
2026-10-05 11:48:32,engine,2,0,2,1974630,82
2026-10-05 11:48:32,deck,6,5,2,10058,36
2026-10-05 11:48:32,soak,2,0,2,34758,47
2026-10-05 11:48:32,BEYOND,8,3,5,708957,1366
2026-10-05 11:48:32,MadMapper,3,0,3,1140306,996
2026-10-05 11:48:32,system,5,4,2,,,0.2,0.0,2,8452,0.0
2026-10-05 11:48:33,flamesafe,2,2,0,5907,21
2026-10-05 11:48:33,engine,2,2,0,1974842,82
2026-10-05 11:48:33,deck,3,3,0,10058,36
2026-10-05 11:48:33,soak,9,3,6,34779,47
2026-10-05 11:48:33,BEYOND,14,8,6,709084,1366
2026-10-05 11:48:33,MadMapper,3,0,3,1140310,996
2026-10-05 11:48:33,system,10,6,4,,,0.0,0.0,0,8456,0.0
2026-10-05 11:48:34,flamesafe,0,0,0,5907,21
2026-10-05 11:48:34,engine,6,5,2,1987424,82
2026-10-05 11:48:34,deck,5,2,3,10058,36
2026-10-05 11:48:34,soak,3,3,0,34801,47
2026-10-05 11:48:34,BEYOND,17,2,16,709220,1366
2026-10-05 11:48:34,MadMapper,6,3,3,1140314,996
2026-10-05 11:48:34,system,8,5,4,,,0.0,0.0,0,8452,0.0
2026-10-05 11:48:35,flamesafe,0,0,0,5907,21
2026-10-05 11:48:35,engine,2,2,0,1987637,82
2026-10-05 11:48:35,deck,9,3,6,10058,36
2026-10-05 11:48:35,soak,3,3,0,34809,47
2026-10-05 11:48:35,BEYOND,11,3,8,709347,1366
2026-10-05 11:48:35,MadMapper,2,2,0,1140342,996
2026-10-05 11:48:35,system,6,4,2,,,0.0,0.0,0,8452,0.0
2026-10-05 11:48:36,flamesafe,2,2,0,5907,21
2026-10-05 11:48:36,engine,8,6,2,1987860,82
2026-10-05 11:48:36,deck,2,2,0,10058,36
2026-10-05 11:48:36,soak,2,2,0,34817,47
2026-10-05 11:48:36,BEYOND,17,5,12,709475,1366
2026-10-05 11:48:36,MadMapper,6,5,2,1140346,996
2026-10-05 11:48:36,system,9,6,3,,,0.0,0.0,0,8452,0.0
2026-10-05 11:48:37,flamesafe,2,2,0,5907,21
2026-10-05 11:48:37,engine,8,5,3,1988078,82
2026-10-05 11:48:37,deck,3,3,0,10058,36
2026-10-05 11:48:37,soak,2,2,0,34825,47
2026-10-05 11:48:37,BEYOND,17,3,14,709602,1366
2026-10-05 11:48:37,MadMapper,5,2,3,1140350,996
2026-10-05 11:48:37,system,9,5,4,,,0.4,0.0,2,8452,0.0
2026-10-05 11:48:38,flamesafe,0,0,0,5907,21
2026-10-05 11:48:38,engine,0,0,0,2000655,82
2026-10-05 11:48:38,deck,2,2,0,10058,36
2026-10-05 11:48:38,soak,9,5,5,34860,47
2026-10-05 11:48:38,BEYOND,23,12,11,709732,1366
2026-10-05 11:48:38,MadMapper,14,3,11,1140354,996
2026-10-05 11:48:38,system,13,7,6,,,0.0,0.4,2,8451,0.0
2026-10-05 11:48:39,flamesafe,2,2,0,5907,21
2026-10-05 11:48:39,engine,2,2,0,2000868,82
2026-10-05 11:48:39,deck,2,0,2,10058,36
2026-10-05 11:48:39,soak,3,3,0,34868,47
2026-10-05 11:48:39,BEYOND,15,5,11,709859,1366
2026-10-05 11:48:39,MadMapper,12,8,5,1140358,996
2026-10-05 11:48:39,system,8,5,2,,,0.0,0.0,0,8453,0.0
2026-10-05 11:48:40,flamesafe,0,0,0,5907,21
2026-10-05 11:48:40,engine,6,5,2,2001079,82
2026-10-05 11:48:40,deck,3,3,0,10058,36
2026-10-05 11:48:40,soak,2,2,0,34876,47
2026-10-05 11:48:40,BEYOND,11,5,6,709995,1366
2026-10-05 11:48:40,MadMapper,2,2,0,1140423,996
2026-10-05 11:48:40,system,9,6,3,,,0.2,0.2,3,8453,0.0
2026-10-05 11:48:41,flamesafe,2,2,0,5907,21
2026-10-05 11:48:41,engine,2,2,0,2001362,82
2026-10-05 11:48:41,deck,3,0,3,10058,36
2026-10-05 11:48:41,soak,3,2,2,34884,47
2026-10-05 11:48:41,BEYOND,19,2,17,710123,1366
2026-10-05 11:48:41,MadMapper,11,0,11,1140471,996
2026-10-05 11:48:41,system,8,3,5,,,0.4,0.0,2,8452,0.0
2026-10-05 11:48:42,flamesafe,0,0,0,5907,21
2026-10-05 11:48:42,engine,2,2,0,2001593,82
2026-10-05 11:48:42,deck,5,5,0,10058,36
2026-10-05 11:48:42,soak,0,0,0,34892,47
2026-10-05 11:48:42,BEYOND,16,5,11,710250,1366
2026-10-05 11:48:42,MadMapper,6,5,2,1140475,996
2026-10-05 11:48:42,system,7,4,2,,,0.0,0.0,0,8452,0.0
2026-10-05 11:48:43,flamesafe,3,3,0,5907,21
2026-10-05 11:48:43,engine,2,2,0,2001804,82
2026-10-05 11:48:43,deck,6,5,2,10058,36
2026-10-05 11:48:43,soak,3,3,0,34929,47
2026-10-05 11:48:43,BEYOND,9,2,8,710378,1366
2026-10-05 11:48:43,MadMapper,6,3,3,1140479,996
2026-10-05 11:48:43,system,13,6,6,,,0.6,0.0,2,8453,0.0
2026-10-05 11:48:44,flamesafe,0,0,0,5907,21
2026-10-05 11:48:44,engine,6,3,3,2014465,83
2026-10-05 11:48:44,deck,3,3,0,10058,36
2026-10-05 11:48:44,soak,5,5,0,34938,47
2026-10-05 11:48:44,BEYOND,3,0,3,710505,1366
2026-10-05 11:48:44,MadMapper,5,3,2,1140484,996
2026-10-05 11:48:44,system,8,5,2,,,0.4,0.2,3,8446,0.0
2026-10-05 11:48:45,flamesafe,0,0,0,5907,21
2026-10-05 11:48:45,engine,2,2,0,2014680,83
2026-10-05 11:48:45,deck,3,3,0,10058,36
2026-10-05 11:48:45,soak,3,3,0,34946,47
2026-10-05 11:48:45,BEYOND,8,5,3,710643,1366
2026-10-05 11:48:45,MadMapper,11,3,8,1140513,996
2026-10-05 11:48:45,system,7,4,2,,,0.0,0.2,2,8446,0.0
2026-10-05 11:48:46,flamesafe,2,2,0,5907,21
2026-10-05 11:48:46,engine,0,0,0,2014906,83
2026-10-05 11:48:46,deck,9,8,2,10058,36
2026-10-05 11:48:46,soak,2,2,0,34954,47
2026-10-05 11:48:46,BEYOND,11,3,8,710770,1366
2026-10-05 11:48:46,MadMapper,8,6,2,1140517,996
2026-10-05 11:48:46,system,7,5,2,,,0.0,0.2,2,8446,0.0
2026-10-05 11:48:47,flamesafe,2,2,0,5907,21
2026-10-05 11:48:47,engine,2,2,0,2015124,83
2026-10-05 11:48:47,deck,9,8,2,10058,36
2026-10-05 11:48:47,soak,0,0,0,34962,47
2026-10-05 11:48:47,BEYOND,6,0,6,710898,1366
2026-10-05 11:48:47,MadMapper,8,2,6,1140521,996
2026-10-05 11:48:47,system,7,4,3,,,0.2,0.0,2,8448,0.0
2026-10-05 11:48:48,flamesafe,0,0,0,5907,21
2026-10-05 11:48:48,engine,5,3,2,2027705,83
2026-10-05 11:48:48,deck,5,5,0,10058,36
2026-10-05 11:48:48,soak,3,2,2,35070,46
2026-10-05 11:48:48,BEYOND,9,0,9,711025,1366
2026-10-05 11:48:48,MadMapper,12,5,8,1140526,996
2026-10-05 11:48:48,system,12,5,7,,,0.2,0.0,2,8448,0.0
2026-10-05 11:48:49,flamesafe,0,0,0,5907,21
2026-10-05 11:48:49,engine,6,5,2,2027927,83
2026-10-05 11:48:49,deck,2,0,2,10058,36
2026-10-05 11:48:49,soak,0,0,0,35079,46
2026-10-05 11:48:49,BEYOND,14,2,12,711153,1366
2026-10-05 11:48:49,MadMapper,5,5,0,1140530,996
2026-10-05 11:48:49,system,8,4,4,,,0.8,0.0,6,8449,0.0
2026-10-05 11:48:50,flamesafe,2,2,0,5907,21
2026-10-05 11:48:50,engine,5,0,5,2028139,83
2026-10-05 11:48:50,deck,6,3,3,10058,36
2026-10-05 11:48:50,soak,0,0,0,35111,46
2026-10-05 11:48:50,BEYOND,15,5,11,711288,1366
2026-10-05 11:48:50,MadMapper,8,3,5,1140559,996
2026-10-05 11:48:50,system,9,4,4,,,0.2,0.0,2,8449,0.0
2026-10-05 11:48:51,flamesafe,3,3,0,5907,21
2026-10-05 11:48:51,engine,2,2,0,2028354,83
2026-10-05 11:48:51,deck,3,3,0,10058,36
2026-10-05 11:48:51,soak,2,2,0,35119,46
2026-10-05 11:48:51,BEYOND,14,2,12,711416,1366
2026-10-05 11:48:51,MadMapper,9,6,3,1140563,996
2026-10-05 11:48:51,system,8,5,3,,,0.6,0.0,2,8449,0.0
2026-10-05 11:48:52,flamesafe,5,5,0,5907,21
2026-10-05 11:48:52,engine,2,2,0,2028556,83
2026-10-05 11:48:52,deck,3,3,0,10058,36
2026-10-05 11:48:52,soak,5,3,2,35141,46
2026-10-05 11:48:52,BEYOND,12,2,11,711545,1366
2026-10-05 11:48:52,MadMapper,11,6,5,1140568,996
2026-10-05 11:48:52,system,9,5,4,,,0.4,0.0,2,8450,0.0
2026-10-05 11:48:53,flamesafe,5,0,5,5907,21
2026-10-05 11:48:53,engine,12,12,0,2041140,83
2026-10-05 11:48:53,deck,11,9,2,10058,36
2026-10-05 11:48:53,soak,2,2,0,35199,46
2026-10-05 11:48:53,BEYOND,20,5,16,711673,1366
2026-10-05 11:48:53,MadMapper,11,6,5,1140572,996
2026-10-05 11:48:53,system,14,7,6,,,0.2,0.0,2,8449,0.0
2026-10-05 11:48:54,flamesafe,0,0,0,5915,21
2026-10-05 11:48:54,engine,2,2,0,2041351,83
2026-10-05 11:48:54,deck,0,0,0,10058,36
2026-10-05 11:48:54,soak,5,5,0,35207,46
2026-10-05 11:48:54,BEYOND,19,3,16,711800,1366
2026-10-05 11:48:54,MadMapper,8,6,2,1140576,996
2026-10-05 11:48:54,system,9,5,3,,,0.2,0.0,2,8469,0.0
2026-10-05 11:48:55,flamesafe,2,2,0,5915,21
2026-10-05 11:48:55,engine,3,2,2,2041562,83
2026-10-05 11:48:55,deck,3,3,0,10058,36
2026-10-05 11:48:55,soak,3,3,0,35216,46
2026-10-05 11:48:55,BEYOND,14,0,14,711936,1366
2026-10-05 11:48:55,MadMapper,6,2,5,1140604,996
2026-10-05 11:48:55,system,8,3,5,,,0.2,0.8,3,8469,0.0
2026-10-05 11:48:56,flamesafe,2,2,0,5915,21
2026-10-05 11:48:56,engine,12,12,0,2041780,83
2026-10-05 11:48:56,deck,0,0,0,10066,36
2026-10-05 11:48:56,soak,5,5,0,35240,46
2026-10-05 11:48:56,BEYOND,12,6,6,712064,1366
2026-10-05 11:48:56,MadMapper,9,8,2,1140608,996
2026-10-05 11:48:56,system,10,8,2,,,0.0,0.0,0,8470,0.0
2026-10-05 11:48:57,flamesafe,2,2,0,5915,21
2026-10-05 11:48:57,engine,8,8,0,2042010,83
2026-10-05 11:48:57,deck,3,3,0,10066,36
2026-10-05 11:48:57,soak,2,2,0,35248,46
2026-10-05 11:48:57,BEYOND,25,5,20,712191,1366
2026-10-05 11:48:57,MadMapper,12,6,6,1140614,996
2026-10-05 11:48:57,system,12,7,5,,,0.4,0.6,4,8461,0.0
2026-10-05 11:48:58,flamesafe,5,3,2,5915,21
2026-10-05 11:48:58,engine,3,2,2,2054694,84
2026-10-05 11:48:58,deck,6,6,0,10066,36
2026-10-05 11:48:58,soak,6,3,3,35287,46
2026-10-05 11:48:58,BEYOND,12,5,8,712319,1366
2026-10-05 11:48:58,MadMapper,12,11,2,1140650,996
2026-10-05 11:48:58,system,16,8,8,,,0.2,0.4,3,8462,0.0
2026-10-05 11:48:59,flamesafe,2,2,0,5915,21
2026-10-05 11:48:59,engine,6,6,0,2054985,84
2026-10-05 11:48:59,deck,6,6,0,10066,36
2026-10-05 11:48:59,soak,3,0,3,35296,46
2026-10-05 11:48:59,BEYOND,20,8,12,712448,1366
2026-10-05 11:48:59,MadMapper,12,3,9,1140687,996
2026-10-05 11:48:59,system,11,6,5,,,0.4,0.2,3,8454,0.0
2026-10-05 11:49:00,flamesafe,0,0,0,5915,21
2026-10-05 11:49:00,engine,3,2,2,2055204,84
2026-10-05 11:49:00,deck,5,3,2,10066,36
2026-10-05 11:49:00,soak,3,3,0,35304,46
2026-10-05 11:49:00,BEYOND,12,3,9,712584,1366
2026-10-05 11:49:00,MadMapper,16,9,6,1140717,996
2026-10-05 11:49:00,system,8,6,3,,,0.0,0.0,0,8455,0.0
2026-10-05 11:49:01,flamesafe,2,2,0,5915,21
2026-10-05 11:49:01,engine,8,8,0,2055417,84
2026-10-05 11:49:01,deck,2,0,2,10066,36
2026-10-05 11:49:01,soak,2,2,0,35312,46
2026-10-05 11:49:01,BEYOND,29,3,26,712711,1366
2026-10-05 11:49:01,MadMapper,14,8,6,1140722,996
2026-10-05 11:49:01,system,11,5,6,,,0.4,0.0,3,8457,0.0
2026-10-05 11:49:02,flamesafe,0,0,0,5915,21
2026-10-05 11:49:02,engine,2,0,2,2055641,84
2026-10-05 11:49:02,deck,6,3,3,10066,36
2026-10-05 11:49:02,soak,5,2,3,35320,46
2026-10-05 11:49:02,BEYOND,5,0,5,712839,1366
2026-10-05 11:49:02,MadMapper,8,2,6,1140726,996
2026-10-05 11:49:02,system,7,4,3,,,0.0,0.0,0,8457,0.0
2026-10-05 11:49:03,flamesafe,2,2,0,5915,21
2026-10-05 11:49:03,engine,8,3,5,2068250,84
2026-10-05 11:49:03,deck,5,3,2,10066,36
2026-10-05 11:49:03,soak,2,2,0,35357,46
2026-10-05 11:49:03,BEYOND,14,2,12,712966,1366
2026-10-05 11:49:03,MadMapper,5,2,3,1140730,996
2026-10-05 11:49:03,system,12,5,7,,,0.2,0.2,2,8456,0.0
2026-10-05 11:49:04,flamesafe,0,0,0,5915,21
2026-10-05 11:49:04,engine,5,3,2,2068472,84
2026-10-05 11:49:04,deck,8,6,2,10066,36
2026-10-05 11:49:04,soak,3,3,0,35365,46
2026-10-05 11:49:04,BEYOND,9,3,6,713094,1366
2026-10-05 11:49:04,MadMapper,6,3,3,1140734,996
2026-10-05 11:49:04,system,8,6,2,,,0.0,0.0,0,8465,0.0
2026-10-05 11:49:05,flamesafe,6,6,0,5915,21
2026-10-05 11:49:05,engine,8,5,3,2068684,84
2026-10-05 11:49:05,deck,9,8,2,10066,36
2026-10-05 11:49:05,soak,2,0,2,35373,46
2026-10-05 11:49:05,BEYOND,14,0,14,713229,1366
2026-10-05 11:49:05,MadMapper,17,8,9,1140763,996
2026-10-05 11:49:05,system,10,5,5,,,0.6,0.0,2,8465,0.0
2026-10-05 11:49:06,flamesafe,3,3,0,5915,21
2026-10-05 11:49:06,engine,3,3,0,2068901,84
2026-10-05 11:49:06,deck,6,3,3,10066,36
2026-10-05 11:49:06,soak,2,2,0,35381,46
2026-10-05 11:49:06,BEYOND,9,0,9,713357,1366
2026-10-05 11:49:06,MadMapper,16,5,11,1140768,996
2026-10-05 11:49:06,system,10,5,4,,,0.2,0.0,2,8465,0.0
2026-10-05 11:49:07,flamesafe,0,0,0,5915,21
2026-10-05 11:49:07,engine,3,2,2,2069112,84
2026-10-05 11:49:07,deck,9,8,2,10066,36
2026-10-05 11:49:07,soak,3,2,2,35389,46
2026-10-05 11:49:07,BEYOND,14,3,11,713484,1366
2026-10-05 11:49:07,MadMapper,6,3,3,1140772,996
2026-10-05 11:49:07,system,10,5,4,,,0.0,0.4,3,8465,0.0
2026-10-05 11:49:08,flamesafe,0,0,0,5915,21
2026-10-05 11:49:08,engine,8,6,2,2081717,84
2026-10-05 11:49:08,deck,8,5,3,10066,36
2026-10-05 11:49:08,soak,5,3,2,35424,46
2026-10-05 11:49:08,BEYOND,18,5,14,713614,1366
2026-10-05 11:49:08,MadMapper,14,6,8,1140776,996
2026-10-05 11:49:08,system,13,6,7,,,0.0,0.4,3,8464,0.0
2026-10-05 11:49:09,flamesafe,0,0,0,5915,21
2026-10-05 11:49:09,engine,5,3,2,2081919,84
2026-10-05 11:49:09,deck,5,5,0,10066,36
2026-10-05 11:49:09,soak,2,0,2,35432,46
2026-10-05 11:49:09,BEYOND,22,6,16,713741,1366
2026-10-05 11:49:09,MadMapper,5,2,3,1140780,996
2026-10-05 11:49:09,system,9,5,4,,,0.0,0.8,6,8465,0.0
2026-10-05 11:49:10,flamesafe,0,0,0,5915,21
2026-10-05 11:49:10,engine,6,3,3,2082142,84
2026-10-05 11:49:10,deck,9,5,5,10066,36
2026-10-05 11:49:10,soak,2,2,0,35440,46
2026-10-05 11:49:10,BEYOND,9,0,9,713877,1366
2026-10-05 11:49:10,MadMapper,8,0,8,1140856,996
2026-10-05 11:49:10,system,10,5,5,,,0.4,0.6,3,8466,0.0
2026-10-05 11:49:11,flamesafe,0,0,0,5915,21
2026-10-05 11:49:11,engine,0,0,0,2082356,84
2026-10-05 11:49:11,deck,3,3,0,10066,36
2026-10-05 11:49:11,soak,3,3,0,35448,46
2026-10-05 11:49:11,BEYOND,11,0,11,714005,1366
2026-10-05 11:49:11,MadMapper,5,3,2,1140860,996
2026-10-05 11:49:11,system,8,5,3,,,0.0,0.6,3,8465,0.0
2026-10-05 11:49:12,flamesafe,0,0,0,5915,21
2026-10-05 11:49:12,engine,9,6,3,2082646,85
2026-10-05 11:49:12,deck,2,0,2,10066,36
2026-10-05 11:49:12,soak,0,0,0,35456,46
2026-10-05 11:49:12,BEYOND,9,2,8,714132,1366
2026-10-05 11:49:12,MadMapper,2,2,0,1140864,996
2026-10-05 11:49:12,system,7,4,2,,,0.2,0.0,2,8466,0.0
2026-10-05 11:49:13,flamesafe,5,2,3,5915,21
2026-10-05 11:49:13,engine,9,3,6,2095250,85
2026-10-05 11:49:13,deck,3,3,0,10066,36
2026-10-05 11:49:13,soak,6,3,3,35492,47
2026-10-05 11:49:13,BEYOND,11,5,6,714260,1366
2026-10-05 11:49:13,MadMapper,6,5,2,1140868,996
2026-10-05 11:49:13,system,14,7,7,,,0.8,0.0,3,8473,0.0
2026-10-05 11:49:14,flamesafe,5,5,0,5915,21
2026-10-05 11:49:14,engine,6,5,2,2095478,85
2026-10-05 11:49:14,deck,5,5,0,10066,36
2026-10-05 11:49:14,soak,3,3,0,35500,47
2026-10-05 11:49:14,BEYOND,5,0,5,714387,1366
2026-10-05 11:49:14,MadMapper,14,8,6,1140873,996
2026-10-05 11:49:14,system,9,5,3,,,0.4,0.0,2,8468,0.0
2026-10-05 11:49:15,flamesafe,3,3,0,5915,21
2026-10-05 11:49:15,engine,3,3,0,2095700,85
2026-10-05 11:49:15,deck,3,2,2,10066,36
2026-10-05 11:49:15,soak,0,0,0,35508,47
2026-10-05 11:49:15,BEYOND,6,0,6,714517,1366
2026-10-05 11:49:15,MadMapper,6,5,2,1140933,996
2026-10-05 11:49:15,system,7,6,2,,,0.2,0.0,2,8469,0.0
2026-10-05 11:49:16,flamesafe,2,2,0,5915,21
2026-10-05 11:49:16,engine,3,2,2,2095897,85
2026-10-05 11:49:16,deck,2,2,0,10066,36
2026-10-05 11:49:16,soak,6,5,2,35616,46
2026-10-05 11:49:16,BEYOND,12,5,8,714652,1366
2026-10-05 11:49:16,MadMapper,12,2,11,1140937,996
2026-10-05 11:49:16,system,22,13,9,,,0.8,0.0,4,8325,0.0
2026-10-05 11:49:17,flamesafe,0,0,0,5915,21
2026-10-05 11:49:17,engine,8,6,2,2096121,85
2026-10-05 11:49:17,deck,8,5,3,10066,36
2026-10-05 11:49:17,soak,2,2,0,35629,46
2026-10-05 11:49:17,BEYOND,11,2,9,714778,1366
2026-10-05 11:49:17,MadMapper,11,8,3,1140941,996
2026-10-05 11:49:17,system,13,7,6,,,0.0,0.8,6,8311,0.0
2026-10-05 11:49:18,flamesafe,3,3,0,5915,21
2026-10-05 11:49:18,engine,8,6,2,2108730,85
2026-10-05 11:49:18,deck,12,11,2,10066,36
2026-10-05 11:49:18,soak,2,2,0,35703,46
2026-10-05 11:49:18,BEYOND,8,2,6,714905,1366
2026-10-05 11:49:18,MadMapper,6,5,2,1140945,996
2026-10-05 11:49:18,system,25,14,10,,,0.8,0.4,4,8440,0.0
2026-10-05 11:49:19,flamesafe,0,0,0,5915,21
2026-10-05 11:49:19,engine,5,5,0,2108936,85
2026-10-05 11:49:19,deck,6,5,2,10066,36
2026-10-05 11:49:19,soak,3,3,0,35707,46
2026-10-05 11:49:19,BEYOND,12,5,8,715035,1366
2026-10-05 11:49:19,MadMapper,6,2,5,1140950,996
2026-10-05 11:49:19,system,10,6,4,,,0.2,0.0,2,8438,0.0
2026-10-05 11:49:20,flamesafe,2,2,0,5915,21
2026-10-05 11:49:20,engine,3,3,0,2109145,85
2026-10-05 11:49:20,deck,5,5,0,10066,36
2026-10-05 11:49:20,soak,2,2,0,35715,46
2026-10-05 11:49:20,BEYOND,8,2,6,715162,1366
2026-10-05 11:49:20,MadMapper,2,0,2,1140982,996
2026-10-05 11:49:20,system,6,4,2,,,0.4,0.0,3,8429,0.0
2026-10-05 11:49:21,flamesafe,0,0,0,5915,21
2026-10-05 11:49:21,engine,5,3,2,2109361,85
2026-10-05 11:49:21,deck,2,2,0,10066,36
2026-10-05 11:49:21,soak,2,2,0,35745,46
2026-10-05 11:49:21,BEYOND,9,3,6,715298,1366
2026-10-05 11:49:21,MadMapper,2,0,2,1140986,996
2026-10-05 11:49:21,system,11,6,5,,,0.0,0.4,3,8462,0.0
2026-10-05 11:49:22,flamesafe,2,2,0,5915,21
2026-10-05 11:49:22,engine,5,2,3,2109582,85
2026-10-05 11:49:22,deck,8,8,0,10066,36
2026-10-05 11:49:22,soak,3,2,2,35765,46
2026-10-05 11:49:22,BEYOND,18,3,16,715425,1366
2026-10-05 11:49:22,MadMapper,3,2,2,1140990,996
2026-10-05 11:49:22,system,8,4,4,,,0.2,0.0,2,8466,0.0
2026-10-05 11:49:23,flamesafe,2,2,0,5915,21
2026-10-05 11:49:23,engine,5,5,0,2122192,85
2026-10-05 11:49:23,deck,5,5,0,10066,36
2026-10-05 11:49:23,soak,6,3,3,35815,46
2026-10-05 11:49:23,BEYOND,11,2,9,715555,1366
2026-10-05 11:49:23,MadMapper,6,3,3,1141123,997
2026-10-05 11:49:23,system,11,6,6,,,1.0,0.4,4,8465,0.0
2026-10-05 11:49:24,flamesafe,2,2,0,5915,21
2026-10-05 11:49:24,engine,2,2,0,2122406,85
2026-10-05 11:49:24,deck,2,2,0,10066,36
2026-10-05 11:49:24,soak,0,0,0,35823,46
2026-10-05 11:49:24,BEYOND,23,5,19,715682,1366
2026-10-05 11:49:24,MadMapper,6,2,5,1141127,997
2026-10-05 11:49:24,system,7,3,4,,,0.4,0.0,2,8466,0.0
2026-10-05 11:49:25,flamesafe,0,0,0,5915,21
2026-10-05 11:49:25,engine,0,0,0,2122626,85
2026-10-05 11:49:25,deck,2,0,2,10066,36
2026-10-05 11:49:25,soak,0,0,0,35835,46
2026-10-05 11:49:25,BEYOND,11,0,11,715810,1366
2026-10-05 11:49:25,MadMapper,6,0,6,1141155,996
2026-10-05 11:49:25,system,6,2,4,,,0.6,0.0,2,8467,0.0
2026-10-05 11:49:26,flamesafe,0,0,0,5915,21
2026-10-05 11:49:26,engine,3,2,2,2122847,85
2026-10-05 11:49:26,deck,3,3,0,10066,36
2026-10-05 11:49:26,soak,0,0,0,35843,46
2026-10-05 11:49:26,BEYOND,19,3,16,715946,1366
2026-10-05 11:49:26,MadMapper,5,3,2,1141159,996
2026-10-05 11:49:26,system,6,2,4,,,0.4,0.0,3,8467,0.0
2026-10-05 11:49:27,flamesafe,0,0,0,5915,21
2026-10-05 11:49:27,engine,3,3,0,2123065,85
2026-10-05 11:49:27,deck,6,6,0,10066,36
2026-10-05 11:49:27,soak,2,2,0,35851,46
2026-10-05 11:49:27,BEYOND,18,3,16,716073,1366
2026-10-05 11:49:27,MadMapper,6,6,0,1141163,996
2026-10-05 11:49:27,system,9,6,3,,,0.2,0.0,2,8467,0.0
2026-10-05 11:49:28,flamesafe,0,0,0,5915,21
2026-10-05 11:49:28,engine,8,6,2,2135671,85
2026-10-05 11:49:28,deck,3,3,0,10066,36
2026-10-05 11:49:28,soak,2,0,2,35885,46
2026-10-05 11:49:28,BEYOND,23,5,19,716201,1366
2026-10-05 11:49:28,MadMapper,11,5,6,1141167,996
2026-10-05 11:49:28,system,15,7,8,,,0.4,0.2,2,8476,0.0
2026-10-05 11:49:29,flamesafe,2,2,0,5915,21
2026-10-05 11:49:29,engine,5,5,0,2135895,85
2026-10-05 11:49:29,deck,6,6,0,10066,36
2026-10-05 11:49:29,soak,2,0,2,35904,46
2026-10-05 11:49:29,BEYOND,8,2,6,716328,1366
2026-10-05 11:49:29,MadMapper,2,0,2,1141171,996
2026-10-05 11:49:29,system,6,4,2,,,0.0,0.2,2,8467,0.0
2026-10-05 11:49:30,flamesafe,3,3,0,5915,21
2026-10-05 11:49:30,engine,8,5,3,2136112,85
2026-10-05 11:49:30,deck,5,5,0,10066,36
2026-10-05 11:49:30,soak,0,0,0,35912,46
2026-10-05 11:49:30,BEYOND,17,6,11,716458,1366
2026-10-05 11:49:30,MadMapper,5,2,3,1141231,997
2026-10-05 11:49:30,system,8,4,4,,,0.0,0.0,0,8467,0.0
2026-10-05 11:49:31,flamesafe,3,3,0,5915,21
2026-10-05 11:49:31,engine,6,3,3,2136332,85
2026-10-05 11:49:31,deck,5,5,0,10066,36
2026-10-05 11:49:31,soak,0,0,0,35920,46
2026-10-05 11:49:31,BEYOND,9,6,3,716593,1366
2026-10-05 11:49:31,MadMapper,11,9,2,1141235,997
2026-10-05 11:49:31,system,8,6,2,,,0.0,0.2,2,8468,0.0
2026-10-05 11:49:32,flamesafe,0,0,0,5915,21
2026-10-05 11:49:32,engine,0,0,0,2136564,86
2026-10-05 11:49:32,deck,2,2,0,10066,36
2026-10-05 11:49:32,soak,3,2,2,35929,46
2026-10-05 11:49:32,BEYOND,16,3,12,716721,1366
2026-10-05 11:49:32,MadMapper,3,2,2,1141240,997
2026-10-05 11:49:32,system,6,3,3,,,0.6,0.0,4,8467,0.0
2026-10-05 11:49:33,flamesafe,2,2,0,5915,21
2026-10-05 11:49:33,engine,5,2,3,2149202,86
2026-10-05 11:49:33,deck,8,5,3,10066,36
2026-10-05 11:49:33,soak,8,5,3,35961,46
2026-10-05 11:49:33,BEYOND,11,0,11,716848,1366
2026-10-05 11:49:33,MadMapper,3,3,0,1141244,997
2026-10-05 11:49:33,system,11,5,6,,,0.0,0.0,0,8466,0.0
2026-10-05 11:49:34,flamesafe,0,0,0,5915,21
2026-10-05 11:49:34,engine,2,2,0,2149494,86
2026-10-05 11:49:34,deck,6,3,3,10066,36
2026-10-05 11:49:34,soak,2,2,0,35969,46
2026-10-05 11:49:34,BEYOND,9,2,8,716976,1366
2026-10-05 11:49:34,MadMapper,6,3,3,1141248,997
2026-10-05 11:49:34,system,6,3,3,,,0.2,0.4,2,8466,0.0
2026-10-05 11:49:35,flamesafe,0,0,0,5915,21
2026-10-05 11:49:35,engine,2,2,0,2149712,86
2026-10-05 11:49:35,deck,0,0,0,10066,36
2026-10-05 11:49:35,soak,0,0,0,35977,46
2026-10-05 11:49:35,BEYOND,16,3,12,717103,1366
2026-10-05 11:49:35,MadMapper,11,6,5,1141276,997
2026-10-05 11:49:35,system,7,3,4,,,0.2,0.4,4,8466,0.0
2026-10-05 11:49:36,flamesafe,0,0,0,5915,21
2026-10-05 11:49:36,engine,6,5,2,2149927,86
2026-10-05 11:49:36,deck,0,0,0,10066,36
2026-10-05 11:49:36,soak,0,0,0,35985,46
2026-10-05 11:49:36,BEYOND,11,3,8,717250,1366
2026-10-05 11:49:36,MadMapper,6,5,2,1141280,996
2026-10-05 11:49:36,system,7,4,3,,,0.0,0.0,0,8467,0.0
2026-10-05 11:49:37,flamesafe,2,2,0,5915,21
2026-10-05 11:49:37,engine,2,2,0,2150152,86
2026-10-05 11:49:37,deck,0,0,0,10066,36
2026-10-05 11:49:37,soak,2,2,0,35993,46
2026-10-05 11:49:37,BEYOND,12,2,11,717377,1366
2026-10-05 11:49:37,MadMapper,3,0,3,1141285,996
2026-10-05 11:49:37,system,6,4,2,,,0.4,0.0,3,8467,0.0
2026-10-05 11:49:38,flamesafe,2,2,0,5915,21
2026-10-05 11:49:38,engine,2,2,0,2162757,86
2026-10-05 11:49:38,deck,3,2,2,10066,36
2026-10-05 11:49:38,soak,5,3,2,36027,46
2026-10-05 11:49:38,BEYOND,12,2,11,717507,1366
2026-10-05 11:49:38,MadMapper,3,2,2,1141289,996
2026-10-05 11:49:38,system,11,4,7,,,0.0,0.0,0,8467,0.0
2026-10-05 11:49:39,flamesafe,3,3,0,5915,21
2026-10-05 11:49:39,engine,0,0,0,2162982,86
2026-10-05 11:49:39,deck,8,6,2,10066,36
2026-10-05 11:49:39,soak,0,0,0,36035,46
2026-10-05 11:49:39,BEYOND,11,3,8,717639,1366
2026-10-05 11:49:39,MadMapper,6,5,2,1141293,996
2026-10-05 11:49:39,system,7,4,3,,,0.4,0.4,3,8467,0.0
2026-10-05 11:49:40,flamesafe,2,2,0,5915,21
2026-10-05 11:49:40,engine,8,8,0,2163196,86
2026-10-05 11:49:40,deck,2,2,0,10066,36
2026-10-05 11:49:40,soak,0,0,0,36044,46
2026-10-05 11:49:40,BEYOND,12,5,8,717769,1366
2026-10-05 11:49:40,MadMapper,12,8,5,1141370,996
2026-10-05 11:49:40,system,8,5,3,,,0.0,0.4,2,8467,0.0
2026-10-05 11:49:41,flamesafe,2,2,0,5915,21
2026-10-05 11:49:41,engine,3,3,0,2163412,86
2026-10-05 11:49:41,deck,3,2,2,10066,36
2026-10-05 11:49:41,soak,2,2,0,36052,46
2026-10-05 11:49:41,BEYOND,8,0,8,717896,1366
2026-10-05 11:49:41,MadMapper,6,2,5,1141376,996
2026-10-05 11:49:41,system,5,3,2,,,0.2,0.0,2,8467,0.0
2026-10-05 11:49:42,flamesafe,0,0,0,5915,21
2026-10-05 11:49:42,engine,5,3,2,2163645,86
2026-10-05 11:49:42,deck,11,8,3,10066,36
2026-10-05 11:49:42,soak,0,0,0,36060,46
2026-10-05 11:49:42,BEYOND,6,0,6,718032,1366
2026-10-05 11:49:42,MadMapper,2,2,0,1141380,996
2026-10-05 11:49:42,system,6,4,2,,,0.2,0.2,3,8468,0.0
2026-10-05 11:49:43,flamesafe,0,0,0,5915,21
2026-10-05 11:49:43,engine,8,5,3,2176257,87
2026-10-05 11:49:43,deck,3,3,0,10066,36
2026-10-05 11:49:43,soak,3,0,3,36174,47
2026-10-05 11:49:43,BEYOND,8,5,3,718160,1366
2026-10-05 11:49:43,MadMapper,12,5,8,1141384,996
2026-10-05 11:49:43,system,12,7,5,,,0.4,0.0,2,8468,0.0
2026-10-05 11:49:44,flamesafe,0,0,0,5915,21
2026-10-05 11:49:44,engine,3,2,2,2176492,87
2026-10-05 11:49:44,deck,9,9,0,10066,36
2026-10-05 11:49:44,soak,0,0,0,36182,47
2026-10-05 11:49:44,BEYOND,12,3,9,718287,1366
2026-10-05 11:49:44,MadMapper,9,3,6,1141388,996
2026-10-05 11:49:44,system,10,6,4,,,0.0,0.0,0,8465,0.0
2026-10-05 11:49:45,flamesafe,0,0,0,5915,21
2026-10-05 11:49:45,engine,2,2,0,2176703,87
2026-10-05 11:49:45,deck,6,2,5,10066,36
2026-10-05 11:49:45,soak,0,0,0,36190,47
2026-10-05 11:49:45,BEYOND,6,0,6,718415,1366
2026-10-05 11:49:45,MadMapper,3,3,0,1141416,996
2026-10-05 11:49:45,system,5,3,2,,,0.0,0.2,2,8466,0.0
2026-10-05 11:49:46,flamesafe,0,0,0,5915,21
2026-10-05 11:49:46,engine,8,6,2,2176983,87
2026-10-05 11:49:46,deck,3,3,0,10066,36
2026-10-05 11:49:46,soak,2,0,2,36198,47
2026-10-05 11:49:46,BEYOND,11,0,11,718544,1366
2026-10-05 11:49:46,MadMapper,2,0,2,1141420,996
2026-10-05 11:49:46,system,6,4,2,,,0.2,0.2,2,8466,0.0
2026-10-05 11:49:47,flamesafe,0,0,0,5915,21
2026-10-05 11:49:47,engine,2,0,2,2177205,87
2026-10-05 11:49:47,deck,3,3,0,10066,36
2026-10-05 11:49:47,soak,0,0,0,36206,47
2026-10-05 11:49:47,BEYOND,8,3,5,718680,1366
2026-10-05 11:49:47,MadMapper,2,0,2,1141424,996
2026-10-05 11:49:47,system,5,4,1,,,0.0,0.0,0,8466,0.0
2026-10-05 11:49:48,flamesafe,0,0,0,5915,21
2026-10-05 11:49:48,engine,5,2,3,2189813,87
2026-10-05 11:49:48,deck,8,3,5,10066,36
2026-10-05 11:49:48,soak,0,0,0,36243,47
2026-10-05 11:49:48,BEYOND,12,2,11,718807,1366
2026-10-05 11:49:48,MadMapper,9,3,6,1141428,996
2026-10-05 11:49:48,system,11,4,7,,,0.0,0.0,0,8466,0.0
2026-10-05 11:49:49,flamesafe,3,3,0,5915,21
2026-10-05 11:49:49,engine,5,5,0,2190035,87
2026-10-05 11:49:49,deck,5,5,0,10066,36
2026-10-05 11:49:49,soak,2,0,2,36251,47
2026-10-05 11:49:49,BEYOND,12,3,9,718935,1366
2026-10-05 11:49:49,MadMapper,11,11,0,1141457,996
2026-10-05 11:49:49,system,7,5,2,,,0.0,0.0,0,8466,0.0
2026-10-05 11:49:50,flamesafe,0,0,0,5915,21
2026-10-05 11:49:50,engine,2,2,0,2190254,87
2026-10-05 11:49:50,deck,9,9,0,10066,36
2026-10-05 11:49:50,soak,2,2,0,36259,47
2026-10-05 11:49:50,BEYOND,3,2,2,719062,1366
2026-10-05 11:49:50,MadMapper,5,2,3,1141493,996
2026-10-05 11:49:50,system,6,5,2,,,0.0,0.2,2,8466,0.0
2026-10-05 11:49:51,flamesafe,3,3,0,5915,21
2026-10-05 11:49:51,engine,6,5,2,2190472,87
2026-10-05 11:49:51,deck,8,2,6,10067,36
2026-10-05 11:49:51,soak,0,0,0,36267,47
2026-10-05 11:49:51,BEYOND,9,2,8,719190,1366
2026-10-05 11:49:51,MadMapper,5,2,3,1141497,996
2026-10-05 11:49:51,system,6,4,2,,,0.0,0.0,0,8466,0.0
2026-10-05 11:49:52,flamesafe,2,2,0,5915,21
2026-10-05 11:49:52,engine,6,6,0,2190696,87
2026-10-05 11:49:52,deck,6,5,2,10067,36
2026-10-05 11:49:52,soak,2,0,2,36276,47
2026-10-05 11:49:52,BEYOND,8,6,2,719327,1366
2026-10-05 11:49:52,MadMapper,3,0,3,1141501,996
2026-10-05 11:49:52,system,7,5,2,,,0.2,0.0,2,8466,0.0
2026-10-05 11:49:53,flamesafe,2,2,0,5915,21
2026-10-05 11:49:53,engine,5,2,3,2203302,87
2026-10-05 11:49:53,deck,5,2,3,10067,36
2026-10-05 11:49:53,soak,3,3,0,36310,47
2026-10-05 11:49:53,BEYOND,11,3,8,719455,1366
2026-10-05 11:49:53,MadMapper,9,6,3,1141505,996
2026-10-05 11:49:53,system,10,4,6,,,0.6,0.2,3,8464,0.0
2026-10-05 11:49:54,flamesafe,0,0,0,5915,21
2026-10-05 11:49:54,engine,0,0,0,2203525,87
2026-10-05 11:49:54,deck,8,6,2,10067,36
2026-10-05 11:49:54,soak,6,3,3,36318,47
2026-10-05 11:49:54,BEYOND,9,2,8,719584,1366
2026-10-05 11:49:54,MadMapper,5,3,2,1141534,996
2026-10-05 11:49:54,system,6,4,2,,,0.0,0.2,2,8465,0.0
2026-10-05 11:49:55,flamesafe,0,0,0,5915,21
2026-10-05 11:49:55,engine,8,3,5,2203746,87
2026-10-05 11:49:55,deck,3,2,2,10067,36
2026-10-05 11:49:55,soak,2,2,0,36326,47
2026-10-05 11:49:55,BEYOND,12,3,9,719712,1366
2026-10-05 11:49:55,MadMapper,11,3,8,1141538,996
2026-10-05 11:49:55,system,7,3,4,,,0.0,0.2,2,8465,0.0
2026-10-05 11:49:56,flamesafe,0,0,0,5915,21
2026-10-05 11:49:56,engine,6,3,3,2203972,88
2026-10-05 11:49:56,deck,3,3,0,10067,36
2026-10-05 11:49:56,soak,0,0,0,36334,47
2026-10-05 11:49:56,BEYOND,14,2,12,719839,1366
2026-10-05 11:49:56,MadMapper,3,3,0,1141542,996
2026-10-05 11:49:56,system,6,4,3,,,0.2,0.2,2,8465,0.0
2026-10-05 11:49:57,flamesafe,0,0,0,5915,21
2026-10-05 11:49:57,engine,0,0,0,2204200,88
2026-10-05 11:49:57,deck,8,5,3,10067,36
2026-10-05 11:49:57,soak,0,0,0,36342,47
2026-10-05 11:49:57,BEYOND,16,3,12,719975,1366
2026-10-05 11:49:57,MadMapper,5,3,2,1141547,996
2026-10-05 11:49:57,system,7,4,3,,,0.0,0.0,0,8464,0.0
2026-10-05 11:49:58,flamesafe,3,3,0,5915,21
2026-10-05 11:49:58,engine,8,6,2,2216814,88
2026-10-05 11:49:58,deck,5,3,2,10067,36
2026-10-05 11:49:58,soak,2,0,2,36380,47
2026-10-05 11:49:58,BEYOND,23,9,14,720103,1366
2026-10-05 11:49:58,MadMapper,11,8,3,1141551,996
2026-10-05 11:49:58,system,14,8,6,,,0.2,0.6,2,8464,0.0
2026-10-05 11:49:59,flamesafe,5,5,0,5915,21
2026-10-05 11:49:59,engine,6,6,0,2217045,88
2026-10-05 11:49:59,deck,6,5,2,10067,36
2026-10-05 11:49:59,soak,0,0,0,36388,47
2026-10-05 11:49:59,BEYOND,20,6,14,720230,1366
2026-10-05 11:49:59,MadMapper,5,2,3,1141579,996
2026-10-05 11:49:59,system,13,7,6,,,0.6,0.0,3,8454,0.0
2026-10-05 11:50:00,flamesafe,5,5,0,5915,21
2026-10-05 11:50:00,engine,6,5,2,2217309,88
2026-10-05 11:50:00,deck,5,5,0,10067,36
2026-10-05 11:50:00,soak,0,0,0,36396,47
2026-10-05 11:50:00,BEYOND,15,6,9,720358,1366
2026-10-05 11:50:00,MadMapper,5,3,2,1141583,996
2026-10-05 11:50:00,system,10,7,3,,,0.2,0.0,2,8452,0.0
2026-10-05 11:50:01,flamesafe,2,2,0,5915,21
2026-10-05 11:50:01,engine,2,2,0,2217535,88
2026-10-05 11:50:01,deck,2,2,0,10067,36
2026-10-05 11:50:01,soak,0,0,0,36404,47
2026-10-05 11:50:01,BEYOND,11,2,9,720485,1366
2026-10-05 11:50:01,MadMapper,9,3,6,1141619,996
2026-10-05 11:50:01,system,7,4,3,,,0.2,0.0,2,8455,0.0
2026-10-05 11:50:02,flamesafe,0,0,0,5915,21
2026-10-05 11:50:02,engine,5,5,0,2217778,88
2026-10-05 11:50:02,deck,6,3,3,10067,36
2026-10-05 11:50:02,soak,2,2,0,36412,47
2026-10-05 11:50:02,BEYOND,12,0,12,720615,1366
2026-10-05 11:50:02,MadMapper,5,2,3,1141623,996
2026-10-05 11:50:02,system,7,2,4,,,0.4,0.2,3,8453,0.0
2026-10-05 11:50:03,flamesafe,0,0,0,5915,21
2026-10-05 11:50:03,engine,9,9,0,2230405,88
2026-10-05 11:50:03,deck,6,3,3,10067,36
2026-10-05 11:50:03,soak,0,0,0,36444,47
2026-10-05 11:50:03,BEYOND,22,8,14,720750,1366
2026-10-05 11:50:03,MadMapper,3,2,2,1141627,996
2026-10-05 11:50:03,system,10,6,4,,,0.4,0.0,2,8453,0.0
2026-10-05 11:50:04,flamesafe,0,0,0,5915,21
2026-10-05 11:50:04,engine,0,0,0,2230622,88
2026-10-05 11:50:04,deck,3,2,2,10067,36
2026-10-05 11:50:04,soak,0,0,0,36452,47
2026-10-05 11:50:04,BEYOND,23,8,16,720878,1366
2026-10-05 11:50:04,MadMapper,8,3,5,1141655,996
2026-10-05 11:50:04,system,7,4,3,,,0.2,0.0,2,8462,0.0
2026-10-05 11:50:05,flamesafe,0,0,0,5915,21
2026-10-05 11:50:05,engine,3,2,2,2230839,88
2026-10-05 11:50:05,deck,2,2,0,10067,36
2026-10-05 11:50:05,soak,0,0,0,36460,47
2026-10-05 11:50:05,BEYOND,6,3,3,721005,1366
2026-10-05 11:50:05,MadMapper,3,3,0,1141659,996
2026-10-05 11:50:05,system,6,4,1,,,0.0,0.2,2,8462,0.0
2026-10-05 11:50:06,flamesafe,0,0,0,5915,21
2026-10-05 11:50:06,engine,2,2,0,2231068,88
2026-10-05 11:50:06,deck,3,3,0,10067,36
2026-10-05 11:50:06,soak,3,2,2,36469,47
2026-10-05 11:50:06,BEYOND,14,0,14,721133,1366
2026-10-05 11:50:06,MadMapper,14,9,5,1141664,996
2026-10-05 11:50:06,system,8,4,4,,,0.0,0.4,2,8462,0.0
2026-10-05 11:50:07,flamesafe,5,5,0,5915,21
2026-10-05 11:50:07,engine,3,2,2,2231301,88
2026-10-05 11:50:07,deck,6,6,0,10067,36
2026-10-05 11:50:07,soak,2,2,0,36477,47
2026-10-05 11:50:07,BEYOND,3,0,3,721260,1366
2026-10-05 11:50:07,MadMapper,5,3,2,1141700,996
2026-10-05 11:50:07,system,8,6,2,,,0.2,0.0,2,8462,0.0
2026-10-05 11:50:08,flamesafe,0,0,0,5915,21
2026-10-05 11:50:08,engine,6,2,5,2243911,89
2026-10-05 11:50:08,deck,2,2,0,10067,36
2026-10-05 11:50:08,soak,6,6,0,36511,47
2026-10-05 11:50:08,BEYOND,9,2,8,721396,1366
2026-10-05 11:50:08,MadMapper,6,2,5,1141705,996
2026-10-05 11:50:08,system,11,5,6,,,0.2,0.0,2,8461,0.0
2026-10-05 11:50:09,flamesafe,2,2,0,5915,21
2026-10-05 11:50:09,engine,12,8,5,2244122,89
2026-10-05 11:50:09,deck,2,2,0,10067,36
2026-10-05 11:50:09,soak,0,0,0,36519,47
2026-10-05 11:50:09,BEYOND,6,0,6,721525,1366
2026-10-05 11:50:09,MadMapper,8,8,0,1141733,996
2026-10-05 11:50:09,system,6,4,2,,,0.4,0.4,3,8462,0.0
2026-10-05 11:50:10,flamesafe,5,2,3,5915,21
2026-10-05 11:50:10,engine,2,2,0,2244342,89
2026-10-05 11:50:10,deck,3,3,0,10067,36
2026-10-05 11:50:10,soak,2,0,2,36527,47
2026-10-05 11:50:10,BEYOND,11,2,9,721653,1366
2026-10-05 11:50:10,MadMapper,16,9,6,1141785,996
2026-10-05 11:50:10,system,9,5,4,,,0.2,0.2,2,8462,0.0
2026-10-05 11:50:11,flamesafe,2,2,0,5915,21
2026-10-05 11:50:11,engine,0,0,0,2244554,89
2026-10-05 11:50:11,deck,3,3,0,10067,36
2026-10-05 11:50:11,soak,2,2,0,36535,47
2026-10-05 11:50:11,BEYOND,11,6,5,721781,1366
2026-10-05 11:50:11,MadMapper,6,6,0,1141790,996
2026-10-05 11:50:11,system,6,5,2,,,0.4,0.2,2,8462,0.0
2026-10-05 11:50:12,flamesafe,0,0,0,5915,21
2026-10-05 11:50:12,engine,0,0,0,2244779,89
2026-10-05 11:50:12,deck,6,3,3,10067,36
2026-10-05 11:50:12,soak,3,3,0,36543,47
2026-10-05 11:50:12,BEYOND,11,2,9,721909,1366
2026-10-05 11:50:12,MadMapper,3,3,0,1141794,996
2026-10-05 11:50:12,system,6,4,2,,,0.0,0.4,3,8462,0.1
2026-10-05 11:50:13,flamesafe,0,0,0,5915,21
2026-10-05 11:50:13,engine,5,3,2,2257386,89
2026-10-05 11:50:13,deck,5,0,5,10067,36
2026-10-05 11:50:13,soak,5,3,2,36579,47
2026-10-05 11:50:13,BEYOND,11,0,11,722045,1366
2026-10-05 11:50:13,MadMapper,6,2,5,1141798,996
2026-10-05 11:50:13,system,10,4,6,,,0.4,0.0,2,8462,0.0
2026-10-05 11:50:14,flamesafe,0,0,0,5915,21
2026-10-05 11:50:14,engine,3,2,2,2257620,89
2026-10-05 11:50:14,deck,8,6,2,10067,36
2026-10-05 11:50:14,soak,0,0,0,36587,47
2026-10-05 11:50:14,BEYOND,12,5,8,722172,1366
2026-10-05 11:50:14,MadMapper,0,0,0,1141827,996
2026-10-05 11:50:14,system,8,4,4,,,0.6,0.0,4,8460,0.0
2026-10-05 11:50:15,flamesafe,0,0,0,5915,21
2026-10-05 11:50:15,engine,2,0,2,2257834,89
2026-10-05 11:50:15,deck,0,0,0,10067,36
2026-10-05 11:50:15,soak,2,2,0,36595,47
2026-10-05 11:50:15,BEYOND,12,5,8,722300,1366
2026-10-05 11:50:15,MadMapper,6,2,5,1141831,996
2026-10-05 11:50:15,system,6,3,3,,,0.0,0.0,0,8460,0.0
2026-10-05 11:50:16,flamesafe,0,0,0,5915,21
2026-10-05 11:50:16,engine,5,5,0,2258058,89
2026-10-05 11:50:16,deck,3,3,0,10067,36
2026-10-05 11:50:16,soak,5,3,2,36603,47
2026-10-05 11:50:16,BEYOND,6,0,6,722427,1366
2026-10-05 11:50:16,MadMapper,5,3,2,1141835,996
2026-10-05 11:50:16,system,6,4,2,,,0.2,0.4,3,8461,0.0
2026-10-05 11:50:17,flamesafe,3,2,2,5915,21
2026-10-05 11:50:17,engine,11,9,2,2258275,89
2026-10-05 11:50:17,deck,5,3,2,10067,36
2026-10-05 11:50:17,soak,0,0,0,36611,47
2026-10-05 11:50:17,BEYOND,8,0,8,722557,1366
2026-10-05 11:50:17,MadMapper,2,0,2,1141839,996
2026-10-05 11:50:17,system,6,4,2,,,0.0,0.0,0,8461,0.0
2026-10-05 11:50:18,flamesafe,5,5,0,5915,21
2026-10-05 11:50:18,engine,5,0,5,2270907,89
2026-10-05 11:50:18,deck,11,11,0,10067,36
2026-10-05 11:50:18,soak,3,2,2,36646,47
2026-10-05 11:50:18,BEYOND,5,3,2,722692,1366
2026-10-05 11:50:18,MadMapper,5,3,2,1141843,996
2026-10-05 11:50:18,system,11,6,5,,,0.6,0.2,3,8461,0.0
2026-10-05 11:50:19,flamesafe,0,0,0,5915,21
2026-10-05 11:50:19,engine,6,5,2,2271121,89
2026-10-05 11:50:19,deck,3,3,0,10067,36
2026-10-05 11:50:19,soak,3,2,2,36654,47
2026-10-05 11:50:19,BEYOND,8,2,6,722820,1366
2026-10-05 11:50:19,MadMapper,6,3,3,1141872,996
2026-10-05 11:50:19,system,6,3,3,,,0.2,0.4,3,8461,0.0
2026-10-05 11:50:20,flamesafe,2,2,0,5915,21
2026-10-05 11:50:20,engine,3,3,0,2271337,89
2026-10-05 11:50:20,deck,6,6,0,10067,36
2026-10-05 11:50:20,soak,2,0,2,36662,47
2026-10-05 11:50:20,BEYOND,5,2,3,722947,1366
2026-10-05 11:50:20,MadMapper,9,9,0,1141876,996
2026-10-05 11:50:20,system,8,6,2,,,0.2,0.4,3,8461,0.0
2026-10-05 11:50:21,flamesafe,0,0,0,5915,21
2026-10-05 11:50:21,engine,2,2,0,2271542,89
2026-10-05 11:50:21,deck,6,3,3,10067,36
2026-10-05 11:50:21,soak,0,0,0,36682,47
2026-10-05 11:50:21,BEYOND,5,3,2,723075,1366
2026-10-05 11:50:21,MadMapper,9,0,9,1141880,996
2026-10-05 11:50:21,system,9,5,4,,,0.4,0.4,3,8453,0.0
2026-10-05 11:50:22,flamesafe,0,0,0,5915,21
2026-10-05 11:50:22,engine,3,3,0,2271789,89
2026-10-05 11:50:22,deck,8,3,5,10067,36
2026-10-05 11:50:22,soak,2,0,2,36688,47
2026-10-05 11:50:22,BEYOND,8,2,6,723202,1366
2026-10-05 11:50:22,MadMapper,8,3,5,1141884,996
2026-10-05 11:50:22,system,21,13,7,,,0.4,0.0,2,8307,0.1
2026-10-05 11:50:23,flamesafe,2,2,0,5915,21
2026-10-05 11:50:23,engine,8,6,2,2284392,89
2026-10-05 11:50:23,deck,2,2,0,10067,36
2026-10-05 11:50:23,soak,5,3,2,36722,47
2026-10-05 11:50:23,BEYOND,12,2,11,723338,1366
2026-10-05 11:50:23,MadMapper,5,2,3,1141890,996
2026-10-05 11:50:23,system,14,6,8,,,0.4,0.4,3,8301,0.0
2026-10-05 11:50:24,flamesafe,0,0,0,5915,21
2026-10-05 11:50:24,engine,6,5,2,2284613,89
2026-10-05 11:50:24,deck,0,0,0,10067,36
2026-10-05 11:50:24,soak,0,0,0,36741,47
2026-10-05 11:50:24,BEYOND,14,2,12,723465,1366
2026-10-05 11:50:24,MadMapper,5,0,5,1141956,996
2026-10-05 11:50:24,system,19,12,6,,,0.2,0.6,3,8427,0.0
2026-10-05 11:50:25,flamesafe,0,0,0,5915,21
2026-10-05 11:50:25,engine,3,2,2,2284833,89
2026-10-05 11:50:25,deck,6,6,0,10067,36
2026-10-05 11:50:25,soak,0,0,0,36745,47
2026-10-05 11:50:25,BEYOND,22,3,19,723595,1366
2026-10-05 11:50:25,MadMapper,2,2,0,1141960,996
2026-10-05 11:50:25,system,7,4,4,,,0.0,0.0,0,8420,0.0
2026-10-05 11:50:26,flamesafe,2,2,0,5915,21
2026-10-05 11:50:26,engine,5,3,2,2285111,90
2026-10-05 11:50:26,deck,3,3,0,10067,36
2026-10-05 11:50:26,soak,3,2,2,36761,47
2026-10-05 11:50:26,BEYOND,6,0,6,723722,1366
2026-10-05 11:50:26,MadMapper,5,2,3,1141964,996
2026-10-05 11:50:26,system,11,8,4,,,0.0,0.4,2,8461,0.0
2026-10-05 11:50:27,flamesafe,2,2,0,5915,21
2026-10-05 11:50:27,engine,3,3,0,2285355,90
2026-10-05 11:50:27,deck,2,2,0,10067,36
2026-10-05 11:50:27,soak,0,0,0,36865,46
2026-10-05 11:50:27,BEYOND,16,2,14,723850,1366
2026-10-05 11:50:27,MadMapper,6,3,3,1141968,996
2026-10-05 11:50:27,system,8,5,4,,,0.4,0.0,2,8456,0.1
2026-10-05 11:50:29,flamesafe,2,0,2,5915,21
2026-10-05 11:50:29,engine,6,5,2,2297981,90
2026-10-05 11:50:29,deck,2,2,0,10067,36
2026-10-05 11:50:29,soak,3,2,2,36943,46
2026-10-05 11:50:29,BEYOND,6,2,5,723977,1366
2026-10-05 11:50:29,MadMapper,3,0,3,1141973,996
2026-10-05 11:50:29,system,9,4,6,,,1.0,0.2,7,8455,0.0
2026-10-05 11:50:30,flamesafe,0,0,0,5915,21
2026-10-05 11:50:30,engine,2,2,0,2298206,90
2026-10-05 11:50:30,deck,2,2,0,10067,36
2026-10-05 11:50:30,soak,0,0,0,36951,46
2026-10-05 11:50:30,BEYOND,9,3,6,724113,1366
2026-10-05 11:50:30,MadMapper,6,2,5,1142001,996
2026-10-05 11:50:30,system,8,3,4,,,0.2,0.0,2,8455,0.0
2026-10-05 11:50:31,flamesafe,0,0,0,5915,21
2026-10-05 11:50:31,engine,5,5,0,2298416,90
2026-10-05 11:50:31,deck,3,2,2,10067,36
2026-10-05 11:50:31,soak,2,0,2,36959,46
2026-10-05 11:50:31,BEYOND,6,0,6,724241,1366
2026-10-05 11:50:31,MadMapper,3,0,3,1142005,996
2026-10-05 11:50:31,system,4,2,2,,,0.0,0.0,0,8455,0.0
2026-10-05 11:50:32,flamesafe,0,0,0,5915,21
2026-10-05 11:50:32,engine,5,3,2,2298639,90
2026-10-05 11:50:32,deck,8,6,2,10067,36
2026-10-05 11:50:32,soak,0,0,0,36967,46
2026-10-05 11:50:32,BEYOND,9,0,9,724368,1366
2026-10-05 11:50:32,MadMapper,5,5,0,1142010,996
2026-10-05 11:50:32,system,8,5,3,,,0.2,0.4,3,8456,0.1
2026-10-05 11:50:33,flamesafe,0,0,0,5915,21
2026-10-05 11:50:33,engine,5,3,2,2298854,90
2026-10-05 11:50:33,deck,3,2,2,10067,36
2026-10-05 11:50:33,soak,0,0,0,36988,46
2026-10-05 11:50:33,BEYOND,5,0,5,724498,1366
2026-10-05 11:50:33,MadMapper,6,5,2,1142047,996
2026-10-05 11:50:33,system,6,4,2,,,0.0,0.2,2,8456,0.0
2026-10-05 11:50:34,flamesafe,2,2,0,5915,21
2026-10-05 11:50:34,engine,6,3,3,2311474,90
2026-10-05 11:50:34,deck,6,5,2,10067,36
2026-10-05 11:50:34,soak,3,0,3,37041,47
2026-10-05 11:50:34,BEYOND,9,0,9,724625,1366
2026-10-05 11:50:34,MadMapper,6,2,5,1142051,996
2026-10-05 11:50:34,system,11,5,5,,,0.6,0.0,4,8453,0.0
2026-10-05 11:50:35,flamesafe,0,0,0,5915,21
2026-10-05 11:50:35,engine,3,2,2,2311761,91
2026-10-05 11:50:35,deck,5,3,2,10067,36
2026-10-05 11:50:35,soak,2,0,2,37057,47
2026-10-05 11:50:35,BEYOND,6,2,5,724759,1366
2026-10-05 11:50:35,MadMapper,3,3,0,1142079,996
2026-10-05 11:50:35,system,5,3,2,,,0.2,0.0,2,8453,0.0
2026-10-05 11:50:36,flamesafe,0,0,0,5915,21
2026-10-05 11:50:36,engine,6,6,0,2311972,91
2026-10-05 11:50:36,deck,2,2,0,10067,36
2026-10-05 11:50:36,soak,0,0,0,37065,47
2026-10-05 11:50:36,BEYOND,14,5,9,724888,1366
2026-10-05 11:50:36,MadMapper,8,6,2,1142083,996
2026-10-05 11:50:36,system,8,6,2,,,0.2,0.0,2,8454,0.1
2026-10-05 11:50:37,flamesafe,0,0,0,5915,21
2026-10-05 11:50:37,engine,0,0,0,2312196,91
2026-10-05 11:50:37,deck,2,2,0,10067,36
2026-10-05 11:50:37,soak,0,0,0,37073,47
2026-10-05 11:50:37,BEYOND,9,3,6,725016,1366
2026-10-05 11:50:37,MadMapper,8,6,2,1142087,996
2026-10-05 11:50:37,system,6,5,1,,,0.0,0.0,0,8454,0.1
2026-10-05 11:50:38,flamesafe,0,0,0,5915,21
2026-10-05 11:50:38,engine,2,2,0,2312416,91
2026-10-05 11:50:38,deck,2,2,0,10067,36
2026-10-05 11:50:38,soak,0,0,0,37081,47
2026-10-05 11:50:38,BEYOND,14,6,8,725143,1366
2026-10-05 11:50:38,MadMapper,2,0,2,1142091,996
2026-10-05 11:50:38,system,6,4,2,,,0.0,0.4,2,8453,0.1
2026-10-05 11:50:39,flamesafe,0,0,0,5915,21
2026-10-05 11:50:39,engine,3,2,2,2325024,91
2026-10-05 11:50:39,deck,5,5,0,10067,36
2026-10-05 11:50:39,soak,0,0,0,37118,47
2026-10-05 11:50:39,BEYOND,8,3,5,725271,1366
2026-10-05 11:50:39,MadMapper,2,2,0,1142095,996
2026-10-05 11:50:39,system,9,5,3,,,0.2,0.2,3,8450,0.0
2026-10-05 11:50:40,flamesafe,0,0,0,5915,21
2026-10-05 11:50:40,engine,5,3,2,2325243,91
2026-10-05 11:50:40,deck,3,3,0,10067,36
2026-10-05 11:50:40,soak,3,3,0,37126,47
2026-10-05 11:50:40,BEYOND,6,0,6,725406,1366
2026-10-05 11:50:40,MadMapper,5,0,5,1142123,996
2026-10-05 11:50:40,system,6,3,3,,,0.0,0.2,2,8451,0.0
2026-10-05 11:50:41,flamesafe,0,0,0,5915,21
2026-10-05 11:50:41,engine,0,0,0,2325468,91
2026-10-05 11:50:41,deck,5,5,0,10067,36
2026-10-05 11:50:41,soak,5,2,3,37134,47
2026-10-05 11:50:41,BEYOND,9,0,9,725536,1366
2026-10-05 11:50:41,MadMapper,3,2,2,1142180,996
2026-10-05 11:50:41,system,11,5,7,,,0.6,0.0,4,8451,0.2
2026-10-05 11:50:42,flamesafe,2,2,0,5915,21
2026-10-05 11:50:42,engine,3,2,2,2325685,91
2026-10-05 11:50:42,deck,2,0,2,10067,36
2026-10-05 11:50:42,soak,0,0,0,37142,47
2026-10-05 11:50:42,BEYOND,6,0,6,725663,1366
2026-10-05 11:50:42,MadMapper,3,3,0,1142216,996
2026-10-05 11:50:42,system,6,4,2,,,0.2,0.4,3,8450,0.0
2026-10-05 11:50:43,flamesafe,2,2,0,5915,21
2026-10-05 11:50:43,engine,3,3,0,2325908,91
2026-10-05 11:50:43,deck,3,2,2,10067,36
2026-10-05 11:50:43,soak,0,0,0,37163,47
2026-10-05 11:50:43,BEYOND,17,2,16,725791,1366
2026-10-05 11:50:43,MadMapper,6,3,3,1142220,996
2026-10-05 11:50:43,system,8,3,5,,,0.0,0.2,2,8449,0.0
2026-10-05 11:50:44,flamesafe,0,0,0,5915,21
2026-10-05 11:50:44,engine,2,0,2,2338591,91
2026-10-05 11:50:44,deck,3,3,0,10067,36
2026-10-05 11:50:44,soak,3,2,2,37185,47
2026-10-05 11:50:44,BEYOND,9,0,9,725918,1366
2026-10-05 11:50:44,MadMapper,17,12,5,1142224,996
2026-10-05 11:50:44,system,8,4,4,,,0.0,0.0,0,8444,0.0
2026-10-05 11:50:45,flamesafe,3,3,0,5915,21
2026-10-05 11:50:45,engine,3,2,2,2338805,91
2026-10-05 11:50:45,deck,2,2,0,10067,36
2026-10-05 11:50:45,soak,3,2,2,37193,47
2026-10-05 11:50:45,BEYOND,14,2,12,726054,1366
2026-10-05 11:50:45,MadMapper,6,3,3,1142252,996
2026-10-05 11:50:45,system,11,5,6,,,0.2,0.2,3,8449,0.0
2026-10-05 11:50:46,flamesafe,2,2,0,5915,21
2026-10-05 11:50:46,engine,5,3,2,2339011,91
2026-10-05 11:50:46,deck,8,8,0,10067,36
2026-10-05 11:50:46,soak,2,2,0,37201,47
2026-10-05 11:50:46,BEYOND,9,3,6,726182,1366
2026-10-05 11:50:46,MadMapper,11,11,0,1142257,996
2026-10-05 11:50:46,system,8,6,2,,,0.4,0.0,3,8446,0.5
2026-10-05 11:50:47,flamesafe,2,0,2,5915,21
2026-10-05 11:50:47,engine,3,2,2,2339242,91
2026-10-05 11:50:47,deck,5,5,0,10067,36
2026-10-05 11:50:47,soak,5,2,3,37209,47
2026-10-05 11:50:47,BEYOND,14,3,11,726309,1366
2026-10-05 11:50:47,MadMapper,8,3,5,1142261,996
2026-10-05 11:50:47,system,8,4,4,,,0.0,0.2,2,8445,0.0
2026-10-05 11:50:48,flamesafe,2,2,0,5915,21
2026-10-05 11:50:48,engine,2,2,0,2339451,91
2026-10-05 11:50:48,deck,2,2,0,10067,36
2026-10-05 11:50:48,soak,0,0,0,37217,47
2026-10-05 11:50:48,BEYOND,12,5,8,726439,1366
2026-10-05 11:50:48,MadMapper,2,2,0,1142265,996
2026-10-05 11:50:48,system,6,4,2,,,0.0,0.2,2,8445,0.0
2026-10-05 11:50:49,flamesafe,0,0,0,5915,21
2026-10-05 11:50:49,engine,6,3,3,2352064,91
2026-10-05 11:50:49,deck,3,2,2,10067,36
2026-10-05 11:50:49,soak,2,0,2,37254,47
2026-10-05 11:50:49,BEYOND,9,2,8,726566,1366
2026-10-05 11:50:49,MadMapper,5,2,3,1142270,996
2026-10-05 11:50:49,system,9,4,4,,,0.2,0.2,3,8444,0.0
2026-10-05 11:50:50,flamesafe,0,0,0,5915,21
2026-10-05 11:50:50,engine,3,0,3,2352270,91
2026-10-05 11:50:50,deck,2,0,2,10067,36
2026-10-05 11:50:50,soak,3,3,0,37262,47
2026-10-05 11:50:50,BEYOND,22,3,19,726701,1366
2026-10-05 11:50:50,MadMapper,3,2,2,1142298,996
2026-10-05 11:50:50,system,8,4,4,,,0.0,0.0,0,8444,0.0
2026-10-05 11:50:51,flamesafe,0,0,0,5915,21
2026-10-05 11:50:51,engine,0,0,0,2352489,91
2026-10-05 11:50:51,deck,0,0,0,10067,36
2026-10-05 11:50:51,soak,2,0,2,37270,47
2026-10-05 11:50:51,BEYOND,22,2,20,726829,1366
2026-10-05 11:50:51,MadMapper,5,0,5,1142302,996
2026-10-05 11:50:51,system,7,3,4,,,0.0,0.4,2,8445,0.0
2026-10-05 11:50:52,flamesafe,3,3,0,5915,21
2026-10-05 11:50:52,engine,6,5,2,2352723,92
2026-10-05 11:50:52,deck,0,0,0,10067,36
2026-10-05 11:50:52,soak,0,0,0,37278,47
2026-10-05 11:50:52,BEYOND,17,2,16,726957,1366
2026-10-05 11:50:52,MadMapper,6,3,3,1142306,996
2026-10-05 11:50:52,system,7,3,4,,,0.4,0.4,3,8447,0.0
2026-10-05 11:50:53,flamesafe,2,2,0,5915,21
2026-10-05 11:50:53,engine,2,2,0,2352928,92
2026-10-05 11:50:53,deck,5,3,2,10067,36
2026-10-05 11:50:53,soak,5,3,2,37314,47
2026-10-05 11:50:53,BEYOND,20,3,17,727084,1366
2026-10-05 11:50:53,MadMapper,9,8,2,1142310,996
2026-10-05 11:50:53,system,11,5,6,,,0.2,0.0,2,8450,0.0
2026-10-05 11:50:54,flamesafe,2,2,0,5915,21
2026-10-05 11:50:54,engine,2,2,0,2365560,92
2026-10-05 11:50:54,deck,8,8,0,10067,36
2026-10-05 11:50:54,soak,2,2,0,37322,47
2026-10-05 11:50:54,BEYOND,12,0,12,727212,1366
2026-10-05 11:50:54,MadMapper,6,2,5,1142314,996
2026-10-05 11:50:54,system,9,5,4,,,0.2,0.6,3,8436,0.1
2026-10-05 11:50:55,flamesafe,0,0,0,5915,21
2026-10-05 11:50:55,engine,6,5,2,2365778,92
2026-10-05 11:50:55,deck,2,2,0,10067,36
2026-10-05 11:50:55,soak,0,0,0,37330,47
2026-10-05 11:50:55,BEYOND,12,5,8,727339,1366
2026-10-05 11:50:55,MadMapper,12,3,9,1142342,996
2026-10-05 11:50:55,system,9,5,4,,,0.0,0.2,2,8444,0.1
2026-10-05 11:50:56,flamesafe,2,2,0,5915,21
2026-10-05 11:50:56,engine,2,0,2,2366063,92
2026-10-05 11:50:56,deck,2,2,0,10067,36
2026-10-05 11:50:56,soak,2,2,0,37338,47
2026-10-05 11:50:56,BEYOND,14,5,9,727477,1366
2026-10-05 11:50:56,MadMapper,17,11,6,1142474,996
2026-10-05 11:50:56,system,11,8,3,,,0.0,0.0,0,8439,0.0
2026-10-05 11:50:57,flamesafe,3,3,0,5915,21
2026-10-05 11:50:57,engine,2,2,0,2366294,92
2026-10-05 11:50:57,deck,11,11,0,10067,36
2026-10-05 11:50:57,soak,0,0,0,37346,47
2026-10-05 11:50:57,BEYOND,17,5,12,727604,1366
2026-10-05 11:50:57,MadMapper,6,3,3,1142478,996
2026-10-05 11:50:57,system,10,7,3,,,0.4,0.0,2,8439,0.0
2026-10-05 11:50:58,flamesafe,2,2,0,5915,21
2026-10-05 11:50:58,engine,5,5,0,2366504,92
2026-10-05 11:50:58,deck,5,3,2,10067,36
2026-10-05 11:50:58,soak,0,0,0,37354,47
2026-10-05 11:50:58,BEYOND,5,3,2,727732,1366
2026-10-05 11:50:58,MadMapper,9,5,5,1142483,997
2026-10-05 11:50:58,system,8,5,4,,,0.8,0.0,4,8436,0.0
2026-10-05 11:50:59,flamesafe,3,3,0,5915,21
2026-10-05 11:50:59,engine,3,2,2,2379139,92
2026-10-05 11:50:59,deck,5,3,2,10067,36
2026-10-05 11:50:59,soak,6,3,3,37407,47
2026-10-05 11:50:59,BEYOND,14,2,12,727859,1366
2026-10-05 11:50:59,MadMapper,11,2,9,1142519,997
2026-10-05 11:50:59,system,13,7,7,,,0.6,0.2,3,8432,0.0
2026-10-05 11:51:00,flamesafe,0,0,0,5915,21
2026-10-05 11:51:00,engine,5,3,2,2379357,92
2026-10-05 11:51:00,deck,5,5,0,10067,36
2026-10-05 11:51:00,soak,0,0,0,37415,47
2026-10-05 11:51:00,BEYOND,8,3,5,727987,1366
2026-10-05 11:51:00,MadMapper,9,3,6,1142547,997
2026-10-05 11:51:00,system,11,6,5,,,0.4,0.6,6,8419,0.0
2026-10-05 11:51:01,flamesafe,0,0,0,5915,21
2026-10-05 11:51:01,engine,9,6,3,2379578,92
2026-10-05 11:51:01,deck,5,2,3,10067,36
2026-10-05 11:51:01,soak,0,0,0,37423,47
2026-10-05 11:51:01,BEYOND,26,3,23,728123,1366
2026-10-05 11:51:01,MadMapper,11,2,9,1142551,997
2026-10-05 11:51:01,system,10,4,6,,,0.0,0.6,4,8415,0.1
2026-10-05 11:51:02,flamesafe,0,0,0,5915,21
2026-10-05 11:51:02,engine,2,0,2,2379875,93
2026-10-05 11:51:02,deck,6,2,5,10067,36
2026-10-05 11:51:02,soak,2,2,0,37463,47
2026-10-05 11:51:02,BEYOND,22,3,19,728251,1366
2026-10-05 11:51:02,MadMapper,9,8,2,1142555,997
2026-10-05 11:51:02,system,10,4,6,,,0.2,0.0,2,8414,0.0
2026-10-05 11:51:03,flamesafe,0,0,0,5915,21
2026-10-05 11:51:03,engine,8,0,8,2392474,93
2026-10-05 11:51:03,deck,5,3,2,10067,36
2026-10-05 11:51:03,soak,9,8,2,37497,47
2026-10-05 11:51:03,BEYOND,14,3,11,728380,1366
2026-10-05 11:51:03,MadMapper,11,5,6,1142592,997
2026-10-05 11:51:03,system,14,7,7,,,0.4,0.0,2,8414,4.4
2026-10-05 11:51:04,flamesafe,2,2,0,5915,21
2026-10-05 11:51:04,engine,2,2,0,2392688,93
2026-10-05 11:51:04,deck,5,5,0,10067,36
2026-10-05 11:51:04,soak,2,0,2,37505,47
2026-10-05 11:51:04,BEYOND,20,2,19,728507,1366
2026-10-05 11:51:04,MadMapper,2,0,2,1142596,997
2026-10-05 11:51:04,system,7,3,4,,,0.2,0.4,3,8418,0.0
2026-10-05 11:51:05,flamesafe,2,2,0,5915,21
2026-10-05 11:51:05,engine,2,2,0,2392908,93
2026-10-05 11:51:05,deck,2,0,2,10067,36
2026-10-05 11:51:05,soak,0,0,0,37521,47
2026-10-05 11:51:05,BEYOND,15,3,12,728635,1366
2026-10-05 11:51:05,MadMapper,6,5,2,1142624,997
2026-10-05 11:51:05,system,8,4,4,,,0.2,0.0,2,8424,0.0
2026-10-05 11:51:06,flamesafe,2,2,0,5915,21
2026-10-05 11:51:06,engine,3,0,3,2393127,93
2026-10-05 11:51:06,deck,3,2,2,10067,36
2026-10-05 11:51:06,soak,3,3,0,37529,47
2026-10-05 11:51:06,BEYOND,16,2,14,728770,1366
2026-10-05 11:51:06,MadMapper,8,6,2,1142628,996
2026-10-05 11:51:06,system,8,5,3,,,0.0,0.0,0,8424,0.0
2026-10-05 11:51:07,flamesafe,5,5,0,5915,21
2026-10-05 11:51:07,engine,5,3,2,2393354,93
2026-10-05 11:51:07,deck,5,3,2,10067,36
2026-10-05 11:51:07,soak,0,0,0,37537,47
2026-10-05 11:51:07,BEYOND,14,2,12,728898,1366
2026-10-05 11:51:07,MadMapper,14,9,5,1142633,996
2026-10-05 11:51:07,system,9,5,4,,,0.0,0.2,2,8424,0.0
2026-10-05 11:51:08,flamesafe,5,5,0,5915,21
2026-10-05 11:51:08,engine,6,5,2,2393571,93
2026-10-05 11:51:08,deck,6,6,0,10067,36
2026-10-05 11:51:08,soak,2,0,2,37558,47
2026-10-05 11:51:08,BEYOND,11,5,6,729025,1366
2026-10-05 11:51:08,MadMapper,3,3,0,1142637,996
2026-10-05 11:51:08,system,10,7,2,,,0.0,0.0,0,8425,0.0
2026-10-05 11:51:09,flamesafe,2,0,2,5915,21
2026-10-05 11:51:09,engine,6,3,3,2406179,93
2026-10-05 11:51:09,deck,3,3,0,10067,36
2026-10-05 11:51:09,soak,5,2,3,37577,47
2026-10-05 11:51:09,BEYOND,6,2,5,729153,1366
2026-10-05 11:51:09,MadMapper,8,3,5,1142641,996
2026-10-05 11:51:09,system,11,6,6,,,0.0,0.2,2,8424,0.0
2026-10-05 11:51:10,flamesafe,0,0,0,5915,21
2026-10-05 11:51:10,engine,5,3,2,2406395,93
2026-10-05 11:51:10,deck,5,3,2,10067,36
2026-10-05 11:51:10,soak,0,0,0,37586,47
2026-10-05 11:51:10,BEYOND,20,6,14,729282,1366
2026-10-05 11:51:10,MadMapper,5,0,5,1142717,996
2026-10-05 11:51:10,system,9,4,5,,,0.6,0.2,3,8425,0.0
2026-10-05 11:51:11,flamesafe,0,0,0,5915,21
2026-10-05 11:51:11,engine,2,2,0,2406611,93
2026-10-05 11:51:11,deck,5,3,2,10067,36
2026-10-05 11:51:11,soak,2,0,2,37594,47
2026-10-05 11:51:11,BEYOND,14,11,3,729418,1366
2026-10-05 11:51:11,MadMapper,9,3,6,1142722,996
2026-10-05 11:51:11,system,8,5,3,,,0.0,0.2,2,8426,0.1
2026-10-05 11:51:12,flamesafe,0,0,0,5915,21
2026-10-05 11:51:12,engine,5,2,3,2406851,93
2026-10-05 11:51:12,deck,11,9,2,10067,36
2026-10-05 11:51:12,soak,0,0,0,37602,47
2026-10-05 11:51:12,BEYOND,16,3,12,729545,1366
2026-10-05 11:51:12,MadMapper,11,3,8,1142726,996
2026-10-05 11:51:12,system,8,4,4,,,0.2,0.2,3,8425,0.0
2026-10-05 11:51:13,flamesafe,0,0,0,5915,21
2026-10-05 11:51:13,engine,3,0,3,2419448,93
2026-10-05 11:51:13,deck,12,8,5,10067,36
2026-10-05 11:51:13,soak,5,2,3,37637,47
2026-10-05 11:51:13,BEYOND,11,5,6,729673,1366
2026-10-05 11:51:13,MadMapper,6,5,2,1142730,996
2026-10-05 11:51:13,system,11,6,5,,,0.0,0.0,0,8425,0.0
2026-10-05 11:51:14,flamesafe,0,0,0,5915,21
2026-10-05 11:51:14,engine,5,3,2,2419672,93
2026-10-05 11:51:14,deck,5,5,0,10067,36
2026-10-05 11:51:14,soak,8,5,3,37645,47
2026-10-05 11:51:14,BEYOND,5,3,2,729800,1366
2026-10-05 11:51:14,MadMapper,8,5,3,1142734,996
2026-10-05 11:51:14,system,7,4,2,,,0.4,0.0,2,8427,0.0
2026-10-05 11:51:15,flamesafe,2,2,0,5915,21
2026-10-05 11:51:15,engine,6,3,3,2419879,93
2026-10-05 11:51:15,deck,5,5,0,10067,36
2026-10-05 11:51:15,soak,0,0,0,37653,47
2026-10-05 11:51:15,BEYOND,9,5,5,729928,1366
2026-10-05 11:51:15,MadMapper,8,6,2,1142763,996
2026-10-05 11:51:15,system,10,6,4,,,0.8,0.2,3,8435,0.0
2026-10-05 11:51:16,flamesafe,3,3,0,5915,21
2026-10-05 11:51:16,engine,3,3,0,2420095,93
2026-10-05 11:51:16,deck,8,6,2,10067,36
2026-10-05 11:51:16,soak,9,6,3,37661,47
2026-10-05 11:51:16,BEYOND,11,0,11,730064,1366
2026-10-05 11:51:16,MadMapper,15,8,8,1142799,996
2026-10-05 11:51:16,system,10,6,4,,,0.2,0.4,3,8427,0.0
2026-10-05 11:51:17,flamesafe,3,3,0,5915,21
2026-10-05 11:51:17,engine,9,5,5,2420352,94
2026-10-05 11:51:17,deck,6,6,0,10067,36
2026-10-05 11:51:17,soak,2,2,0,37669,47
2026-10-05 11:51:17,BEYOND,17,3,14,730193,1366
2026-10-05 11:51:17,MadMapper,6,2,5,1142803,996
2026-10-05 11:51:17,system,8,5,3,,,0.0,0.0,0,8427,0.0
2026-10-05 11:51:18,flamesafe,0,0,0,5915,21
2026-10-05 11:51:18,engine,5,3,2,2420572,94
2026-10-05 11:51:18,deck,3,2,2,10067,36
2026-10-05 11:51:18,soak,2,2,0,37690,47
2026-10-05 11:51:18,BEYOND,17,2,16,730321,1366
2026-10-05 11:51:18,MadMapper,12,5,8,1142807,996
2026-10-05 11:51:18,system,12,6,6,,,0.2,0.2,3,8428,0.0
2026-10-05 11:51:19,flamesafe,0,0,0,5915,21
2026-10-05 11:51:19,engine,0,0,0,2433184,94
2026-10-05 11:51:19,deck,11,8,3,10067,36
2026-10-05 11:51:19,soak,2,2,0,37709,47
2026-10-05 11:51:19,BEYOND,9,2,8,730448,1366
2026-10-05 11:51:19,MadMapper,8,5,3,1142811,996
2026-10-05 11:51:19,system,9,5,5,,,0.0,0.6,4,8428,0.0
2026-10-05 11:51:20,flamesafe,0,0,0,5915,21
2026-10-05 11:51:20,engine,5,5,0,2433401,94
2026-10-05 11:51:20,deck,0,0,0,10067,36
2026-10-05 11:51:20,soak,5,5,0,37717,47
2026-10-05 11:51:20,BEYOND,12,2,11,730576,1366
2026-10-05 11:51:20,MadMapper,9,5,5,1142845,996
2026-10-05 11:51:20,system,6,4,3,,,0.0,0.2,2,8428,0.0
2026-10-05 11:51:21,flamesafe,0,0,0,5915,21
2026-10-05 11:51:21,engine,6,3,3,2433619,94
2026-10-05 11:51:21,deck,2,2,0,10067,36
2026-10-05 11:51:21,soak,2,0,2,37725,47
2026-10-05 11:51:21,BEYOND,8,0,8,730703,1366
2026-10-05 11:51:21,MadMapper,6,0,6,1142849,996
2026-10-05 11:51:21,system,6,3,3,,,0.0,0.2,2,8428,0.0
2026-10-05 11:51:22,flamesafe,0,0,0,5915,21
2026-10-05 11:51:22,engine,3,2,2,2433843,94
2026-10-05 11:51:22,deck,6,6,0,10067,36
2026-10-05 11:51:22,soak,0,0,0,37737,47
2026-10-05 11:51:22,BEYOND,3,0,3,730839,1366
2026-10-05 11:51:22,MadMapper,11,11,0,1142853,996
2026-10-05 11:51:22,system,7,6,1,,,0.0,0.0,0,8429,0.0
2026-10-05 11:51:23,flamesafe,0,0,0,5915,21
2026-10-05 11:51:23,engine,2,2,0,2446473,94
2026-10-05 11:51:23,deck,8,6,2,10067,36
2026-10-05 11:51:23,soak,5,2,3,37771,47
2026-10-05 11:51:23,BEYOND,9,2,8,730966,1366
2026-10-05 11:51:23,MadMapper,3,3,0,1142857,996
2026-10-05 11:51:23,system,10,5,5,,,0.0,0.2,2,8427,0.0
2026-10-05 11:51:24,flamesafe,3,3,0,5915,21
2026-10-05 11:51:24,engine,3,2,2,2446698,94
2026-10-05 11:51:24,deck,8,8,0,10067,36
2026-10-05 11:51:24,soak,0,0,0,37779,47
2026-10-05 11:51:24,BEYOND,6,2,5,731094,1366
2026-10-05 11:51:24,MadMapper,2,2,0,1142862,996
2026-10-05 11:51:24,system,6,4,1,,,0.0,0.0,0,8429,0.0
2026-10-05 11:51:25,flamesafe,2,2,0,5915,21
2026-10-05 11:51:25,engine,0,0,0,2446912,94
2026-10-05 11:51:25,deck,9,8,2,10067,36
2026-10-05 11:51:25,soak,2,2,0,37787,47
2026-10-05 11:51:25,BEYOND,8,2,6,731223,1366
2026-10-05 11:51:25,MadMapper,6,2,5,1142890,996
2026-10-05 11:51:25,system,7,4,3,,,0.0,0.2,2,8428,0.0
2026-10-05 11:51:26,flamesafe,6,6,0,5915,21
2026-10-05 11:51:26,engine,2,2,0,2447136,94
2026-10-05 11:51:26,deck,5,2,3,10067,36
2026-10-05 11:51:26,soak,0,0,0,37795,47
2026-10-05 11:51:26,BEYOND,14,5,9,731351,1366
2026-10-05 11:51:26,MadMapper,3,2,2,1142894,996
2026-10-05 11:51:26,system,7,4,2,,,0.2,0.0,2,8428,0.0
2026-10-05 11:51:27,flamesafe,2,2,0,5915,21
2026-10-05 11:51:27,engine,3,2,2,2447354,94
2026-10-05 11:51:27,deck,9,8,2,10067,36
2026-10-05 11:51:27,soak,2,2,0,37803,47
2026-10-05 11:51:27,BEYOND,5,3,2,731486,1366
2026-10-05 11:51:27,MadMapper,5,2,3,1142898,996
2026-10-05 11:51:27,system,6,5,2,,,0.0,0.2,2,8428,0.0
2026-10-05 11:51:28,flamesafe,3,0,3,5915,21
2026-10-05 11:51:28,engine,5,3,2,2447574,94
2026-10-05 11:51:28,deck,5,5,0,10067,36
2026-10-05 11:51:28,soak,5,5,0,37938,46
2026-10-05 11:51:28,BEYOND,9,2,8,731614,1366
2026-10-05 11:51:28,MadMapper,3,3,0,1142902,996
2026-10-05 11:51:28,system,16,9,7,,,0.4,0.0,2,8359,0.1
2026-10-05 11:51:29,flamesafe,2,2,0,5915,21
2026-10-05 11:51:29,engine,5,2,3,2460207,94
2026-10-05 11:51:29,deck,5,3,2,10067,36
2026-10-05 11:51:29,soak,3,2,2,38026,47
2026-10-05 11:51:29,BEYOND,8,0,8,731741,1366
2026-10-05 11:51:29,MadMapper,9,2,8,1142906,996
2026-10-05 11:51:29,system,19,12,7,,,0.4,0.0,2,8270,0.0
2026-10-05 11:51:30,flamesafe,3,3,0,5915,21
2026-10-05 11:51:30,engine,6,5,2,2460423,94
2026-10-05 11:51:30,deck,5,2,3,10067,36
2026-10-05 11:51:30,soak,3,2,2,38030,47
2026-10-05 11:51:30,BEYOND,5,2,3,731869,1366
2026-10-05 11:51:30,MadMapper,9,5,5,1142934,996
2026-10-05 11:51:30,system,13,8,5,,,0.0,0.0,0,8281,0.0
2026-10-05 11:51:31,flamesafe,2,2,0,5915,21
2026-10-05 11:51:31,engine,6,2,5,2460638,94
2026-10-05 11:51:31,deck,5,3,2,10067,36
2026-10-05 11:51:31,soak,0,0,0,38059,47
2026-10-05 11:51:31,BEYOND,12,2,11,731996,1366
2026-10-05 11:51:31,MadMapper,2,2,0,1142938,996
2026-10-05 11:51:31,system,14,9,5,,,0.6,0.0,3,8398,0.0
2026-10-05 11:51:32,flamesafe,3,2,2,5915,21
2026-10-05 11:51:32,engine,3,2,2,2460863,94
2026-10-05 11:51:32,deck,2,0,2,10067,36
2026-10-05 11:51:32,soak,0,0,0,38076,47
2026-10-05 11:51:32,BEYOND,9,3,6,732132,1366
2026-10-05 11:51:32,MadMapper,9,6,3,1142943,996
2026-10-05 11:51:32,system,9,5,4,,,0.0,0.0,0,8396,0.0
2026-10-05 11:51:33,flamesafe,2,2,0,5915,21
2026-10-05 11:51:33,engine,9,6,3,2473458,94
2026-10-05 11:51:33,deck,8,8,0,10067,36
2026-10-05 11:51:33,soak,2,0,2,38132,47
2026-10-05 11:51:33,BEYOND,18,8,11,732262,1366
2026-10-05 11:51:33,MadMapper,3,2,2,1142979,996
2026-10-05 11:51:33,system,14,7,7,,,0.4,0.0,2,8414,0.0
2026-10-05 11:51:34,flamesafe,2,2,0,5915,21
2026-10-05 11:51:34,engine,3,2,2,2473674,94
2026-10-05 11:51:34,deck,5,5,0,10067,36
2026-10-05 11:51:34,soak,0,0,0,38138,47
2026-10-05 11:51:34,BEYOND,12,3,9,732389,1366
2026-10-05 11:51:34,MadMapper,11,6,5,1143015,996
2026-10-05 11:51:34,system,7,5,2,,,0.0,0.2,2,8422,0.0
2026-10-05 11:51:35,flamesafe,0,0,0,5915,21
2026-10-05 11:51:35,engine,3,2,2,2473883,95
2026-10-05 11:51:35,deck,6,5,2,10067,36
2026-10-05 11:51:35,soak,2,2,0,38146,47
2026-10-05 11:51:35,BEYOND,11,0,11,732517,1366
2026-10-05 11:51:35,MadMapper,5,2,3,1143043,996
2026-10-05 11:51:35,system,8,4,4,,,0.0,0.0,0,8421,0.0
2026-10-05 11:51:36,flamesafe,0,0,0,5915,21
2026-10-05 11:51:36,engine,2,2,0,2474103,95
2026-10-05 11:51:36,deck,0,0,0,10067,36
2026-10-05 11:51:36,soak,3,2,2,38154,47
2026-10-05 11:51:36,BEYOND,18,6,12,732644,1366
2026-10-05 11:51:36,MadMapper,3,2,2,1143047,996
2026-10-05 11:51:36,system,8,4,4,,,0.2,0.2,2,8422,0.0
2026-10-05 11:51:37,flamesafe,0,0,0,5915,21
2026-10-05 11:51:37,engine,8,6,2,2474470,95
2026-10-05 11:51:37,deck,5,2,3,10067,36
2026-10-05 11:51:37,soak,2,0,2,38162,47
2026-10-05 11:51:37,BEYOND,12,5,8,732780,1366
2026-10-05 11:51:37,MadMapper,5,3,2,1143052,996
2026-10-05 11:51:37,system,7,4,3,,,0.2,0.0,2,8422,0.0
2026-10-05 11:51:38,flamesafe,0,0,0,5915,21
2026-10-05 11:51:38,engine,6,3,3,2474689,95
2026-10-05 11:51:38,deck,5,5,0,10067,36
2026-10-05 11:51:38,soak,2,2,0,38193,47
2026-10-05 11:51:38,BEYOND,19,5,14,732907,1366
2026-10-05 11:51:38,MadMapper,6,5,2,1143059,996
2026-10-05 11:51:38,system,10,5,5,,,0.4,0.4,3,8427,0.0
2026-10-05 11:51:39,flamesafe,2,2,0,5915,21
2026-10-05 11:51:39,engine,0,0,0,2487301,95
2026-10-05 11:51:39,deck,6,5,2,10067,36
2026-10-05 11:51:39,soak,2,2,0,38202,47
2026-10-05 11:51:39,BEYOND,18,3,16,733035,1366
2026-10-05 11:51:39,MadMapper,3,0,3,1143063,996
2026-10-05 11:51:39,system,7,3,4,,,0.4,0.0,3,8423,0.0
2026-10-05 11:51:40,flamesafe,0,0,0,5915,21
2026-10-05 11:51:40,engine,5,5,0,2487508,95
2026-10-05 11:51:40,deck,3,3,0,10067,36
2026-10-05 11:51:40,soak,2,2,0,38210,47
2026-10-05 11:51:40,BEYOND,11,0,11,733164,1366
2026-10-05 11:51:40,MadMapper,2,2,0,1143139,996
2026-10-05 11:51:40,system,6,4,2,,,0.0,0.2,2,8423,0.0
2026-10-05 11:51:41,flamesafe,2,2,0,5915,21
2026-10-05 11:51:41,engine,5,3,2,2487728,95
2026-10-05 11:51:41,deck,2,2,0,10067,36
2026-10-05 11:51:41,soak,0,0,0,38219,47
2026-10-05 11:51:41,BEYOND,20,5,16,733292,1366
2026-10-05 11:51:41,MadMapper,6,3,3,1143149,996
2026-10-05 11:51:41,system,8,4,4,,,0.2,0.2,2,8426,0.0
2026-10-05 11:51:42,flamesafe,0,0,0,5915,21
2026-10-05 11:51:42,engine,3,3,0,2487970,95
2026-10-05 11:51:42,deck,6,3,3,10067,36
2026-10-05 11:51:42,soak,2,2,0,38228,47
2026-10-05 11:51:42,BEYOND,15,3,12,733427,1366
2026-10-05 11:51:42,MadMapper,2,2,0,1143153,996
2026-10-05 11:51:42,system,6,4,2,,,0.2,0.0,2,8426,0.0
2026-10-05 11:51:43,flamesafe,0,0,0,5915,21
2026-10-05 11:51:43,engine,6,2,5,2500576,95
2026-10-05 11:51:43,deck,3,2,2,10067,36
2026-10-05 11:51:43,soak,3,2,2,38278,47
2026-10-05 11:51:43,BEYOND,19,8,11,733555,1366
2026-10-05 11:51:43,MadMapper,0,0,0,1143158,996
2026-10-05 11:51:43,system,11,4,7,,,0.8,0.6,6,8425,0.0
2026-10-05 11:51:44,flamesafe,0,0,0,5915,21
2026-10-05 11:51:44,engine,5,3,2,2500808,96
2026-10-05 11:51:44,deck,2,2,0,10067,36
2026-10-05 11:51:44,soak,3,0,3,38380,46
2026-10-05 11:51:44,BEYOND,12,5,8,733682,1366
2026-10-05 11:51:44,MadMapper,5,3,2,1143162,996
2026-10-05 11:51:44,system,7,4,2,,,0.2,0.2,2,8428,0.0
2026-10-05 11:51:45,flamesafe,0,0,0,5915,21
2026-10-05 11:51:45,engine,3,3,0,2501015,96
2026-10-05 11:51:45,deck,2,2,0,10067,36
2026-10-05 11:51:45,soak,2,0,2,38391,46
2026-10-05 11:51:45,BEYOND,12,6,6,733810,1366
2026-10-05 11:51:45,MadMapper,9,3,6,1143191,996
2026-10-05 11:51:45,system,9,5,4,,,0.0,0.0,0,8435,0.0
2026-10-05 11:51:46,flamesafe,0,0,0,5915,21
2026-10-05 11:51:46,engine,6,5,2,2501231,96
2026-10-05 11:51:46,deck,6,5,2,10067,36
2026-10-05 11:51:46,soak,0,0,0,38409,46
2026-10-05 11:51:46,BEYOND,9,2,8,733937,1366
2026-10-05 11:51:46,MadMapper,0,0,0,1143195,996
2026-10-05 11:51:46,system,6,4,2,,,0.2,0.0,2,8427,0.0
2026-10-05 11:51:47,flamesafe,3,3,0,5915,21
2026-10-05 11:51:47,engine,5,5,0,2501460,96
2026-10-05 11:51:47,deck,5,3,2,10067,36
2026-10-05 11:51:47,soak,2,0,2,38497,47
2026-10-05 11:51:47,BEYOND,9,0,9,734065,1366
2026-10-05 11:51:47,MadMapper,5,2,3,1143199,996
2026-10-05 11:51:47,system,6,4,2,,,0.0,0.0,0,8428,0.0
2026-10-05 11:51:48,flamesafe,3,3,0,5915,21
2026-10-05 11:51:48,engine,8,8,0,2514066,96
2026-10-05 11:51:48,deck,2,2,0,10067,36
2026-10-05 11:51:48,soak,5,3,2,38554,47
2026-10-05 11:51:48,BEYOND,8,0,8,734203,1366
2026-10-05 11:51:48,MadMapper,6,6,0,1143203,996
2026-10-05 11:51:48,system,10,5,5,,,0.0,0.2,2,8426,0.0
2026-10-05 11:51:49,flamesafe,0,0,0,5915,21
2026-10-05 11:51:49,engine,2,0,2,2514281,96
2026-10-05 11:51:49,deck,5,2,3,10067,36
2026-10-05 11:51:49,soak,2,2,0,38563,47
2026-10-05 11:51:49,BEYOND,11,0,11,734330,1366
2026-10-05 11:51:49,MadMapper,3,0,3,1143208,996
2026-10-05 11:51:49,system,5,2,3,,,0.0,0.0,0,8428,0.0
2026-10-05 11:51:50,flamesafe,0,0,0,5915,21
2026-10-05 11:51:50,engine,6,5,2,2514492,96
2026-10-05 11:51:50,deck,9,8,2,10067,36
2026-10-05 11:51:50,soak,0,0,0,38585,47
2026-10-05 11:51:50,BEYOND,6,0,6,734458,1366
2026-10-05 11:51:50,MadMapper,2,0,2,1143269,996
2026-10-05 11:51:50,system,6,3,2,,,0.0,0.6,2,8428,0.0
2026-10-05 11:51:51,flamesafe,0,0,0,5915,21
2026-10-05 11:51:51,engine,3,3,0,2514748,96
2026-10-05 11:51:51,deck,3,2,2,10067,36
2026-10-05 11:51:51,soak,0,0,0,38593,47
2026-10-05 11:51:51,BEYOND,8,0,8,734587,1366
2026-10-05 11:51:51,MadMapper,3,2,2,1143273,996
2026-10-05 11:51:51,system,7,4,3,,,0.2,0.0,2,8428,0.0
2026-10-05 11:51:52,flamesafe,2,2,0,5915,21
2026-10-05 11:51:52,engine,6,5,2,2514992,96
2026-10-05 11:51:52,deck,6,5,2,10067,36
2026-10-05 11:51:52,soak,0,0,0,38601,47
2026-10-05 11:51:52,BEYOND,5,2,3,734715,1366
2026-10-05 11:51:52,MadMapper,6,3,3,1143277,996
2026-10-05 11:51:52,system,5,4,2,,,0.2,0.2,2,8427,0.0
2026-10-05 11:51:53,flamesafe,0,0,0,5915,21
2026-10-05 11:51:53,engine,5,2,3,2527592,96
2026-10-05 11:51:53,deck,9,6,3,10067,36
2026-10-05 11:51:53,soak,3,0,3,38653,47
2026-10-05 11:51:53,BEYOND,6,2,5,734850,1366
2026-10-05 11:51:53,MadMapper,5,3,2,1143281,996
2026-10-05 11:51:53,system,9,4,4,,,0.2,0.2,2,8425,0.0
2026-10-05 11:51:54,flamesafe,3,3,0,5915,21
2026-10-05 11:51:54,engine,5,3,2,2527877,96
2026-10-05 11:51:54,deck,2,2,0,10067,36
2026-10-05 11:51:54,soak,0,0,0,38661,47
2026-10-05 11:51:54,BEYOND,9,2,8,734978,1366
2026-10-05 11:51:54,MadMapper,6,5,2,1143286,996
2026-10-05 11:51:54,system,6,4,2,,,0.0,0.2,2,8426,0.0
2026-10-05 11:51:55,flamesafe,5,5,0,5915,21
2026-10-05 11:51:55,engine,5,5,0,2528095,96
2026-10-05 11:51:55,deck,6,5,2,10067,36
2026-10-05 11:51:55,soak,2,2,0,38669,47
2026-10-05 11:51:55,BEYOND,9,0,9,735105,1366
2026-10-05 11:51:55,MadMapper,8,6,2,1143314,996
2026-10-05 11:51:55,system,7,5,2,,,0.0,0.0,0,8426,0.0
2026-10-05 11:51:56,flamesafe,0,0,0,5915,21
2026-10-05 11:51:56,engine,2,2,0,2528312,96
2026-10-05 11:51:56,deck,12,11,2,10067,36
2026-10-05 11:51:56,soak,2,2,0,38679,47
2026-10-05 11:51:56,BEYOND,3,2,2,735235,1366
2026-10-05 11:51:56,MadMapper,8,3,5,1143318,996
2026-10-05 11:51:56,system,8,6,2,,,0.0,0.2,2,8426,0.0
2026-10-05 11:51:57,flamesafe,0,0,0,5915,21
2026-10-05 11:51:57,engine,2,2,0,2528537,97
2026-10-05 11:51:57,deck,3,3,0,10067,36
2026-10-05 11:51:57,soak,0,0,0,38687,47
2026-10-05 11:51:57,BEYOND,5,2,3,735362,1366
2026-10-05 11:51:57,MadMapper,5,2,3,1143322,996
2026-10-05 11:51:57,system,5,3,2,,,0.0,0.4,2,8426,0.0
2026-10-05 11:51:58,flamesafe,0,0,0,5915,21
2026-10-05 11:51:58,engine,3,2,2,2541164,97
2026-10-05 11:51:58,deck,6,2,5,10067,36
2026-10-05 11:51:58,soak,0,0,0,38738,47
2026-10-05 11:51:58,BEYOND,6,0,6,735498,1366
2026-10-05 11:51:58,MadMapper,3,2,2,1143328,996
2026-10-05 11:51:58,system,8,3,5,,,0.0,0.2,2,8425,0.0
2026-10-05 11:51:59,flamesafe,3,3,0,5915,21
2026-10-05 11:51:59,engine,11,9,2,2541385,97
2026-10-05 11:51:59,deck,5,5,0,10067,36
2026-10-05 11:51:59,soak,2,2,0,38742,47
2026-10-05 11:51:59,BEYOND,8,5,3,735625,1366
2026-10-05 11:51:59,MadMapper,8,5,3,1143332,996
2026-10-05 11:51:59,system,9,7,2,,,0.0,0.0,0,8416,0.0
2026-10-05 11:52:00,flamesafe,3,3,0,5915,21
2026-10-05 11:52:00,engine,5,5,0,2541597,97
2026-10-05 11:52:00,deck,3,2,2,10067,36
2026-10-05 11:52:00,soak,2,2,0,38746,47
2026-10-05 11:52:00,BEYOND,11,0,11,735753,1366
2026-10-05 11:52:00,MadMapper,3,3,0,1143360,996
2026-10-05 11:52:00,system,14,9,6,,,0.6,0.6,4,8413,4.8
2026-10-05 11:52:01,flamesafe,2,2,0,5915,21
2026-10-05 11:52:01,engine,3,0,3,2541813,97
2026-10-05 11:52:01,deck,5,5,0,10067,36
2026-10-05 11:52:01,soak,2,0,2,38750,47
2026-10-05 11:52:01,BEYOND,5,0,5,735880,1366
2026-10-05 11:52:01,MadMapper,12,6,6,1143364,996
2026-10-05 11:52:01,system,6,4,3,,,0.0,0.0,0,8415,0.0
2026-10-05 11:52:02,flamesafe,0,0,0,5915,21
2026-10-05 11:52:02,engine,5,5,0,2542034,97
2026-10-05 11:52:02,deck,2,2,0,10067,36
2026-10-05 11:52:02,soak,2,2,0,38754,47
2026-10-05 11:52:02,BEYOND,5,0,5,736008,1366
2026-10-05 11:52:02,MadMapper,2,2,0,1143368,996
2026-10-05 11:52:02,system,6,4,1,,,0.0,0.2,2,8415,0.1
2026-10-05 11:52:03,flamesafe,0,0,0,5915,21
2026-10-05 11:52:03,engine,9,9,0,2554648,97
2026-10-05 11:52:03,deck,9,3,6,10067,36
2026-10-05 11:52:03,soak,6,0,6,38783,47
2026-10-05 11:52:03,BEYOND,3,2,2,736137,1366
2026-10-05 11:52:03,MadMapper,11,6,5,1143372,996
2026-10-05 11:52:03,system,10,5,5,,,0.0,0.0,0,8412,0.0
2026-10-05 11:52:04,flamesafe,2,2,0,5915,21
2026-10-05 11:52:04,engine,2,0,2,2554861,97
2026-10-05 11:52:04,deck,5,5,0,10067,36
2026-10-05 11:52:04,soak,2,2,0,38787,47
2026-10-05 11:52:04,BEYOND,11,0,11,736273,1366
2026-10-05 11:52:04,MadMapper,2,2,0,1143408,996
2026-10-05 11:52:04,system,6,4,2,,,0.2,0.0,2,8421,0.0
2026-10-05 11:52:05,flamesafe,0,0,0,5915,21
2026-10-05 11:52:05,engine,3,3,0,2555086,97
2026-10-05 11:52:05,deck,6,6,0,10067,36
2026-10-05 11:52:05,soak,6,3,3,38791,47
2026-10-05 11:52:05,BEYOND,9,5,5,736401,1366
2026-10-05 11:52:05,MadMapper,16,12,3,1143436,996
2026-10-05 11:52:05,system,8,5,3,,,0.2,0.2,2,8421,0.0
2026-10-05 11:52:06,flamesafe,0,0,0,5915,21
2026-10-05 11:52:06,engine,5,5,0,2555304,97
2026-10-05 11:52:06,deck,3,2,2,10067,36
2026-10-05 11:52:06,soak,2,0,2,38795,47
2026-10-05 11:52:06,BEYOND,9,2,8,736528,1366
2026-10-05 11:52:06,MadMapper,11,3,8,1143441,996
2026-10-05 11:52:06,system,7,4,4,,,0.4,0.0,3,8421,0.0
2026-10-05 11:52:07,flamesafe,0,0,0,5915,21
2026-10-05 11:52:07,engine,6,3,3,2555531,97
2026-10-05 11:52:07,deck,5,5,0,10067,36
2026-10-05 11:52:07,soak,0,0,0,38799,47
2026-10-05 11:52:07,BEYOND,11,3,8,736656,1366
2026-10-05 11:52:07,MadMapper,5,3,2,1143477,996
2026-10-05 11:52:07,system,7,5,2,,,0.0,0.0,0,8421,0.0
2026-10-05 11:52:08,flamesafe,0,0,0,5915,21
2026-10-05 11:52:08,engine,6,6,0,2568133,97
2026-10-05 11:52:08,deck,8,6,2,10067,36
2026-10-05 11:52:08,soak,0,0,0,38829,47
2026-10-05 11:52:08,BEYOND,8,0,8,736783,1366
2026-10-05 11:52:08,MadMapper,6,5,2,1143481,996
2026-10-05 11:52:08,system,12,7,5,,,0.6,0.2,3,8420,0.0
2026-10-05 11:52:09,flamesafe,0,0,0,5915,21
2026-10-05 11:52:09,engine,5,3,2,2568346,97
2026-10-05 11:52:09,deck,8,8,0,10067,36
2026-10-05 11:52:09,soak,2,0,2,38833,47
2026-10-05 11:52:09,BEYOND,2,0,2,736922,1366
2026-10-05 11:52:09,MadMapper,8,6,2,1143485,996
2026-10-05 11:52:09,system,6,5,2,,,0.0,0.0,0,8421,0.0
2026-10-05 11:52:10,flamesafe,0,0,0,5915,21
2026-10-05 11:52:10,engine,5,3,2,2568561,97
2026-10-05 11:52:10,deck,6,5,2,10067,36
2026-10-05 11:52:10,soak,5,5,0,38837,47
2026-10-05 11:52:10,BEYOND,12,2,11,737049,1366
2026-10-05 11:52:10,MadMapper,3,0,3,1143561,996
2026-10-05 11:52:10,system,8,5,3,,,0.2,0.4,2,8421,0.0
2026-10-05 11:52:11,flamesafe,0,0,0,5915,21
2026-10-05 11:52:11,engine,2,2,0,2568825,97
2026-10-05 11:52:11,deck,3,3,0,10067,36
2026-10-05 11:52:11,soak,0,0,0,38841,47
2026-10-05 11:52:11,BEYOND,14,3,11,737177,1366
2026-10-05 11:52:11,MadMapper,3,3,0,1143566,996
2026-10-05 11:52:11,system,8,5,3,,,0.2,0.2,3,8422,0.0
2026-10-05 11:52:12,flamesafe,0,0,0,5915,21
2026-10-05 11:52:12,engine,0,0,0,2569123,98
2026-10-05 11:52:12,deck,6,6,0,10067,36
2026-10-05 11:52:12,soak,2,0,2,38845,47
2026-10-05 11:52:12,BEYOND,22,3,19,737305,1366
2026-10-05 11:52:12,MadMapper,11,5,6,1143570,996
2026-10-05 11:52:12,system,8,4,4,,,0.0,0.4,2,8422,0.0
2026-10-05 11:52:13,flamesafe,0,0,0,5915,21
2026-10-05 11:52:13,engine,5,3,2,2581737,98
2026-10-05 11:52:13,deck,6,5,2,10067,36
2026-10-05 11:52:13,soak,8,3,5,38873,47
2026-10-05 11:52:13,BEYOND,22,5,17,737434,1366
2026-10-05 11:52:13,MadMapper,6,3,3,1143574,996
2026-10-05 11:52:13,system,13,7,6,,,0.2,0.0,2,8422,0.0
2026-10-05 11:52:14,flamesafe,0,0,0,5915,21
2026-10-05 11:52:14,engine,9,8,2,2581986,98
2026-10-05 11:52:14,deck,9,8,2,10067,36
2026-10-05 11:52:14,soak,2,2,0,38878,47
2026-10-05 11:52:14,BEYOND,23,5,19,737569,1366
2026-10-05 11:52:14,MadMapper,9,8,2,1143578,996
2026-10-05 11:52:14,system,10,6,4,,,0.4,0.2,3,8422,0.0
2026-10-05 11:52:15,flamesafe,0,0,0,5915,21
2026-10-05 11:52:15,engine,2,2,0,2582195,98
2026-10-05 11:52:15,deck,5,3,2,10067,36
2026-10-05 11:52:15,soak,0,0,0,38882,47
2026-10-05 11:52:15,BEYOND,20,2,19,737697,1366
2026-10-05 11:52:15,MadMapper,5,3,2,1143607,996
2026-10-05 11:52:15,system,10,5,6,,,0.8,0.0,3,8422,0.0
2026-10-05 11:52:16,flamesafe,0,0,0,5915,21
2026-10-05 11:52:16,engine,8,3,5,2582414,98
2026-10-05 11:52:16,deck,6,5,2,10067,36
2026-10-05 11:52:16,soak,0,0,0,38886,47
2026-10-05 11:52:16,BEYOND,12,3,9,737824,1366
2026-10-05 11:52:16,MadMapper,3,2,2,1143611,996
2026-10-05 11:52:16,system,7,4,3,,,0.4,0.0,2,8422,0.0
2026-10-05 11:52:17,flamesafe,5,5,0,5915,21
2026-10-05 11:52:17,engine,2,2,0,2582643,98
2026-10-05 11:52:17,deck,0,0,0,10067,36
2026-10-05 11:52:17,soak,0,0,0,38890,47
2026-10-05 11:52:17,BEYOND,16,3,12,737952,1366
2026-10-05 11:52:17,MadMapper,8,3,5,1143615,996
2026-10-05 11:52:17,system,8,4,4,,,0.0,0.4,2,8423,0.0
2026-10-05 11:52:18,flamesafe,5,2,3,5915,21
2026-10-05 11:52:18,engine,8,5,3,2595248,98
2026-10-05 11:52:18,deck,6,6,0,10067,36
2026-10-05 11:52:18,soak,2,2,0,38920,47
2026-10-05 11:52:18,BEYOND,12,3,9,738079,1366
2026-10-05 11:52:18,MadMapper,5,2,3,1143619,996
2026-10-05 11:52:18,system,12,4,8,,,0.8,0.0,3,8422,0.0
2026-10-05 11:52:19,flamesafe,0,0,0,5915,21
2026-10-05 11:52:19,engine,5,5,0,2595465,98
2026-10-05 11:52:19,deck,5,3,2,10067,36
2026-10-05 11:52:19,soak,3,3,0,38926,47
2026-10-05 11:52:19,BEYOND,9,2,8,738215,1366
2026-10-05 11:52:19,MadMapper,5,3,2,1143623,996
2026-10-05 11:52:19,system,6,4,2,,,0.0,0.0,0,8423,0.0
2026-10-05 11:52:20,flamesafe,0,0,0,5915,21
2026-10-05 11:52:20,engine,0,0,0,2595686,98
2026-10-05 11:52:20,deck,6,3,3,10067,36
2026-10-05 11:52:20,soak,3,3,0,38930,47
2026-10-05 11:52:20,BEYOND,17,2,16,738345,1366
2026-10-05 11:52:20,MadMapper,5,2,3,1143651,996
2026-10-05 11:52:20,system,6,3,4,,,0.0,0.4,3,8423,0.0
2026-10-05 11:52:21,flamesafe,2,2,0,5915,21
2026-10-05 11:52:21,engine,6,3,3,2595909,98
2026-10-05 11:52:21,deck,8,3,5,10067,36
2026-10-05 11:52:21,soak,0,0,0,38934,47
2026-10-05 11:52:21,BEYOND,5,2,3,738472,1366
2026-10-05 11:52:21,MadMapper,3,3,0,1143655,996
2026-10-05 11:52:21,system,6,4,2,,,0.0,0.4,3,8423,0.0
2026-10-05 11:52:22,flamesafe,3,3,0,5915,21
2026-10-05 11:52:22,engine,3,2,2,2596134,98
2026-10-05 11:52:22,deck,2,2,0,10067,36
2026-10-05 11:52:22,soak,2,0,2,38938,47
2026-10-05 11:52:22,BEYOND,6,3,3,738600,1366
2026-10-05 11:52:22,MadMapper,2,2,0,1143659,996
2026-10-05 11:52:22,system,4,3,1,,,0.0,0.0,0,8423,0.0
2026-10-05 11:52:23,flamesafe,0,0,0,5915,21
2026-10-05 11:52:23,engine,5,3,2,2608735,98
2026-10-05 11:52:23,deck,3,2,2,10067,36
2026-10-05 11:52:23,soak,8,0,8,38967,47
2026-10-05 11:52:23,BEYOND,9,0,9,738727,1366
2026-10-05 11:52:23,MadMapper,16,6,9,1143663,996
2026-10-05 11:52:23,system,12,5,7,,,0.8,0.0,3,8421,0.0
2026-10-05 11:52:24,flamesafe,5,5,0,5915,21
2026-10-05 11:52:24,engine,2,2,0,2608948,98
2026-10-05 11:52:24,deck,6,5,2,10067,36
2026-10-05 11:52:24,soak,0,0,0,38971,47
2026-10-05 11:52:24,BEYOND,11,0,11,738863,1366
2026-10-05 11:52:24,MadMapper,3,2,2,1143700,996
2026-10-05 11:52:24,system,7,4,3,,,0.2,0.0,2,8422,0.0
2026-10-05 11:52:25,flamesafe,0,0,0,5915,21
2026-10-05 11:52:25,engine,5,3,2,2609219,99
2026-10-05 11:52:25,deck,3,3,0,10067,36
2026-10-05 11:52:25,soak,3,2,2,38975,47
2026-10-05 11:52:25,BEYOND,12,0,12,738990,1366
2026-10-05 11:52:25,MadMapper,9,2,8,1143728,996
2026-10-05 11:52:25,system,8,4,3,,,0.0,0.0,0,8422,0.0
2026-10-05 11:52:26,flamesafe,3,2,2,5915,21
2026-10-05 11:52:26,engine,2,2,0,2609441,99
2026-10-05 11:52:26,deck,5,5,0,10067,36
2026-10-05 11:52:26,soak,2,0,2,38979,47
2026-10-05 11:52:26,BEYOND,12,2,11,739118,1366
2026-10-05 11:52:26,MadMapper,8,5,3,1143732,996
2026-10-05 11:52:26,system,7,4,3,,,0.2,0.0,2,8422,0.0
2026-10-05 11:52:27,flamesafe,2,2,0,5915,21
2026-10-05 11:52:27,engine,9,8,2,2609654,99
2026-10-05 11:52:27,deck,0,0,0,10067,36
2026-10-05 11:52:27,soak,0,0,0,38983,47
2026-10-05 11:52:27,BEYOND,5,2,3,739245,1366
2026-10-05 11:52:27,MadMapper,12,11,2,1143864,997
2026-10-05 11:52:27,system,7,5,2,,,0.0,0.0,0,8422,0.0
2026-10-05 11:52:28,flamesafe,0,0,0,5915,21
2026-10-05 11:52:28,engine,6,5,2,2622249,99
2026-10-05 11:52:28,deck,6,6,0,10067,36
2026-10-05 11:52:28,soak,3,3,0,39165,46
2026-10-05 11:52:28,BEYOND,14,3,11,739378,1366
2026-10-05 11:52:28,MadMapper,5,0,5,1143869,997
2026-10-05 11:52:28,system,12,6,6,,,0.6,0.2,2,8420,0.0
2026-10-05 11:52:29,flamesafe,0,0,0,5915,21
2026-10-05 11:52:29,engine,8,6,2,2622487,99
2026-10-05 11:52:29,deck,2,2,0,10067,36
2026-10-05 11:52:29,soak,3,0,3,39186,46
2026-10-05 11:52:29,BEYOND,17,2,16,739505,1366
2026-10-05 11:52:29,MadMapper,3,0,3,1143873,997
2026-10-05 11:52:29,system,8,4,3,,,0.0,0.0,0,8421,0.0
2026-10-05 11:52:30,flamesafe,0,0,0,5915,21
2026-10-05 11:52:30,engine,3,3,0,2622702,99
2026-10-05 11:52:30,deck,3,3,0,10067,36
2026-10-05 11:52:30,soak,2,0,2,39191,46
2026-10-05 11:52:30,BEYOND,17,6,11,739641,1366
2026-10-05 11:52:30,MadMapper,2,0,2,1143901,997
2026-10-05 11:52:30,system,10,5,5,,,0.2,0.0,2,8429,0.0
2026-10-05 11:52:31,flamesafe,0,0,0,5915,21
2026-10-05 11:52:31,engine,6,5,2,2622914,99
2026-10-05 11:52:31,deck,2,0,2,10067,36
2026-10-05 11:52:31,soak,2,2,0,39195,46
2026-10-05 11:52:31,BEYOND,22,3,19,739768,1366
2026-10-05 11:52:31,MadMapper,2,0,2,1143905,997
2026-10-05 11:52:31,system,8,4,4,,,0.4,0.0,2,8421,0.0
2026-10-05 11:52:32,flamesafe,0,0,0,5915,21
2026-10-05 11:52:32,engine,8,6,2,2623138,99
2026-10-05 11:52:32,deck,8,3,5,10067,36
2026-10-05 11:52:32,soak,0,0,0,39199,46
2026-10-05 11:52:32,BEYOND,11,5,6,739896,1366
2026-10-05 11:52:32,MadMapper,0,0,0,1143910,997
2026-10-05 11:52:32,system,5,3,2,,,0.0,0.2,2,8421,0.0
2026-10-05 11:52:33,flamesafe,0,0,0,5915,21
2026-10-05 11:52:33,engine,5,3,2,2635743,99
2026-10-05 11:52:33,deck,11,9,2,10067,36
2026-10-05 11:52:33,soak,2,0,2,39321,47
2026-10-05 11:52:33,BEYOND,15,5,11,740023,1366
2026-10-05 11:52:33,MadMapper,3,2,2,1143914,997
2026-10-05 11:52:33,system,10,4,5,,,0.2,0.0,2,8420,0.0
2026-10-05 11:52:34,flamesafe,2,2,0,5915,21
2026-10-05 11:52:34,engine,0,0,0,2635962,99
2026-10-05 11:52:34,deck,5,5,0,10067,36
2026-10-05 11:52:34,soak,2,2,0,39340,47
2026-10-05 11:52:34,BEYOND,12,2,11,740151,1366
2026-10-05 11:52:34,MadMapper,5,3,2,1143918,997
2026-10-05 11:52:34,system,17,13,4,,,0.0,0.0,0,8331,0.0
2026-10-05 11:52:35,flamesafe,2,2,0,5915,21
2026-10-05 11:52:35,engine,6,5,2,2636183,99
2026-10-05 11:52:35,deck,6,6,0,10067,36
2026-10-05 11:52:35,soak,2,2,0,39344,47
2026-10-05 11:52:35,BEYOND,8,0,8,740287,1366
2026-10-05 11:52:35,MadMapper,9,3,6,1143978,997
2026-10-05 11:52:35,system,13,8,6,,,0.4,0.0,2,8280,0.0
2026-10-05 11:52:36,flamesafe,2,0,2,5915,21
2026-10-05 11:52:36,engine,2,0,2,2636409,99
2026-10-05 11:52:36,deck,2,2,0,10067,36
2026-10-05 11:52:36,soak,3,2,2,39360,47
2026-10-05 11:52:36,BEYOND,22,9,12,740416,1366
2026-10-05 11:52:36,MadMapper,3,2,2,1143982,997
2026-10-05 11:52:36,system,13,8,5,,,0.0,0.4,3,8455,0.0
2026-10-05 11:52:37,flamesafe,5,5,0,5915,21
2026-10-05 11:52:37,engine,5,5,0,2636635,99
2026-10-05 11:52:37,deck,3,3,0,10067,36
2026-10-05 11:52:37,soak,0,0,0,39368,47
2026-10-05 11:52:37,BEYOND,16,0,16,740544,1366
2026-10-05 11:52:37,MadMapper,11,3,8,1143986,996
2026-10-05 11:52:37,system,13,7,6,,,0.4,0.2,3,8412,0.0
2026-10-05 11:52:38,flamesafe,2,2,0,5915,21
2026-10-05 11:52:38,engine,11,6,5,2649311,100
2026-10-05 11:52:38,deck,2,2,0,10067,36
2026-10-05 11:52:38,soak,9,5,5,39439,47
2026-10-05 11:52:38,BEYOND,12,0,12,740669,1366
2026-10-05 11:52:38,MadMapper,9,5,5,1143990,996
2026-10-05 11:52:38,system,14,6,8,,,0.2,0.0,2,8405,0.0
2026-10-05 11:52:39,flamesafe,5,5,0,5915,21
2026-10-05 11:52:39,engine,5,2,3,2649533,100
2026-10-05 11:52:39,deck,8,8,0,10067,36
2026-10-05 11:52:39,soak,0,0,0,39577,47
2026-10-05 11:52:39,BEYOND,6,0,6,740799,1366
2026-10-05 11:52:39,MadMapper,9,5,5,1143994,996
2026-10-05 11:52:39,system,10,6,4,,,0.0,0.0,0,8441,0.0
2026-10-05 11:52:40,flamesafe,0,0,0,5915,21
2026-10-05 11:52:40,engine,6,3,3,2649746,100
2026-10-05 11:52:40,deck,2,2,0,10067,36
2026-10-05 11:52:40,soak,0,0,0,39593,47
2026-10-05 11:52:40,BEYOND,6,0,6,740934,1366
2026-10-05 11:52:40,MadMapper,5,0,5,1144070,996
2026-10-05 11:52:40,system,6,3,3,,,0.0,0.0,0,8445,0.0
2026-10-05 11:52:41,flamesafe,2,2,0,5915,21
2026-10-05 11:52:41,engine,3,3,0,2649969,100
2026-10-05 11:52:41,deck,8,6,2,10067,36
2026-10-05 11:52:41,soak,0,0,0,39620,47
2026-10-05 11:52:41,BEYOND,12,2,11,741062,1366
2026-10-05 11:52:41,MadMapper,0,0,0,1144107,996
2026-10-05 11:52:41,system,6,4,2,,,0.0,0.4,3,8445,0.0
2026-10-05 11:52:42,flamesafe,3,3,0,5915,21
2026-10-05 11:52:42,engine,3,2,2,2650195,100
2026-10-05 11:52:42,deck,2,2,0,10067,36
2026-10-05 11:52:42,soak,3,2,2,39628,47
2026-10-05 11:52:42,BEYOND,6,2,5,741189,1366
2026-10-05 11:52:42,MadMapper,3,2,2,1144111,996
2026-10-05 11:52:42,system,6,4,2,,,0.0,0.0,0,8445,0.0
2026-10-05 11:52:43,flamesafe,0,0,0,5915,21
2026-10-05 11:52:43,engine,3,2,2,2662793,100
2026-10-05 11:52:43,deck,11,11,0,10067,36
2026-10-05 11:52:43,soak,2,2,0,39702,47
2026-10-05 11:52:43,BEYOND,5,0,5,741317,1366
2026-10-05 11:52:43,MadMapper,6,2,5,1144115,996
2026-10-05 11:52:43,system,8,5,3,,,0.2,0.2,3,8445,0.0
2026-10-05 11:52:44,flamesafe,0,0,0,5915,21
2026-10-05 11:52:44,engine,6,5,2,2663035,100
2026-10-05 11:52:44,deck,6,5,2,10067,36
2026-10-05 11:52:44,soak,2,0,2,39708,47
2026-10-05 11:52:44,BEYOND,9,3,6,741446,1366
2026-10-05 11:52:44,MadMapper,5,0,5,1144119,996
2026-10-05 11:52:44,system,7,4,3,,,0.0,0.2,2,8446,0.0
2026-10-05 11:52:45,flamesafe,0,0,0,5915,21
2026-10-05 11:52:45,engine,6,5,2,2663250,100
2026-10-05 11:52:45,deck,5,5,0,10067,36
2026-10-05 11:52:45,soak,0,0,0,39713,47
2026-10-05 11:52:45,BEYOND,9,0,9,741582,1366
2026-10-05 11:52:45,MadMapper,3,3,0,1144148,996
2026-10-05 11:52:45,system,9,4,4,,,0.4,0.2,2,8449,0.0
2026-10-05 11:52:46,flamesafe,3,2,2,5915,21
2026-10-05 11:52:46,engine,2,0,2,2663537,100
2026-10-05 11:52:46,deck,11,11,0,10067,36
2026-10-05 11:52:46,soak,0,0,0,39734,47
2026-10-05 11:52:46,BEYOND,8,3,5,741709,1366
2026-10-05 11:52:46,MadMapper,9,5,5,1144152,996
2026-10-05 11:52:46,system,7,4,3,,,0.6,0.2,2,8445,0.0
2026-10-05 11:52:47,flamesafe,0,0,0,5915,21
2026-10-05 11:52:47,engine,9,6,3,2663760,100
2026-10-05 11:52:47,deck,6,5,2,10067,36
2026-10-05 11:52:47,soak,5,2,3,39739,47
2026-10-05 11:52:47,BEYOND,5,0,5,741837,1366
2026-10-05 11:52:47,MadMapper,8,5,3,1144156,996
2026-10-05 11:52:47,system,8,5,2,,,0.0,0.0,0,8445,0.0
2026-10-05 11:52:48,flamesafe,3,3,0,5915,21
2026-10-05 11:52:48,engine,5,5,0,2676371,100
2026-10-05 11:52:48,deck,5,3,2,10067,36
2026-10-05 11:52:48,soak,3,0,3,39894,47
2026-10-05 11:52:48,BEYOND,11,3,8,741964,1366
2026-10-05 11:52:48,MadMapper,14,6,8,1144160,996
2026-10-05 11:52:48,system,12,6,5,,,0.2,0.0,2,8446,0.0
2026-10-05 11:52:49,flamesafe,5,5,0,5915,21
2026-10-05 11:52:49,engine,3,2,2,2676580,100
2026-10-05 11:52:49,deck,6,5,2,10067,36
2026-10-05 11:52:49,soak,5,5,0,39898,47
2026-10-05 11:52:49,BEYOND,12,5,8,742092,1366
2026-10-05 11:52:49,MadMapper,5,2,3,1144164,996
2026-10-05 11:52:49,system,9,5,4,,,0.6,0.0,2,8446,0.0
2026-10-05 11:52:50,flamesafe,5,5,0,5915,21
2026-10-05 11:52:50,engine,5,3,2,2676797,100
2026-10-05 11:52:50,deck,3,3,0,10067,36
2026-10-05 11:52:50,soak,3,0,3,39931,47
2026-10-05 11:52:50,BEYOND,11,3,8,742230,1366
2026-10-05 11:52:50,MadMapper,3,3,0,1144193,996
2026-10-05 11:52:50,system,8,5,4,,,0.6,0.6,6,8446,0.0
2026-10-05 11:52:51,flamesafe,2,2,0,5915,21
2026-10-05 11:52:51,engine,8,8,0,2677008,100
2026-10-05 11:52:51,deck,5,2,3,10067,36
2026-10-05 11:52:51,soak,3,0,3,39935,47
2026-10-05 11:52:51,BEYOND,6,2,5,742357,1366
2026-10-05 11:52:51,MadMapper,5,2,3,1144197,996
2026-10-05 11:52:51,system,8,5,4,,,0.2,0.2,3,8446,0.0
2026-10-05 11:52:52,flamesafe,0,0,0,5915,21
2026-10-05 11:52:52,engine,3,3,0,2677240,101
2026-10-05 11:52:52,deck,14,11,3,10067,36
2026-10-05 11:52:52,soak,2,2,0,39939,47
2026-10-05 11:52:52,BEYOND,5,2,3,742485,1366
2026-10-05 11:52:52,MadMapper,3,0,3,1144201,996
2026-10-05 11:52:52,system,7,5,2,,,0.0,0.0,0,8446,0.0
2026-10-05 11:52:53,flamesafe,2,0,2,5915,21
2026-10-05 11:52:53,engine,3,3,0,2689847,101
2026-10-05 11:52:53,deck,6,5,2,10067,36
2026-10-05 11:52:53,soak,2,0,2,40012,47
2026-10-05 11:52:53,BEYOND,11,2,9,742612,1366
2026-10-05 11:52:53,MadMapper,8,5,3,1144205,996
2026-10-05 11:52:53,system,11,6,5,,,0.2,0.0,2,8445,0.0
2026-10-05 11:52:54,flamesafe,2,2,0,5915,21
2026-10-05 11:52:54,engine,3,0,3,2690061,101
2026-10-05 11:52:54,deck,5,5,0,10067,36
2026-10-05 11:52:54,soak,2,0,2,40017,47
2026-10-05 11:52:54,BEYOND,6,3,3,742740,1366
2026-10-05 11:52:54,MadMapper,11,6,5,1144209,996
2026-10-05 11:52:54,system,7,4,3,,,0.6,0.6,7,8446,0.0
2026-10-05 11:52:55,flamesafe,0,0,0,5915,21
2026-10-05 11:52:55,engine,0,0,0,2690344,101
2026-10-05 11:52:55,deck,5,3,2,10067,36
2026-10-05 11:52:55,soak,2,2,0,40021,47
2026-10-05 11:52:55,BEYOND,8,2,6,742875,1366
2026-10-05 11:52:55,MadMapper,8,2,6,1144237,996
2026-10-05 11:52:55,system,7,3,4,,,0.0,0.6,4,8446,0.0
2026-10-05 11:52:56,flamesafe,2,2,0,5915,21
2026-10-05 11:52:56,engine,8,5,3,2690545,101
2026-10-05 11:52:56,deck,2,0,2,10067,36
2026-10-05 11:52:56,soak,2,2,0,40025,47
2026-10-05 11:52:56,BEYOND,16,5,11,743003,1366
2026-10-05 11:52:56,MadMapper,2,0,2,1144241,996
2026-10-05 11:52:56,system,8,4,4,,,0.0,0.4,2,8446,0.0
2026-10-05 11:52:57,flamesafe,2,2,0,5915,21
2026-10-05 11:52:57,engine,5,0,5,2690776,101
2026-10-05 11:52:57,deck,6,6,0,10067,36
2026-10-05 11:52:57,soak,0,0,0,40029,47
2026-10-05 11:52:57,BEYOND,16,3,12,743132,1366
2026-10-05 11:52:57,MadMapper,12,8,5,1144245,996
2026-10-05 11:52:57,system,8,5,3,,,0.0,0.0,0,8446,0.0
2026-10-05 11:52:58,flamesafe,0,0,0,5915,21
2026-10-05 11:52:58,engine,5,0,5,2703387,101
2026-10-05 11:52:58,deck,9,8,2,10067,36
2026-10-05 11:52:58,soak,3,3,0,40172,47
2026-10-05 11:52:58,BEYOND,12,0,12,743260,1366
2026-10-05 11:52:58,MadMapper,6,5,2,1144249,996
2026-10-05 11:52:58,system,12,7,5,,,0.0,0.2,2,8447,0.0
2026-10-05 11:52:59,flamesafe,5,5,0,5915,21
2026-10-05 11:52:59,engine,6,3,3,2703619,101
2026-10-05 11:52:59,deck,3,3,0,10067,36
2026-10-05 11:52:59,soak,2,0,2,40194,47
2026-10-05 11:52:59,BEYOND,11,0,11,743387,1366
2026-10-05 11:52:59,MadMapper,11,6,5,1144310,996
2026-10-05 11:52:59,system,11,6,4,,,0.2,0.0,2,8439,0.0
2026-10-05 11:53:00,flamesafe,5,5,0,5915,21
2026-10-05 11:53:00,engine,3,3,0,2703905,101
2026-10-05 11:53:00,deck,5,3,2,10067,36
2026-10-05 11:53:00,soak,0,0,0,40222,47
2026-10-05 11:53:00,BEYOND,12,3,9,743515,1366
2026-10-05 11:53:00,MadMapper,9,6,3,1144314,996
2026-10-05 11:53:00,system,10,7,3,,,0.0,0.4,2,8440,0.0
2026-10-05 11:53:01,flamesafe,2,2,0,5915,21
2026-10-05 11:53:01,engine,8,8,0,2704125,101
2026-10-05 11:53:01,deck,9,9,0,10067,36
2026-10-05 11:53:01,soak,3,3,0,40226,47
2026-10-05 11:53:01,BEYOND,11,2,9,743650,1366
2026-10-05 11:53:01,MadMapper,5,2,3,1144318,996
2026-10-05 11:53:01,system,10,6,4,,,0.2,0.0,2,8436,0.0
2026-10-05 11:53:02,flamesafe,0,0,0,5915,21
2026-10-05 11:53:02,engine,2,2,0,2704346,102
2026-10-05 11:53:02,deck,8,8,0,10067,36
2026-10-05 11:53:02,soak,0,0,0,40230,47
2026-10-05 11:53:02,BEYOND,8,2,6,743778,1366
2026-10-05 11:53:02,MadMapper,17,8,9,1144322,996
2026-10-05 11:53:02,system,8,5,3,,,0.0,0.0,0,8437,0.0
2026-10-05 11:53:03,flamesafe,2,2,0,5915,21
2026-10-05 11:53:03,engine,6,5,2,2716967,102
2026-10-05 11:53:03,deck,5,5,0,10067,36
2026-10-05 11:53:03,soak,3,2,2,40277,47
2026-10-05 11:53:03,BEYOND,12,3,9,743905,1366
2026-10-05 11:53:03,MadMapper,11,3,8,1144327,996
2026-10-05 11:53:03,system,12,6,6,,,1.0,0.0,4,8437,0.0
2026-10-05 11:53:04,flamesafe,0,0,0,5915,21
2026-10-05 11:53:04,engine,2,2,0,2717179,102
2026-10-05 11:53:04,deck,6,5,2,10067,36
2026-10-05 11:53:04,soak,3,3,0,40282,47
2026-10-05 11:53:04,BEYOND,12,3,9,744035,1366
2026-10-05 11:53:04,MadMapper,8,6,2,1144355,996
2026-10-05 11:53:04,system,7,5,3,,,0.2,0.2,2,8445,0.0
2026-10-05 11:53:05,flamesafe,2,2,0,5915,21
2026-10-05 11:53:05,engine,5,2,3,2717401,102
2026-10-05 11:53:05,deck,9,8,2,10067,36
2026-10-05 11:53:05,soak,5,3,2,40286,47
2026-10-05 11:53:05,BEYOND,14,5,9,744162,1366
2026-10-05 11:53:05,MadMapper,6,3,3,1144359,996
2026-10-05 11:53:05,system,9,5,4,,,0.2,0.4,3,8445,0.0
2026-10-05 11:53:06,flamesafe,0,0,0,5915,21
2026-10-05 11:53:06,engine,6,6,0,2717620,102
2026-10-05 11:53:06,deck,2,2,0,10067,36
2026-10-05 11:53:06,soak,0,0,0,40290,47
2026-10-05 11:53:06,BEYOND,11,6,5,744298,1366
2026-10-05 11:53:06,MadMapper,9,6,3,1144363,996
2026-10-05 11:53:06,system,7,5,2,,,0.4,0.0,2,8445,0.0
2026-10-05 11:53:07,flamesafe,2,2,0,5915,21
2026-10-05 11:53:07,engine,3,2,2,2717845,102
2026-10-05 11:53:07,deck,3,3,0,10067,36
2026-10-05 11:53:07,soak,2,2,0,40294,47
2026-10-05 11:53:07,BEYOND,8,3,5,744426,1366
2026-10-05 11:53:07,MadMapper,9,3,6,1144400,996
2026-10-05 11:53:07,system,6,3,3,,,0.0,0.0,0,8445,0.0
2026-10-05 11:53:08,flamesafe,2,2,0,5915,21
2026-10-05 11:53:08,engine,8,3,5,2730440,102
2026-10-05 11:53:08,deck,5,3,2,10067,36
2026-10-05 11:53:08,soak,2,2,0,40471,47
2026-10-05 11:53:08,BEYOND,9,3,6,744553,1366
2026-10-05 11:53:08,MadMapper,14,9,5,1144404,996
2026-10-05 11:53:08,system,12,6,6,,,0.2,0.4,3,8444,0.0
2026-10-05 11:53:09,flamesafe,0,0,0,5915,21
2026-10-05 11:53:09,engine,5,3,2,2730660,102
2026-10-05 11:53:09,deck,6,5,2,10067,36
2026-10-05 11:53:09,soak,5,3,2,40477,47
2026-10-05 11:53:09,BEYOND,18,9,9,744681,1366
2026-10-05 11:53:09,MadMapper,22,17,5,1144432,996
2026-10-05 11:53:09,system,10,7,4,,,0.4,0.2,4,8445,0.0
2026-10-05 11:53:10,flamesafe,2,2,0,5915,21
2026-10-05 11:53:10,engine,3,3,0,2730875,102
2026-10-05 11:53:10,deck,3,2,2,10067,36
2026-10-05 11:53:10,soak,2,0,2,40481,47
2026-10-05 11:53:10,BEYOND,9,5,5,744808,1366
2026-10-05 11:53:10,MadMapper,6,0,6,1144484,996
2026-10-05 11:53:10,system,6,4,2,,,0.0,0.0,0,8445,0.0
2026-10-05 11:53:11,flamesafe,0,0,0,5915,21
2026-10-05 11:53:11,engine,8,6,2,2731087,102
2026-10-05 11:53:11,deck,0,0,0,10067,36
2026-10-05 11:53:11,soak,2,2,0,40485,47
2026-10-05 11:53:11,BEYOND,23,14,9,744944,1366
2026-10-05 11:53:11,MadMapper,6,6,0,1144489,996
2026-10-05 11:53:11,system,8,6,2,,,0.2,0.0,2,8445,0.0
2026-10-05 11:53:12,flamesafe,0,0,0,5915,21
2026-10-05 11:53:12,engine,9,6,3,2731315,102
2026-10-05 11:53:12,deck,2,2,0,10067,36
2026-10-05 11:53:12,soak,2,2,0,40489,47
2026-10-05 11:53:12,BEYOND,11,5,6,745073,1366
2026-10-05 11:53:12,MadMapper,11,2,9,1144493,996
2026-10-05 11:53:12,system,8,5,3,,,0.4,0.2,3,8445,0.0
2026-10-05 11:53:13,flamesafe,0,0,0,5915,21
2026-10-05 11:53:13,engine,8,6,2,2743983,102
2026-10-05 11:53:13,deck,8,6,2,10067,36
2026-10-05 11:53:13,soak,3,0,3,40574,47
2026-10-05 11:53:13,BEYOND,12,0,12,745201,1366
2026-10-05 11:53:13,MadMapper,9,6,3,1144497,996
2026-10-05 11:53:13,system,10,5,4,,,0.2,0.0,2,8443,0.0
2026-10-05 11:53:14,flamesafe,0,0,0,5915,21
2026-10-05 11:53:14,engine,6,3,3,2744271,103
2026-10-05 11:53:14,deck,5,5,0,10067,36
2026-10-05 11:53:14,soak,2,0,2,40584,47
2026-10-05 11:53:14,BEYOND,6,2,5,745328,1366
2026-10-05 11:53:14,MadMapper,6,3,3,1144525,996
2026-10-05 11:53:14,system,7,5,2,,,0.2,0.0,2,8443,0.0
2026-10-05 11:53:15,flamesafe,3,2,2,5915,21
2026-10-05 11:53:15,engine,6,5,2,2744492,103
2026-10-05 11:53:15,deck,6,5,2,10067,36
2026-10-05 11:53:15,soak,5,5,0,40588,47
2026-10-05 11:53:15,BEYOND,22,6,16,745456,1366
2026-10-05 11:53:15,MadMapper,11,9,2,1144529,996
2026-10-05 11:53:15,system,10,6,4,,,0.0,0.0,0,8444,0.0
2026-10-05 11:53:16,flamesafe,0,0,0,5915,21
2026-10-05 11:53:16,engine,2,2,0,2744706,103
2026-10-05 11:53:16,deck,3,0,3,10067,36
2026-10-05 11:53:16,soak,2,2,0,40592,47
2026-10-05 11:53:16,BEYOND,14,0,14,745591,1366
2026-10-05 11:53:16,MadMapper,6,3,3,1144567,996
2026-10-05 11:53:16,system,10,4,7,,,0.2,0.2,2,8442,0.0
2026-10-05 11:53:17,flamesafe,0,0,0,5915,21
2026-10-05 11:53:17,engine,3,2,2,2744931,103
2026-10-05 11:53:17,deck,0,0,0,10067,36
2026-10-05 11:53:17,soak,2,0,2,40597,47
2026-10-05 11:53:17,BEYOND,22,5,17,745719,1366
2026-10-05 11:53:17,MadMapper,6,3,3,1144572,996
2026-10-05 11:53:17,system,8,4,4,,,0.0,0.0,0,8443,0.0
2026-10-05 11:53:18,flamesafe,2,2,0,5915,21
2026-10-05 11:53:18,engine,5,3,2,2757513,103
2026-10-05 11:53:18,deck,5,2,3,10067,36
2026-10-05 11:53:18,soak,3,2,2,40779,47
2026-10-05 11:53:18,BEYOND,18,5,14,745846,1366
2026-10-05 11:53:18,MadMapper,5,2,3,1144576,996
2026-10-05 11:53:18,system,10,5,4,,,0.0,0.0,0,8442,0.0
2026-10-05 11:53:19,flamesafe,0,0,0,5915,21
2026-10-05 11:53:19,engine,2,0,2,2757734,103
2026-10-05 11:53:19,deck,8,8,0,10067,36
2026-10-05 11:53:19,soak,0,0,0,40784,47
2026-10-05 11:53:19,BEYOND,20,2,19,745974,1366
2026-10-05 11:53:19,MadMapper,5,2,3,1144604,996
2026-10-05 11:53:19,system,14,9,4,,,0.0,0.0,0,8442,0.0
2026-10-05 11:53:20,flamesafe,0,0,0,5915,21
2026-10-05 11:53:20,engine,3,2,2,2757953,103
2026-10-05 11:53:20,deck,8,5,3,10067,36
2026-10-05 11:53:20,soak,5,2,3,40802,47
2026-10-05 11:53:20,BEYOND,11,2,9,746103,1366
2026-10-05 11:53:20,MadMapper,3,2,2,1144609,996
2026-10-05 11:53:20,system,9,6,3,,,0.0,0.0,0,8445,0.1
2026-10-05 11:53:21,flamesafe,0,0,0,5915,21
2026-10-05 11:53:21,engine,5,5,0,2758168,103
2026-10-05 11:53:21,deck,5,5,0,10067,36
2026-10-05 11:53:21,soak,0,0,0,40807,47
2026-10-05 11:53:21,BEYOND,12,3,9,746239,1366
2026-10-05 11:53:21,MadMapper,2,0,2,1144613,996
2026-10-05 11:53:21,system,7,4,3,,,0.6,0.2,3,8445,0.0
2026-10-05 11:53:22,flamesafe,0,0,0,5915,21
2026-10-05 11:53:22,engine,2,2,0,2758398,103
2026-10-05 11:53:22,deck,3,3,0,10067,36
2026-10-05 11:53:22,soak,0,0,0,40811,47
2026-10-05 11:53:22,BEYOND,8,0,8,746367,1366
2026-10-05 11:53:22,MadMapper,8,3,5,1144617,996
2026-10-05 11:53:22,system,7,4,4,,,0.4,0.0,2,8444,0.0
2026-10-05 11:53:23,flamesafe,2,2,0,5915,21
2026-10-05 11:53:23,engine,6,6,0,2771004,103
2026-10-05 11:53:23,deck,3,3,0,10067,36
2026-10-05 11:53:23,soak,5,2,3,40910,47
2026-10-05 11:53:23,BEYOND,12,6,6,746494,1366
2026-10-05 11:53:23,MadMapper,11,3,8,1144621,996
2026-10-05 11:53:23,system,11,6,4,,,0.0,0.0,0,8443,0.0
2026-10-05 11:53:24,flamesafe,2,2,0,5915,21
2026-10-05 11:53:24,engine,5,5,0,2771214,103
2026-10-05 11:53:24,deck,5,5,0,10067,36
2026-10-05 11:53:24,soak,5,0,5,40914,47
2026-10-05 11:53:24,BEYOND,14,2,12,746622,1366
2026-10-05 11:53:24,MadMapper,5,2,3,1144650,996
2026-10-05 11:53:24,system,7,4,3,,,0.2,0.0,2,8444,0.0
2026-10-05 11:53:25,flamesafe,3,3,0,5915,21
2026-10-05 11:53:25,engine,3,3,0,2771431,103
2026-10-05 11:53:25,deck,16,14,2,10067,36
2026-10-05 11:53:25,soak,2,2,0,40918,47
2026-10-05 11:53:25,BEYOND,9,5,5,746749,1366
2026-10-05 11:53:25,MadMapper,2,2,0,1144655,996
2026-10-05 11:53:25,system,7,6,1,,,0.0,0.0,0,8444,0.0
2026-10-05 11:53:26,flamesafe,2,2,0,5915,21
2026-10-05 11:53:26,engine,3,2,2,2771658,103
2026-10-05 11:53:26,deck,2,0,2,10067,36
2026-10-05 11:53:26,soak,3,2,2,40938,47
2026-10-05 11:53:26,BEYOND,6,2,5,746877,1366
2026-10-05 11:53:26,MadMapper,14,9,5,1144659,996
2026-10-05 11:53:26,system,7,4,2,,,0.0,0.0,0,8444,0.1
2026-10-05 11:53:27,flamesafe,0,0,0,5915,21
2026-10-05 11:53:27,engine,2,0,2,2771887,103
2026-10-05 11:53:27,deck,3,2,2,10067,36
2026-10-05 11:53:27,soak,0,0,0,40955,47
2026-10-05 11:53:27,BEYOND,8,3,5,747013,1366
2026-10-05 11:53:27,MadMapper,14,14,0,1144663,996
2026-10-05 11:53:27,system,6,5,1,,,0.0,0.0,0,8452,0.0
2026-10-05 11:53:28,flamesafe,0,0,0,5915,21
2026-10-05 11:53:28,engine,5,5,0,2784501,103
2026-10-05 11:53:28,deck,2,2,0,10067,36
2026-10-05 11:53:28,soak,6,2,5,41110,47
2026-10-05 11:53:28,BEYOND,16,8,8,747142,1366
2026-10-05 11:53:28,MadMapper,8,5,3,1144667,996
2026-10-05 11:53:28,system,11,7,4,,,0.2,0.0,2,8446,0.0
2026-10-05 11:53:29,flamesafe,0,0,0,5915,21
2026-10-05 11:53:29,engine,3,3,0,2784734,103
2026-10-05 11:53:29,deck,2,2,0,10067,36
2026-10-05 11:53:29,soak,2,2,0,41123,47
2026-10-05 11:53:29,BEYOND,8,5,3,747269,1366
2026-10-05 11:53:29,MadMapper,6,6,0,1144695,996
2026-10-05 11:53:29,system,6,4,1,,,0.0,0.0,0,8438,0.0
2026-10-05 11:53:30,flamesafe,0,0,0,5915,21
2026-10-05 11:53:30,engine,5,3,2,2784991,104
2026-10-05 11:53:30,deck,0,0,0,10067,36
2026-10-05 11:53:30,soak,0,0,0,41127,47
2026-10-05 11:53:30,BEYOND,9,2,8,747397,1366
2026-10-05 11:53:30,MadMapper,2,0,2,1144699,996
2026-10-05 11:53:30,system,4,2,2,,,0.0,0.0,0,8438,0.0
2026-10-05 11:53:31,flamesafe,0,0,0,5915,21
2026-10-05 11:53:31,engine,3,3,0,2785203,104
2026-10-05 11:53:31,deck,6,5,2,10067,36
2026-10-05 11:53:31,soak,0,0,0,41131,47
2026-10-05 11:53:31,BEYOND,14,0,14,747524,1366
2026-10-05 11:53:31,MadMapper,3,0,3,1144703,996
2026-10-05 11:53:31,system,9,4,5,,,0.0,0.0,0,8439,0.0
2026-10-05 11:53:32,flamesafe,0,0,0,5915,21
2026-10-05 11:53:32,engine,0,0,0,2785436,104
2026-10-05 11:53:32,deck,8,0,8,10067,36
2026-10-05 11:53:32,soak,2,0,2,41151,47
2026-10-05 11:53:32,BEYOND,11,3,8,747660,1366
2026-10-05 11:53:32,MadMapper,3,0,3,1144707,996
2026-10-05 11:53:32,system,5,2,3,,,0.4,0.0,3,8439,0.0
2026-10-05 11:53:33,flamesafe,0,0,0,5915,21
2026-10-05 11:53:33,engine,8,6,2,2798037,104
2026-10-05 11:53:33,deck,5,5,0,10067,36
2026-10-05 11:53:33,soak,5,3,2,41195,47
2026-10-05 11:53:33,BEYOND,3,0,3,747787,1366
2026-10-05 11:53:33,MadMapper,11,3,8,1144744,996
2026-10-05 11:53:33,system,11,6,5,,,0.2,0.0,2,8438,0.6
2026-10-05 11:53:34,flamesafe,6,6,0,5915,21
2026-10-05 11:53:34,engine,2,2,0,2798319,104
2026-10-05 11:53:34,deck,3,2,2,10067,36
2026-10-05 11:53:34,soak,2,0,2,41201,47
2026-10-05 11:53:34,BEYOND,11,2,9,747915,1366
2026-10-05 11:53:34,MadMapper,6,5,2,1144772,996
2026-10-05 11:53:34,system,7,5,2,,,0.0,0.0,0,8437,0.0
2026-10-05 11:53:36,flamesafe,2,2,0,5915,21
2026-10-05 11:53:36,engine,3,3,0,2798531,104
2026-10-05 11:53:36,deck,0,0,0,10067,36
2026-10-05 11:53:36,soak,2,0,2,41218,47
2026-10-05 11:53:36,BEYOND,5,2,3,748042,1366
2026-10-05 11:53:36,MadMapper,5,2,3,1144776,996
2026-10-05 11:53:36,system,4,2,2,,,0.0,0.0,0,8437,0.0
2026-10-05 11:53:37,flamesafe,0,0,0,5915,21
2026-10-05 11:53:37,engine,2,2,0,2798754,104
2026-10-05 11:53:37,deck,5,3,2,10067,36
2026-10-05 11:53:37,soak,2,2,0,41234,47
2026-10-05 11:53:37,BEYOND,8,2,6,748170,1366
2026-10-05 11:53:37,MadMapper,2,2,0,1144782,996
2026-10-05 11:53:37,system,6,4,2,,,0.2,0.2,2,8446,0.0
2026-10-05 11:53:38,flamesafe,0,0,0,5915,21
2026-10-05 11:53:38,engine,6,5,2,2798974,104
2026-10-05 11:53:38,deck,2,2,0,10067,36
2026-10-05 11:53:38,soak,2,0,2,41262,47
2026-10-05 11:53:38,BEYOND,8,2,6,748308,1366
2026-10-05 11:53:38,MadMapper,6,2,5,1144818,996
2026-10-05 11:53:38,system,8,4,4,,,0.2,0.2,2,8448,0.0
2026-10-05 11:53:39,flamesafe,0,0,0,5915,21
2026-10-05 11:53:39,engine,5,3,2,2811583,104
2026-10-05 11:53:39,deck,9,9,0,10067,36
2026-10-05 11:53:39,soak,2,2,0,41425,47
2026-10-05 11:53:39,BEYOND,17,6,11,748435,1366
2026-10-05 11:53:39,MadMapper,3,3,0,1144823,996
2026-10-05 11:53:39,system,10,7,3,,,0.0,0.0,0,8446,0.0
2026-10-05 11:53:40,flamesafe,2,2,0,5915,21
2026-10-05 11:53:40,engine,6,5,2,2811792,104
2026-10-05 11:53:40,deck,2,2,0,10067,36
2026-10-05 11:53:40,soak,0,0,0,41430,47
2026-10-05 11:53:40,BEYOND,14,5,9,748565,1366
2026-10-05 11:53:40,MadMapper,6,5,2,1144851,996
2026-10-05 11:53:40,system,8,5,3,,,0.2,0.4,3,8447,0.1
2026-10-05 11:53:41,flamesafe,6,6,0,5915,21
2026-10-05 11:53:41,engine,11,6,5,2812008,104
2026-10-05 11:53:41,deck,6,6,0,10067,36
2026-10-05 11:53:41,soak,2,2,0,41453,47
2026-10-05 11:53:41,BEYOND,14,6,8,748692,1366
2026-10-05 11:53:41,MadMapper,12,5,8,1144903,996
2026-10-05 11:53:41,system,22,15,6,,,0.0,0.2,2,8299,0.2
2026-10-05 11:53:42,flamesafe,2,2,0,5915,21
2026-10-05 11:53:42,engine,3,0,3,2812227,104
2026-10-05 11:53:42,deck,5,3,2,10067,36
2026-10-05 11:53:42,soak,2,2,0,41461,47
2026-10-05 11:53:42,BEYOND,12,5,8,748820,1366
2026-10-05 11:53:42,MadMapper,8,5,3,1144908,996
2026-10-05 11:53:42,system,12,6,5,,,0.0,0.2,2,8287,0.0
2026-10-05 11:53:43,flamesafe,3,0,3,5915,21
2026-10-05 11:53:43,engine,5,3,2,2812445,104
2026-10-05 11:53:43,deck,5,5,0,10067,36
2026-10-05 11:53:43,soak,2,2,0,41665,47
2026-10-05 11:53:43,BEYOND,17,3,14,748955,1366
2026-10-05 11:53:43,MadMapper,12,0,12,1144912,996
2026-10-05 11:53:43,system,19,12,6,,,0.4,0.0,2,8413,0.0
2026-10-05 11:53:44,flamesafe,0,0,0,5915,21
2026-10-05 11:53:44,engine,5,2,3,2825038,104
2026-10-05 11:53:44,deck,2,2,0,10067,36
2026-10-05 11:53:44,soak,0,0,0,41724,47
2026-10-05 11:53:44,BEYOND,3,3,0,749083,1366
2026-10-05 11:53:44,MadMapper,3,2,2,1144916,996
2026-10-05 11:53:44,system,12,7,6,,,0.2,0.0,2,8403,0.0
2026-10-05 11:53:45,flamesafe,0,0,0,5915,21
2026-10-05 11:53:45,engine,8,3,5,2825266,104
2026-10-05 11:53:45,deck,5,5,0,10067,36
2026-10-05 11:53:45,soak,3,0,3,41745,47
2026-10-05 11:53:45,BEYOND,15,3,12,749212,1366
2026-10-05 11:53:45,MadMapper,9,0,9,1144944,996
2026-10-05 11:53:45,system,8,4,5,,,0.2,0.4,3,8393,0.0
2026-10-05 11:53:46,flamesafe,0,0,0,5915,21
2026-10-05 11:53:46,engine,2,0,2,2825477,104
2026-10-05 11:53:46,deck,5,3,2,10067,36
2026-10-05 11:53:46,soak,3,3,0,41762,47
2026-10-05 11:53:46,BEYOND,11,0,11,749338,1366
2026-10-05 11:53:46,MadMapper,5,2,3,1144948,996
2026-10-05 11:53:46,system,10,4,6,,,0.0,0.0,0,8427,0.1
2026-10-05 11:53:47,flamesafe,0,0,0,5915,21
2026-10-05 11:53:47,engine,3,2,2,2825696,104
2026-10-05 11:53:47,deck,5,2,3,10067,36
2026-10-05 11:53:47,soak,0,0,0,41774,47
2026-10-05 11:53:47,BEYOND,14,3,11,749467,1366
2026-10-05 11:53:47,MadMapper,6,0,6,1144952,996
2026-10-05 11:53:47,system,9,4,5,,,0.0,0.2,2,8432,0.0
2026-10-05 11:53:48,flamesafe,0,0,0,5915,21
2026-10-05 11:53:48,engine,5,5,0,2825914,105
2026-10-05 11:53:48,deck,8,5,3,10067,36
2026-10-05 11:53:48,soak,0,0,0,41812,47
2026-10-05 11:53:48,BEYOND,14,3,11,749595,1366
2026-10-05 11:53:48,MadMapper,3,3,0,1144956,996
2026-10-05 11:53:48,system,10,5,4,,,0.0,0.0,0,8438,0.0
2026-10-05 11:53:49,flamesafe,0,0,0,5915,21
2026-10-05 11:53:49,engine,6,6,0,2838579,105
2026-10-05 11:53:49,deck,6,6,0,10067,36
2026-10-05 11:53:49,soak,3,2,2,41817,47
2026-10-05 11:53:49,BEYOND,16,0,16,749730,1366
2026-10-05 11:53:49,MadMapper,8,3,5,1144960,996
2026-10-05 11:53:49,system,9,6,3,,,0.0,0.0,0,8430,0.0
2026-10-05 11:53:50,flamesafe,0,0,0,5915,21
2026-10-05 11:53:50,engine,5,3,2,2838802,105
2026-10-05 11:53:50,deck,2,2,0,10067,36
2026-10-05 11:53:50,soak,0,0,0,41821,47
2026-10-05 11:53:50,BEYOND,11,2,9,749858,1366
2026-10-05 11:53:50,MadMapper,2,2,0,1144991,996
2026-10-05 11:53:50,system,5,3,2,,,0.0,0.2,2,8432,0.0
2026-10-05 11:53:51,flamesafe,0,0,0,5915,21
2026-10-05 11:53:51,engine,2,0,2,2839019,105
2026-10-05 11:53:51,deck,11,8,3,10067,36
2026-10-05 11:53:51,soak,0,0,0,41825,47
2026-10-05 11:53:51,BEYOND,11,5,6,749985,1366
2026-10-05 11:53:51,MadMapper,8,6,2,1145028,996
2026-10-05 11:53:51,system,6,4,2,,,0.2,0.0,2,8440,0.0
2026-10-05 11:53:52,flamesafe,2,2,0,5915,21
2026-10-05 11:53:52,engine,2,2,0,2839232,105
2026-10-05 11:53:52,deck,3,3,0,10067,36
2026-10-05 11:53:52,soak,3,2,2,41829,47
2026-10-05 11:53:52,BEYOND,16,5,11,750113,1366
2026-10-05 11:53:52,MadMapper,6,5,2,1145032,996
2026-10-05 11:53:52,system,6,4,2,,,0.0,0.0,0,8440,0.0
2026-10-05 11:53:53,flamesafe,3,2,2,5915,21
2026-10-05 11:53:53,engine,6,2,5,2839462,105
2026-10-05 11:53:53,deck,3,3,0,10067,36
2026-10-05 11:53:53,soak,0,0,0,41833,47
2026-10-05 11:53:53,BEYOND,9,0,9,750240,1366
2026-10-05 11:53:53,MadMapper,3,3,0,1145036,996
2026-10-05 11:53:53,system,5,2,3,,,0.4,0.0,2,8441,0.0
2026-10-05 11:53:54,flamesafe,3,3,0,5915,21
2026-10-05 11:53:54,engine,6,2,5,2852049,105
2026-10-05 11:53:54,deck,8,6,2,10067,36
2026-10-05 11:53:54,soak,6,2,5,42021,47
2026-10-05 11:53:54,BEYOND,17,5,12,750378,1366
2026-10-05 11:53:54,MadMapper,3,0,3,1145040,996
2026-10-05 11:53:54,system,12,6,6,,,0.0,0.2,2,8435,0.0
2026-10-05 11:53:55,flamesafe,3,3,0,5915,21
2026-10-05 11:53:55,engine,3,3,0,2852269,105
2026-10-05 11:53:55,deck,5,3,2,10067,36
2026-10-05 11:53:55,soak,0,0,0,42052,47
2026-10-05 11:53:55,BEYOND,8,0,8,750506,1366
2026-10-05 11:53:55,MadMapper,6,3,3,1145068,996
2026-10-05 11:53:55,system,6,4,2,,,0.0,0.0,0,8438,0.0
2026-10-05 11:53:56,flamesafe,3,3,0,5915,21
2026-10-05 11:53:56,engine,8,8,0,2852493,105
2026-10-05 11:53:56,deck,6,6,0,10067,36
2026-10-05 11:53:56,soak,0,0,0,42080,47
2026-10-05 11:53:56,BEYOND,16,3,12,750633,1366
2026-10-05 11:53:56,MadMapper,9,8,2,1145073,996
2026-10-05 11:53:56,system,9,6,3,,,0.2,0.4,3,8438,0.0
2026-10-05 11:53:57,flamesafe,2,0,2,5915,21
2026-10-05 11:53:57,engine,3,3,0,2852771,105
2026-10-05 11:53:57,deck,2,0,2,10067,36
2026-10-05 11:53:57,soak,3,3,0,42093,47
2026-10-05 11:53:57,BEYOND,18,2,17,750761,1366
2026-10-05 11:53:57,MadMapper,2,2,0,1145077,996
2026-10-05 11:53:57,system,7,4,3,,,0.2,0.0,2,8438,0.0
2026-10-05 11:53:58,flamesafe,0,0,0,5915,21
2026-10-05 11:53:58,engine,8,6,2,2865398,105
2026-10-05 11:53:58,deck,8,6,2,10067,36
2026-10-05 11:53:58,soak,5,3,2,42162,47
2026-10-05 11:53:58,BEYOND,11,3,8,750888,1366
2026-10-05 11:53:58,MadMapper,9,2,8,1145081,996
2026-10-05 11:53:58,system,12,6,6,,,0.4,0.2,3,8438,0.0
2026-10-05 11:53:59,flamesafe,0,0,0,5915,21
2026-10-05 11:53:59,engine,2,0,2,2865616,105
2026-10-05 11:53:59,deck,5,3,2,10067,36
2026-10-05 11:53:59,soak,0,0,0,42166,47
2026-10-05 11:53:59,BEYOND,8,0,8,751024,1366
2026-10-05 11:53:59,MadMapper,5,3,2,1145098,996
2026-10-05 11:53:59,system,6,3,3,,,0.2,0.0,2,8434,0.0
2026-10-05 11:54:00,flamesafe,0,0,0,5915,21
2026-10-05 11:54:00,engine,5,3,2,2865845,106
2026-10-05 11:54:00,deck,8,6,2,10067,36
2026-10-05 11:54:00,soak,0,0,0,42170,47
2026-10-05 11:54:00,BEYOND,14,3,11,751151,1366
2026-10-05 11:54:00,MadMapper,9,5,5,1145254,996
2026-10-05 11:54:00,system,8,5,4,,,0.2,0.2,2,8433,0.0
2026-10-05 11:54:01,flamesafe,0,0,0,5915,21
2026-10-05 11:54:01,engine,9,6,3,2866062,106
2026-10-05 11:54:01,deck,3,3,0,10067,36
2026-10-05 11:54:01,soak,2,0,2,42174,47
2026-10-05 11:54:01,BEYOND,9,8,2,751281,1366
2026-10-05 11:54:01,MadMapper,9,5,5,1145258,996
2026-10-05 11:54:01,system,7,6,2,,,0.0,0.0,0,8435,0.0
2026-10-05 11:54:02,flamesafe,3,2,2,5915,21
2026-10-05 11:54:02,engine,3,2,2,2866274,106
2026-10-05 11:54:02,deck,5,5,0,10067,36
2026-10-05 11:54:02,soak,0,0,0,42189,47
2026-10-05 11:54:02,BEYOND,6,0,6,751408,1366
2026-10-05 11:54:02,MadMapper,8,3,5,1145262,996
2026-10-05 11:54:02,system,10,6,4,,,0.2,0.2,2,8441,0.0
2026-10-05 11:54:03,flamesafe,2,0,2,5915,21
2026-10-05 11:54:03,engine,6,3,3,2866566,106
2026-10-05 11:54:03,deck,3,3,0,10067,36
2026-10-05 11:54:03,soak,6,5,2,42205,47
2026-10-05 11:54:03,BEYOND,11,2,9,751536,1366
2026-10-05 11:54:03,MadMapper,6,3,3,1145266,996
2026-10-05 11:54:03,system,10,6,4,,,0.0,0.0,0,8434,0.0
2026-10-05 11:54:04,flamesafe,0,0,0,5915,21
2026-10-05 11:54:04,engine,5,3,2,2879150,106
2026-10-05 11:54:04,deck,5,5,0,10067,36
2026-10-05 11:54:04,soak,6,5,2,42255,47
2026-10-05 11:54:04,BEYOND,17,2,16,751671,1366
2026-10-05 11:54:04,MadMapper,2,0,2,1145270,996
2026-10-05 11:54:04,system,9,4,5,,,0.0,0.0,0,8439,0.0
2026-10-05 11:54:05,flamesafe,2,2,0,5915,21
2026-10-05 11:54:05,engine,6,6,0,2879364,106
2026-10-05 11:54:05,deck,3,3,0,10067,36
2026-10-05 11:54:05,soak,3,2,2,42259,47
2026-10-05 11:54:05,BEYOND,14,3,11,751799,1366
2026-10-05 11:54:05,MadMapper,6,2,5,1145298,996
2026-10-05 11:54:05,system,7,4,3,,,0.0,0.0,0,8440,0.0
2026-10-05 11:54:06,flamesafe,0,0,0,5915,21
2026-10-05 11:54:06,engine,2,2,0,2879571,106
2026-10-05 11:54:06,deck,6,6,0,10067,36
2026-10-05 11:54:06,soak,0,0,0,42263,47
2026-10-05 11:54:06,BEYOND,14,3,11,751926,1366
2026-10-05 11:54:06,MadMapper,8,6,2,1145302,996
2026-10-05 11:54:06,system,7,5,2,,,0.0,0.0,0,8440,0.0
2026-10-05 11:54:07,flamesafe,0,0,0,5915,21
2026-10-05 11:54:07,engine,2,2,0,2879792,106
2026-10-05 11:54:07,deck,3,3,0,10067,36
2026-10-05 11:54:07,soak,0,0,0,42267,47
2026-10-05 11:54:07,BEYOND,19,3,16,752054,1366
2026-10-05 11:54:07,MadMapper,6,0,6,1145306,996
2026-10-05 11:54:07,system,6,3,3,,,0.0,0.2,2,8440,0.0
2026-10-05 11:54:08,flamesafe,0,0,0,5915,21
2026-10-05 11:54:08,engine,8,6,2,2892403,106
2026-10-05 11:54:08,deck,6,6,0,10067,36
2026-10-05 11:54:08,soak,5,0,5,42298,47
2026-10-05 11:54:08,BEYOND,11,5,6,752181,1366
2026-10-05 11:54:08,MadMapper,8,3,5,1145311,996
2026-10-05 11:54:08,system,10,6,4,,,0.4,0.0,2,8437,0.0
2026-10-05 11:54:09,flamesafe,0,0,0,5915,21
2026-10-05 11:54:09,engine,2,2,0,2892612,106
2026-10-05 11:54:09,deck,5,5,0,10067,36
2026-10-05 11:54:09,soak,0,0,0,42302,47
2026-10-05 11:54:09,BEYOND,11,5,6,752317,1366
2026-10-05 11:54:09,MadMapper,12,8,5,1145347,996
2026-10-05 11:54:09,system,8,4,3,,,0.4,0.0,3,8439,0.0
2026-10-05 11:54:10,flamesafe,2,2,0,5915,21
2026-10-05 11:54:10,engine,3,3,0,2892830,106
2026-10-05 11:54:10,deck,3,2,2,10067,36
2026-10-05 11:54:10,soak,0,0,0,42306,47
2026-10-05 11:54:10,BEYOND,9,3,6,752450,1366
2026-10-05 11:54:10,MadMapper,5,2,3,1145387,996
2026-10-05 11:54:10,system,6,4,2,,,0.2,0.0,2,8440,0.0
2026-10-05 11:54:11,flamesafe,2,2,0,5915,21
2026-10-05 11:54:11,engine,0,0,0,2893042,106
2026-10-05 11:54:11,deck,5,3,2,10067,36
2026-10-05 11:54:11,soak,0,0,0,42310,47
2026-10-05 11:54:11,BEYOND,9,0,9,752577,1366
2026-10-05 11:54:11,MadMapper,2,2,0,1145427,996
2026-10-05 11:54:11,system,6,4,3,,,0.2,0.2,2,8440,0.0
2026-10-05 11:54:12,flamesafe,3,3,0,5915,21
2026-10-05 11:54:12,engine,6,6,0,2893264,106
2026-10-05 11:54:12,deck,2,0,2,10067,36
2026-10-05 11:54:12,soak,0,0,0,42314,47
2026-10-05 11:54:12,BEYOND,8,0,8,752705,1366
2026-10-05 11:54:12,MadMapper,12,8,5,1145431,996
2026-10-05 11:54:12,system,7,4,3,,,0.0,0.2,2,8441,0.0
2026-10-05 11:54:13,flamesafe,3,3,0,5915,21
2026-10-05 11:54:13,engine,6,6,0,2893487,106
2026-10-05 11:54:13,deck,3,3,0,10067,36
2026-10-05 11:54:13,soak,2,0,2,42330,47
2026-10-05 11:54:13,BEYOND,8,2,6,752832,1366
2026-10-05 11:54:13,MadMapper,3,3,0,1145436,996
2026-10-05 11:54:13,system,8,6,3,,,0.0,0.4,2,8441,0.0
2026-10-05 11:54:14,flamesafe,2,2,0,5915,21
2026-10-05 11:54:14,engine,9,8,2,2906099,106
2026-10-05 11:54:14,deck,8,3,5,10067,36
2026-10-05 11:54:14,soak,5,2,3,42346,47
2026-10-05 11:54:14,BEYOND,11,5,6,752960,1366
2026-10-05 11:54:14,MadMapper,8,0,8,1145440,996
2026-10-05 11:54:14,system,8,4,4,,,0.0,0.0,0,8438,0.0
2026-10-05 11:54:15,flamesafe,0,0,0,5915,21
2026-10-05 11:54:15,engine,6,6,0,2906334,107
2026-10-05 11:54:15,deck,8,8,0,10067,36
2026-10-05 11:54:15,soak,0,0,0,42350,47
2026-10-05 11:54:15,BEYOND,17,8,9,753095,1366
2026-10-05 11:54:15,MadMapper,3,2,2,1145468,996
2026-10-05 11:54:15,system,8,6,2,,,0.0,0.2,2,8438,0.0
2026-10-05 11:54:16,flamesafe,0,0,0,5915,21
2026-10-05 11:54:16,engine,2,0,2,2906556,107
2026-10-05 11:54:16,deck,6,5,2,10067,36
2026-10-05 11:54:16,soak,2,0,2,42354,47
2026-10-05 11:54:16,BEYOND,9,2,8,753223,1366
2026-10-05 11:54:16,MadMapper,9,5,5,1145473,996
2026-10-05 11:54:16,system,6,3,3,,,0.2,0.0,2,8438,0.0
2026-10-05 11:54:17,flamesafe,0,0,0,5915,21
2026-10-05 11:54:17,engine,6,6,0,2906840,107
2026-10-05 11:54:17,deck,0,0,0,10067,36
2026-10-05 11:54:17,soak,2,2,0,42358,47
2026-10-05 11:54:17,BEYOND,16,3,12,753350,1366
2026-10-05 11:54:17,MadMapper,5,5,0,1145477,996
2026-10-05 11:54:17,system,10,6,4,,,0.2,0.2,3,8446,0.0
2026-10-05 11:54:18,flamesafe,0,0,0,5915,21
2026-10-05 11:54:18,engine,6,3,3,2919457,107
2026-10-05 11:54:18,deck,8,5,3,10067,36
2026-10-05 11:54:18,soak,5,3,2,42389,47
2026-10-05 11:54:18,BEYOND,8,5,3,753480,1366
2026-10-05 11:54:18,MadMapper,8,6,2,1145481,996
2026-10-05 11:54:18,system,11,6,5,,,0.6,0.0,3,8436,0.0
2026-10-05 11:54:19,flamesafe,5,2,3,5915,21
2026-10-05 11:54:19,engine,5,2,3,2919666,107
2026-10-05 11:54:19,deck,6,3,3,10067,36
2026-10-05 11:54:19,soak,2,0,2,42393,47
2026-10-05 11:54:19,BEYOND,11,5,6,753607,1366
2026-10-05 11:54:19,MadMapper,11,5,6,1145485,996
2026-10-05 11:54:19,system,8,4,4,,,0.4,0.0,2,8438,0.0
2026-10-05 11:54:20,flamesafe,3,3,0,5915,21
2026-10-05 11:54:20,engine,2,2,0,2919887,107
2026-10-05 11:54:20,deck,3,2,2,10067,36
2026-10-05 11:54:20,soak,0,0,0,42397,47
2026-10-05 11:54:20,BEYOND,14,3,11,753743,1366
2026-10-05 11:54:20,MadMapper,6,6,0,1145513,996
2026-10-05 11:54:20,system,6,4,2,,,0.2,0.0,2,8440,0.0
2026-10-05 11:54:21,flamesafe,2,0,2,5915,21
2026-10-05 11:54:21,engine,2,2,0,2920106,107
2026-10-05 11:54:21,deck,3,2,2,10067,36
2026-10-05 11:54:21,soak,3,2,2,42401,47
2026-10-05 11:54:21,BEYOND,11,3,8,753870,1366
2026-10-05 11:54:21,MadMapper,9,5,5,1145517,996
2026-10-05 11:54:21,system,7,4,3,,,0.2,0.0,2,8439,0.0
2026-10-05 11:54:22,flamesafe,0,0,0,5915,21
2026-10-05 11:54:22,engine,3,2,2,2920317,107
2026-10-05 11:54:22,deck,8,8,0,10067,36
2026-10-05 11:54:22,soak,0,0,0,42405,47
2026-10-05 11:54:22,BEYOND,8,2,6,753998,1366
2026-10-05 11:54:22,MadMapper,2,0,2,1145521,996
2026-10-05 11:54:22,system,5,3,2,,,0.0,0.0,0,8439,0.0
2026-10-05 11:54:23,flamesafe,0,0,0,5915,21
2026-10-05 11:54:23,engine,0,0,0,2920545,107
2026-10-05 11:54:23,deck,14,9,5,10067,36
2026-10-05 11:54:23,soak,5,2,3,42433,47
2026-10-05 11:54:23,BEYOND,8,2,6,754125,1366
2026-10-05 11:54:23,MadMapper,6,3,3,1145525,996
2026-10-05 11:54:23,system,25,16,9,,,0.6,0.2,3,8290,0.0
2026-10-05 11:54:24,flamesafe,3,3,0,5915,21
2026-10-05 11:54:24,engine,8,3,5,2933206,108
2026-10-05 11:54:24,deck,3,3,0,10067,36
2026-10-05 11:54:24,soak,2,0,2,42570,47
2026-10-05 11:54:24,BEYOND,22,5,17,754253,1366
2026-10-05 11:54:24,MadMapper,8,6,2,1145529,996
2026-10-05 11:54:24,system,11,5,6,,,0.2,0.0,2,8293,0.0
2026-10-05 11:54:25,flamesafe,2,2,0,5915,21
2026-10-05 11:54:25,engine,2,2,0,2933421,108
2026-10-05 11:54:25,deck,2,2,0,10067,36
2026-10-05 11:54:25,soak,0,0,0,42574,47
2026-10-05 11:54:25,BEYOND,23,9,14,754389,1366
2026-10-05 11:54:25,MadMapper,2,0,2,1145590,996
2026-10-05 11:54:25,system,8,4,3,,,0.4,0.0,2,8292,0.0
2026-10-05 11:54:26,flamesafe,3,3,0,5915,21
2026-10-05 11:54:26,engine,5,3,2,2933642,108
2026-10-05 11:54:26,deck,5,5,0,10067,36
2026-10-05 11:54:26,soak,2,0,2,42578,47
2026-10-05 11:54:26,BEYOND,9,2,8,754518,1366
2026-10-05 11:54:26,MadMapper,2,0,2,1145594,996
2026-10-05 11:54:26,system,6,3,3,,,0.0,0.2,2,8296,0.0
2026-10-05 11:54:27,flamesafe,5,5,0,5915,21
2026-10-05 11:54:27,engine,3,2,2,2933857,108
2026-10-05 11:54:27,deck,5,3,2,10067,36
2026-10-05 11:54:27,soak,0,0,0,42604,47
2026-10-05 11:54:27,BEYOND,16,3,12,754646,1366
2026-10-05 11:54:27,MadMapper,2,2,0,1145598,996
2026-10-05 11:54:27,system,11,9,3,,,0.2,0.0,2,8273,0.0
2026-10-05 11:54:28,flamesafe,2,2,0,5915,21
2026-10-05 11:54:28,engine,5,3,2,2946466,108
2026-10-05 11:54:28,deck,5,5,0,10067,36
2026-10-05 11:54:28,soak,6,5,2,42736,47
2026-10-05 11:54:28,BEYOND,11,3,8,754773,1366
2026-10-05 11:54:28,MadMapper,11,8,3,1145602,996
2026-10-05 11:54:28,system,17,10,7,,,0.4,0.0,2,8247,0.0
2026-10-05 11:54:29,flamesafe,0,0,0,5915,21
2026-10-05 11:54:29,engine,6,6,0,2946682,108
2026-10-05 11:54:29,deck,0,0,0,10067,36
2026-10-05 11:54:29,soak,2,2,0,42740,47
2026-10-05 11:54:29,BEYOND,17,8,9,754901,1366
2026-10-05 11:54:29,MadMapper,6,3,3,1145606,996
2026-10-05 11:54:29,system,9,6,2,,,0.4,0.0,2,8239,0.0
2026-10-05 11:54:30,flamesafe,0,0,0,5915,21
2026-10-05 11:54:30,engine,5,5,0,2946906,108
2026-10-05 11:54:30,deck,3,2,2,10067,36
2026-10-05 11:54:30,soak,3,2,2,42744,47
2026-10-05 11:54:30,BEYOND,15,3,12,755028,1366
2026-10-05 11:54:30,MadMapper,6,2,5,1145635,996
2026-10-05 11:54:30,system,12,8,4,,,0.0,0.0,0,8284,0.2
2026-10-05 11:54:31,flamesafe,0,0,0,5915,21
2026-10-05 11:54:31,engine,5,3,2,2947101,108
2026-10-05 11:54:31,deck,3,3,0,10067,36
2026-10-05 11:54:31,soak,0,0,0,42748,47
2026-10-05 11:54:31,BEYOND,16,3,12,755162,1366
2026-10-05 11:54:31,MadMapper,5,2,3,1145640,996
2026-10-05 11:54:31,system,32,27,5,,,0.2,0.6,3,8127,0.0
2026-10-05 11:54:32,flamesafe,6,6,0,5915,21
2026-10-05 11:54:32,engine,5,3,2,2947324,108
2026-10-05 11:54:32,deck,3,2,2,10067,36
2026-10-05 11:54:32,soak,0,0,0,42752,47
2026-10-05 11:54:32,BEYOND,14,0,14,755289,1366
2026-10-05 11:54:32,MadMapper,5,0,5,1145644,996
2026-10-05 11:54:32,system,13,7,6,,,0.2,0.6,2,8224,0.0
2026-10-05 11:54:33,flamesafe,5,5,0,5915,21
2026-10-05 11:54:33,engine,6,5,2,2959143,108
2026-10-05 11:54:33,deck,6,5,2,10067,36
2026-10-05 11:54:33,soak,2,0,2,42784,47
2026-10-05 11:54:33,BEYOND,18,5,14,755419,1366
2026-10-05 11:54:33,MadMapper,6,5,2,1145649,996
2026-10-05 11:54:33,system,13,7,6,,,0.0,0.2,2,8211,0.0
2026-10-05 11:54:34,flamesafe,3,3,0,5915,21
2026-10-05 11:54:34,engine,8,5,3,2960139,108
2026-10-05 11:54:34,deck,6,5,2,10067,36
2026-10-05 11:54:34,soak,2,0,2,42789,47
2026-10-05 11:54:34,BEYOND,8,0,8,755546,1366
2026-10-05 11:54:34,MadMapper,5,2,3,1145653,996
2026-10-05 11:54:34,system,8,4,4,,,0.4,0.2,3,8235,0.0
2026-10-05 11:54:35,flamesafe,5,3,2,5915,21
2026-10-05 11:54:35,engine,2,2,0,2960349,108
2026-10-05 11:54:35,deck,5,3,2,10067,36
2026-10-05 11:54:35,soak,2,0,2,42793,47
2026-10-05 11:54:35,BEYOND,6,2,5,755674,1366
2026-10-05 11:54:35,MadMapper,6,5,2,1145682,996
2026-10-05 11:54:35,system,7,4,2,,,0.0,0.2,2,8272,0.0
2026-10-05 11:54:36,flamesafe,0,0,0,5915,21
2026-10-05 11:54:36,engine,8,8,0,2960571,108
2026-10-05 11:54:36,deck,5,5,0,10067,36
2026-10-05 11:54:36,soak,2,2,0,42798,47
2026-10-05 11:54:36,BEYOND,11,0,11,755809,1366
2026-10-05 11:54:36,MadMapper,6,3,3,1145686,996
2026-10-05 11:54:36,system,8,5,3,,,0.2,0.2,3,8273,0.0
2026-10-05 11:54:37,flamesafe,0,0,0,5915,21
2026-10-05 11:54:37,engine,2,0,2,2960793,108
2026-10-05 11:54:37,deck,5,5,0,10067,36
2026-10-05 11:54:37,soak,0,0,0,42802,47
2026-10-05 11:54:37,BEYOND,5,0,5,755937,1366
2026-10-05 11:54:37,MadMapper,5,3,2,1145690,996
2026-10-05 11:54:37,system,5,3,2,,,0.0,0.2,2,8275,0.0
2026-10-05 11:54:38,flamesafe,0,0,0,5915,21
2026-10-05 11:54:38,engine,5,3,2,2961075,108
2026-10-05 11:54:38,deck,3,3,0,10067,36
2026-10-05 11:54:38,soak,0,0,0,42818,47
2026-10-05 11:54:38,BEYOND,9,6,3,756064,1366
2026-10-05 11:54:38,MadMapper,6,0,6,1145695,996
2026-10-05 11:54:38,system,7,4,4,,,0.4,0.0,2,8280,0.0
2026-10-05 11:54:39,flamesafe,0,0,0,5915,21
2026-10-05 11:54:39,engine,11,6,5,2973675,108
2026-10-05 11:54:39,deck,5,5,0,10067,36
2026-10-05 11:54:39,soak,5,2,3,42841,47
2026-10-05 11:54:39,BEYOND,3,0,3,756192,1366
2026-10-05 11:54:39,MadMapper,5,2,3,1145731,996
2026-10-05 11:54:39,system,10,6,4,,,0.2,0.6,3,8282,0.0
2026-10-05 11:54:40,flamesafe,0,0,0,5915,21
2026-10-05 11:54:40,engine,5,3,2,2973889,108
2026-10-05 11:54:40,deck,2,2,0,10067,36
2026-10-05 11:54:40,soak,0,0,0,42845,47
2026-10-05 11:54:40,BEYOND,12,3,9,756319,1366
2026-10-05 11:54:40,MadMapper,5,0,5,1145795,996
2026-10-05 11:54:40,system,7,4,3,,,0.2,0.0,2,8282,0.0
2026-10-05 11:54:41,flamesafe,3,3,0,5915,21
2026-10-05 11:54:41,engine,0,0,0,2974170,109
2026-10-05 11:54:41,deck,2,2,0,10067,36
2026-10-05 11:54:41,soak,5,3,2,42849,47
2026-10-05 11:54:41,BEYOND,9,2,8,756457,1366
2026-10-05 11:54:41,MadMapper,8,2,6,1145811,996
2026-10-05 11:54:41,system,8,4,4,,,0.6,0.4,4,8283,0.0
2026-10-05 11:54:42,flamesafe,2,2,0,5915,21
2026-10-05 11:54:42,engine,3,0,3,2974386,109
2026-10-05 11:54:42,deck,3,3,0,10067,36
2026-10-05 11:54:42,soak,2,2,0,42853,47
2026-10-05 11:54:42,BEYOND,9,0,9,756585,1366
2026-10-05 11:54:42,MadMapper,3,3,0,1145849,996
2026-10-05 11:54:42,system,7,3,4,,,0.6,0.0,3,8293,0.0
2026-10-05 11:54:43,flamesafe,3,2,2,5915,21
2026-10-05 11:54:43,engine,8,6,2,2987020,109
2026-10-05 11:54:43,deck,5,3,2,10067,36
2026-10-05 11:54:43,soak,6,2,5,42881,47
2026-10-05 11:54:43,BEYOND,9,0,9,756712,1366
2026-10-05 11:54:43,MadMapper,8,2,6,1145853,996
2026-10-05 11:54:43,system,11,4,6,,,0.2,0.4,3,8293,0.0
2026-10-05 11:54:44,flamesafe,0,0,0,5915,21
2026-10-05 11:54:44,engine,3,3,0,2987228,109
2026-10-05 11:54:44,deck,8,6,2,10067,36
2026-10-05 11:54:44,soak,2,0,2,42885,47
2026-10-05 11:54:44,BEYOND,6,0,6,756840,1366
2026-10-05 11:54:44,MadMapper,3,3,0,1145857,996
2026-10-05 11:54:44,system,7,4,2,,,0.2,0.4,3,8295,0.0
2026-10-05 11:54:45,flamesafe,0,0,0,5915,21
2026-10-05 11:54:45,engine,11,8,3,2987458,109
2026-10-05 11:54:45,deck,5,3,2,10067,36
2026-10-05 11:54:45,soak,3,3,0,42889,47
2026-10-05 11:54:45,BEYOND,9,2,8,756967,1366
2026-10-05 11:54:45,MadMapper,11,6,5,1145885,996
2026-10-05 11:54:45,system,11,8,3,,,0.2,0.2,3,8388,0.0
2026-10-05 11:54:46,flamesafe,0,0,0,5915,21
2026-10-05 11:54:46,engine,3,2,2,2987681,109
2026-10-05 11:54:46,deck,2,2,0,10067,36
2026-10-05 11:54:46,soak,3,0,3,42906,47
2026-10-05 11:54:46,BEYOND,9,0,9,757103,1366
2026-10-05 11:54:46,MadMapper,8,5,3,1145889,996
2026-10-05 11:54:46,system,8,4,4,,,0.4,0.0,2,8387,0.0
2026-10-05 11:54:47,flamesafe,0,0,0,5915,21
2026-10-05 11:54:47,engine,8,5,3,2987909,109
2026-10-05 11:54:47,deck,8,6,2,10067,36
2026-10-05 11:54:47,soak,0,0,0,42910,47
2026-10-05 11:54:47,BEYOND,6,3,3,757230,1366
2026-10-05 11:54:47,MadMapper,6,0,6,1145894,996
2026-10-05 11:54:47,system,24,17,7,,,0.4,0.0,3,8263,0.0
2026-10-05 11:54:48,flamesafe,5,5,0,5915,21
2026-10-05 11:54:48,engine,2,2,0,2988117,109
2026-10-05 11:54:48,deck,2,2,0,10067,36
2026-10-05 11:54:48,soak,2,2,0,42927,47
2026-10-05 11:54:48,BEYOND,8,0,8,757360,1366
2026-10-05 11:54:48,MadMapper,11,5,6,1145898,996
2026-10-05 11:54:48,system,8,4,4,,,0.6,0.0,4,8256,0.0
2026-10-05 11:54:49,flamesafe,3,3,0,5915,21
2026-10-05 11:54:49,engine,5,3,2,3000709,109
2026-10-05 11:54:49,deck,2,0,2,10067,36
2026-10-05 11:54:49,soak,3,0,3,42955,47
2026-10-05 11:54:49,BEYOND,12,2,11,757487,1366
2026-10-05 11:54:49,MadMapper,16,11,5,1145902,996
2026-10-05 11:54:49,system,23,15,7,,,1.0,0.2,3,8354,0.0
2026-10-05 11:54:50,flamesafe,0,0,0,5915,21
2026-10-05 11:54:50,engine,5,2,3,3000920,109
2026-10-05 11:54:50,deck,5,3,2,10067,36
2026-10-05 11:54:50,soak,3,2,2,42959,47
2026-10-05 11:54:50,BEYOND,14,2,12,757615,1366
2026-10-05 11:54:50,MadMapper,14,5,9,1145931,996
2026-10-05 11:54:50,system,11,6,5,,,0.4,0.2,2,8339,0.0
2026-10-05 11:54:51,flamesafe,2,0,2,5915,21
2026-10-05 11:54:51,engine,5,5,0,3001206,109
2026-10-05 11:54:51,deck,8,8,0,10067,36
2026-10-05 11:54:51,soak,3,2,2,42975,47
2026-10-05 11:54:51,BEYOND,9,2,8,757751,1366
2026-10-05 11:54:51,MadMapper,12,6,6,1145936,996
2026-10-05 11:54:51,system,12,7,5,,,0.6,0.2,3,8373,0.0
2026-10-05 11:54:52,flamesafe,0,0,0,5915,21
2026-10-05 11:54:52,engine,6,5,2,3001432,109
2026-10-05 11:54:52,deck,3,3,0,10067,36
2026-10-05 11:54:52,soak,2,2,0,42979,47
2026-10-05 11:54:52,BEYOND,11,2,9,757879,1366
2026-10-05 11:54:52,MadMapper,19,9,9,1145940,996
2026-10-05 11:54:52,system,13,9,4,,,0.6,0.0,3,8368,0.0
2026-10-05 11:54:53,flamesafe,0,0,0,5915,21
2026-10-05 11:54:53,engine,8,3,5,3014028,110
2026-10-05 11:54:53,deck,5,5,0,10067,36
2026-10-05 11:54:53,soak,3,2,2,43008,47
2026-10-05 11:54:53,BEYOND,8,5,3,758006,1366
2026-10-05 11:54:53,MadMapper,6,5,2,1145944,996
2026-10-05 11:54:53,system,10,6,4,,,0.6,0.0,4,8369,0.0
2026-10-05 11:54:54,flamesafe,0,0,0,5915,21
2026-10-05 11:54:54,engine,3,2,2,3014238,110
2026-10-05 11:54:54,deck,2,2,0,10067,36
2026-10-05 11:54:54,soak,3,2,2,43012,47
2026-10-05 11:54:54,BEYOND,6,0,6,758134,1366
2026-10-05 11:54:54,MadMapper,14,6,8,1145948,996
2026-10-05 11:54:54,system,8,5,3,,,0.0,0.2,2,8384,0.0
2026-10-05 11:54:55,flamesafe,0,0,0,5915,21
2026-10-05 11:54:55,engine,2,2,0,3014434,110
2026-10-05 11:54:55,deck,5,3,2,10067,36
2026-10-05 11:54:55,soak,2,2,0,43016,47
2026-10-05 11:54:55,BEYOND,6,2,5,758261,1366
2026-10-05 11:54:55,MadMapper,12,8,5,1145976,996
2026-10-05 11:54:55,system,7,5,2,,,0.2,0.2,2,8384,0.0
2026-10-05 11:54:56,flamesafe,3,3,0,5915,21
2026-10-05 11:54:56,engine,6,6,0,3014648,110
2026-10-05 11:54:56,deck,6,3,3,10067,36
2026-10-05 11:54:56,soak,3,3,0,43020,47
2026-10-05 11:54:56,BEYOND,23,5,19,758391,1366
2026-10-05 11:54:56,MadMapper,12,5,8,1145980,996
2026-10-05 11:54:56,system,12,7,5,,,0.4,0.6,7,8384,0.0
2026-10-05 11:54:57,flamesafe,5,3,2,5915,21
2026-10-05 11:54:57,engine,5,3,2,3014878,110
2026-10-05 11:54:57,deck,3,2,2,10067,36
2026-10-05 11:54:57,soak,2,2,0,43025,47
2026-10-05 11:54:57,BEYOND,17,2,16,758527,1366
2026-10-05 11:54:57,MadMapper,5,3,2,1145984,996
2026-10-05 11:54:57,system,8,5,4,,,0.2,0.2,2,8384,0.0
2026-10-05 11:54:58,flamesafe,2,2,0,5915,21
2026-10-05 11:54:58,engine,6,6,0,3015088,110
2026-10-05 11:54:58,deck,3,3,0,10067,36
2026-10-05 11:54:58,soak,5,2,3,43057,47
2026-10-05 11:54:58,BEYOND,16,5,11,758654,1366
2026-10-05 11:54:58,MadMapper,11,9,2,1145988,996
2026-10-05 11:54:58,system,12,6,6,,,0.4,0.4,3,8390,0.0
2026-10-05 11:54:59,flamesafe,0,0,0,5915,21
2026-10-05 11:54:59,engine,6,6,0,3027705,110
2026-10-05 11:54:59,deck,8,3,5,10067,36
2026-10-05 11:54:59,soak,3,3,0,43067,47
2026-10-05 11:54:59,BEYOND,11,5,6,758782,1366
2026-10-05 11:54:59,MadMapper,8,2,6,1146025,996
2026-10-05 11:54:59,system,8,5,3,,,0.0,0.0,0,8388,0.0
2026-10-05 11:55:00,flamesafe,0,0,0,5915,21
2026-10-05 11:55:00,engine,5,3,2,3027932,110
2026-10-05 11:55:00,deck,3,3,0,10067,36
2026-10-05 11:55:00,soak,3,0,3,43071,47
2026-10-05 11:55:00,BEYOND,6,0,6,758909,1366
2026-10-05 11:55:00,MadMapper,8,3,5,1146053,996
2026-10-05 11:55:00,system,9,4,4,,,0.4,0.0,2,8372,0.0
2026-10-05 11:55:01,flamesafe,2,2,0,5915,21
2026-10-05 11:55:01,engine,6,5,2,3028143,110
2026-10-05 11:55:01,deck,5,3,2,10067,36
2026-10-05 11:55:01,soak,2,0,2,43075,47
2026-10-05 11:55:01,BEYOND,16,2,14,759037,1366
2026-10-05 11:55:01,MadMapper,16,11,5,1146057,996
2026-10-05 11:55:01,system,9,6,3,,,0.0,0.0,0,8374,0.0
2026-10-05 11:55:02,flamesafe,2,2,0,5915,21
2026-10-05 11:55:02,engine,5,5,0,3028374,110
2026-10-05 11:55:02,deck,6,5,2,10067,36
2026-10-05 11:55:02,soak,2,2,0,43079,47
2026-10-05 11:55:02,BEYOND,12,6,6,759172,1366
2026-10-05 11:55:02,MadMapper,22,5,17,1146061,996
2026-10-05 11:55:02,system,12,6,6,,,0.0,0.6,4,8375,0.0
2026-10-05 11:55:03,flamesafe,2,2,0,5915,21
2026-10-05 11:55:03,engine,8,5,3,3040970,110
2026-10-05 11:55:03,deck,5,5,0,10067,36
2026-10-05 11:55:03,soak,8,5,3,43109,47
2026-10-05 11:55:03,BEYOND,14,3,11,759300,1366
2026-10-05 11:55:03,MadMapper,6,2,5,1146065,996
2026-10-05 11:55:03,system,12,6,5,,,0.6,0.0,3,8378,0.0
2026-10-05 11:55:04,flamesafe,5,2,3,5915,21
2026-10-05 11:55:04,engine,5,5,0,3041181,110
2026-10-05 11:55:04,deck,5,3,2,10067,36
2026-10-05 11:55:04,soak,6,5,2,43113,47
2026-10-05 11:55:04,BEYOND,8,0,8,759429,1366
2026-10-05 11:55:04,MadMapper,11,2,9,1146070,996
2026-10-05 11:55:04,system,9,5,4,,,0.6,0.0,3,8379,0.0
2026-10-05 11:55:05,flamesafe,3,3,0,5915,21
2026-10-05 11:55:05,engine,5,5,0,3041463,110
2026-10-05 11:55:05,deck,3,2,2,10067,36
2026-10-05 11:55:05,soak,3,3,0,43117,47
2026-10-05 11:55:05,BEYOND,9,2,8,759557,1366
2026-10-05 11:55:05,MadMapper,5,2,3,1146098,996
2026-10-05 11:55:05,system,6,4,2,,,0.2,0.0,2,8387,0.0
2026-10-05 11:55:06,flamesafe,0,0,0,5915,21
2026-10-05 11:55:06,engine,8,5,3,3041682,110
2026-10-05 11:55:06,deck,8,8,0,10067,36
2026-10-05 11:55:06,soak,5,2,3,43121,47
2026-10-05 11:55:06,BEYOND,11,2,9,759684,1366
2026-10-05 11:55:06,MadMapper,5,3,2,1146102,996
2026-10-05 11:55:06,system,9,5,4,,,0.8,0.8,10,8388,0.0
2026-10-05 11:55:07,flamesafe,2,2,0,5915,21
2026-10-05 11:55:07,engine,8,8,0,3041966,111
2026-10-05 11:55:07,deck,9,8,2,10067,36
2026-10-05 11:55:07,soak,3,3,0,43140,47
2026-10-05 11:55:07,BEYOND,11,0,11,759820,1366
2026-10-05 11:55:07,MadMapper,2,0,2,1146107,996
2026-10-05 11:55:07,system,8,5,3,,,0.2,0.0,2,8388,0.0
2026-10-05 11:55:08,flamesafe,0,0,0,5915,21
2026-10-05 11:55:08,engine,9,8,2,3054559,111
2026-10-05 11:55:08,deck,6,3,3,10067,36
2026-10-05 11:55:08,soak,2,0,2,43171,47
2026-10-05 11:55:08,BEYOND,8,0,8,759947,1366
2026-10-05 11:55:08,MadMapper,3,0,3,1146111,996
2026-10-05 11:55:08,system,10,4,6,,,0.2,0.0,2,8393,0.0
2026-10-05 11:55:09,flamesafe,0,0,0,5915,21
2026-10-05 11:55:09,engine,6,5,2,3054772,111
2026-10-05 11:55:09,deck,0,0,0,10067,36
2026-10-05 11:55:09,soak,0,0,0,43175,47
2026-10-05 11:55:09,BEYOND,11,5,6,760075,1366
2026-10-05 11:55:09,MadMapper,6,2,5,1146115,996
2026-10-05 11:55:09,system,7,4,3,,,0.4,0.0,3,8394,0.0
2026-10-05 11:55:10,flamesafe,0,0,0,5915,21
2026-10-05 11:55:10,engine,6,6,0,3054992,111
2026-10-05 11:55:10,deck,5,3,2,10067,36
2026-10-05 11:55:10,soak,3,2,2,43179,47
2026-10-05 11:55:10,BEYOND,6,3,3,760202,1366
2026-10-05 11:55:10,MadMapper,11,5,6,1146223,996
2026-10-05 11:55:10,system,7,5,2,,,0.0,0.0,0,8394,0.0
2026-10-05 11:55:11,flamesafe,0,0,0,5915,21
2026-10-05 11:55:11,engine,5,3,2,3055196,111
2026-10-05 11:55:11,deck,5,5,0,10067,36
2026-10-05 11:55:11,soak,2,0,2,43183,47
2026-10-05 11:55:11,BEYOND,9,2,8,760332,1366
2026-10-05 11:55:11,MadMapper,14,8,6,1146227,996
2026-10-05 11:55:11,system,9,5,4,,,0.4,0.0,3,8394,0.0
2026-10-05 11:55:12,flamesafe,0,0,0,5915,21
2026-10-05 11:55:12,engine,5,5,0,3055414,111
2026-10-05 11:55:12,deck,3,2,2,10067,36
2026-10-05 11:55:12,soak,6,5,2,43187,47
2026-10-05 11:55:12,BEYOND,11,3,8,760468,1366
2026-10-05 11:55:12,MadMapper,8,3,5,1146231,996
2026-10-05 11:55:12,system,8,5,3,,,0.2,0.2,3,8394,0.0
2026-10-05 11:55:13,flamesafe,2,2,0,5915,21
2026-10-05 11:55:13,engine,9,8,2,3068019,111
2026-10-05 11:55:13,deck,5,3,2,10067,36
2026-10-05 11:55:13,soak,2,2,0,43217,47
2026-10-05 11:55:13,BEYOND,9,2,8,760595,1366
2026-10-05 11:55:13,MadMapper,6,5,2,1146235,996
2026-10-05 11:55:13,system,12,7,5,,,0.6,0.0,3,8393,0.0
2026-10-05 11:55:14,flamesafe,2,2,0,5915,21
2026-10-05 11:55:14,engine,2,2,0,3068242,111
2026-10-05 11:55:14,deck,3,3,0,10067,36
2026-10-05 11:55:14,soak,3,3,0,43221,47
2026-10-05 11:55:14,BEYOND,11,3,8,760723,1366
2026-10-05 11:55:14,MadMapper,18,9,9,1146239,996
2026-10-05 11:55:14,system,9,6,3,,,0.0,0.2,2,8394,0.0
2026-10-05 11:55:15,flamesafe,0,0,0,5915,21
2026-10-05 11:55:15,engine,3,2,2,3068450,111
2026-10-05 11:55:15,deck,5,5,0,10067,36
2026-10-05 11:55:15,soak,2,2,0,43225,47
2026-10-05 11:55:15,BEYOND,6,5,2,760850,1366
2026-10-05 11:55:15,MadMapper,9,8,2,1146267,996
2026-10-05 11:55:15,system,7,5,2,,,0.2,0.0,2,8394,0.0
2026-10-05 11:55:16,flamesafe,0,0,0,5915,21
2026-10-05 11:55:16,engine,3,3,0,3068665,111
2026-10-05 11:55:16,deck,2,2,0,10067,36
2026-10-05 11:55:16,soak,6,6,0,43229,47
2026-10-05 11:55:16,BEYOND,8,0,8,760978,1366
2026-10-05 11:55:16,MadMapper,5,2,3,1146304,996
2026-10-05 11:55:16,system,8,5,3,,,0.0,0.2,2,8394,0.0
2026-10-05 11:55:17,flamesafe,0,0,0,5915,21
2026-10-05 11:55:17,engine,11,5,6,3068894,111
2026-10-05 11:55:17,deck,5,5,0,10067,36
2026-10-05 11:55:17,soak,3,2,2,43234,47
2026-10-05 11:55:17,BEYOND,15,2,14,761113,1366
2026-10-05 11:55:17,MadMapper,11,3,8,1146308,996
2026-10-05 11:55:17,system,12,6,7,,,0.6,0.0,2,8394,0.0
2026-10-05 11:55:18,flamesafe,5,2,3,5915,21
2026-10-05 11:55:18,engine,3,2,2,3081498,111
2026-10-05 11:55:18,deck,6,5,2,10067,36
2026-10-05 11:55:18,soak,8,3,5,43266,47
2026-10-05 11:55:18,BEYOND,9,0,9,761242,1366
2026-10-05 11:55:18,MadMapper,5,2,3,1146312,996
2026-10-05 11:55:18,system,11,5,6,,,0.2,0.0,2,8395,0.0
2026-10-05 11:55:19,flamesafe,2,2,0,5915,21
2026-10-05 11:55:19,engine,5,5,0,3081775,111
2026-10-05 11:55:19,deck,3,3,0,10067,36
2026-10-05 11:55:19,soak,0,0,0,43270,47
2026-10-05 11:55:19,BEYOND,16,3,12,761370,1366
2026-10-05 11:55:19,MadMapper,9,3,6,1146316,996
2026-10-05 11:55:19,system,8,4,3,,,0.2,0.0,2,8396,0.0
2026-10-05 11:55:20,flamesafe,2,2,0,5915,21
2026-10-05 11:55:20,engine,6,5,2,3081994,111
2026-10-05 11:55:20,deck,2,2,0,10067,36
2026-10-05 11:55:20,soak,0,0,0,43274,47
2026-10-05 11:55:20,BEYOND,11,3,8,761498,1366
2026-10-05 11:55:20,MadMapper,0,0,0,1146344,996
2026-10-05 11:55:20,system,6,4,2,,,0.0,0.4,2,8396,0.0
2026-10-05 11:55:21,flamesafe,3,3,0,5915,21
2026-10-05 11:55:21,engine,8,6,2,3082205,111
2026-10-05 11:55:21,deck,6,5,2,10067,36
2026-10-05 11:55:21,soak,2,2,0,43278,47
2026-10-05 11:55:21,BEYOND,12,2,11,761625,1366
2026-10-05 11:55:21,MadMapper,8,5,3,1146349,996
2026-10-05 11:55:21,system,9,5,3,,,0.0,0.2,2,8396,0.0
2026-10-05 11:55:22,flamesafe,3,3,0,5915,21
2026-10-05 11:55:22,engine,2,2,0,3082439,111
2026-10-05 11:55:22,deck,3,2,2,10067,36
2026-10-05 11:55:22,soak,0,0,0,43282,47
2026-10-05 11:55:22,BEYOND,5,2,3,761753,1366
2026-10-05 11:55:22,MadMapper,2,2,0,1146353,996
2026-10-05 11:55:22,system,5,2,2,,,0.6,0.2,3,8397,0.0
2026-10-05 11:55:23,flamesafe,0,0,0,5915,21
2026-10-05 11:55:23,engine,5,3,2,3095032,112
2026-10-05 11:55:23,deck,2,2,0,10067,36
2026-10-05 11:55:23,soak,9,3,6,43310,47
2026-10-05 11:55:23,BEYOND,6,2,5,761888,1366
2026-10-05 11:55:23,MadMapper,5,2,3,1146357,996
2026-10-05 11:55:23,system,9,5,4,,,0.2,0.2,2,8396,0.0
2026-10-05 11:55:24,flamesafe,0,0,0,5915,21
2026-10-05 11:55:24,engine,5,0,5,3095257,112
2026-10-05 11:55:24,deck,5,3,2,10067,36
2026-10-05 11:55:24,soak,0,0,0,43314,47
2026-10-05 11:55:24,BEYOND,5,0,5,762016,1366
2026-10-05 11:55:24,MadMapper,6,3,3,1146361,996
2026-10-05 11:55:24,system,5,2,2,,,0.0,0.2,2,8396,0.0
2026-10-05 11:55:25,flamesafe,0,0,0,5915,21
2026-10-05 11:55:25,engine,6,5,2,3095508,112
2026-10-05 11:55:25,deck,5,3,2,10067,36
2026-10-05 11:55:25,soak,0,0,0,43318,47
2026-10-05 11:55:25,BEYOND,11,0,11,762143,1366
2026-10-05 11:55:25,MadMapper,3,2,2,1146390,996
2026-10-05 11:55:25,system,6,4,2,,,0.2,0.0,2,8396,0.0
2026-10-05 11:55:26,flamesafe,0,0,0,5915,21
2026-10-05 11:55:26,engine,3,2,2,3095727,112
2026-10-05 11:55:26,deck,6,5,2,10067,36
2026-10-05 11:55:26,soak,2,0,2,43322,47
2026-10-05 11:55:26,BEYOND,8,0,8,762273,1366
2026-10-05 11:55:26,MadMapper,5,0,5,1146394,996
2026-10-05 11:55:26,system,6,3,4,,,0.2,0.0,2,8397,0.0
2026-10-05 11:55:27,flamesafe,0,0,0,5915,21
2026-10-05 11:55:27,engine,2,0,2,3095952,112
2026-10-05 11:55:27,deck,6,6,0,10067,36
2026-10-05 11:55:27,soak,2,2,0,43326,47
2026-10-05 11:55:27,BEYOND,14,3,11,762400,1366
2026-10-05 11:55:27,MadMapper,0,0,0,1146398,996
2026-10-05 11:55:27,system,7,5,2,,,0.2,0.0,2,8397,0.0
2026-10-05 11:55:28,flamesafe,3,3,0,5915,21
2026-10-05 11:55:28,engine,5,5,0,3108547,112
2026-10-05 11:55:28,deck,2,2,0,10067,36
2026-10-05 11:55:28,soak,2,2,0,43354,47
2026-10-05 11:55:28,BEYOND,6,0,6,762536,1366
2026-10-05 11:55:28,MadMapper,5,3,2,1146402,996
2026-10-05 11:55:28,system,12,5,7,,,0.0,0.2,2,8396,0.0
2026-10-05 11:55:29,flamesafe,2,2,0,5915,21
2026-10-05 11:55:29,engine,8,3,5,3108778,112
2026-10-05 11:55:29,deck,5,5,0,10067,36
2026-10-05 11:55:29,soak,2,0,2,43358,47
2026-10-05 11:55:29,BEYOND,9,2,8,762664,1366
2026-10-05 11:55:29,MadMapper,8,5,3,1146406,996
2026-10-05 11:55:29,system,9,5,4,,,0.0,0.2,2,8398,0.0
2026-10-05 11:55:30,flamesafe,3,3,0,5915,21
2026-10-05 11:55:30,engine,5,2,3,3108993,112
2026-10-05 11:55:30,deck,5,5,0,10067,36
2026-10-05 11:55:30,soak,0,0,0,43362,47
2026-10-05 11:55:30,BEYOND,14,5,9,762791,1366
2026-10-05 11:55:30,MadMapper,2,0,2,1146434,996
2026-10-05 11:55:30,system,8,5,2,,,0.2,0.0,2,8397,0.0
2026-10-05 11:55:31,flamesafe,0,0,0,5915,21
2026-10-05 11:55:31,engine,6,5,2,3109191,112
2026-10-05 11:55:31,deck,2,2,0,10067,36
2026-10-05 11:55:31,soak,3,2,2,43366,47
2026-10-05 11:55:31,BEYOND,16,2,14,762919,1366
2026-10-05 11:55:31,MadMapper,6,3,3,1146566,996
2026-10-05 11:55:31,system,7,4,3,,,0.2,0.0,2,8397,0.0
2026-10-05 11:55:32,flamesafe,2,2,0,5915,21
2026-10-05 11:55:32,engine,2,2,0,3109428,112
2026-10-05 11:55:32,deck,3,2,2,10067,36
2026-10-05 11:55:32,soak,2,2,0,43370,47
2026-10-05 11:55:32,BEYOND,14,3,11,763048,1366
2026-10-05 11:55:32,MadMapper,8,2,6,1146570,996
2026-10-05 11:55:32,system,11,4,6,,,0.4,0.0,3,8405,0.0
2026-10-05 11:55:33,flamesafe,0,0,0,5915,21
2026-10-05 11:55:33,engine,3,3,0,3122095,112
2026-10-05 11:55:33,deck,3,3,0,10067,36
2026-10-05 11:55:33,soak,5,5,0,43398,47
2026-10-05 11:55:33,BEYOND,2,2,0,763184,1366
2026-10-05 11:55:33,MadMapper,12,8,5,1146607,996
2026-10-05 11:55:33,system,9,5,4,,,0.4,0.0,3,8393,0.0
2026-10-05 11:55:34,flamesafe,0,0,0,5915,21
2026-10-05 11:55:34,engine,3,2,2,3122305,112
2026-10-05 11:55:34,deck,6,5,2,10067,36
2026-10-05 11:55:34,soak,0,0,0,43402,47
2026-10-05 11:55:34,BEYOND,8,2,6,763313,1366
2026-10-05 11:55:34,MadMapper,11,9,2,1146613,996
2026-10-05 11:55:34,system,8,5,3,,,0.2,0.0,2,8394,0.0
2026-10-05 11:55:35,flamesafe,2,2,0,5915,21
2026-10-05 11:55:35,engine,6,6,0,3122527,112
2026-10-05 11:55:35,deck,3,3,0,10067,36
2026-10-05 11:55:35,soak,0,0,0,43406,47
2026-10-05 11:55:35,BEYOND,3,2,2,763441,1366
2026-10-05 11:55:35,MadMapper,8,6,2,1146641,996
2026-10-05 11:55:35,system,4,4,1,,,0.0,0.0,0,8394,0.0
2026-10-05 11:55:36,flamesafe,2,2,0,5915,21
2026-10-05 11:55:36,engine,8,5,3,3122745,113
2026-10-05 11:55:36,deck,5,3,2,10067,36
2026-10-05 11:55:36,soak,2,2,0,43410,47
2026-10-05 11:55:36,BEYOND,2,0,2,763568,1366
2026-10-05 11:55:36,MadMapper,6,3,3,1146645,996
2026-10-05 11:55:36,system,6,4,2,,,0.2,0.0,2,8394,0.0
2026-10-05 11:55:37,flamesafe,3,3,0,5915,21
2026-10-05 11:55:37,engine,3,0,3,3122976,113
2026-10-05 11:55:37,deck,8,5,3,10067,36
2026-10-05 11:55:37,soak,2,2,0,43414,47
2026-10-05 11:55:37,BEYOND,5,0,5,763696,1366
2026-10-05 11:55:37,MadMapper,9,3,6,1146649,996
2026-10-05 11:55:37,system,7,4,3,,,0.2,0.0,2,8394,0.0
2026-10-05 11:55:38,flamesafe,0,0,0,5915,21
2026-10-05 11:55:38,engine,5,3,2,3135577,113
2026-10-05 11:55:38,deck,5,5,0,10067,36
2026-10-05 11:55:38,soak,2,2,0,43444,47
2026-10-05 11:55:38,BEYOND,14,5,9,763831,1366
2026-10-05 11:55:38,MadMapper,0,0,0,1146654,996
2026-10-05 11:55:38,system,10,5,5,,,0.2,0.2,2,8394,0.0
2026-10-05 11:55:39,flamesafe,2,2,0,5915,21
2026-10-05 11:55:39,engine,3,2,2,3135793,113
2026-10-05 11:55:39,deck,5,2,3,10067,36
2026-10-05 11:55:39,soak,0,0,0,43448,47
2026-10-05 11:55:39,BEYOND,5,2,3,763959,1366
2026-10-05 11:55:39,MadMapper,14,2,12,1146658,996
2026-10-05 11:55:39,system,6,3,3,,,0.0,0.0,0,8395,0.0
2026-10-05 11:55:40,flamesafe,0,0,0,5915,21
2026-10-05 11:55:40,engine,5,5,0,3136020,113
2026-10-05 11:55:40,deck,5,5,0,10067,36
2026-10-05 11:55:40,soak,0,0,0,43452,47
2026-10-05 11:55:40,BEYOND,11,2,9,764086,1366
2026-10-05 11:55:40,MadMapper,8,2,6,1146734,996
2026-10-05 11:55:40,system,7,4,2,,,0.0,0.2,2,8395,0.0
2026-10-05 11:55:41,flamesafe,0,0,0,5915,21
2026-10-05 11:55:41,engine,5,3,2,3136238,113
2026-10-05 11:55:41,deck,5,3,2,10067,36
2026-10-05 11:55:41,soak,3,2,2,43456,47
2026-10-05 11:55:41,BEYOND,9,0,9,764214,1366
2026-10-05 11:55:41,MadMapper,11,2,9,1146770,996
2026-10-05 11:55:41,system,10,5,4,,,0.0,0.4,2,8396,0.0
2026-10-05 11:55:42,flamesafe,0,0,0,5915,21
2026-10-05 11:55:42,engine,3,2,2,3136463,113
2026-10-05 11:55:42,deck,5,5,0,10067,36
2026-10-05 11:55:42,soak,2,0,2,43460,47
2026-10-05 11:55:42,BEYOND,12,0,12,764341,1366
2026-10-05 11:55:42,MadMapper,12,5,8,1146775,996
2026-10-05 11:55:42,system,8,4,4,,,0.2,0.0,2,8396,0.0
2026-10-05 11:55:43,flamesafe,2,0,2,5915,21
2026-10-05 11:55:43,engine,6,3,3,3149054,113
2026-10-05 11:55:43,deck,5,5,0,10067,36
2026-10-05 11:55:43,soak,3,0,3,43491,47
2026-10-05 11:55:43,BEYOND,8,5,3,764471,1366
2026-10-05 11:55:43,MadMapper,6,3,3,1146779,996
2026-10-05 11:55:43,system,11,5,6,,,0.8,0.0,3,8396,0.0
2026-10-05 11:55:44,flamesafe,3,3,0,5915,21
2026-10-05 11:55:44,engine,3,0,3,3149279,113
2026-10-05 11:55:44,deck,5,3,2,10067,36
2026-10-05 11:55:44,soak,2,2,0,43495,47
2026-10-05 11:55:44,BEYOND,14,2,12,764607,1366
2026-10-05 11:55:44,MadMapper,8,3,5,1146783,996
2026-10-05 11:55:44,system,7,4,4,,,0.0,0.0,0,8396,0.0
2026-10-05 11:55:45,flamesafe,2,2,0,5915,21
2026-10-05 11:55:45,engine,8,5,3,3149491,113
2026-10-05 11:55:45,deck,8,5,3,10067,36
2026-10-05 11:55:45,soak,0,0,0,43499,47
2026-10-05 11:55:45,BEYOND,9,2,8,764734,1366
2026-10-05 11:55:45,MadMapper,3,0,3,1146811,996
2026-10-05 11:55:45,system,7,4,3,,,0.0,0.2,2,8395,0.0
2026-10-05 11:55:46,flamesafe,2,2,0,5915,21
2026-10-05 11:55:46,engine,6,5,2,3149709,113
2026-10-05 11:55:46,deck,6,6,0,10067,36
2026-10-05 11:55:46,soak,0,0,0,43503,47
2026-10-05 11:55:46,BEYOND,8,0,8,764862,1366
2026-10-05 11:55:46,MadMapper,11,6,5,1146815,996
2026-10-05 11:55:46,system,8,5,3,,,0.2,0.0,2,8395,0.0
2026-10-05 11:55:47,flamesafe,2,2,0,5915,21
2026-10-05 11:55:47,engine,9,9,0,3150002,113
2026-10-05 11:55:47,deck,5,3,2,10067,36
2026-10-05 11:55:47,soak,2,0,2,43507,47
2026-10-05 11:55:47,BEYOND,9,0,9,764989,1366
2026-10-05 11:55:47,MadMapper,5,5,0,1146916,996
2026-10-05 11:55:47,system,8,5,4,,,0.2,0.2,2,8397,0.0
2026-10-05 11:55:48,flamesafe,3,2,2,5915,21
2026-10-05 11:55:48,engine,6,5,2,3162594,113
2026-10-05 11:55:48,deck,9,8,2,10067,36
2026-10-05 11:55:48,soak,0,0,0,43535,47
2026-10-05 11:55:48,BEYOND,11,0,11,765117,1366
2026-10-05 11:55:48,MadMapper,5,3,2,1146920,996
2026-10-05 11:55:48,system,13,6,7,,,0.0,0.0,0,8392,0.0
2026-10-05 11:55:49,flamesafe,3,2,2,5915,21
2026-10-05 11:55:49,engine,5,2,3,3162798,113
2026-10-05 11:55:49,deck,3,0,3,10067,36
2026-10-05 11:55:49,soak,2,2,0,43539,47
2026-10-05 11:55:49,BEYOND,16,8,8,765252,1366
2026-10-05 11:55:49,MadMapper,3,0,3,1146924,996
2026-10-05 11:55:49,system,8,4,4,,,0.0,0.2,2,8393,0.0
2026-10-05 11:55:50,flamesafe,0,0,0,5915,21
2026-10-05 11:55:50,engine,0,0,0,3163012,113
2026-10-05 11:55:50,deck,5,3,2,10067,36
2026-10-05 11:55:50,soak,2,2,0,43543,47
2026-10-05 11:55:50,BEYOND,5,2,3,765380,1366
2026-10-05 11:55:50,MadMapper,9,6,3,1146989,996
2026-10-05 11:55:50,system,6,4,2,,,0.4,0.0,2,8393,0.0
2026-10-05 11:55:51,flamesafe,2,2,0,5915,21
2026-10-05 11:55:51,engine,8,6,2,3163243,114
2026-10-05 11:55:51,deck,5,3,2,10067,36
2026-10-05 11:55:51,soak,2,2,0,43547,47
2026-10-05 11:55:51,BEYOND,12,3,9,765509,1366
2026-10-05 11:55:51,MadMapper,2,0,2,1146993,996
2026-10-05 11:55:51,system,7,4,3,,,0.0,0.2,2,8393,0.0
2026-10-05 11:55:52,flamesafe,0,0,0,5915,21
2026-10-05 11:55:52,engine,0,0,0,3163480,114
2026-10-05 11:55:52,deck,2,2,0,10067,36
2026-10-05 11:55:52,soak,0,0,0,43656,47
2026-10-05 11:55:52,BEYOND,17,8,9,765637,1366
2026-10-05 11:55:52,MadMapper,8,5,3,1146997,996
2026-10-05 11:55:52,system,12,7,5,,,0.2,0.2,2,8369,0.0
2026-10-05 11:55:53,flamesafe,2,2,0,5915,21
2026-10-05 11:55:53,engine,8,3,5,3176082,114
2026-10-05 11:55:53,deck,3,3,0,10067,36
2026-10-05 11:55:53,soak,8,5,3,43729,47
2026-10-05 11:55:53,BEYOND,18,6,12,765764,1366
2026-10-05 11:55:53,MadMapper,12,5,8,1147001,996
2026-10-05 11:55:53,system,26,16,10,,,0.6,0.4,3,8233,0.0
2026-10-05 11:55:54,flamesafe,2,2,0,5915,21
2026-10-05 11:55:54,engine,5,3,2,3176297,114
2026-10-05 11:55:54,deck,8,6,2,10067,36
2026-10-05 11:55:54,soak,0,0,0,43733,47
2026-10-05 11:55:54,BEYOND,16,5,11,765900,1366
2026-10-05 11:55:54,MadMapper,11,2,9,1147005,996
2026-10-05 11:55:54,system,10,6,4,,,0.0,0.0,0,8239,0.0
2026-10-05 11:55:55,flamesafe,2,2,0,5915,21
2026-10-05 11:55:55,engine,5,3,2,3176508,114
2026-10-05 11:55:55,deck,3,3,0,10067,36
2026-10-05 11:55:55,soak,0,0,0,43768,47
2026-10-05 11:55:55,BEYOND,20,5,16,766027,1366
2026-10-05 11:55:55,MadMapper,8,3,5,1147034,996
2026-10-05 11:55:55,system,17,10,7,,,0.4,0.2,2,8361,0.0
2026-10-05 11:55:56,flamesafe,0,0,0,5915,21
2026-10-05 11:55:56,engine,5,5,0,3176725,114
2026-10-05 11:55:56,deck,5,3,2,10067,36
2026-10-05 11:55:56,soak,0,0,0,43790,47
2026-10-05 11:55:56,BEYOND,11,2,9,766155,1366
2026-10-05 11:55:56,MadMapper,3,3,0,1147038,996
2026-10-05 11:55:56,system,7,5,2,,,0.0,0.0,0,8355,0.0
2026-10-05 11:55:57,flamesafe,2,2,0,5915,21
2026-10-05 11:55:57,engine,2,2,0,3176957,114
2026-10-05 11:55:57,deck,6,6,0,10067,36
2026-10-05 11:55:57,soak,5,3,2,43806,47
2026-10-05 11:55:57,BEYOND,17,6,11,766282,1366
2026-10-05 11:55:57,MadMapper,8,2,6,1147042,996
2026-10-05 11:55:57,system,11,7,4,,,0.0,0.0,0,8392,0.0
2026-10-05 11:55:58,flamesafe,3,3,0,5915,21
2026-10-05 11:55:58,engine,3,3,0,3189573,114
2026-10-05 11:55:58,deck,2,2,0,10067,36
2026-10-05 11:55:58,soak,5,2,3,43871,47
2026-10-05 11:55:58,BEYOND,11,0,11,766412,1366
2026-10-05 11:55:58,MadMapper,6,2,5,1147046,996
2026-10-05 11:55:58,system,12,5,7,,,0.4,0.2,2,8392,0.0
2026-10-05 11:55:59,flamesafe,0,0,0,5915,21
2026-10-05 11:55:59,engine,5,3,2,3189806,114
2026-10-05 11:55:59,deck,5,3,2,10067,36
2026-10-05 11:55:59,soak,2,2,0,43875,47
2026-10-05 11:55:59,BEYOND,30,6,23,766548,1366
2026-10-05 11:55:59,MadMapper,3,2,2,1147051,996
2026-10-05 11:55:59,system,11,6,5,,,0.0,0.2,2,8387,0.0
2026-10-05 11:56:00,flamesafe,2,2,0,5915,21
2026-10-05 11:56:00,engine,6,5,2,3190333,115
2026-10-05 11:56:00,deck,2,2,0,10067,36
2026-10-05 11:56:00,soak,2,2,0,43879,47
2026-10-05 11:56:00,BEYOND,30,9,20,767169,1368
2026-10-05 11:56:00,MadMapper,16,5,11,1147084,622
2026-10-05 11:56:00,system,12,5,7,,,0.0,0.4,3,8750,0.0
2026-10-05 11:56:01,flamesafe,0,0,0,5915,21
2026-10-05 11:56:01,engine,6,5,2,3190558,115
2026-10-05 11:56:01,deck,3,3,0,10067,36
2026-10-05 11:56:01,soak,2,0,2,43883,47
2026-10-05 11:56:01,BEYOND,9,5,5,767391,1368
2026-10-05 11:56:01,MadMapper,5,2,3,1147088,622
2026-10-05 11:56:01,system,7,4,3,,,0.0,0.2,2,8753,0.0
2026-10-05 11:56:02,flamesafe,0,0,0,5915,21
2026-10-05 11:56:02,engine,2,0,2,3190775,115
2026-10-05 11:56:02,deck,5,5,0,10067,36
2026-10-05 11:56:02,soak,3,2,2,43900,47
2026-10-05 11:56:02,BEYOND,23,8,16,767729,1369
2026-10-05 11:56:02,MadMapper,6,2,5,1147093,622
2026-10-05 11:56:02,system,10,5,4,,,0.4,0.0,2,8754,0.0
2026-10-05 11:56:03,flamesafe,5,5,0,5915,21
2026-10-05 11:56:03,engine,6,5,2,3203377,115
2026-10-05 11:56:03,deck,8,8,0,10067,36
2026-10-05 11:56:03,soak,6,5,2,43929,47
2026-10-05 11:56:03,BEYOND,16,8,8,767990,1369
2026-10-05 11:56:03,MadMapper,12,6,6,1147098,622
2026-10-05 11:56:03,system,14,8,6,,,0.4,0.4,3,8750,0.0
2026-10-05 11:56:04,flamesafe,2,2,0,5915,21
2026-10-05 11:56:04,engine,5,3,2,3203583,115
2026-10-05 11:56:04,deck,5,5,0,10067,36
2026-10-05 11:56:04,soak,3,2,2,43933,47
2026-10-05 11:56:04,BEYOND,15,5,11,768141,1369
2026-10-05 11:56:04,MadMapper,5,0,5,1147126,622
2026-10-05 11:56:04,system,7,3,4,,,0.4,0.0,2,8758,0.0
2026-10-05 11:56:05,flamesafe,0,0,0,5915,21
2026-10-05 11:56:05,engine,14,12,2,3203802,115
2026-10-05 11:56:05,deck,5,5,0,10067,36
2026-10-05 11:56:05,soak,3,2,2,43937,47
2026-10-05 11:56:05,BEYOND,17,3,14,768287,1369
2026-10-05 11:56:05,MadMapper,11,5,6,1147130,622
2026-10-05 11:56:05,system,11,6,5,,,0.4,0.2,3,8758,0.0
2026-10-05 11:56:06,flamesafe,0,0,0,5915,21
2026-10-05 11:56:06,engine,0,0,0,3204024,115
2026-10-05 11:56:06,deck,6,5,2,10067,36
2026-10-05 11:56:06,soak,0,0,0,43941,47
2026-10-05 11:56:06,BEYOND,6,5,2,768466,1370
2026-10-05 11:56:06,MadMapper,6,3,3,1147135,622
2026-10-05 11:56:06,system,6,5,1,,,0.0,0.0,0,8758,0.0
2026-10-05 11:56:07,flamesafe,0,0,0,5915,21
2026-10-05 11:56:07,engine,11,9,2,3204246,115
2026-10-05 11:56:07,deck,0,0,0,10067,36
2026-10-05 11:56:07,soak,0,0,0,43945,47
2026-10-05 11:56:07,BEYOND,17,5,12,768611,1370
2026-10-05 11:56:07,MadMapper,3,2,2,1147140,622
2026-10-05 11:56:07,system,8,5,3,,,0.4,0.2,2,8759,0.0
2026-10-05 11:56:08,flamesafe,0,0,0,5915,21
2026-10-05 11:56:08,engine,9,8,2,3216853,115
2026-10-05 11:56:08,deck,5,3,2,10067,36
2026-10-05 11:56:08,soak,0,0,0,43984,47
2026-10-05 11:56:08,BEYOND,20,5,16,768754,1370
2026-10-05 11:56:08,MadMapper,9,3,6,1147146,622
2026-10-05 11:56:08,system,11,6,5,,,0.4,0.0,2,8758,0.0
2026-10-05 11:56:09,flamesafe,0,0,0,5915,21
2026-10-05 11:56:09,engine,2,0,2,3217065,115
2026-10-05 11:56:09,deck,2,0,2,10067,36
2026-10-05 11:56:09,soak,2,2,0,43988,47
2026-10-05 11:56:09,BEYOND,19,14,5,769015,1370
2026-10-05 11:56:09,MadMapper,6,3,3,1147175,622
2026-10-05 11:56:09,system,7,5,2,,,0.0,0.0,0,8761,0.0
2026-10-05 11:56:10,flamesafe,3,3,0,5915,21
2026-10-05 11:56:10,engine,6,5,2,3217407,116
2026-10-05 11:56:10,deck,5,3,2,10067,36
2026-10-05 11:56:10,soak,2,2,0,43992,47
2026-10-05 11:56:10,BEYOND,15,2,14,769166,1370
2026-10-05 11:56:10,MadMapper,12,2,11,1147227,613
2026-10-05 11:56:10,system,10,4,5,,,0.0,0.0,0,8768,0.0
2026-10-05 11:56:11,flamesafe,2,2,0,5915,21
2026-10-05 11:56:11,engine,8,5,3,3217625,116
2026-10-05 11:56:11,deck,3,0,3,10067,36
2026-10-05 11:56:11,soak,5,3,2,43999,47
2026-10-05 11:56:11,BEYOND,16,9,6,769310,1370
2026-10-05 11:56:11,MadMapper,9,6,3,1147263,614
2026-10-05 11:56:11,system,9,6,4,,,0.0,0.4,2,8767,0.0
2026-10-05 11:56:12,flamesafe,0,0,0,5915,21
2026-10-05 11:56:12,engine,5,3,2,3230243,116
2026-10-05 11:56:12,deck,5,3,2,10067,36
2026-10-05 11:56:12,soak,2,0,2,44003,47
2026-10-05 11:56:12,BEYOND,16,0,16,769453,1370
2026-10-05 11:56:12,MadMapper,6,3,3,1147269,611
2026-10-05 11:56:12,system,10,5,5,,,0.4,0.2,3,8769,0.0
2026-10-05 11:56:13,flamesafe,3,3,0,5915,21
2026-10-05 11:56:13,engine,5,3,2,3242842,116
2026-10-05 11:56:13,deck,3,2,2,10067,36
2026-10-05 11:56:13,soak,8,3,5,44033,47
2026-10-05 11:56:13,BEYOND,14,5,9,769599,1370
2026-10-05 11:56:13,MadMapper,8,3,5,1147273,610
2026-10-05 11:56:13,system,12,6,6,,,0.4,0.0,2,8771,0.0
2026-10-05 11:56:14,flamesafe,2,2,0,5915,21
2026-10-05 11:56:14,engine,0,0,0,3243067,116
2026-10-05 11:56:14,deck,5,5,0,10067,36
2026-10-05 11:56:14,soak,0,0,0,44037,47
2026-10-05 11:56:14,BEYOND,11,5,6,769742,1370
2026-10-05 11:56:14,MadMapper,0,0,0,1147301,610
2026-10-05 11:56:14,system,7,5,2,,,0.0,0.0,0,8770,0.0
2026-10-05 11:56:15,flamesafe,0,0,0,5918,21
2026-10-05 11:56:15,engine,22,9,12,3329923,116
2026-10-05 11:56:15,deck,8,6,2,10067,36
2026-10-05 11:56:15,soak,0,0,0,44042,47
2026-10-05 11:56:15,BEYOND,16,8,8,769894,1370
2026-10-05 11:56:15,MadMapper,5,2,3,1147305,610
2026-10-05 11:56:15,system,10,5,4,,,0.2,0.0,2,8769,0.0
2026-10-05 11:56:16,flamesafe,2,0,2,5920,21
2026-10-05 11:56:16,engine,8,2,6,3379651,116
2026-10-05 11:56:16,deck,5,5,0,10067,36
2026-10-05 11:56:16,soak,5,3,2,44046,47
2026-10-05 11:56:16,BEYOND,8,2,6,770038,1370
2026-10-05 11:56:16,MadMapper,5,3,2,1147312,610
2026-10-05 11:56:16,system,10,5,5,,,0.6,0.2,2,8771,0.0
2026-10-05 11:56:17,flamesafe,3,3,0,5921,21
2026-10-05 11:56:17,engine,6,3,3,3392260,116
2026-10-05 11:56:17,deck,6,6,0,10067,36
2026-10-05 11:56:17,soak,2,2,0,44050,47
2026-10-05 11:56:17,BEYOND,16,11,5,770181,1370
2026-10-05 11:56:17,MadMapper,5,0,5,1147316,610
2026-10-05 11:56:17,system,10,8,2,,,0.2,0.0,2,8771,0.0
2026-10-05 11:56:18,flamesafe,3,3,0,5921,21
2026-10-05 11:56:18,engine,8,6,2,3404854,116
2026-10-05 11:56:18,deck,5,5,0,10067,36
2026-10-05 11:56:18,soak,5,3,2,44078,47
2026-10-05 11:56:18,BEYOND,11,5,6,770325,1370
2026-10-05 11:56:18,MadMapper,9,5,5,1147320,610
2026-10-05 11:56:18,system,15,8,7,,,0.4,0.0,3,8769,0.0
2026-10-05 11:56:19,flamesafe,2,2,0,5921,21
2026-10-05 11:56:19,engine,0,0,0,3405069,116
2026-10-05 11:56:19,deck,5,5,0,10067,36
2026-10-05 11:56:19,soak,0,0,0,44082,47
2026-10-05 11:56:19,BEYOND,11,2,9,770469,1370
2026-10-05 11:56:19,MadMapper,8,5,3,1147349,610
2026-10-05 11:56:19,system,7,4,3,,,0.2,0.0,2,8769,0.0
2026-10-05 11:56:20,flamesafe,0,0,0,5921,21
2026-10-05 11:56:20,engine,6,6,0,3405318,116
2026-10-05 11:56:20,deck,6,6,0,10067,36
2026-10-05 11:56:20,soak,0,0,0,44086,47
2026-10-05 11:56:20,BEYOND,20,12,8,770621,1370
2026-10-05 11:56:20,MadMapper,11,6,5,1147353,610
2026-10-05 11:56:20,system,10,7,3,,,0.6,0.0,3,8769,0.0
2026-10-05 11:56:21,flamesafe,0,0,0,5921,21
2026-10-05 11:56:21,engine,9,6,3,3417929,116
2026-10-05 11:56:21,deck,3,3,0,10067,36
2026-10-05 11:56:21,soak,0,0,0,44090,47
2026-10-05 11:56:21,BEYOND,15,9,6,770766,1370
2026-10-05 11:56:21,MadMapper,3,3,0,1147357,610
2026-10-05 11:56:21,system,9,7,2,,,0.2,0.0,2,8769,0.0
2026-10-05 11:56:22,flamesafe,0,0,0,5921,21
2026-10-05 11:56:22,engine,6,3,3,3418151,116
2026-10-05 11:56:22,deck,3,2,2,10067,36
2026-10-05 11:56:22,soak,2,0,2,44094,47
2026-10-05 11:56:22,BEYOND,11,3,8,770910,1370
2026-10-05 11:56:22,MadMapper,8,0,8,1147361,610
2026-10-05 11:56:22,system,8,3,5,,,0.0,0.6,4,8770,0.1
2026-10-05 11:56:23,flamesafe,2,2,0,5921,21
2026-10-05 11:56:23,engine,9,3,6,3443128,116
2026-10-05 11:56:23,deck,5,5,0,10067,36
2026-10-05 11:56:23,soak,3,2,2,44122,47
2026-10-05 11:56:23,BEYOND,11,5,6,771053,1370
2026-10-05 11:56:23,MadMapper,2,0,2,1147366,610
2026-10-05 11:56:23,system,12,6,5,,,0.8,0.0,3,8769,0.0
2026-10-05 11:56:24,flamesafe,3,3,0,5921,21
2026-10-05 11:56:24,engine,17,5,12,3542352,116
2026-10-05 11:56:24,deck,6,6,0,10067,36
2026-10-05 11:56:24,soak,5,3,2,44126,47
2026-10-05 11:56:24,BEYOND,20,6,14,771197,1370
2026-10-05 11:56:24,MadMapper,9,6,3,1147427,610
2026-10-05 11:56:24,system,12,6,6,,,0.0,0.2,2,8760,0.0
2026-10-05 11:56:25,flamesafe,3,2,2,5922,21
2026-10-05 11:56:25,engine,5,3,2,3567340,117
2026-10-05 11:56:25,deck,2,0,2,10067,36
2026-10-05 11:56:25,soak,0,0,0,44130,47
2026-10-05 11:56:25,BEYOND,11,8,3,771348,1370
2026-10-05 11:56:25,MadMapper,3,0,3,1147431,610
2026-10-05 11:56:25,system,9,7,2,,,0.4,0.0,2,8759,0.0
2026-10-05 11:56:26,flamesafe,2,2,0,5922,21
2026-10-05 11:56:26,engine,2,2,0,3567536,117
2026-10-05 11:56:26,deck,2,2,0,10067,36
2026-10-05 11:56:26,soak,5,3,2,44134,47
2026-10-05 11:56:26,BEYOND,12,5,8,771492,1370
2026-10-05 11:56:26,MadMapper,11,6,5,1147436,610
2026-10-05 11:56:26,system,8,5,3,,,0.0,0.0,0,8761,0.0
2026-10-05 11:56:27,flamesafe,0,0,0,5922,21
2026-10-05 11:56:27,engine,3,3,0,3567750,117
2026-10-05 11:56:27,deck,5,3,2,10067,36
2026-10-05 11:56:27,soak,2,2,0,44138,47
2026-10-05 11:56:27,BEYOND,9,3,6,771635,1370
2026-10-05 11:56:27,MadMapper,6,2,5,1147440,610
2026-10-05 11:56:27,system,7,4,3,,,0.2,0.6,3,8765,0.0
2026-10-05 11:56:28,flamesafe,2,2,0,5922,21
2026-10-05 11:56:28,engine,5,5,0,3580362,117
2026-10-05 11:56:28,deck,6,5,2,10067,36
2026-10-05 11:56:28,soak,3,2,2,44167,47
2026-10-05 11:56:28,BEYOND,11,2,9,772013,1371
2026-10-05 11:56:28,MadMapper,6,3,3,1147444,610
2026-10-05 11:56:28,system,11,5,6,,,0.6,0.0,2,8765,0.0
2026-10-05 11:56:29,flamesafe,0,0,0,5922,21
2026-10-05 11:56:29,engine,9,8,2,3592990,117
2026-10-05 11:56:29,deck,3,3,0,10067,36
2026-10-05 11:56:29,soak,2,2,0,44171,47
2026-10-05 11:56:29,BEYOND,16,6,9,772157,1371
2026-10-05 11:56:29,MadMapper,8,3,5,1147474,610
2026-10-05 11:56:29,system,8,5,3,,,0.0,0.4,2,8764,0.0
2026-10-05 11:56:30,flamesafe,0,0,0,5922,21
2026-10-05 11:56:30,engine,5,5,0,3593334,117
2026-10-05 11:56:30,deck,8,5,3,10067,36
2026-10-05 11:56:30,soak,2,2,0,44175,47
2026-10-05 11:56:30,BEYOND,14,2,12,772302,1371
2026-10-05 11:56:30,MadMapper,6,2,5,1147478,610
2026-10-05 11:56:30,system,8,5,3,,,0.0,0.2,2,8766,0.0
2026-10-05 11:56:31,flamesafe,0,0,0,5922,21
2026-10-05 11:56:31,engine,5,2,3,3593543,117
2026-10-05 11:56:31,deck,2,2,0,10067,36
2026-10-05 11:56:31,soak,0,0,0,44179,47
2026-10-05 11:56:31,BEYOND,12,2,11,772455,1371
2026-10-05 11:56:31,MadMapper,11,8,3,1147482,610
2026-10-05 11:56:31,system,7,4,3,,,0.4,0.0,2,8766,0.0
2026-10-05 11:56:32,flamesafe,2,2,0,5922,21
2026-10-05 11:56:32,engine,6,0,6,3655647,117
2026-10-05 11:56:32,deck,5,3,2,10067,36
2026-10-05 11:56:32,soak,5,3,2,44196,47
2026-10-05 11:56:32,BEYOND,9,3,6,772598,1371
2026-10-05 11:56:32,MadMapper,5,2,3,1147486,610
2026-10-05 11:56:32,system,7,4,3,,,0.0,0.0,0,8762,0.0
2026-10-05 11:56:33,flamesafe,0,0,0,5922,21
2026-10-05 11:56:33,engine,17,8,9,3717767,117
2026-10-05 11:56:33,deck,8,8,0,10067,36
2026-10-05 11:56:33,soak,5,2,3,44220,47
2026-10-05 11:56:33,BEYOND,9,5,5,772742,1371
2026-10-05 11:56:33,MadMapper,12,3,9,1147492,610
2026-10-05 11:56:33,system,18,8,10,,,0.2,0.0,2,8762,0.0
2026-10-05 11:56:34,flamesafe,2,2,0,5923,21
2026-10-05 11:56:34,engine,9,3,6,3730387,117
2026-10-05 11:56:34,deck,5,5,0,10067,36
2026-10-05 11:56:34,soak,3,3,0,44224,47
2026-10-05 11:56:34,BEYOND,6,2,5,772893,1371
2026-10-05 11:56:34,MadMapper,5,2,3,1147520,610
2026-10-05 11:56:34,system,10,7,3,,,0.2,0.0,2,8762,0.0
2026-10-05 11:56:35,flamesafe,0,0,0,5923,21
2026-10-05 11:56:35,engine,2,2,0,3730597,117
2026-10-05 11:56:35,deck,2,2,0,10067,36
2026-10-05 11:56:35,soak,3,2,2,44229,47
2026-10-05 11:56:35,BEYOND,12,0,12,773021,1371
2026-10-05 11:56:35,MadMapper,8,3,5,1147589,610
2026-10-05 11:56:35,system,7,3,4,,,0.0,0.0,0,8783,0.0
2026-10-05 11:56:36,flamesafe,0,0,0,5923,21
2026-10-05 11:56:36,engine,6,6,0,3730804,117
2026-10-05 11:56:36,deck,6,2,5,10067,36
2026-10-05 11:56:36,soak,0,0,0,44233,47
2026-10-05 11:56:36,BEYOND,11,3,8,773157,1371
2026-10-05 11:56:36,MadMapper,6,3,3,1147594,610
2026-10-05 11:56:36,system,8,4,3,,,0.4,0.0,3,8784,0.0
2026-10-05 11:56:37,flamesafe,0,0,0,5923,21
2026-10-05 11:56:37,engine,5,3,2,3731020,117
2026-10-05 11:56:37,deck,5,5,0,10067,36
2026-10-05 11:56:37,soak,0,0,0,44237,47
2026-10-05 11:56:37,BEYOND,5,0,5,773286,1371
2026-10-05 11:56:37,MadMapper,3,2,2,1147598,610
2026-10-05 11:56:37,system,7,5,2,,,0.4,0.0,2,8785,0.0
2026-10-05 11:56:38,flamesafe,2,2,0,5923,21
2026-10-05 11:56:38,engine,9,8,2,3743616,117
2026-10-05 11:56:38,deck,9,6,3,10067,36
2026-10-05 11:56:38,soak,5,3,2,44265,47
2026-10-05 11:56:38,BEYOND,6,2,5,773413,1371
2026-10-05 11:56:38,MadMapper,3,0,3,1147602,610
2026-10-05 11:56:38,system,10,5,5,,,0.4,0.0,2,8784,0.0
2026-10-05 11:56:39,flamesafe,3,3,0,5923,21
2026-10-05 11:56:39,engine,8,6,2,3756239,118
2026-10-05 11:56:39,deck,5,5,0,10067,36
2026-10-05 11:56:39,soak,2,2,0,44269,47
2026-10-05 11:56:39,BEYOND,11,0,11,773541,1371
2026-10-05 11:56:39,MadMapper,6,2,5,1147631,610
2026-10-05 11:56:39,system,9,5,4,,,0.2,0.0,2,8784,0.0
2026-10-05 11:56:40,flamesafe,2,2,0,5923,21
2026-10-05 11:56:40,engine,3,0,3,3756445,118
2026-10-05 11:56:40,deck,6,5,2,10067,36
2026-10-05 11:56:40,soak,0,0,0,44273,47
2026-10-05 11:56:40,BEYOND,20,8,12,773734,1371
2026-10-05 11:56:40,MadMapper,9,6,3,1147685,610
2026-10-05 11:56:40,system,12,8,5,,,1.0,0.2,4,8787,0.0
2026-10-05 11:56:41,flamesafe,3,0,3,5923,21
2026-10-05 11:56:41,engine,2,2,0,3756654,118
2026-10-05 11:56:41,deck,3,3,0,10067,36
2026-10-05 11:56:41,soak,3,2,2,44277,47
2026-10-05 11:56:41,BEYOND,11,3,8,774125,1372
2026-10-05 11:56:41,MadMapper,3,2,2,1147689,610
2026-10-05 11:56:41,system,8,4,4,,,0.0,0.0,0,8787,0.0
2026-10-05 11:56:42,flamesafe,0,0,0,5923,21
2026-10-05 11:56:42,engine,2,2,0,3756880,118
2026-10-05 11:56:42,deck,6,5,2,10067,36
2026-10-05 11:56:42,soak,6,5,2,44292,47
2026-10-05 11:56:42,BEYOND,17,2,16,774269,1372
2026-10-05 11:56:42,MadMapper,6,3,3,1147693,610
2026-10-05 11:56:42,system,9,5,4,,,0.4,0.0,2,8786,0.0
2026-10-05 11:56:43,flamesafe,0,0,0,5923,21
2026-10-05 11:56:43,engine,9,6,3,3769479,118
2026-10-05 11:56:43,deck,3,3,0,10067,36
2026-10-05 11:56:43,soak,5,3,2,44310,47
2026-10-05 11:56:43,BEYOND,11,5,6,774413,1372
2026-10-05 11:56:43,MadMapper,6,0,6,1147698,610
2026-10-05 11:56:43,system,9,5,4,,,0.0,0.0,0,8786,0.0
2026-10-05 11:56:45,flamesafe,0,0,0,5923,21
2026-10-05 11:56:45,engine,2,2,0,3769908,118
2026-10-05 11:56:45,deck,3,3,0,10067,36
2026-10-05 11:56:45,soak,5,2,3,44314,47
2026-10-05 11:56:45,BEYOND,14,3,11,774556,1372
2026-10-05 11:56:45,MadMapper,6,2,5,1147758,610
2026-10-05 11:56:45,system,8,4,4,,,0.0,0.4,3,8786,0.0
2026-10-05 11:56:46,flamesafe,3,3,0,5923,21
2026-10-05 11:56:46,engine,6,5,2,3770127,118
2026-10-05 11:56:46,deck,2,2,0,10067,36
2026-10-05 11:56:46,soak,0,0,0,44318,47
2026-10-05 11:56:46,BEYOND,8,3,5,774702,1372
2026-10-05 11:56:46,MadMapper,8,3,5,1147763,610
2026-10-05 11:56:46,system,6,4,2,,,0.6,0.0,3,8785,0.0
2026-10-05 11:56:47,flamesafe,2,2,0,5923,21
2026-10-05 11:56:47,engine,2,0,2,3770347,118
2026-10-05 11:56:47,deck,3,3,0,10067,36
2026-10-05 11:56:47,soak,2,0,2,44322,47
2026-10-05 11:56:47,BEYOND,20,12,8,774854,1372
2026-10-05 11:56:47,MadMapper,5,2,3,1147768,610
2026-10-05 11:56:47,system,7,4,4,,,0.4,0.2,3,8785,0.0
2026-10-05 11:56:48,flamesafe,0,0,0,5923,21
2026-10-05 11:56:48,engine,5,2,3,3770568,119
2026-10-05 11:56:48,deck,0,0,0,10067,36
2026-10-05 11:56:48,soak,0,0,0,44328,47
2026-10-05 11:56:48,BEYOND,14,6,8,774997,1372
2026-10-05 11:56:48,MadMapper,8,3,5,1147772,610
2026-10-05 11:56:48,system,8,4,3,,,0.2,0.2,3,8785,0.0
2026-10-05 11:56:49,flamesafe,5,5,0,5923,21
2026-10-05 11:56:49,engine,9,6,3,3783206,119
2026-10-05 11:56:49,deck,3,3,0,10067,36
2026-10-05 11:56:49,soak,3,0,3,44359,47
2026-10-05 11:56:49,BEYOND,31,12,19,775141,1372
2026-10-05 11:56:49,MadMapper,8,5,3,1147904,611
2026-10-05 11:56:49,system,18,9,10,,,0.8,0.0,3,8781,0.0
2026-10-05 11:56:50,flamesafe,2,2,0,5923,21
2026-10-05 11:56:50,engine,5,5,0,3783420,119
2026-10-05 11:56:50,deck,8,8,0,10067,36
2026-10-05 11:56:50,soak,0,0,0,44363,47
2026-10-05 11:56:50,BEYOND,22,8,14,775284,1372
2026-10-05 11:56:50,MadMapper,9,2,8,1147933,611
2026-10-05 11:56:50,system,10,5,4,,,0.8,0.0,3,8781,0.0
2026-10-05 11:56:51,flamesafe,0,0,0,5923,21
2026-10-05 11:56:51,engine,3,2,2,3783644,119
2026-10-05 11:56:51,deck,3,3,0,10067,36
2026-10-05 11:56:51,soak,5,3,2,44367,47
2026-10-05 11:56:51,BEYOND,2,0,2,775428,1372
2026-10-05 11:56:51,MadMapper,9,9,0,1147938,611
2026-10-05 11:56:51,system,8,6,2,,,0.4,0.0,3,8782,0.0
2026-10-05 11:56:52,flamesafe,0,0,0,5923,21
2026-10-05 11:56:52,engine,8,8,0,3783855,119
2026-10-05 11:56:52,deck,3,3,0,10067,36
2026-10-05 11:56:52,soak,0,0,0,44371,47
2026-10-05 11:56:52,BEYOND,14,3,11,775579,1372
2026-10-05 11:56:52,MadMapper,11,5,6,1147942,611
2026-10-05 11:56:52,system,8,5,3,,,0.0,0.0,0,8782,0.0
2026-10-05 11:56:53,flamesafe,2,2,0,5923,21
2026-10-05 11:56:53,engine,2,2,0,3784084,119
2026-10-05 11:56:53,deck,6,6,0,10067,36
2026-10-05 11:56:53,soak,5,0,5,44388,48
2026-10-05 11:56:53,BEYOND,14,2,12,775725,1372
2026-10-05 11:56:53,MadMapper,2,2,0,1147946,611
2026-10-05 11:56:53,system,11,6,5,,,0.6,0.4,3,8785,0.0
2026-10-05 11:56:54,flamesafe,0,0,0,5923,21
2026-10-05 11:56:54,engine,12,9,3,3796727,119
2026-10-05 11:56:54,deck,8,5,3,10067,36
2026-10-05 11:56:54,soak,5,2,3,44404,47
2026-10-05 11:56:54,BEYOND,12,5,8,775869,1372
2026-10-05 11:56:54,MadMapper,6,2,5,1147952,611
2026-10-05 11:56:54,system,11,6,5,,,0.4,0.0,2,8783,0.0
2026-10-05 11:56:55,flamesafe,0,0,0,5923,21
2026-10-05 11:56:55,engine,9,9,0,3797114,119
2026-10-05 11:56:55,deck,8,8,0,10067,36
2026-10-05 11:56:55,soak,2,0,2,44408,47
2026-10-05 11:56:55,BEYOND,16,6,9,776013,1372
2026-10-05 11:56:55,MadMapper,6,3,3,1147980,611
2026-10-05 11:56:55,system,9,7,2,,,0.0,0.2,2,8784,0.0
2026-10-05 11:56:56,flamesafe,5,5,0,5923,21
2026-10-05 11:56:56,engine,3,2,2,3797318,119
2026-10-05 11:56:56,deck,2,2,0,10067,36
2026-10-05 11:56:56,soak,0,0,0,44412,47
2026-10-05 11:56:56,BEYOND,23,16,8,776153,1372
2026-10-05 11:56:56,MadMapper,3,2,2,1147984,611
2026-10-05 11:56:56,system,10,6,3,,,0.6,0.0,3,8784,0.0
2026-10-05 11:56:57,flamesafe,3,2,2,5923,21
2026-10-05 11:56:57,engine,2,2,0,3797534,119
2026-10-05 11:56:57,deck,3,3,0,10067,36
2026-10-05 11:56:57,soak,2,2,0,44416,47
2026-10-05 11:56:57,BEYOND,8,0,8,776308,1372
2026-10-05 11:56:57,MadMapper,9,6,3,1147988,611
2026-10-05 11:56:57,system,8,5,2,,,0.2,0.0,2,8784,0.0
2026-10-05 11:56:58,flamesafe,3,2,2,5923,21
2026-10-05 11:56:58,engine,5,3,2,3797766,120
2026-10-05 11:56:58,deck,3,3,0,10067,36
2026-10-05 11:56:58,soak,3,3,0,44420,47
2026-10-05 11:56:58,BEYOND,19,2,17,776451,1372
2026-10-05 11:56:58,MadMapper,6,3,3,1147993,611
2026-10-05 11:56:58,system,10,5,4,,,0.0,0.0,0,8784,0.0
2026-10-05 11:56:59,flamesafe,0,0,0,5923,21
2026-10-05 11:56:59,engine,5,5,0,3810383,120
2026-10-05 11:56:59,deck,0,0,0,10067,36
2026-10-05 11:56:59,soak,3,2,2,44461,48
2026-10-05 11:56:59,BEYOND,12,5,8,776595,1372
2026-10-05 11:56:59,MadMapper,14,2,12,1148029,610
2026-10-05 11:56:59,system,19,9,10,,,1.0,0.2,3,8680,0.1
2026-10-05 11:57:00,flamesafe,0,0,0,5923,21
2026-10-05 11:57:00,engine,3,3,0,3810606,120
2026-10-05 11:57:00,deck,8,6,2,10067,36
2026-10-05 11:57:00,soak,2,0,2,44466,48
2026-10-05 11:57:00,BEYOND,22,6,16,776738,1372
2026-10-05 11:57:00,MadMapper,15,3,12,1148057,610
2026-10-05 11:57:00,system,16,10,7,,,0.2,0.0,2,8619,0.0
2026-10-05 11:57:01,flamesafe,0,0,0,5923,21
2026-10-05 11:57:01,engine,5,3,2,3810822,120
2026-10-05 11:57:01,deck,2,2,0,10067,36
2026-10-05 11:57:01,soak,2,0,2,44470,48
2026-10-05 11:57:01,BEYOND,6,5,2,776884,1372
2026-10-05 11:57:01,MadMapper,9,5,5,1148062,610
2026-10-05 11:57:01,system,11,8,3,,,0.0,0.0,0,8616,0.0
2026-10-05 11:57:02,flamesafe,5,5,0,5923,21
2026-10-05 11:57:02,engine,2,0,2,3811043,120
2026-10-05 11:57:02,deck,6,5,2,10067,36
2026-10-05 11:57:02,soak,5,3,2,44517,48
2026-10-05 11:57:02,BEYOND,9,6,3,777027,1372
2026-10-05 11:57:02,MadMapper,8,2,6,1148098,610
2026-10-05 11:57:02,system,14,9,5,,,0.0,0.2,2,8739,0.0
2026-10-05 11:57:03,flamesafe,2,2,0,5923,21
2026-10-05 11:57:03,engine,8,8,0,3811262,120
2026-10-05 11:57:03,deck,8,6,2,10067,36
2026-10-05 11:57:03,soak,2,2,0,44546,48
2026-10-05 11:57:03,BEYOND,14,8,6,777179,1372
2026-10-05 11:57:03,MadMapper,14,9,5,1148103,610
2026-10-05 11:57:03,system,13,8,5,,,0.4,0.2,2,8738,0.0
2026-10-05 11:57:04,flamesafe,2,2,0,5923,21
2026-10-05 11:57:04,engine,8,2,6,3823859,120
2026-10-05 11:57:04,deck,2,0,2,10067,36
2026-10-05 11:57:04,soak,0,0,0,44577,48
2026-10-05 11:57:04,BEYOND,17,5,12,777323,1372
2026-10-05 11:57:04,MadMapper,5,2,3,1148108,610
2026-10-05 11:57:04,system,16,7,9,,,0.6,0.0,2,8774,0.0
2026-10-05 11:57:05,flamesafe,0,0,0,5923,21
2026-10-05 11:57:05,engine,3,3,0,3824206,120
2026-10-05 11:57:05,deck,3,0,3,10067,36
2026-10-05 11:57:05,soak,9,8,2,44583,48
2026-10-05 11:57:05,BEYOND,16,2,14,777466,1372
2026-10-05 11:57:05,MadMapper,14,5,9,1148136,610
2026-10-05 11:57:05,system,12,7,5,,,0.0,0.2,2,8778,0.0
2026-10-05 11:57:06,flamesafe,2,2,0,5923,21
2026-10-05 11:57:06,engine,5,3,2,3824415,120
2026-10-05 11:57:06,deck,6,6,0,10067,36
2026-10-05 11:57:06,soak,8,3,5,44587,48
2026-10-05 11:57:06,BEYOND,15,3,12,777611,1372
2026-10-05 11:57:06,MadMapper,12,5,8,1148140,610
2026-10-05 11:57:06,system,9,5,4,,,0.0,0.0,0,8778,0.0
2026-10-05 11:57:07,flamesafe,2,2,0,5923,21
2026-10-05 11:57:07,engine,3,3,0,3824622,120
2026-10-05 11:57:07,deck,3,0,3,10067,36
2026-10-05 11:57:07,soak,3,3,0,44608,48
2026-10-05 11:57:07,BEYOND,14,3,11,777754,1372
2026-10-05 11:57:07,MadMapper,0,0,0,1148145,610
2026-10-05 11:57:07,system,7,4,3,,,0.2,0.2,2,8780,0.0
2026-10-05 11:57:08,flamesafe,0,0,0,5923,21
2026-10-05 11:57:08,engine,6,2,5,3824853,120
2026-10-05 11:57:08,deck,3,2,2,10067,36
2026-10-05 11:57:08,soak,0,0,0,44612,48
2026-10-05 11:57:08,BEYOND,15,9,6,777908,1372
2026-10-05 11:57:08,MadMapper,14,6,8,1148151,610
2026-10-05 11:57:08,system,9,6,4,,,0.0,0.0,0,8780,0.0
2026-10-05 11:57:09,flamesafe,0,0,0,5923,21
2026-10-05 11:57:09,engine,8,5,3,3837448,120
2026-10-05 11:57:09,deck,0,0,0,10067,36
2026-10-05 11:57:09,soak,3,2,2,44643,48
2026-10-05 11:57:09,BEYOND,19,6,12,778051,1372
2026-10-05 11:57:09,MadMapper,9,2,8,1148155,610
2026-10-05 11:57:09,system,13,5,8,,,0.4,0.0,3,8781,0.0
2026-10-05 11:57:10,flamesafe,0,0,0,5923,21
2026-10-05 11:57:10,engine,0,0,0,3837661,120
2026-10-05 11:57:10,deck,5,3,2,10067,36
2026-10-05 11:57:10,soak,3,3,0,44647,48
2026-10-05 11:57:10,BEYOND,12,2,11,778195,1372
2026-10-05 11:57:10,MadMapper,12,6,6,1148183,610
2026-10-05 11:57:10,system,9,5,5,,,0.4,0.6,6,8781,0.0
2026-10-05 11:57:11,flamesafe,2,2,0,5923,21
2026-10-05 11:57:11,engine,3,3,0,3837875,120
2026-10-05 11:57:11,deck,3,3,0,10067,36
2026-10-05 11:57:11,soak,6,3,3,44651,48
2026-10-05 11:57:11,BEYOND,15,5,11,778377,1372
2026-10-05 11:57:11,MadMapper,8,2,6,1148237,610
2026-10-05 11:57:11,system,9,5,4,,,0.0,0.6,3,8781,0.0
2026-10-05 11:57:12,flamesafe,2,2,0,5923,21
2026-10-05 11:57:12,engine,6,5,2,3838087,120
2026-10-05 11:57:12,deck,2,0,2,10067,36
2026-10-05 11:57:12,soak,9,8,2,44655,48
2026-10-05 11:57:12,BEYOND,12,6,6,778521,1372
2026-10-05 11:57:12,MadMapper,9,3,6,1148241,610
2026-10-05 11:57:12,system,11,7,4,,,0.0,0.0,0,8788,0.0
2026-10-05 11:57:13,flamesafe,3,3,0,5923,21
2026-10-05 11:57:13,engine,8,6,2,3850692,121
2026-10-05 11:57:13,deck,6,3,3,10067,36
2026-10-05 11:57:13,soak,6,3,3,44684,48
2026-10-05 11:57:13,BEYOND,12,5,8,778672,1372
2026-10-05 11:57:13,MadMapper,8,5,3,1148246,610
2026-10-05 11:57:13,system,14,7,7,,,0.4,0.2,2,8785,0.0
2026-10-05 11:57:14,flamesafe,2,2,0,5923,21
2026-10-05 11:57:14,engine,3,3,0,3850910,121
2026-10-05 11:57:14,deck,2,2,0,10067,36
2026-10-05 11:57:14,soak,3,0,3,44690,48
2026-10-05 11:57:14,BEYOND,23,9,14,778816,1372
2026-10-05 11:57:14,MadMapper,6,3,3,1148251,610
2026-10-05 11:57:14,system,9,5,4,,,0.4,0.2,3,8787,0.0
2026-10-05 11:57:15,flamesafe,2,2,0,5923,21
2026-10-05 11:57:15,engine,9,8,2,3851178,121
2026-10-05 11:57:15,deck,5,5,0,10067,36
2026-10-05 11:57:15,soak,0,0,0,44694,48
2026-10-05 11:57:15,BEYOND,20,9,11,778961,1372
2026-10-05 11:57:15,MadMapper,9,3,6,1148280,610
2026-10-05 11:57:15,system,10,7,4,,,0.0,0.2,2,8787,0.0
2026-10-05 11:57:16,flamesafe,0,0,0,5923,21
2026-10-05 11:57:16,engine,3,3,0,3851400,121
2026-10-05 11:57:16,deck,3,2,2,10067,36
2026-10-05 11:57:16,soak,2,2,0,44698,48
2026-10-05 11:57:16,BEYOND,38,20,17,782802,1387
2026-10-05 11:57:16,MadMapper,8,3,5,1148284,610
2026-10-05 11:57:16,system,13,7,6,,,0.2,0.0,2,8756,0.0
2026-10-05 11:57:17,flamesafe,2,2,0,5923,21
2026-10-05 11:57:17,engine,11,8,3,3851611,121
2026-10-05 11:57:17,deck,0,0,0,10067,36
2026-10-05 11:57:17,soak,2,0,2,44702,48
2026-10-05 11:57:17,BEYOND,32,19,14,783351,1389
2026-10-05 11:57:17,MadMapper,12,6,6,1148288,610
2026-10-05 11:57:17,system,11,7,4,,,0.2,0.2,3,8750,0.0
2026-10-05 11:57:18,flamesafe,0,0,0,5923,21
2026-10-05 11:57:18,engine,8,8,0,3851832,121
2026-10-05 11:57:18,deck,3,3,0,10067,36
2026-10-05 11:57:18,soak,8,5,3,44719,48
2026-10-05 11:57:18,BEYOND,42,34,8,783621,1386
2026-10-05 11:57:18,MadMapper,12,3,9,1148293,610
2026-10-05 11:57:18,system,15,9,6,,,1.0,0.2,3,8747,0.0
2026-10-05 11:57:19,flamesafe,2,0,2,5923,21
2026-10-05 11:57:19,engine,3,2,2,3864449,121
2026-10-05 11:57:19,deck,9,9,0,10067,36
2026-10-05 11:57:19,soak,8,5,3,44738,48
2026-10-05 11:57:19,BEYOND,38,26,12,784120,1387
2026-10-05 11:57:19,MadMapper,9,3,6,1148329,610
2026-10-05 11:57:19,system,20,11,9,,,0.4,0.2,3,8741,0.0
2026-10-05 11:57:20,flamesafe,2,2,0,5923,21
2026-10-05 11:57:20,engine,5,5,0,3864669,121
2026-10-05 11:57:20,deck,3,3,0,10067,36
2026-10-05 11:57:20,soak,0,0,0,44742,48
2026-10-05 11:57:20,BEYOND,38,31,6,784704,1389
2026-10-05 11:57:20,MadMapper,6,2,5,1148359,610
2026-10-05 11:57:20,system,11,8,3,,,0.4,0.0,3,8733,0.0
2026-10-05 11:57:21,flamesafe,0,0,0,5923,21
2026-10-05 11:57:21,engine,6,5,2,3864892,121
2026-10-05 11:57:21,deck,5,5,0,10067,36
2026-10-05 11:57:21,soak,3,3,0,44746,48
2026-10-05 11:57:21,BEYOND,33,16,17,785311,1391
2026-10-05 11:57:21,MadMapper,16,6,9,1148364,610
2026-10-05 11:57:21,system,12,7,4,,,0.0,0.0,0,8733,0.0
2026-10-05 11:57:22,flamesafe,2,2,0,5923,21
2026-10-05 11:57:22,engine,5,5,0,3865107,121
2026-10-05 11:57:22,deck,3,3,0,10067,36
2026-10-05 11:57:22,soak,2,2,0,44750,48
2026-10-05 11:57:22,BEYOND,38,25,12,785524,1391
2026-10-05 11:57:22,MadMapper,2,2,0,1148368,610
2026-10-05 11:57:22,system,10,7,3,,,0.4,0.2,2,8733,0.0
2026-10-05 11:57:23,flamesafe,0,0,0,5923,21
2026-10-05 11:57:23,engine,5,3,2,3877719,121
2026-10-05 11:57:23,deck,3,3,0,10067,36
2026-10-05 11:57:23,soak,6,3,3,44778,48
2026-10-05 11:57:23,BEYOND,28,17,11,785733,1388
2026-10-05 11:57:23,MadMapper,5,3,2,1148372,610
2026-10-05 11:57:23,system,14,8,6,,,0.8,0.4,2,8734,0.0
2026-10-05 11:57:24,flamesafe,0,0,0,5923,21
2026-10-05 11:57:24,engine,8,6,2,3877918,121
2026-10-05 11:57:24,deck,0,0,0,10067,36
2026-10-05 11:57:24,soak,3,2,2,44782,48
2026-10-05 11:57:24,BEYOND,50,34,16,785986,1389
2026-10-05 11:57:24,MadMapper,5,2,3,1148377,610
2026-10-05 11:57:24,system,12,7,5,,,0.2,0.2,2,8733,0.0
2026-10-05 11:57:25,flamesafe,0,0,0,5923,21
2026-10-05 11:57:25,engine,8,5,3,3878273,122
2026-10-05 11:57:25,deck,2,0,2,10067,36
2026-10-05 11:57:25,soak,2,2,0,44786,48
2026-10-05 11:57:25,BEYOND,42,20,22,786307,1385
2026-10-05 11:57:25,MadMapper,3,2,2,1148406,610
2026-10-05 11:57:25,system,11,6,5,,,0.2,0.2,2,8736,0.0
2026-10-05 11:57:26,flamesafe,0,0,0,5923,21
2026-10-05 11:57:26,engine,0,0,0,3878475,122
2026-10-05 11:57:26,deck,6,2,5,10067,36
2026-10-05 11:57:26,soak,0,0,0,44790,48
2026-10-05 11:57:26,BEYOND,31,22,9,786528,1384
2026-10-05 11:57:26,MadMapper,9,5,5,1148410,610
2026-10-05 11:57:26,system,9,5,4,,,0.0,0.0,0,8736,0.0
2026-10-05 11:57:27,flamesafe,3,2,2,5923,21
2026-10-05 11:57:27,engine,6,3,3,3878694,122
2026-10-05 11:57:27,deck,3,3,0,10067,36
2026-10-05 11:57:27,soak,0,0,0,44794,48
2026-10-05 11:57:27,BEYOND,31,17,14,786864,1385
2026-10-05 11:57:27,MadMapper,6,2,5,1148414,610
2026-10-05 11:57:27,system,10,6,4,,,0.0,0.2,2,8736,0.0
2026-10-05 11:57:28,flamesafe,3,3,0,5923,21
2026-10-05 11:57:28,engine,3,3,0,3878933,122
2026-10-05 11:57:28,deck,3,2,2,10067,36
2026-10-05 11:57:28,soak,0,0,0,44810,48
2026-10-05 11:57:28,BEYOND,35,17,19,787033,1385
2026-10-05 11:57:28,MadMapper,6,2,5,1148422,610
2026-10-05 11:57:28,system,12,6,6,,,0.4,0.0,3,8738,0.0
2026-10-05 11:57:29,flamesafe,3,2,2,5923,21
2026-10-05 11:57:29,engine,11,8,3,3891531,122
2026-10-05 11:57:29,deck,0,0,0,10067,36
2026-10-05 11:57:29,soak,2,0,2,44826,48
2026-10-05 11:57:29,BEYOND,30,20,9,787274,1382
2026-10-05 11:57:29,MadMapper,3,0,3,1148427,610
2026-10-05 11:57:29,system,12,7,5,,,0.6,0.2,3,8737,0.0
2026-10-05 11:57:30,flamesafe,3,3,0,5923,21
2026-10-05 11:57:30,engine,3,2,2,3891755,122
2026-10-05 11:57:30,deck,8,8,0,10067,36
2026-10-05 11:57:30,soak,0,0,0,44830,48
2026-10-05 11:57:30,BEYOND,33,19,14,787490,1382
2026-10-05 11:57:30,MadMapper,14,6,8,1148487,610
2026-10-05 11:57:30,system,10,6,4,,,0.0,0.2,2,8737,0.0
2026-10-05 11:57:31,flamesafe,0,0,0,5923,21
2026-10-05 11:57:31,engine,8,6,2,3891973,122
2026-10-05 11:57:31,deck,8,3,5,10067,36
2026-10-05 11:57:31,soak,2,2,0,44834,48
2026-10-05 11:57:31,BEYOND,20,11,9,787748,1380
2026-10-05 11:57:31,MadMapper,3,3,0,1148492,610
2026-10-05 11:57:31,system,8,5,3,,,0.6,0.0,3,8738,0.0
2026-10-05 11:57:32,flamesafe,0,0,0,5923,21
2026-10-05 11:57:32,engine,6,3,3,3892191,122
2026-10-05 11:57:32,deck,2,2,0,10067,36
2026-10-05 11:57:32,soak,0,0,0,44855,48
2026-10-05 11:57:32,BEYOND,28,12,16,788091,1381
2026-10-05 11:57:32,MadMapper,14,6,8,1148496,610
2026-10-05 11:57:32,system,10,5,5,,,0.2,0.2,2,8741,0.0
2026-10-05 11:57:33,flamesafe,0,0,0,5923,21
2026-10-05 11:57:33,engine,5,3,2,3904803,122
2026-10-05 11:57:33,deck,9,8,2,10067,36
2026-10-05 11:57:33,soak,5,3,2,44884,48
2026-10-05 11:57:33,BEYOND,22,11,11,788569,1382
2026-10-05 11:57:33,MadMapper,14,6,8,1148500,610
2026-10-05 11:57:33,system,16,9,7,,,0.0,0.0,0,8738,0.0
2026-10-05 11:57:34,flamesafe,0,0,0,5923,21
2026-10-05 11:57:34,engine,3,3,0,3905009,122
2026-10-05 11:57:34,deck,0,0,0,10067,36
2026-10-05 11:57:34,soak,3,2,2,44888,48
2026-10-05 11:57:34,BEYOND,28,23,5,788825,1382
2026-10-05 11:57:34,MadMapper,11,5,6,1148504,610
2026-10-05 11:57:34,system,14,9,5,,,0.4,0.0,2,8747,0.0
2026-10-05 11:57:35,flamesafe,0,0,0,5923,21
2026-10-05 11:57:35,engine,6,3,3,3905358,122
2026-10-05 11:57:35,deck,2,2,0,10067,36
2026-10-05 11:57:35,soak,2,0,2,44892,48
2026-10-05 11:57:35,BEYOND,22,16,6,789119,1383
2026-10-05 11:57:35,MadMapper,9,3,6,1148533,610
2026-10-05 11:57:35,system,9,5,4,,,0.2,0.2,2,8738,0.0
2026-10-05 11:57:36,flamesafe,6,6,0,5923,21
2026-10-05 11:57:36,engine,2,2,0,3905569,122
2026-10-05 11:57:36,deck,5,3,2,10067,36
2026-10-05 11:57:36,soak,2,0,2,44896,48
2026-10-05 11:57:36,BEYOND,28,17,11,789265,1383
2026-10-05 11:57:36,MadMapper,3,2,2,1148569,610
2026-10-05 11:57:36,system,10,6,4,,,0.6,0.2,3,8739,0.0
2026-10-05 11:57:37,flamesafe,0,0,0,5923,21
2026-10-05 11:57:37,engine,2,2,0,3905793,122
2026-10-05 11:57:37,deck,5,3,2,10067,36
2026-10-05 11:57:37,soak,2,2,0,44900,48
2026-10-05 11:57:37,BEYOND,23,14,9,789450,1382
2026-10-05 11:57:37,MadMapper,8,3,5,1148574,610
2026-10-05 11:57:37,system,9,5,4,,,0.4,0.2,3,8740,0.0
2026-10-05 11:57:38,flamesafe,0,0,0,5923,21
2026-10-05 11:57:38,engine,9,8,2,3906012,122
2026-10-05 11:57:38,deck,9,6,3,10067,36
2026-10-05 11:57:38,soak,3,3,0,44917,48
2026-10-05 11:57:38,BEYOND,31,17,14,789723,1382
2026-10-05 11:57:38,MadMapper,3,3,0,1148579,610
2026-10-05 11:57:38,system,13,8,5,,,0.2,0.0,2,8740,0.0
2026-10-05 11:57:39,flamesafe,0,0,0,5923,21
2026-10-05 11:57:39,engine,6,5,2,3918606,122
2026-10-05 11:57:39,deck,9,6,3,10067,36
2026-10-05 11:57:39,soak,3,2,2,44933,48
2026-10-05 11:57:39,BEYOND,23,11,12,789923,1382
2026-10-05 11:57:39,MadMapper,8,2,6,1148583,610
2026-10-05 11:57:39,system,13,6,7,,,0.4,0.0,3,8736,0.0
2026-10-05 11:57:40,flamesafe,0,0,0,5923,21
2026-10-05 11:57:40,engine,5,2,3,3918828,123
2026-10-05 11:57:40,deck,3,3,0,10067,36
2026-10-05 11:57:40,soak,0,0,0,44937,48
2026-10-05 11:57:40,BEYOND,25,19,6,790111,1383
2026-10-05 11:57:40,MadMapper,8,3,5,1148659,610
2026-10-05 11:57:40,system,9,6,3,,,0.2,0.0,2,8736,0.0
2026-10-05 11:57:41,flamesafe,3,3,0,5923,21
2026-10-05 11:57:41,engine,2,0,2,3919044,123
2026-10-05 11:57:41,deck,5,2,3,10067,36
2026-10-05 11:57:41,soak,0,0,0,44942,48
2026-10-05 11:57:41,BEYOND,19,9,9,790305,1383
2026-10-05 11:57:41,MadMapper,11,6,5,1148663,610
2026-10-05 11:57:41,system,9,5,4,,,0.0,0.0,0,8736,0.0
2026-10-05 11:57:42,flamesafe,3,3,0,5923,21
2026-10-05 11:57:42,engine,5,0,5,3919264,123
2026-10-05 11:57:42,deck,5,0,5,10067,36
2026-10-05 11:57:42,soak,2,2,0,44946,48
2026-10-05 11:57:42,BEYOND,32,20,12,790505,1383
2026-10-05 11:57:42,MadMapper,9,3,6,1148669,610
2026-10-05 11:57:42,system,11,6,5,,,0.8,0.0,3,8736,0.0
2026-10-05 11:57:43,flamesafe,0,0,0,5923,21
2026-10-05 11:57:43,engine,9,2,8,3931868,123
2026-10-05 11:57:43,deck,0,0,0,10067,36
2026-10-05 11:57:43,soak,3,2,2,44975,48
2026-10-05 11:57:43,BEYOND,36,22,14,790651,1383
2026-10-05 11:57:43,MadMapper,5,2,3,1148673,610
2026-10-05 11:57:43,system,14,6,8,,,0.6,0.2,4,8733,0.0
2026-10-05 11:57:44,flamesafe,2,2,0,5923,21
2026-10-05 11:57:44,engine,5,5,0,3932133,123
2026-10-05 11:57:44,deck,2,0,2,10067,36
2026-10-05 11:57:44,soak,0,0,0,44979,48
2026-10-05 11:57:44,BEYOND,34,20,14,790807,1383
2026-10-05 11:57:44,MadMapper,9,5,5,1148677,610
2026-10-05 11:57:44,system,10,7,4,,,0.4,0.2,2,8734,0.0
2026-10-05 11:57:45,flamesafe,0,0,0,5923,21
2026-10-05 11:57:45,engine,3,2,2,3932497,123
2026-10-05 11:57:45,deck,2,2,0,10067,36
2026-10-05 11:57:45,soak,2,0,2,44983,48
2026-10-05 11:57:45,BEYOND,23,14,9,791027,1381
2026-10-05 11:57:45,MadMapper,3,0,3,1148707,610
2026-10-05 11:57:45,system,8,5,3,,,0.2,0.0,2,8738,0.0
2026-10-05 11:57:46,flamesafe,0,0,0,5923,21
2026-10-05 11:57:46,engine,6,6,0,3932706,123
2026-10-05 11:57:46,deck,9,8,2,10067,36
2026-10-05 11:57:46,soak,0,0,0,44987,48
2026-10-05 11:57:46,BEYOND,20,14,6,791254,1381
2026-10-05 11:57:46,MadMapper,9,2,8,1148711,610
2026-10-05 11:57:46,system,10,6,4,,,0.0,0.2,2,8734,0.0
2026-10-05 11:57:47,flamesafe,0,0,0,5923,21
2026-10-05 11:57:47,engine,2,0,2,3932922,123
2026-10-05 11:57:47,deck,8,5,3,10067,36
2026-10-05 11:57:47,soak,0,0,0,44991,48
2026-10-05 11:57:47,BEYOND,33,26,6,791420,1381
2026-10-05 11:57:47,MadMapper,9,6,3,1148715,610
2026-10-05 11:57:47,system,10,7,3,,,0.2,0.2,2,8737,0.0
2026-10-05 11:57:48,flamesafe,0,0,0,5923,21
2026-10-05 11:57:48,engine,6,3,3,3933141,124
2026-10-05 11:57:48,deck,2,2,0,10067,36
2026-10-05 11:57:48,soak,2,2,0,45020,48
2026-10-05 11:57:48,BEYOND,12,8,5,791630,1382
2026-10-05 11:57:48,MadMapper,6,2,5,1148720,610
2026-10-05 11:57:48,system,12,6,6,,,0.4,0.4,3,8741,0.0
2026-10-05 11:57:49,flamesafe,2,2,0,5923,21
2026-10-05 11:57:49,engine,12,11,2,3945725,124
2026-10-05 11:57:49,deck,6,6,0,10067,36
2026-10-05 11:57:49,soak,3,2,2,45027,48
2026-10-05 11:57:49,BEYOND,30,14,16,791824,1382
2026-10-05 11:57:49,MadMapper,14,2,12,1148724,610
2026-10-05 11:57:49,system,18,9,8,,,0.2,0.2,3,8744,0.0
2026-10-05 11:57:50,flamesafe,0,0,0,5923,21
2026-10-05 11:57:50,engine,5,0,5,3945930,124
2026-10-05 11:57:50,deck,5,2,3,10067,36
2026-10-05 11:57:50,soak,3,2,2,45031,48
2026-10-05 11:57:50,BEYOND,20,12,8,791969,1382
2026-10-05 11:57:50,MadMapper,6,3,3,1148752,610
2026-10-05 11:57:50,system,9,6,4,,,0.4,0.2,2,8736,0.0
2026-10-05 11:57:51,flamesafe,2,2,0,5923,21
2026-10-05 11:57:51,engine,6,2,5,3946148,124
2026-10-05 11:57:51,deck,6,6,0,10067,36
2026-10-05 11:57:51,soak,3,0,3,45035,48
2026-10-05 11:57:51,BEYOND,25,12,12,792246,1382
2026-10-05 11:57:51,MadMapper,12,3,9,1148756,610
2026-10-05 11:57:51,system,11,6,5,,,0.4,0.2,3,8735,0.0
2026-10-05 11:57:52,flamesafe,0,0,0,5923,21
2026-10-05 11:57:52,engine,2,2,0,3946364,124
2026-10-05 11:57:52,deck,2,2,0,10067,36
2026-10-05 11:57:52,soak,2,0,2,45039,48
2026-10-05 11:57:52,BEYOND,19,14,5,792389,1382
2026-10-05 11:57:52,MadMapper,3,0,3,1148761,610
2026-10-05 11:57:52,system,7,4,3,,,0.0,0.0,0,8736,0.0
2026-10-05 11:57:53,flamesafe,2,0,2,5923,21
2026-10-05 11:57:53,engine,5,0,5,3959242,125
2026-10-05 11:57:53,deck,3,2,2,10067,36
2026-10-05 11:57:53,soak,8,6,2,45067,48
2026-10-05 11:57:53,BEYOND,14,12,2,792712,1383
2026-10-05 11:57:53,MadMapper,8,2,6,1148797,610
2026-10-05 11:57:53,system,14,6,8,,,0.2,0.2,3,8731,0.0
2026-10-05 11:57:54,flamesafe,0,0,0,5923,21
2026-10-05 11:57:54,engine,8,6,2,3959456,125
2026-10-05 11:57:54,deck,2,2,0,10067,36
2026-10-05 11:57:54,soak,5,2,3,45071,48
2026-10-05 11:57:54,BEYOND,20,12,8,793465,1386
2026-10-05 11:57:54,MadMapper,2,2,0,1148802,610
2026-10-05 11:57:54,system,9,6,3,,,0.0,0.4,2,8733,0.0
2026-10-05 11:57:55,flamesafe,0,0,0,5923,21
2026-10-05 11:57:55,engine,9,9,0,3959805,125
2026-10-05 11:57:55,deck,5,5,0,10067,36
2026-10-05 11:57:55,soak,0,0,0,45075,48
2026-10-05 11:57:55,BEYOND,17,8,9,793892,1387
2026-10-05 11:57:55,MadMapper,6,3,3,1148831,610
2026-10-05 11:57:55,system,8,6,3,,,0.4,0.6,3,8733,0.0
2026-10-05 11:57:56,flamesafe,0,0,0,5923,21
2026-10-05 11:57:56,engine,6,5,2,3960023,125
2026-10-05 11:57:56,deck,6,2,5,10067,36
2026-10-05 11:57:56,soak,2,0,2,45079,48
2026-10-05 11:57:56,BEYOND,29,20,9,794256,1388
2026-10-05 11:57:56,MadMapper,9,6,3,1148835,610
2026-10-05 11:57:56,system,9,6,4,,,0.0,0.2,2,8732,0.0
2026-10-05 11:57:57,flamesafe,0,0,0,5923,21
2026-10-05 11:57:57,engine,8,6,2,3960241,125
2026-10-05 11:57:57,deck,0,0,0,10067,36
2026-10-05 11:57:57,soak,0,0,0,45083,48
2026-10-05 11:57:57,BEYOND,28,17,11,794409,1388
2026-10-05 11:57:57,MadMapper,5,0,5,1148839,610
2026-10-05 11:57:57,system,9,5,4,,,0.4,0.2,3,8734,0.0
2026-10-05 11:57:58,flamesafe,0,0,0,5923,21
2026-10-05 11:57:58,engine,5,3,2,3960466,126
2026-10-05 11:57:58,deck,9,8,2,10067,36
2026-10-05 11:57:58,soak,0,0,0,45111,48
2026-10-05 11:57:58,BEYOND,48,30,19,794711,1385
2026-10-05 11:57:58,MadMapper,5,2,3,1148843,610
2026-10-05 11:57:58,system,16,8,8,,,0.6,0.0,3,8732,0.0
2026-10-05 11:57:59,flamesafe,2,2,0,5923,21
2026-10-05 11:57:59,engine,5,3,2,3973053,126
2026-10-05 11:57:59,deck,0,0,0,10067,36
2026-10-05 11:57:59,soak,6,0,6,45122,48
2026-10-05 11:57:59,BEYOND,54,36,19,795002,1383
2026-10-05 11:57:59,MadMapper,12,2,11,1148849,610
2026-10-05 11:57:59,system,16,9,7,,,0.2,0.0,2,8730,0.0
2026-10-05 11:58:00,flamesafe,0,0,0,5923,21
2026-10-05 11:58:00,engine,2,2,0,3973292,126
2026-10-05 11:58:00,deck,3,3,0,10067,36
2026-10-05 11:58:00,soak,0,0,0,45126,48
2026-10-05 11:58:00,BEYOND,31,8,23,795264,1382
2026-10-05 11:58:00,MadMapper,12,5,8,1148877,610
2026-10-05 11:58:00,system,11,5,6,,,0.4,0.2,2,8727,0.0
2026-10-05 11:58:01,flamesafe,0,0,0,5923,21
2026-10-05 11:58:01,engine,8,8,0,3973503,126
2026-10-05 11:58:01,deck,3,3,0,10067,36
2026-10-05 11:58:01,soak,0,0,0,45130,48
2026-10-05 11:58:01,BEYOND,32,19,14,795459,1381
2026-10-05 11:58:01,MadMapper,6,2,5,1148913,611
2026-10-05 11:58:01,system,9,6,4,,,0.4,0.2,2,8724,0.0
2026-10-05 11:58:02,flamesafe,0,0,0,5923,21
2026-10-05 11:58:02,engine,6,3,3,3973714,126
2026-10-05 11:58:02,deck,2,0,2,10067,36
2026-10-05 11:58:02,soak,0,0,0,45134,48
2026-10-05 11:58:02,BEYOND,39,20,19,795687,1381
2026-10-05 11:58:02,MadMapper,9,0,9,1148919,611
2026-10-05 11:58:02,system,11,6,5,,,0.0,0.2,2,8716,0.0
2026-10-05 11:58:03,flamesafe,0,0,0,5923,21
2026-10-05 11:58:03,engine,9,5,5,3986304,126
2026-10-05 11:58:03,deck,2,2,0,10067,36
2026-10-05 11:58:03,soak,5,3,2,45162,48
2026-10-05 11:58:03,BEYOND,25,14,11,795844,1381
2026-10-05 11:58:03,MadMapper,9,5,5,1148923,611
2026-10-05 11:58:03,system,13,8,6,,,0.2,0.4,4,8710,0.0
2026-10-05 11:58:04,flamesafe,6,6,0,5923,21
2026-10-05 11:58:04,engine,6,5,2,3986511,126
2026-10-05 11:58:04,deck,3,3,0,10067,36
2026-10-05 11:58:04,soak,5,5,0,45166,48
2026-10-05 11:58:04,BEYOND,37,16,22,796017,1381
2026-10-05 11:58:04,MadMapper,11,0,11,1148927,610
2026-10-05 11:58:04,system,14,6,8,,,0.0,0.0,0,8719,0.0
2026-10-05 11:58:05,flamesafe,0,0,0,5923,21
2026-10-05 11:58:05,engine,5,3,2,3986757,126
2026-10-05 11:58:05,deck,3,3,0,10067,36
2026-10-05 11:58:05,soak,2,2,0,45271,47
2026-10-05 11:58:05,BEYOND,36,28,8,796293,1382
2026-10-05 11:58:05,MadMapper,8,3,5,1148956,610
2026-10-05 11:58:05,system,21,15,6,,,0.2,0.0,2,8605,0.0
2026-10-05 11:58:06,flamesafe,2,2,0,5923,21
2026-10-05 11:58:06,engine,6,5,2,3986972,126
2026-10-05 11:58:06,deck,8,5,3,10067,36
2026-10-05 11:58:06,soak,5,3,2,45284,47
2026-10-05 11:58:06,BEYOND,27,14,12,796554,1382
2026-10-05 11:58:06,MadMapper,20,5,16,1148960,610
2026-10-05 11:58:06,system,21,12,9,,,0.2,0.2,2,8561,0.0
2026-10-05 11:58:07,flamesafe,0,0,0,5923,21
2026-10-05 11:58:07,engine,5,5,0,3987191,126
2026-10-05 11:58:07,deck,3,3,0,10067,36
2026-10-05 11:58:07,soak,2,0,2,45303,47
2026-10-05 11:58:07,BEYOND,28,17,11,796951,1381
2026-10-05 11:58:07,MadMapper,6,5,2,1148964,610
2026-10-05 11:58:07,system,13,10,3,,,0.2,0.0,2,8564,0.0
2026-10-05 11:58:08,flamesafe,2,2,0,5923,21
2026-10-05 11:58:08,engine,8,6,2,3987422,126
2026-10-05 11:58:08,deck,6,5,2,10067,36
2026-10-05 11:58:08,soak,5,5,0,45354,47
2026-10-05 11:58:08,BEYOND,36,19,17,797732,1384
2026-10-05 11:58:08,MadMapper,16,6,9,1148968,610
2026-10-05 11:58:08,system,26,15,11,,,0.4,0.4,2,8680,0.0
2026-10-05 11:58:09,flamesafe,2,2,0,5923,21
2026-10-05 11:58:09,engine,8,6,2,3999981,126
2026-10-05 11:58:09,deck,2,2,0,10067,36
2026-10-05 11:58:09,soak,5,2,3,45387,47
2026-10-05 11:58:09,BEYOND,22,17,5,798018,1385
2026-10-05 11:58:09,MadMapper,6,2,5,1148973,610
2026-10-05 11:58:09,system,12,7,4,,,0.2,0.2,2,8677,0.0
2026-10-05 11:58:10,flamesafe,0,0,0,5923,21
2026-10-05 11:58:10,engine,6,6,0,4000199,126
2026-10-05 11:58:10,deck,6,6,0,10067,36
2026-10-05 11:58:10,soak,2,2,0,45418,47
2026-10-05 11:58:10,BEYOND,28,14,14,798179,1385
2026-10-05 11:58:10,MadMapper,2,2,0,1149081,611
2026-10-05 11:58:10,system,13,8,5,,,0.2,0.0,2,8718,0.0
2026-10-05 11:58:11,flamesafe,0,0,0,5923,21
2026-10-05 11:58:11,engine,5,3,2,4000413,126
2026-10-05 11:58:11,deck,5,5,0,10067,36
2026-10-05 11:58:11,soak,3,0,3,45526,47
2026-10-05 11:58:11,BEYOND,17,9,8,798431,1385
2026-10-05 11:58:11,MadMapper,3,2,2,1149086,610
2026-10-05 11:58:11,system,7,4,2,,,0.0,0.0,0,8723,0.0
2026-10-05 11:58:12,flamesafe,0,0,0,5923,21
2026-10-05 11:58:12,engine,2,2,0,4000628,126
2026-10-05 11:58:12,deck,3,3,0,10067,36
2026-10-05 11:58:12,soak,2,2,0,45559,47
2026-10-05 11:58:12,BEYOND,34,26,8,798677,1382
2026-10-05 11:58:12,MadMapper,11,3,8,1149091,610
2026-10-05 11:58:12,system,10,7,3,,,0.2,0.0,2,8725,0.0
2026-10-05 11:58:13,flamesafe,0,0,0,5923,21
2026-10-05 11:58:13,engine,9,6,3,4013224,126
2026-10-05 11:58:13,deck,9,8,2,10067,36
2026-10-05 11:58:13,soak,3,2,2,45608,47
2026-10-05 11:58:13,BEYOND,30,17,12,798916,1381
2026-10-05 11:58:13,MadMapper,6,2,5,1149095,610
2026-10-05 11:58:13,system,14,8,6,,,0.6,0.0,3,8725,0.0
2026-10-05 11:58:14,flamesafe,3,3,0,5923,21
2026-10-05 11:58:14,engine,3,3,0,4013433,126
2026-10-05 11:58:14,deck,5,5,0,10067,36
2026-10-05 11:58:14,soak,0,0,0,45616,47
2026-10-05 11:58:14,BEYOND,27,14,12,799159,1382
2026-10-05 11:58:14,MadMapper,8,5,3,1149099,610
2026-10-05 11:58:14,system,11,7,4,,,0.6,0.4,6,8725,0.0
2026-10-05 11:58:15,flamesafe,0,0,0,5923,21
2026-10-05 11:58:15,engine,6,6,0,4013697,126
2026-10-05 11:58:15,deck,0,0,0,10067,36
2026-10-05 11:58:15,soak,3,3,0,45634,47
2026-10-05 11:58:15,BEYOND,32,22,11,799520,1382
2026-10-05 11:58:15,MadMapper,9,2,8,1149127,610
2026-10-05 11:58:15,system,11,7,4,,,0.4,0.0,3,8728,0.0
2026-10-05 11:58:16,flamesafe,0,0,0,5924,21
2026-10-05 11:58:16,engine,8,8,0,4013909,126
2026-10-05 11:58:16,deck,5,3,2,10067,36
2026-10-05 11:58:16,soak,2,2,0,45638,47
2026-10-05 11:58:16,BEYOND,17,9,8,799997,1384
2026-10-05 11:58:16,MadMapper,5,2,3,1149133,610
2026-10-05 11:58:16,system,8,5,2,,,0.4,0.2,3,8727,0.0
2026-10-05 11:58:17,flamesafe,2,2,0,5924,21
2026-10-05 11:58:17,engine,2,2,0,4014122,126
2026-10-05 11:58:17,deck,3,3,0,10067,36
2026-10-05 11:58:17,soak,3,3,0,45642,47
2026-10-05 11:58:17,BEYOND,12,6,6,800698,1386
2026-10-05 11:58:17,MadMapper,8,2,6,1149137,610
2026-10-05 11:58:17,system,8,4,3,,,0.2,0.2,3,8727,0.0
2026-10-05 11:58:18,flamesafe,0,0,0,5924,21
2026-10-05 11:58:18,engine,14,9,5,4014354,126
2026-10-05 11:58:18,deck,5,5,0,10067,36
2026-10-05 11:58:18,soak,2,0,2,45671,47
2026-10-05 11:58:18,BEYOND,29,22,8,800850,1386
2026-10-05 11:58:18,MadMapper,9,5,5,1149141,610
2026-10-05 11:58:18,system,16,9,6,,,0.0,0.2,2,8730,0.0
2026-10-05 11:58:19,flamesafe,0,0,0,5924,21
2026-10-05 11:58:19,engine,3,3,0,4026958,126
2026-10-05 11:58:19,deck,5,3,2,10067,36
2026-10-05 11:58:19,soak,5,3,2,45678,47
2026-10-05 11:58:19,BEYOND,27,14,12,801024,1383
2026-10-05 11:58:19,MadMapper,11,3,8,1149147,610
2026-10-05 11:58:19,system,14,7,7,,,0.8,0.6,4,8728,0.0
2026-10-05 11:58:20,flamesafe,0,0,0,5924,21
2026-10-05 11:58:20,engine,6,6,0,4027164,126
2026-10-05 11:58:20,deck,3,2,2,10067,36
2026-10-05 11:58:20,soak,0,0,0,45682,47
2026-10-05 11:58:20,BEYOND,29,19,11,801177,1380
2026-10-05 11:58:20,MadMapper,6,3,3,1149307,611
2026-10-05 11:58:20,system,10,6,4,,,0.2,0.6,3,8728,0.0
2026-10-05 11:58:21,flamesafe,0,0,0,5924,21
2026-10-05 11:58:21,engine,6,6,0,4027383,126
2026-10-05 11:58:21,deck,6,3,3,10067,36
2026-10-05 11:58:21,soak,0,0,0,45708,47
2026-10-05 11:58:21,BEYOND,22,14,8,801338,1377
2026-10-05 11:58:21,MadMapper,5,2,3,1149311,611
2026-10-05 11:58:21,system,8,5,3,,,0.2,0.2,2,8730,0.0
2026-10-05 11:58:22,flamesafe,5,5,0,5924,21
2026-10-05 11:58:22,engine,8,6,2,4027584,126
2026-10-05 11:58:22,deck,3,2,2,10067,36
2026-10-05 11:58:22,soak,0,0,0,45712,47
2026-10-05 11:58:22,BEYOND,25,11,14,801517,1377
2026-10-05 11:58:22,MadMapper,5,0,5,1149316,611
2026-10-05 11:58:22,system,9,4,4,,,0.2,0.4,2,8732,0.0
2026-10-05 11:58:23,flamesafe,2,2,0,5924,21
2026-10-05 11:58:23,engine,5,2,3,4040193,127
2026-10-05 11:58:23,deck,5,3,2,10067,36
2026-10-05 11:58:23,soak,5,3,2,45742,47
2026-10-05 11:58:23,BEYOND,25,17,8,801662,1377
2026-10-05 11:58:23,MadMapper,2,2,0,1149320,611
2026-10-05 11:58:23,system,14,6,7,,,0.4,0.6,3,8731,0.0
2026-10-05 11:58:24,flamesafe,0,0,0,5924,21
2026-10-05 11:58:24,engine,5,3,2,4040410,127
2026-10-05 11:58:24,deck,3,3,0,10067,36
2026-10-05 11:58:24,soak,3,3,0,45747,47
2026-10-05 11:58:24,BEYOND,30,19,11,801805,1377
2026-10-05 11:58:24,MadMapper,5,2,3,1149324,611
2026-10-05 11:58:24,system,10,6,4,,,0.0,0.0,0,8733,0.0
2026-10-05 11:58:25,flamesafe,2,2,0,5924,21
2026-10-05 11:58:25,engine,3,3,0,4040657,127
2026-10-05 11:58:25,deck,5,3,2,10067,36
2026-10-05 11:58:25,soak,2,0,2,45751,47
2026-10-05 11:58:25,BEYOND,19,11,8,801959,1377
2026-10-05 11:58:25,MadMapper,5,2,3,1149352,611
2026-10-05 11:58:25,system,9,7,2,,,0.2,0.0,2,8732,0.0
2026-10-05 11:58:26,flamesafe,0,0,0,5924,21
2026-10-05 11:58:26,engine,3,3,0,4040870,127
2026-10-05 11:58:26,deck,3,2,2,10067,36
2026-10-05 11:58:26,soak,3,3,0,45755,47
2026-10-05 11:58:26,BEYOND,38,16,23,802106,1377
2026-10-05 11:58:26,MadMapper,11,3,8,1149357,611
2026-10-05 11:58:26,system,11,6,4,,,0.0,0.4,2,8733,0.0
2026-10-05 11:58:27,flamesafe,0,0,0,5924,21
2026-10-05 11:58:27,engine,6,6,0,4041096,127
2026-10-05 11:58:27,deck,3,3,0,10067,36
2026-10-05 11:58:27,soak,0,0,0,45759,47
2026-10-05 11:58:27,BEYOND,31,17,14,802252,1377
2026-10-05 11:58:27,MadMapper,6,2,5,1149361,611
2026-10-05 11:58:27,system,9,5,4,,,0.2,0.2,2,8732,0.0
2026-10-05 11:58:28,flamesafe,2,2,0,5924,21
2026-10-05 11:58:28,engine,6,5,2,4053689,127
2026-10-05 11:58:28,deck,5,3,2,10067,36
2026-10-05 11:58:28,soak,2,2,0,45789,47
2026-10-05 11:58:28,BEYOND,34,16,19,802395,1377
2026-10-05 11:58:28,MadMapper,0,0,0,1149366,611
2026-10-05 11:58:28,system,12,6,6,,,0.2,0.2,2,8733,0.0
2026-10-05 11:58:29,flamesafe,3,3,0,5924,21
2026-10-05 11:58:29,engine,3,3,0,4053908,127
2026-10-05 11:58:29,deck,2,2,0,10067,36
2026-10-05 11:58:29,soak,0,0,0,45793,47
2026-10-05 11:58:29,BEYOND,14,6,8,802539,1377
2026-10-05 11:58:29,MadMapper,8,3,5,1149371,611
2026-10-05 11:58:29,system,8,5,3,,,0.4,0.0,2,8732,0.0
2026-10-05 11:58:30,flamesafe,3,2,2,5924,21
2026-10-05 11:58:30,engine,6,5,2,4066559,127
2026-10-05 11:58:30,deck,3,2,2,10067,36
2026-10-05 11:58:30,soak,5,3,2,45804,47
2026-10-05 11:58:30,BEYOND,28,12,16,802699,1377
2026-10-05 11:58:30,MadMapper,5,2,3,1149399,611
2026-10-05 11:58:30,system,11,7,4,,,0.2,0.0,2,8731,0.0
2026-10-05 11:58:31,flamesafe,0,0,0,5924,21
2026-10-05 11:58:31,engine,8,6,2,4066769,127
2026-10-05 11:58:31,deck,8,6,2,10068,36
2026-10-05 11:58:31,soak,5,3,2,45808,47
2026-10-05 11:58:31,BEYOND,22,2,20,802828,1377
2026-10-05 11:58:31,MadMapper,12,6,6,1149438,611
2026-10-05 11:58:31,system,11,6,5,,,0.0,0.0,0,8734,0.0
2026-10-05 11:58:32,flamesafe,2,2,0,5924,21
2026-10-05 11:58:32,engine,3,2,2,4066992,127
2026-10-05 11:58:32,deck,3,2,2,10068,36
2026-10-05 11:58:32,soak,2,0,2,45812,47
2026-10-05 11:58:32,BEYOND,9,2,8,802955,1377
2026-10-05 11:58:32,MadMapper,3,2,2,1149442,611
2026-10-05 11:58:32,system,8,4,4,,,0.4,0.2,3,8732,0.0
2026-10-05 11:58:33,flamesafe,0,0,0,5924,21
2026-10-05 11:58:33,engine,6,3,3,4079581,127
2026-10-05 11:58:33,deck,3,3,0,10068,36
2026-10-05 11:58:33,soak,5,5,0,45842,47
2026-10-05 11:58:33,BEYOND,12,5,8,803083,1377
2026-10-05 11:58:33,MadMapper,8,3,5,1149447,611
2026-10-05 11:58:33,system,12,7,5,,,0.2,0.0,2,8732,0.0
2026-10-05 11:58:34,flamesafe,2,2,0,5924,21
2026-10-05 11:58:34,engine,2,2,0,4079792,127
2026-10-05 11:58:34,deck,2,2,0,10070,36
2026-10-05 11:58:34,soak,2,2,0,45846,47
2026-10-05 11:58:34,BEYOND,5,0,5,803212,1377
2026-10-05 11:58:34,MadMapper,5,2,3,1149452,611
2026-10-05 11:58:34,system,9,5,4,,,0.2,0.2,2,8740,0.0
2026-10-05 11:58:35,flamesafe,2,2,0,5924,21
2026-10-05 11:58:35,engine,8,6,2,4092403,127
2026-10-05 11:58:35,deck,8,6,2,10070,36
2026-10-05 11:58:35,soak,2,2,0,45850,47
2026-10-05 11:58:35,BEYOND,14,6,8,803348,1377
2026-10-05 11:58:35,MadMapper,5,0,5,1149480,611
2026-10-05 11:58:35,system,9,6,3,,,0.4,0.2,3,8730,0.0
2026-10-05 11:58:36,flamesafe,0,0,0,5924,21
2026-10-05 11:58:36,engine,6,5,2,4092624,127
2026-10-05 11:58:36,deck,3,3,0,10070,36
2026-10-05 11:58:36,soak,0,0,0,45854,47
2026-10-05 11:58:36,BEYOND,33,16,17,803948,1376
2026-10-05 11:58:36,MadMapper,14,5,9,1149489,611
2026-10-05 11:58:36,system,12,7,5,,,0.4,0.0,2,8733,0.0
2026-10-05 11:58:37,flamesafe,0,0,0,5924,21
2026-10-05 11:58:37,engine,3,3,0,4092844,127
2026-10-05 11:58:37,deck,2,0,2,10070,36
2026-10-05 11:58:37,soak,0,0,0,45858,47
2026-10-05 11:58:37,BEYOND,29,19,11,804091,1376
2026-10-05 11:58:37,MadMapper,8,3,5,1149493,611
2026-10-05 11:58:37,system,9,6,4,,,0.2,0.0,2,8732,0.0
2026-10-05 11:58:38,flamesafe,0,0,0,5924,21
2026-10-05 11:58:38,engine,11,8,3,4105438,127
2026-10-05 11:58:38,deck,3,3,0,10070,36
2026-10-05 11:58:38,soak,0,0,0,45886,47
2026-10-05 11:58:38,BEYOND,23,16,8,804688,1378
2026-10-05 11:58:38,MadMapper,9,2,8,1149497,611
2026-10-05 11:58:38,system,14,7,7,,,1.0,0.0,4,8732,0.0
2026-10-05 11:58:39,flamesafe,0,0,0,5924,21
2026-10-05 11:58:39,engine,8,2,6,4105654,127
2026-10-05 11:58:39,deck,6,2,5,10070,36
2026-10-05 11:58:39,soak,5,3,2,45890,47
2026-10-05 11:58:39,BEYOND,32,14,19,805833,1382
2026-10-05 11:58:39,MadMapper,5,5,0,1149503,611
2026-10-05 11:58:39,system,11,5,5,,,0.2,0.6,2,8732,0.0
2026-10-05 11:58:40,flamesafe,3,3,0,5924,21
2026-10-05 11:58:40,engine,6,5,2,4106058,128
2026-10-05 11:58:40,deck,3,3,0,10070,36
2026-10-05 11:58:40,soak,0,0,0,45894,47
2026-10-05 11:58:40,BEYOND,23,11,12,807132,1387
2026-10-05 11:58:40,MadMapper,11,8,3,1149568,611
2026-10-05 11:58:40,system,9,5,4,,,0.0,0.0,0,8730,0.0
2026-10-05 11:58:41,flamesafe,2,2,0,5924,21
2026-10-05 11:58:41,engine,3,3,0,4106260,128
2026-10-05 11:58:41,deck,3,3,0,10070,36
2026-10-05 11:58:41,soak,3,3,0,45898,47
2026-10-05 11:58:41,BEYOND,27,6,20,808427,1391
2026-10-05 11:58:41,MadMapper,6,3,3,1149584,611
2026-10-05 11:58:41,system,10,6,4,,,0.2,0.2,2,8718,0.0
2026-10-05 11:58:42,flamesafe,2,2,0,5924,21
2026-10-05 11:58:42,engine,6,5,2,4106485,128
2026-10-05 11:58:42,deck,5,3,2,10070,36
2026-10-05 11:58:42,soak,3,2,2,45903,47
2026-10-05 11:58:42,BEYOND,32,19,14,809572,1395
2026-10-05 11:58:42,MadMapper,11,2,9,1149592,611
2026-10-05 11:58:42,system,14,7,7,,,0.4,0.0,2,8702,2.9
2026-10-05 11:58:43,flamesafe,2,2,0,5924,21
2026-10-05 11:58:43,engine,12,6,6,4119062,128
2026-10-05 11:58:43,deck,6,6,0,10070,36
2026-10-05 11:58:43,soak,8,2,6,45932,47
2026-10-05 11:58:43,BEYOND,58,36,22,809961,1396
2026-10-05 11:58:43,MadMapper,8,2,6,1149597,611
2026-10-05 11:58:43,system,29,14,15,,,1.0,0.0,3,8695,7.5
2026-10-05 11:58:44,flamesafe,2,2,0,5924,21
2026-10-05 11:58:44,engine,2,2,0,4119273,128
2026-10-05 11:58:44,deck,5,3,2,10070,36
2026-10-05 11:58:44,soak,2,0,2,45936,47
2026-10-05 11:58:44,BEYOND,49,30,20,810145,1390
2026-10-05 11:58:44,MadMapper,11,0,11,1149601,611
2026-10-05 11:58:44,system,12,6,5,,,0.6,0.0,3,8705,0.0
2026-10-05 11:58:45,flamesafe,2,0,2,5924,21
2026-10-05 11:58:45,engine,6,6,0,4119505,128
2026-10-05 11:58:45,deck,3,3,0,10070,36
2026-10-05 11:58:45,soak,2,0,2,45940,47
2026-10-05 11:58:45,BEYOND,38,22,16,810311,1385
2026-10-05 11:58:45,MadMapper,5,2,3,1149629,611
2026-10-05 11:58:45,system,10,7,3,,,0.0,0.0,0,8709,0.0
2026-10-05 11:58:46,flamesafe,0,0,0,5924,21
2026-10-05 11:58:46,engine,8,6,2,4119717,128
2026-10-05 11:58:46,deck,6,3,3,10070,36
2026-10-05 11:58:46,soak,5,5,0,45944,47
2026-10-05 11:58:46,BEYOND,38,31,6,810471,1381
2026-10-05 11:58:46,MadMapper,8,3,5,1149634,610
2026-10-05 11:58:46,system,12,8,4,,,0.0,0.2,2,8714,0.0
2026-10-05 11:58:47,flamesafe,2,2,0,5924,21
2026-10-05 11:58:47,engine,14,5,9,4119944,128
2026-10-05 11:58:47,deck,6,5,2,10070,36
2026-10-05 11:58:47,soak,3,3,0,45948,47
2026-10-05 11:58:47,BEYOND,38,30,9,810648,1377
2026-10-05 11:58:47,MadMapper,3,2,2,1149670,611
2026-10-05 11:58:47,system,13,9,4,,,0.0,0.2,2,8719,0.0
2026-10-05 11:58:48,flamesafe,2,2,0,5924,21
2026-10-05 11:58:48,engine,9,5,5,4132517,128
2026-10-05 11:58:48,deck,5,5,0,10070,36
2026-10-05 11:58:48,soak,6,3,3,45977,47
2026-10-05 11:58:48,BEYOND,25,17,8,810823,1376
2026-10-05 11:58:48,MadMapper,3,2,2,1149707,611
2026-10-05 11:58:48,system,14,8,5,,,0.4,0.2,3,8720,0.0
2026-10-05 11:58:49,flamesafe,0,0,0,5924,21
2026-10-05 11:58:49,engine,14,6,8,4132870,129
2026-10-05 11:58:49,deck,3,3,0,10070,36
2026-10-05 11:58:49,soak,2,2,0,45981,47
2026-10-05 11:58:49,BEYOND,16,5,11,811093,1377
2026-10-05 11:58:49,MadMapper,19,3,16,1149711,611
2026-10-05 11:58:49,system,13,6,7,,,0.2,0.4,3,8721,0.0
2026-10-05 11:58:50,flamesafe,3,0,3,5924,21
2026-10-05 11:58:50,engine,8,6,2,4133083,129
2026-10-05 11:58:50,deck,3,3,0,10070,36
2026-10-05 11:58:50,soak,3,0,3,45985,47
2026-10-05 11:58:50,BEYOND,26,19,8,811750,1379
2026-10-05 11:58:50,MadMapper,5,2,3,1149740,611
2026-10-05 11:58:50,system,12,8,4,,,0.0,0.2,2,8719,0.0
2026-10-05 11:58:51,flamesafe,0,0,0,5924,21
2026-10-05 11:58:51,engine,9,6,3,4133304,129
2026-10-05 11:58:51,deck,9,8,2,10070,36
2026-10-05 11:58:51,soak,2,0,2,45989,47
2026-10-05 11:58:51,BEYOND,27,5,22,812198,1380
2026-10-05 11:58:51,MadMapper,8,6,2,1149744,611
2026-10-05 11:58:51,system,11,5,6,,,0.2,0.0,2,8718,0.0
2026-10-05 11:58:52,flamesafe,5,5,0,5924,21
2026-10-05 11:58:52,engine,5,3,2,4133534,129
2026-10-05 11:58:52,deck,5,3,2,10070,36
2026-10-05 11:58:52,soak,2,2,0,45995,47
2026-10-05 11:58:52,BEYOND,31,16,16,812953,1383
2026-10-05 11:58:52,MadMapper,3,3,0,1149748,611
2026-10-05 11:58:52,system,9,6,3,,,0.2,0.2,3,8719,0.0
2026-10-05 11:58:53,flamesafe,2,2,0,5924,21
2026-10-05 11:58:53,engine,11,6,5,4146120,129
2026-10-05 11:58:53,deck,2,0,2,10070,36
2026-10-05 11:58:53,soak,3,2,2,46027,47
2026-10-05 11:58:53,BEYOND,18,9,9,813536,1385
2026-10-05 11:58:53,MadMapper,6,2,5,1149754,611
2026-10-05 11:58:53,system,13,6,7,,,1.0,0.2,4,8710,0.0
2026-10-05 11:58:54,flamesafe,5,5,0,5924,21
2026-10-05 11:58:54,engine,9,5,5,4146329,129
2026-10-05 11:58:54,deck,3,3,0,10070,36
2026-10-05 11:58:54,soak,3,2,2,46031,47
2026-10-05 11:58:54,BEYOND,30,23,6,813708,1383
2026-10-05 11:58:54,MadMapper,19,9,9,1149758,611
2026-10-05 11:58:54,system,12,8,4,,,0.0,0.2,2,8712,0.0
2026-10-05 11:58:55,flamesafe,0,0,0,5924,21
2026-10-05 11:58:55,engine,8,8,0,4146547,129
2026-10-05 11:58:55,deck,5,0,5,10070,36
2026-10-05 11:58:55,soak,3,2,2,46035,47
2026-10-05 11:58:55,BEYOND,32,16,17,813879,1382
2026-10-05 11:58:55,MadMapper,9,3,6,1149786,611
2026-10-05 11:58:55,system,11,6,5,,,0.4,0.4,4,8712,0.0
2026-10-05 11:58:56,flamesafe,5,5,0,5924,21
2026-10-05 11:58:56,engine,6,5,2,4146763,129
2026-10-05 11:58:56,deck,12,9,3,10070,36
2026-10-05 11:58:56,soak,2,2,0,46039,47
2026-10-05 11:58:56,BEYOND,36,22,14,814058,1379
2026-10-05 11:58:56,MadMapper,17,2,16,1149793,611
2026-10-05 11:58:56,system,13,8,6,,,0.4,0.2,3,8715,0.0
2026-10-05 11:58:57,flamesafe,0,0,0,5924,21
2026-10-05 11:58:57,engine,6,3,3,4146982,129
2026-10-05 11:58:57,deck,6,6,0,10070,36
2026-10-05 11:58:57,soak,5,3,2,46055,48
2026-10-05 11:58:57,BEYOND,30,19,11,814217,1377
2026-10-05 11:58:57,MadMapper,8,3,5,1149797,611
2026-10-05 11:58:57,system,12,8,4,,,0.4,0.2,4,8717,0.0
