epoch,src,priority,universe,seq,options,all_zero,max,nonzero_slots
1790404754.0904,flamesafe,200,1,0,0,1,0,
1790404754.1155,flamesafe,200,1,1,0,1,0,
1790404754.1407,flamesafe,200,1,2,0,1,0,
1790404754.1654,flamesafe,200,1,3,0,1,0,
1790404754.1906,flamesafe,200,1,4,0,1,0,
1790404754.2158,flamesafe,200,1,5,0,1,0,
1790404754.2405,flamesafe,200,1,6,0,1,0,
1790404754.2657,flamesafe,200,1,7,0,1,0,
1790404754.2904,flamesafe,200,1,8,0,1,0,
1790404754.3155,flamesafe,200,1,9,0,1,0,
1790404754.3407,flamesafe,200,1,10,0,1,0,
1790404754.3658,flamesafe,200,1,11,0,1,0,
1790404754.3905,flamesafe,200,1,12,0,1,0,
1790404754.4156,flamesafe,200,1,13,0,1,0,
1790404754.4408,flamesafe,200,1,14,0,1,0,
1790404754.4655,flamesafe,200,1,15,0,1,0,
1790404754.4905,flamesafe,200,1,16,0,1,0,
1790404754.5156,flamesafe,200,1,17,0,1,0,
1790404754.5407,flamesafe,200,1,18,0,1,0,
1790404754.5654,flamesafe,200,1,19,0,1,0,
1790404754.5905,flamesafe,200,1,20,0,1,0,
1790404754.6156,flamesafe,200,1,21,0,1,0,
1790404754.6408,flamesafe,200,1,22,0,1,0,
1790404754.6654,flamesafe,200,1,23,0,1,0,
1790404754.6907,flamesafe,200,1,24,0,1,0,
1790404754.7158,flamesafe,200,1,25,0,1,0,
1790404754.7404,flamesafe,200,1,26,0,1,0,
1790404754.7655,flamesafe,200,1,27,0,1,0,
1790404754.7906,flamesafe,200,1,28,0,1,0,
1790404754.8157,flamesafe,200,1,29,0,1,0,
1790404754.8405,flamesafe,200,1,30,0,1,0,
1790404754.8657,flamesafe,200,1,31,0,1,0,
1790404754.8903,flamesafe,200,1,32,0,1,0,
1790404754.9155,flamesafe,200,1,33,0,1,0,
1790404754.9405,flamesafe,200,1,34,0,1,0,
1790404754.9657,flamesafe,200,1,35,0,1,0,
1790404754.9903,flamesafe,200,1,36,0,1,0,
1790404755.0156,flamesafe,200,1,37,0,1,0,
1790404755.0408,flamesafe,200,1,38,0,1,0,
1790404755.0654,flamesafe,200,1,39,0,1,0,
1790404755.0905,flamesafe,200,1,40,0,1,0,
1790404755.1155,flamesafe,200,1,41,0,1,0,
1790404755.1407,flamesafe,200,1,42,0,1,0,
1790404755.1658,flamesafe,200,1,43,0,1,0,
1790404755.1904,flamesafe,200,1,44,0,1,0,
1790404755.2155,flamesafe,200,1,45,0,1,0,
1790404755.2406,flamesafe,200,1,46,0,1,0,
1790404755.2657,flamesafe,200,1,47,0,1,0,
1790404755.2904,flamesafe,200,1,48,0,1,0,
1790404755.3155,flamesafe,200,1,49,0,1,0,
1790404755.3406,flamesafe,200,1,50,0,1,0,
1790404755.3657,flamesafe,200,1,51,0,1,0,
1790404755.3903,flamesafe,200,1,52,0,1,0,
1790404755.4154,flamesafe,200,1,53,0,1,0,
1790404755.4407,flamesafe,200,1,54,0,1,0,
1790404755.4654,flamesafe,200,1,55,0,1,0,
1790404755.4905,flamesafe,200,1,56,0,1,0,
1790404755.5156,flamesafe,200,1,57,0,1,0,
1790404755.5406,flamesafe,200,1,58,0,1,0,
1790404755.5658,flamesafe,200,1,59,0,1,0,
1790404755.5904,flamesafe,200,1,60,0,1,0,
1790404755.6154,flamesafe,200,1,61,0,1,0,
1790404755.6405,flamesafe,200,1,62,0,1,0,
1790404755.6657,flamesafe,200,1,63,0,1,0,
1790404755.6904,flamesafe,200,1,64,0,1,0,
1790404755.7155,flamesafe,200,1,65,0,1,0,
1790404755.7406,flamesafe,200,1,66,0,1,0,
1790404755.7658,flamesafe,200,1,67,0,1,0,
1790404755.7904,flamesafe,200,1,68,0,1,0,
1790404755.8155,flamesafe,200,1,69,0,1,0,
1790404755.8407,flamesafe,200,1,70,0,1,0,
1790404755.8658,flamesafe,200,1,71,0,1,0,
1790404755.8904,flamesafe,200,1,72,0,1,0,
1790404755.9155,flamesafe,200,1,73,0,1,0,
1790404755.9406,flamesafe,200,1,74,0,1,0,
1790404755.9657,flamesafe,200,1,75,0,1,0,
1790404755.9904,flamesafe,200,1,76,0,1,0,
1790404756.0156,flamesafe,200,1,77,0,1,0,
1790404756.0407,flamesafe,200,1,78,0,1,0,
1790404756.0653,flamesafe,200,1,79,0,1,0,
1790404756.0905,flamesafe,200,1,80,0,1,0,
1790404756.1156,flamesafe,200,1,81,0,1,0,
1790404756.1409,flamesafe,200,1,82,0,1,0,
1790404756.1655,flamesafe,200,1,83,0,1,0,
1790404756.1907,flamesafe,200,1,84,0,1,0,
1790404756.2158,flamesafe,200,1,85,0,1,0,
1790404756.2406,flamesafe,200,1,86,0,1,0,
1790404756.2657,flamesafe,200,1,87,0,1,0,
1790404756.2948,flamesafe,200,1,88,0,1,0,
1790404756.3154,flamesafe,200,1,89,0,1,0,
1790404756.3405,flamesafe,200,1,90,0,1,0,
1790404756.3655,flamesafe,200,1,91,0,1,0,
1790404756.3907,flamesafe,200,1,92,0,1,0,
1790404756.4158,flamesafe,200,1,93,0,1,0,
1790404756.4407,flamesafe,200,1,94,0,1,0,
1790404756.4654,flamesafe,200,1,95,0,1,0,
1790404756.4905,flamesafe,200,1,96,0,1,0,
1790404756.5156,flamesafe,200,1,97,0,1,0,
1790404756.5407,flamesafe,200,1,98,0,1,0,
1790404756.5654,flamesafe,200,1,99,0,1,0,
1790404756.5904,flamesafe,200,1,100,0,1,0,
1790404756.6156,flamesafe,200,1,101,0,1,0,
1790404756.6408,flamesafe,200,1,102,0,1,0,
1790404756.6655,flamesafe,200,1,103,0,1,0,
1790404756.6907,flamesafe,200,1,104,0,1,0,
1790404756.7154,flamesafe,200,1,105,0,1,0,
1790404756.7405,flamesafe,200,1,106,0,1,0,
1790404756.7657,flamesafe,200,1,107,0,1,0,
1790404756.7908,flamesafe,200,1,108,0,1,0,
1790404756.8154,flamesafe,200,1,109,0,1,0,
1790404756.8406,flamesafe,200,1,110,0,1,0,
1790404756.8657,flamesafe,200,1,111,0,1,0,
1790404756.8904,flamesafe,200,1,112,0,1,0,
1790404756.9155,flamesafe,200,1,113,0,1,0,
1790404756.9406,flamesafe,200,1,114,0,1,0,
1790404756.9658,flamesafe,200,1,115,0,1,0,
1790404756.9905,flamesafe,200,1,116,0,1,0,
1790404757.0156,flamesafe,200,1,117,0,1,0,
1790404757.0403,flamesafe,200,1,118,0,1,0,
1790404757.0655,flamesafe,200,1,119,0,1,0,
1790404757.0907,flamesafe,200,1,120,0,1,0,
1790404757.1153,flamesafe,200,1,121,0,1,0,
1790404757.1405,flamesafe,200,1,122,0,1,0,
1790404757.1656,flamesafe,200,1,123,0,1,0,
1790404757.1908,flamesafe,200,1,124,0,1,0,
1790404757.2155,flamesafe,200,1,125,0,1,0,
1790404757.2406,flamesafe,200,1,126,0,1,0,
1790404757.2658,flamesafe,200,1,127,0,1,0,
1790404757.2904,flamesafe,200,1,128,0,1,0,
1790404757.3155,flamesafe,200,1,129,0,1,0,
1790404757.3407,flamesafe,200,1,130,0,1,0,
1790404757.3658,flamesafe,200,1,131,0,1,0,
1790404757.3905,flamesafe,200,1,132,0,1,0,
1790404757.4156,flamesafe,200,1,133,0,1,0,
1790404757.4404,flamesafe,200,1,134,0,1,0,
1790404757.4655,flamesafe,200,1,135,0,1,0,
1790404757.4905,flamesafe,200,1,136,0,1,0,
1790404757.5156,flamesafe,200,1,137,0,1,0,
1790404757.5408,flamesafe,200,1,138,0,1,0,
1790404757.5654,flamesafe,200,1,139,0,1,0,
1790404757.5904,flamesafe,200,1,140,0,1,0,
1790404757.6156,flamesafe,200,1,141,0,1,0,
1790404757.6407,flamesafe,200,1,142,0,1,0,
1790404757.6653,flamesafe,200,1,143,0,1,0,
1790404757.6905,flamesafe,200,1,144,0,1,0,
1790404757.7155,flamesafe,200,1,145,0,1,0,
1790404757.7407,flamesafe,200,1,146,0,1,0,
1790404757.7658,flamesafe,200,1,147,0,1,0,
1790404757.7904,flamesafe,200,1,148,0,1,0,
1790404757.8155,flamesafe,200,1,149,0,1,0,
1790404757.8406,flamesafe,200,1,150,0,1,0,
1790404757.8657,flamesafe,200,1,151,0,1,0,
1790404757.8903,flamesafe,200,1,152,0,1,0,
1790404757.9155,flamesafe,200,1,153,0,1,0,
1790404757.9406,flamesafe,200,1,154,0,1,0,
1790404757.9658,flamesafe,200,1,155,0,1,0,
1790404757.9904,flamesafe,200,1,156,0,1,0,
1790404758.0156,flamesafe,200,1,157,0,1,0,
1790404758.0407,flamesafe,200,1,158,0,1,0,
1790404758.0653,flamesafe,200,1,159,0,1,0,
1790404758.0905,flamesafe,200,1,160,0,1,0,
1790404758.1156,flamesafe,200,1,161,0,1,0,
1790404758.1408,flamesafe,200,1,162,0,1,0,
1790404758.1654,flamesafe,200,1,163,0,1,0,
1790404758.1910,flamesafe,200,1,164,0,1,0,
1790404758.2156,flamesafe,200,1,165,0,1,0,
1790404758.2408,flamesafe,200,1,166,0,1,0,
1790404758.2655,flamesafe,200,1,167,0,1,0,
1790404758.2906,flamesafe,200,1,168,0,1,0,
1790404758.3157,flamesafe,200,1,169,0,1,0,
1790404758.3408,flamesafe,200,1,170,0,1,0,
1790404758.3654,flamesafe,200,1,171,0,1,0,
1790404758.3906,flamesafe,200,1,172,0,1,0,
1790404758.4157,flamesafe,200,1,173,0,1,0,
1790404758.4405,flamesafe,200,1,174,0,1,0,
1790404758.4657,flamesafe,200,1,175,0,1,0,
1790404758.4908,flamesafe,200,1,176,0,1,0,
1790404758.5154,flamesafe,200,1,177,0,1,0,
1790404758.5406,flamesafe,200,1,178,0,1,0,
1790404758.5657,flamesafe,200,1,179,0,1,0,
1790404758.5908,flamesafe,200,1,180,0,1,0,
1790404758.6155,flamesafe,200,1,181,0,1,0,
1790404758.6406,flamesafe,200,1,182,0,1,0,
1790404758.6658,flamesafe,200,1,183,0,1,0,
1790404758.6905,flamesafe,200,1,184,0,1,0,
1790404758.7157,flamesafe,200,1,185,0,1,0,
1790404758.7408,flamesafe,200,1,186,0,1,0,
1790404758.7654,flamesafe,200,1,187,0,1,0,
1790404758.7906,flamesafe,200,1,188,0,1,0,
1790404758.8157,flamesafe,200,1,189,0,1,0,
1790404758.8408,flamesafe,200,1,190,0,1,0,
1790404758.8655,flamesafe,200,1,191,0,1,0,
1790404758.8911,flamesafe,200,1,192,0,1,0,
1790404758.9157,flamesafe,200,1,193,0,1,0,
1790404758.9404,flamesafe,200,1,194,0,1,0,
1790404758.9656,flamesafe,200,1,195,0,1,0,
1790404758.9907,flamesafe,200,1,196,0,1,0,
1790404759.0154,flamesafe,200,1,197,0,1,0,
1790404759.0406,flamesafe,200,1,198,0,1,0,
1790404759.0653,flamesafe,200,1,199,0,1,0,
1790404759.0905,flamesafe,200,1,200,0,1,0,
1790404759.1156,flamesafe,200,1,201,0,1,0,
1790404759.1408,flamesafe,200,1,202,0,1,0,
1790404759.1654,flamesafe,200,1,203,0,1,0,
1790404759.1906,flamesafe,200,1,204,0,1,0,
1790404759.2157,flamesafe,200,1,205,0,1,0,
1790404759.2405,flamesafe,200,1,206,0,1,0,
1790404759.2657,flamesafe,200,1,207,0,1,0,
1790404759.2908,flamesafe,200,1,208,0,1,0,
1790404759.3154,flamesafe,200,1,209,0,1,0,
1790404759.3407,flamesafe,200,1,210,0,1,0,
1790404759.3657,flamesafe,200,1,211,0,1,0,
1790404759.3904,flamesafe,200,1,212,0,1,0,
1790404759.4155,flamesafe,200,1,213,0,1,0,
1790404759.4407,flamesafe,200,1,214,0,1,0,
1790404759.4658,flamesafe,200,1,215,0,1,0,
1790404759.4904,flamesafe,200,1,216,0,1,0,
1790404759.5155,flamesafe,200,1,217,0,1,0,
1790404759.5406,flamesafe,200,1,218,0,1,0,
1790404759.5657,flamesafe,200,1,219,0,1,0,
1790404759.5904,flamesafe,200,1,220,0,1,0,
1790404759.6155,flamesafe,200,1,221,0,1,0,
1790404759.6407,flamesafe,200,1,222,0,1,0,
1790404759.6658,flamesafe,200,1,223,0,1,0,
1790404759.6904,flamesafe,200,1,224,0,1,0,
1790404759.7155,flamesafe,200,1,225,0,1,0,
1790404759.7412,flamesafe,200,1,226,0,1,0,
1790404759.7657,flamesafe,200,1,227,0,1,0,
1790404759.7908,flamesafe,200,1,228,0,1,0,
1790404759.8154,flamesafe,200,1,229,0,1,0,
1790404759.8406,flamesafe,200,1,230,0,1,0,
1790404759.8657,flamesafe,200,1,231,0,1,0,
1790404759.8903,flamesafe,200,1,232,0,1,0,
1790404759.9155,flamesafe,200,1,233,0,1,0,
1790404759.9406,flamesafe,200,1,234,0,1,0,
1790404759.9657,flamesafe,200,1,235,0,1,0,
1790404759.9909,flamesafe,200,1,236,0,1,0,
1790404760.0155,flamesafe,200,1,237,0,1,0,
1790404760.0406,flamesafe,200,1,238,0,1,0,
1790404760.0658,flamesafe,200,1,239,0,1,0,
1790404760.0904,flamesafe,200,1,240,0,1,0,
1790404760.1155,flamesafe,200,1,241,0,1,0,
1790404760.1407,flamesafe,200,1,242,0,1,0,
1790404760.1658,flamesafe,200,1,243,0,1,0,
1790404760.1904,flamesafe,200,1,244,0,1,0,
1790404760.2155,flamesafe,200,1,245,0,1,0,
1790404760.2407,flamesafe,200,1,246,0,1,0,
1790404760.2658,flamesafe,200,1,247,0,1,0,
1790404760.2904,flamesafe,200,1,248,0,1,0,
1790404760.3155,flamesafe,200,1,249,0,1,0,
1790404760.3406,flamesafe,200,1,250,0,1,0,
1790404760.3657,flamesafe,200,1,251,0,1,0,
1790404760.3904,flamesafe,200,1,252,0,1,0,
1790404760.4156,flamesafe,200,1,253,0,1,0,
1790404760.4410,flamesafe,200,1,254,0,1,0,
1790404760.4657,flamesafe,200,1,255,0,1,0,
1790404760.4904,flamesafe,200,1,0,0,1,0,
1790404760.5155,flamesafe,200,1,1,0,1,0,
1790404760.5407,flamesafe,200,1,2,0,1,0,
1790404760.5654,flamesafe,200,1,3,0,1,0,
1790404760.5905,flamesafe,200,1,4,0,1,0,
1790404760.6156,flamesafe,200,1,5,0,1,0,
1790404760.6408,flamesafe,200,1,6,0,1,0,
1790404760.6655,flamesafe,200,1,7,0,1,0,
1790404760.6907,flamesafe,200,1,8,0,1,0,
1790404760.7156,flamesafe,200,1,9,0,1,0,
1790404760.7407,flamesafe,200,1,10,0,1,0,
1790404760.7658,flamesafe,200,1,11,0,1,0,
1790404760.7905,flamesafe,200,1,12,0,1,0,
1790404760.8156,flamesafe,200,1,13,0,1,0,
1790404760.8408,flamesafe,200,1,14,0,1,0,
1790404760.8657,flamesafe,200,1,15,0,1,0,
1790404760.8903,flamesafe,200,1,16,0,1,0,
1790404760.9155,flamesafe,200,1,17,0,1,0,
1790404760.9407,flamesafe,200,1,18,0,1,0,
1790404760.9658,flamesafe,200,1,19,0,1,0,
1790404760.9905,flamesafe,200,1,20,0,1,0,
1790404761.0238,flamesafe,200,1,21,0,1,0,
1790404761.0408,flamesafe,200,1,22,0,1,0,
1790404761.0656,flamesafe,200,1,23,0,1,0,
1790404761.0907,flamesafe,200,1,24,0,1,0,
1790404761.1154,flamesafe,200,1,25,0,1,0,
1790404761.1406,flamesafe,200,1,26,0,1,0,
1790404761.1657,flamesafe,200,1,27,0,1,0,
1790404761.1908,flamesafe,200,1,28,0,1,0,
1790404761.2154,flamesafe,200,1,29,0,1,0,
1790404761.2405,flamesafe,200,1,30,0,1,0,
1790404761.2657,flamesafe,200,1,31,0,1,0,
1790404761.2908,flamesafe,200,1,32,0,1,0,
1790404761.3154,flamesafe,200,1,33,0,1,0,
1790404761.3406,flamesafe,200,1,34,0,1,0,
1790404761.3657,flamesafe,200,1,35,0,1,0,
1790404761.3904,flamesafe,200,1,36,0,1,0,
1790404761.4154,flamesafe,200,1,37,0,1,0,
1790404761.4406,flamesafe,200,1,38,0,1,0,
1790404761.4657,flamesafe,200,1,39,0,1,0,
1790404761.4903,flamesafe,200,1,40,0,1,0,
1790404761.5155,flamesafe,200,1,41,0,1,0,
1790404761.5407,flamesafe,200,1,42,0,1,0,
1790404761.5658,flamesafe,200,1,43,0,1,0,
1790404761.5904,flamesafe,200,1,44,0,1,0,
1790404761.6155,flamesafe,200,1,45,0,1,0,
1790404761.6406,flamesafe,200,1,46,0,1,0,
1790404761.6658,flamesafe,200,1,47,0,1,0,
1790404761.6904,flamesafe,200,1,48,0,1,0,
1790404761.7155,flamesafe,200,1,49,0,1,0,
1790404761.7411,flamesafe,200,1,50,0,1,0,
1790404761.7657,flamesafe,200,1,51,0,1,0,
1790404761.7908,flamesafe,200,1,52,0,1,0,
1790404761.8155,flamesafe,200,1,53,0,1,0,
1790404761.8406,flamesafe,200,1,54,0,1,0,
1790404761.8657,flamesafe,200,1,55,0,1,0,
1790404761.8903,flamesafe,200,1,56,0,1,0,
1790404761.9154,flamesafe,200,1,57,0,1,0,
1790404761.9406,flamesafe,200,1,58,0,1,0,
1790404761.9657,flamesafe,200,1,59,0,1,0,
1790404761.9903,flamesafe,200,1,60,0,1,0,
1790404762.0156,flamesafe,200,1,61,0,1,0,
1790404762.0407,flamesafe,200,1,62,0,1,0,
1790404762.0654,flamesafe,200,1,63,0,1,0,
1790404762.0905,flamesafe,200,1,64,0,1,0,
1790404762.1156,flamesafe,200,1,65,0,1,0,
1790404762.1408,flamesafe,200,1,66,0,1,0,
1790404762.1654,flamesafe,200,1,67,0,1,0,
1790404762.1905,flamesafe,200,1,68,0,1,0,
1790404762.2156,flamesafe,200,1,69,0,1,0,
1790404762.2407,flamesafe,200,1,70,0,1,0,
1790404762.2658,flamesafe,200,1,71,0,1,0,
1790404762.2904,flamesafe,200,1,72,0,1,0,
1790404762.3155,flamesafe,200,1,73,0,1,0,
1790404762.3406,flamesafe,200,1,74,0,1,0,
1790404762.3657,flamesafe,200,1,75,0,1,0,
1790404762.3903,flamesafe,200,1,76,0,1,0,
1790404762.4155,flamesafe,200,1,77,0,1,0,
1790404762.4406,flamesafe,200,1,78,0,1,0,
1790404762.4656,flamesafe,200,1,79,0,1,0,
1790404762.4907,flamesafe,200,1,80,0,1,0,
1790404762.5157,flamesafe,200,1,81,0,1,0,
1790404762.5404,flamesafe,200,1,82,0,1,0,
1790404762.5655,flamesafe,200,1,83,0,1,0,
1790404762.5907,flamesafe,200,1,84,0,1,0,
1790404762.6154,flamesafe,200,1,85,0,1,0,
1790404762.6405,flamesafe,200,1,86,0,1,0,
1790404762.6657,flamesafe,200,1,87,0,1,0,
1790404762.6903,flamesafe,200,1,88,0,1,0,
1790404762.7155,flamesafe,200,1,89,0,1,0,
1790404762.7406,flamesafe,200,1,90,0,1,0,
1790404762.7658,flamesafe,200,1,91,0,1,0,
1790404762.7904,flamesafe,200,1,92,0,1,0,
1790404762.8156,flamesafe,200,1,93,0,1,0,
1790404762.8407,flamesafe,200,1,94,0,1,0,
1790404762.8654,flamesafe,200,1,95,0,1,0,
1790404762.8906,flamesafe,200,1,96,0,1,0,
1790404762.9157,flamesafe,200,1,97,0,1,0,
1790404762.9404,flamesafe,200,1,98,0,1,0,
1790404762.9656,flamesafe,200,1,99,0,1,0,
1790404762.9908,flamesafe,200,1,100,0,1,0,
1790404763.0155,flamesafe,200,1,101,0,1,0,
1790404763.0407,flamesafe,200,1,102,0,1,0,
1790404763.0655,flamesafe,200,1,103,0,1,0,
1790404763.0906,flamesafe,200,1,104,0,1,0,
1790404763.1158,flamesafe,200,1,105,0,1,0,
1790404763.1406,flamesafe,200,1,106,0,1,0,
1790404763.1658,flamesafe,200,1,107,0,1,0,
1790404763.1904,flamesafe,200,1,108,0,1,0,
1790404763.2156,flamesafe,200,1,109,0,1,0,
1790404763.2408,flamesafe,200,1,110,0,1,0,
1790404763.2656,flamesafe,200,1,111,0,1,0,
1790404763.2908,flamesafe,200,1,112,0,1,0,
1790404763.3155,flamesafe,200,1,113,0,1,0,
1790404763.3407,flamesafe,200,1,114,0,1,0,
1790404763.3654,flamesafe,200,1,115,0,1,0,
1790404763.3906,flamesafe,200,1,116,0,1,0,
1790404763.4158,flamesafe,200,1,117,0,1,0,
1790404763.4405,flamesafe,200,1,118,0,1,0,
1790404763.4657,flamesafe,200,1,119,0,1,0,
1790404763.4905,flamesafe,200,1,120,0,1,0,
1790404763.5156,flamesafe,200,1,121,0,1,0,
1790404763.5404,flamesafe,200,1,122,0,1,0,
1790404763.5655,flamesafe,200,1,123,0,1,0,
1790404763.5907,flamesafe,200,1,124,0,1,0,
1790404763.6154,flamesafe,200,1,125,0,1,0,
1790404763.6406,flamesafe,200,1,126,0,1,0,
1790404763.6658,flamesafe,200,1,127,0,1,0,
1790404763.6905,flamesafe,200,1,128,0,1,0,
1790404763.7156,flamesafe,200,1,129,0,1,0,
1790404763.7403,flamesafe,200,1,130,0,1,0,
1790404763.7655,flamesafe,200,1,131,0,1,0,
1790404763.7908,flamesafe,200,1,132,0,1,0,
1790404763.8155,flamesafe,200,1,133,0,1,0,
1790404763.8407,flamesafe,200,1,134,0,1,0,
1790404763.8654,flamesafe,200,1,135,0,1,0,
1790404763.8906,flamesafe,200,1,136,0,1,0,
1790404763.9158,flamesafe,200,1,137,0,1,0,
1790404763.9405,flamesafe,200,1,138,0,1,0,
1790404763.9657,flamesafe,200,1,139,0,1,0,
1790404763.9909,flamesafe,200,1,140,0,1,0,
1790404764.0157,flamesafe,200,1,141,0,1,0,
1790404764.0404,flamesafe,200,1,142,0,1,0,
1790404764.0655,flamesafe,200,1,143,0,1,0,
1790404764.0907,flamesafe,200,1,144,0,1,0,
1790404764.1154,flamesafe,200,1,145,0,1,0,
1790404764.1406,flamesafe,200,1,146,0,1,0,
1790404764.1658,flamesafe,200,1,147,0,1,0,
1790404764.1905,flamesafe,200,1,148,0,1,0,
1790404764.2157,flamesafe,200,1,149,0,1,0,
1790404764.2405,flamesafe,200,1,150,0,1,0,
1790404764.2657,flamesafe,200,1,151,0,1,0,
1790404764.2905,flamesafe,200,1,152,0,1,0,
1790404764.3157,flamesafe,200,1,153,0,1,0,
1790404764.3404,flamesafe,200,1,154,0,1,0,
1790404764.3657,flamesafe,200,1,155,0,1,0,
1790404764.3908,flamesafe,200,1,156,0,1,0,
1790404764.4155,flamesafe,200,1,157,0,1,0,
1790404764.4407,flamesafe,200,1,158,0,1,0,
1790404764.4654,flamesafe,200,1,159,0,1,0,
1790404764.4906,flamesafe,200,1,160,0,1,0,
1790404764.5158,flamesafe,200,1,161,0,1,0,
1790404764.5405,flamesafe,200,1,162,0,1,0,
1790404764.5657,flamesafe,200,1,163,0,1,0,
1790404764.5904,flamesafe,200,1,164,0,1,0,
1790404764.6155,flamesafe,200,1,165,0,1,0,
1790404764.6408,flamesafe,200,1,166,0,1,0,
1790404764.6655,flamesafe,200,1,167,0,1,0,
1790404764.6906,flamesafe,200,1,168,0,1,0,
1790404764.7158,flamesafe,200,1,169,0,1,0,
1790404764.7405,flamesafe,200,1,170,0,1,0,
1790404764.7658,flamesafe,200,1,171,0,1,0,
1790404764.7904,flamesafe,200,1,172,0,1,0,
1790404764.8156,flamesafe,200,1,173,0,1,0,
1790404764.8407,flamesafe,200,1,174,0,1,0,
1790404764.8654,flamesafe,200,1,175,0,1,0,
1790404764.8906,flamesafe,200,1,176,0,1,0,
1790404764.9157,flamesafe,200,1,177,0,1,0,
1790404764.9404,flamesafe,200,1,178,0,1,0,
1790404764.9656,flamesafe,200,1,179,0,1,0,
1790404764.9913,flamesafe,200,1,180,0,1,0,
1790404765.0155,flamesafe,200,1,181,0,1,0,
1790404765.0407,flamesafe,200,1,182,0,1,0,
1790404765.0654,flamesafe,200,1,183,0,1,0,
1790404765.0905,flamesafe,200,1,184,0,1,0,
1790404765.1157,flamesafe,200,1,185,0,1,0,
1790404765.1403,flamesafe,200,1,186,0,1,0,
1790404765.1655,flamesafe,200,1,187,0,1,0,
1790404765.1906,flamesafe,200,1,188,0,1,0,
1790404765.2158,flamesafe,200,1,189,0,1,0,
1790404765.2404,flamesafe,200,1,190,0,1,0,
1790404765.2656,flamesafe,200,1,191,0,1,0,
1790404765.2953,flamesafe,200,1,192,0,1,0,
1790404765.3154,flamesafe,200,1,193,0,1,0,
1790404765.3406,flamesafe,200,1,194,0,1,0,
1790404765.3657,flamesafe,200,1,195,0,1,0,
1790404765.3908,flamesafe,200,1,196,0,1,0,
1790404765.4154,flamesafe,200,1,197,0,1,0,
1790404765.4406,flamesafe,200,1,198,0,1,0,
1790404765.4657,flamesafe,200,1,199,0,1,0,
1790404765.4903,flamesafe,200,1,200,0,1,0,
1790404765.5155,flamesafe,200,1,201,0,1,0,
1790404765.5406,flamesafe,200,1,202,0,1,0,
1790404765.5657,flamesafe,200,1,203,0,1,0,
1790404765.5904,flamesafe,200,1,204,0,1,0,
1790404765.6156,flamesafe,200,1,205,0,1,0,
1790404765.6407,flamesafe,200,1,206,0,1,0,
1790404765.6654,flamesafe,200,1,207,0,1,0,
1790404765.6905,flamesafe,200,1,208,0,1,0,
1790404765.7156,flamesafe,200,1,209,0,1,0,
1790404765.7407,flamesafe,200,1,210,0,1,0,
1790404765.7654,flamesafe,200,1,211,0,1,0,
1790404765.7905,flamesafe,200,1,212,0,1,0,
1790404765.8156,flamesafe,200,1,213,0,1,0,
1790404765.8407,flamesafe,200,1,214,0,1,0,
1790404765.8653,flamesafe,200,1,215,0,1,0,
1790404765.8904,flamesafe,200,1,216,0,1,0,
1790404765.9156,flamesafe,200,1,217,0,1,0,
1790404765.9407,flamesafe,200,1,218,0,1,0,
1790404765.9658,flamesafe,200,1,219,0,1,0,
1790404765.9904,flamesafe,200,1,220,0,1,0,
1790404766.0157,flamesafe,200,1,221,0,1,0,
1790404766.0408,flamesafe,200,1,222,0,1,0,
1790404766.0654,flamesafe,200,1,223,0,1,0,
1790404766.0906,flamesafe,200,1,224,0,1,0,
1790404766.1157,flamesafe,200,1,225,0,1,0,
1790404766.1409,flamesafe,200,1,226,0,1,0,
1790404766.1655,flamesafe,200,1,227,0,1,0,
1790404766.1906,flamesafe,200,1,228,0,1,0,
1790404766.2158,flamesafe,200,1,229,0,1,0,
1790404766.2404,flamesafe,200,1,230,0,1,0,
1790404766.2656,flamesafe,200,1,231,0,1,0,
1790404766.2908,flamesafe,200,1,232,0,1,0,
1790404766.3155,flamesafe,200,1,233,0,1,0,
1790404766.3407,flamesafe,200,1,234,0,1,0,
1790404766.3653,flamesafe,200,1,235,0,1,0,
1790404766.3905,flamesafe,200,1,236,0,1,0,
1790404766.4157,flamesafe,200,1,237,0,1,0,
1790404766.4404,flamesafe,200,1,238,0,1,0,
1790404766.4655,flamesafe,200,1,239,0,1,0,
1790404766.4907,flamesafe,200,1,240,0,1,0,
1790404766.5154,flamesafe,200,1,241,0,1,0,
1790404766.5405,flamesafe,200,1,242,0,1,0,
1790404766.5657,flamesafe,200,1,243,0,1,0,
1790404766.5908,flamesafe,200,1,244,0,1,0,
1790404766.6155,flamesafe,200,1,245,0,1,0,
1790404766.6407,flamesafe,200,1,246,0,1,0,
1790404766.6653,flamesafe,200,1,247,0,1,0,
1790404766.6905,flamesafe,200,1,248,0,1,0,
1790404766.7153,flamesafe,200,1,249,0,1,0,
1790404766.7405,flamesafe,200,1,250,0,1,0,
1790404766.7657,flamesafe,200,1,251,0,1,0,
1790404766.7903,flamesafe,200,1,252,0,1,0,
1790404766.8155,flamesafe,200,1,253,0,1,0,
1790404766.8407,flamesafe,200,1,254,0,1,0,
1790404766.8654,flamesafe,200,1,255,0,1,0,
1790404766.8906,flamesafe,200,1,0,0,1,0,
1790404766.9157,flamesafe,200,1,1,0,1,0,
1790404766.9403,flamesafe,200,1,2,0,1,0,
1790404766.9655,flamesafe,200,1,3,0,1,0,
1790404766.9906,flamesafe,200,1,4,0,1,0,
1790404767.0158,flamesafe,200,1,5,0,1,0,
1790404767.0405,flamesafe,200,1,6,0,1,0,
1790404767.0657,flamesafe,200,1,7,0,1,0,
1790404767.0904,flamesafe,200,1,8,0,1,0,
1790404767.1156,flamesafe,200,1,9,0,1,0,
1790404767.1407,flamesafe,200,1,10,0,1,0,
1790404767.1654,flamesafe,200,1,11,0,1,0,
1790404767.1906,flamesafe,200,1,12,0,1,0,
1790404767.2157,flamesafe,200,1,13,0,1,0,
1790404767.2408,flamesafe,200,1,14,0,1,0,
1790404767.2654,flamesafe,200,1,15,0,1,0,
1790404767.2905,flamesafe,200,1,16,0,1,0,
1790404767.3157,flamesafe,200,1,17,0,1,0,
1790404767.3404,flamesafe,200,1,18,0,1,0,
1790404767.3656,flamesafe,200,1,19,0,1,0,
1790404767.3908,flamesafe,200,1,20,0,1,0,
1790404767.4154,flamesafe,200,1,21,0,1,0,
1790404767.4406,flamesafe,200,1,22,0,1,0,
1790404767.4658,flamesafe,200,1,23,0,1,0,
1790404767.4906,flamesafe,200,1,24,0,1,0,
1790404767.5157,flamesafe,200,1,25,0,1,0,
1790404767.5404,flamesafe,200,1,26,0,1,0,
1790404767.5656,flamesafe,200,1,27,0,1,0,
1790404767.5908,flamesafe,200,1,28,0,1,0,
1790404767.6155,flamesafe,200,1,29,0,1,0,
1790404767.6407,flamesafe,200,1,30,0,1,0,
1790404767.6655,flamesafe,200,1,31,0,1,0,
1790404767.6905,flamesafe,200,1,32,0,1,0,
1790404767.7158,flamesafe,200,1,33,0,1,0,
1790404767.7405,flamesafe,200,1,34,0,1,0,
1790404767.7656,flamesafe,200,1,35,0,1,0,
1790404767.7909,flamesafe,200,1,36,0,1,0,
1790404767.8155,flamesafe,200,1,37,0,1,0,
1790404767.8407,flamesafe,200,1,38,0,1,0,
1790404767.8654,flamesafe,200,1,39,0,1,0,
1790404767.8905,flamesafe,200,1,40,0,1,0,
1790404767.9157,flamesafe,200,1,41,0,1,0,
1790404767.9404,flamesafe,200,1,42,0,1,0,
1790404767.9655,flamesafe,200,1,43,0,1,0,
1790404767.9907,flamesafe,200,1,44,0,1,0,
1790404768.0154,flamesafe,200,1,45,0,1,0,
1790404768.0405,flamesafe,200,1,46,0,1,0,
1790404768.0657,flamesafe,200,1,47,0,1,0,
1790404768.0904,flamesafe,200,1,48,0,1,0,
1790404768.1156,flamesafe,200,1,49,0,1,0,
1790404768.1407,flamesafe,200,1,50,0,1,0,
1790404768.1654,flamesafe,200,1,51,0,1,0,
1790404768.1906,flamesafe,200,1,52,0,1,0,
1790404768.2153,flamesafe,200,1,53,0,1,0,
1790404768.2405,flamesafe,200,1,54,0,1,0,
1790404768.2658,flamesafe,200,1,55,0,1,0,
1790404768.2905,flamesafe,200,1,56,0,1,0,
1790404768.3156,flamesafe,200,1,57,0,1,0,
1790404768.3407,flamesafe,200,1,58,0,1,0,
1790404768.3654,flamesafe,200,1,59,0,1,0,
1790404768.3906,flamesafe,200,1,60,0,1,0,
1790404768.4157,flamesafe,200,1,61,0,1,0,
1790404768.4408,flamesafe,200,1,62,0,1,0,
1790404768.4654,flamesafe,200,1,63,0,1,0,
1790404768.4906,flamesafe,200,1,64,0,1,0,
1790404768.5157,flamesafe,200,1,65,0,1,0,
1790404768.5404,flamesafe,200,1,66,0,1,0,
1790404768.5655,flamesafe,200,1,67,0,1,0,
1790404768.5907,flamesafe,200,1,68,0,1,0,
1790404768.6158,flamesafe,200,1,69,0,1,0,
1790404768.6405,flamesafe,200,1,70,0,1,0,
1790404768.6657,flamesafe,200,1,71,0,1,0,
1790404768.6908,flamesafe,200,1,72,0,1,0,
1790404768.7154,flamesafe,200,1,73,0,1,0,
1790404768.7406,flamesafe,200,1,74,0,1,0,
1790404768.7657,flamesafe,200,1,75,0,1,0,
1790404768.7904,flamesafe,200,1,76,0,1,0,
1790404768.8155,flamesafe,200,1,77,0,1,0,
1790404768.8407,flamesafe,200,1,78,0,1,0,
1790404768.8658,flamesafe,200,1,79,0,1,0,
1790404768.8905,flamesafe,200,1,80,0,1,0,
1790404768.9156,flamesafe,200,1,81,0,1,0,
1790404768.9407,flamesafe,200,1,82,0,1,0,
1790404768.9654,flamesafe,200,1,83,0,1,0,
1790404768.9906,flamesafe,200,1,84,0,1,0,
1790404769.0157,flamesafe,200,1,85,0,1,0,
1790404769.0404,flamesafe,200,1,86,0,1,0,
1790404769.0655,flamesafe,200,1,87,0,1,0,
1790404769.0908,flamesafe,200,1,88,0,1,0,
1790404769.1154,flamesafe,200,1,89,0,1,0,
1790404769.1406,flamesafe,200,1,90,0,1,0,
1790404769.1657,flamesafe,200,1,91,0,1,0,
1790404769.1904,flamesafe,200,1,92,0,1,0,
1790404769.2155,flamesafe,200,1,93,0,1,0,
1790404769.2407,flamesafe,200,1,94,0,1,0,
1790404769.2658,flamesafe,200,1,95,0,1,0,
1790404769.2904,flamesafe,200,1,96,0,1,0,
1790404769.3156,flamesafe,200,1,97,0,1,0,
1790404769.3408,flamesafe,200,1,98,0,1,0,
1790404769.3654,flamesafe,200,1,99,0,1,0,
1790404769.3906,flamesafe,200,1,100,0,1,0,
1790404769.4157,flamesafe,200,1,101,0,1,0,
1790404769.4405,flamesafe,200,1,102,0,1,0,
1790404769.4657,flamesafe,200,1,103,0,1,0,
1790404769.4903,flamesafe,200,1,104,0,1,0,
1790404769.5155,flamesafe,200,1,105,0,1,0,
1790404769.5407,flamesafe,200,1,106,0,1,0,
1790404769.5653,flamesafe,200,1,107,0,1,0,
1790404769.5904,flamesafe,200,1,108,0,1,0,
1790404769.6156,flamesafe,200,1,109,0,1,0,
1790404769.6407,flamesafe,200,1,110,0,1,0,
1790404769.6654,flamesafe,200,1,111,0,1,0,
1790404769.6908,flamesafe,200,1,112,0,1,0,
1790404769.7154,flamesafe,200,1,113,0,1,0,
1790404769.7406,flamesafe,200,1,114,0,1,0,
1790404769.7657,flamesafe,200,1,115,0,1,0,
1790404769.7904,flamesafe,200,1,116,0,1,0,
1790404769.8155,flamesafe,200,1,117,0,1,0,
1790404769.8406,flamesafe,200,1,118,0,1,0,
1790404769.8658,flamesafe,200,1,119,0,1,0,
1790404769.8904,flamesafe,200,1,120,0,1,0,
1790404769.9155,flamesafe,200,1,121,0,1,0,
1790404769.9406,flamesafe,200,1,122,0,1,0,
1790404769.9657,flamesafe,200,1,123,0,1,0,
1790404769.9904,flamesafe,200,1,124,0,1,0,
1790404770.0155,flamesafe,200,1,125,0,1,0,
1790404770.0407,flamesafe,200,1,126,0,1,0,
1790404770.0654,flamesafe,200,1,127,0,1,0,
1790404770.0906,flamesafe,200,1,128,0,1,0,
1790404770.1157,flamesafe,200,1,129,0,1,0,
1790404770.1408,flamesafe,200,1,130,0,1,0,
1790404770.1655,flamesafe,200,1,131,0,1,0,
1790404770.1906,flamesafe,200,1,132,0,1,0,
1790404770.2157,flamesafe,200,1,133,0,1,0,
1790404770.2404,flamesafe,200,1,134,0,1,0,
1790404770.2655,flamesafe,200,1,135,0,1,0,
1790404770.2906,flamesafe,200,1,136,0,1,0,
1790404770.3157,flamesafe,200,1,137,0,1,0,
1790404770.3403,flamesafe,200,1,138,0,1,0,
1790404770.3655,flamesafe,200,1,139,0,1,0,
1790404770.3906,flamesafe,200,1,140,0,1,0,
1790404770.4158,flamesafe,200,1,141,0,1,0,
1790404770.4404,flamesafe,200,1,142,0,1,0,
1790404770.4655,flamesafe,200,1,143,0,1,0,
1790404770.4907,flamesafe,200,1,144,0,1,0,
1790404770.5158,flamesafe,200,1,145,0,1,0,
1790404770.5404,flamesafe,200,1,146,0,1,0,
1790404770.5656,flamesafe,200,1,147,0,1,0,
1790404770.5906,flamesafe,200,1,148,0,1,0,
1790404770.6158,flamesafe,200,1,149,0,1,0,
1790404770.6404,flamesafe,200,1,150,0,1,0,
1790404770.6655,flamesafe,200,1,151,0,1,0,
1790404770.6903,flamesafe,200,1,152,0,1,0,
1790404770.7155,flamesafe,200,1,153,0,1,0,
1790404770.7408,flamesafe,200,1,154,0,1,0,
1790404770.7654,flamesafe,200,1,155,0,1,0,
1790404770.7905,flamesafe,200,1,156,0,1,0,
1790404770.8157,flamesafe,200,1,157,0,1,0,
1790404770.8404,flamesafe,200,1,158,0,1,0,
1790404770.8656,flamesafe,200,1,159,0,1,0,
1790404770.8907,flamesafe,200,1,160,0,1,0,
1790404770.9154,flamesafe,200,1,161,0,1,0,
1790404770.9405,flamesafe,200,1,162,0,1,0,
1790404770.9657,flamesafe,200,1,163,0,1,0,
1790404770.9903,flamesafe,200,1,164,0,1,0,
1790404771.0156,flamesafe,200,1,165,0,1,0,
1790404771.0406,flamesafe,200,1,166,0,1,0,
1790404771.0658,flamesafe,200,1,167,0,1,0,
1790404771.0905,flamesafe,200,1,168,0,1,0,
1790404771.1154,flamesafe,200,1,169,0,1,0,
1790404771.1406,flamesafe,200,1,170,0,1,0,
1790404771.1658,flamesafe,200,1,171,0,1,0,
1790404771.1905,flamesafe,200,1,172,0,1,0,
1790404771.2154,flamesafe,200,1,173,0,1,0,
1790404771.2406,flamesafe,200,1,174,0,1,0,
1790404771.2657,flamesafe,200,1,175,0,1,0,
1790404771.2903,flamesafe,200,1,176,0,1,0,
1790404771.3155,flamesafe,200,1,177,0,1,0,
1790404771.3408,flamesafe,200,1,178,0,1,0,
1790404771.3656,flamesafe,200,1,179,0,1,0,
1790404771.3908,flamesafe,200,1,180,0,1,0,
1790404771.4156,flamesafe,200,1,181,0,1,0,
1790404771.4404,flamesafe,200,1,182,0,1,0,
1790404771.4655,flamesafe,200,1,183,0,1,0,
1790404771.4906,flamesafe,200,1,184,0,1,0,
1790404771.5154,flamesafe,200,1,185,0,1,0,
1790404771.5406,flamesafe,200,1,186,0,1,0,
1790404771.5658,flamesafe,200,1,187,0,1,0,
1790404771.5906,flamesafe,200,1,188,0,1,0,
1790404771.6158,flamesafe,200,1,189,0,1,0,
1790404771.6406,flamesafe,200,1,190,0,1,0,
1790404771.6657,flamesafe,200,1,191,0,1,0,
1790404771.6908,flamesafe,200,1,192,0,1,0,
1790404771.7156,flamesafe,200,1,193,0,1,0,
1790404771.7408,flamesafe,200,1,194,0,1,0,
1790404771.7656,flamesafe,200,1,195,0,1,0,
1790404771.7908,flamesafe,200,1,196,0,1,0,
1790404771.8155,flamesafe,200,1,197,0,1,0,
1790404771.8408,flamesafe,200,1,198,0,1,0,
1790404771.8655,flamesafe,200,1,199,0,1,0,
1790404771.8907,flamesafe,200,1,200,0,1,0,
1790404771.9154,flamesafe,200,1,201,0,1,0,
1790404771.9407,flamesafe,200,1,202,0,1,0,
1790404771.9654,flamesafe,200,1,203,0,1,0,
1790404771.9908,flamesafe,200,1,204,0,1,0,
1790404772.0155,flamesafe,200,1,205,0,1,0,
1790404772.0408,flamesafe,200,1,206,0,1,0,
1790404772.0655,flamesafe,200,1,207,0,1,0,
1790404772.0908,flamesafe,200,1,208,0,1,0,
1790404772.1156,flamesafe,200,1,209,0,1,0,
1790404772.1404,flamesafe,200,1,210,0,1,0,
1790404772.1655,flamesafe,200,1,211,0,1,0,
1790404772.1908,flamesafe,200,1,212,0,1,0,
1790404772.2155,flamesafe,200,1,213,0,1,0,
1790404772.2407,flamesafe,200,1,214,0,1,0,
1790404772.2654,flamesafe,200,1,215,0,1,0,
1790404772.2907,flamesafe,200,1,216,0,1,0,
1790404772.3154,flamesafe,200,1,217,0,1,0,
1790404772.3406,flamesafe,200,1,218,0,1,0,
1790404772.3654,flamesafe,200,1,219,0,1,0,
1790404772.3907,flamesafe,200,1,220,0,1,0,
1790404772.4155,flamesafe,200,1,221,0,1,0,
1790404772.4407,flamesafe,200,1,222,0,1,0,
1790404772.4655,flamesafe,200,1,223,0,1,0,
1790404772.4903,flamesafe,200,1,224,0,1,0,
1790404772.5156,flamesafe,200,1,225,0,1,0,
1790404772.5404,flamesafe,200,1,226,0,1,0,
1790404772.5657,flamesafe,200,1,227,0,1,0,
1790404772.5904,flamesafe,200,1,228,0,1,0,
1790404772.6156,flamesafe,200,1,229,0,1,0,
1790404772.6408,flamesafe,200,1,230,0,1,0,
1790404772.6655,flamesafe,200,1,231,0,1,0,
1790404772.6908,flamesafe,200,1,232,0,1,0,
1790404772.7155,flamesafe,200,1,233,0,1,0,
1790404772.7413,flamesafe,200,1,234,0,1,0,
1790404772.7655,flamesafe,200,1,235,0,1,0,
1790404772.7907,flamesafe,200,1,236,0,1,0,
1790404772.8154,flamesafe,200,1,237,0,1,0,
1790404772.8406,flamesafe,200,1,238,0,1,0,
1790404772.8658,flamesafe,200,1,239,0,1,0,
1790404772.8907,flamesafe,200,1,240,0,1,0,
1790404772.9154,flamesafe,200,1,241,0,1,0,
1790404772.9406,flamesafe,200,1,242,0,1,0,
1790404772.9653,flamesafe,200,1,243,0,1,0,
1790404772.9906,flamesafe,200,1,244,0,1,0,
1790404773.0157,flamesafe,200,1,245,0,1,0,
1790404773.0407,flamesafe,200,1,246,0,1,0,
1790404773.0654,flamesafe,200,1,247,0,1,0,
1790404773.0908,flamesafe,200,1,248,0,1,0,
1790404773.1156,flamesafe,200,1,249,0,1,0,
1790404773.1404,flamesafe,200,1,250,0,1,0,
1790404773.1656,flamesafe,200,1,251,0,1,0,
1790404773.1904,flamesafe,200,1,252,0,1,0,
1790404773.2162,flamesafe,200,1,253,0,1,0,
1790404773.2405,flamesafe,200,1,254,0,1,0,
1790404773.2654,flamesafe,200,1,255,0,1,0,
1790404773.2906,flamesafe,200,1,0,0,1,0,
1790404773.3158,flamesafe,200,1,1,0,1,0,
1790404773.3407,flamesafe,200,1,2,0,1,0,
1790404773.3655,flamesafe,200,1,3,0,1,0,
1790404773.3908,flamesafe,200,1,4,0,1,0,
1790404773.4155,flamesafe,200,1,5,0,1,0,
1790404773.4403,flamesafe,200,1,6,0,1,0,
1790404773.4656,flamesafe,200,1,7,0,1,0,
1790404773.4904,flamesafe,200,1,8,0,1,0,
1790404773.5157,flamesafe,200,1,9,0,1,0,
1790404773.5404,flamesafe,200,1,10,0,1,0,
1790404773.5656,flamesafe,200,1,11,0,1,0,
1790404773.5913,flamesafe,200,1,12,0,1,0,
1790404773.6156,flamesafe,200,1,13,0,1,0,
1790404773.6408,flamesafe,200,1,14,0,1,0,
1790404773.6655,flamesafe,200,1,15,0,1,0,
1790404773.6908,flamesafe,200,1,16,0,1,0,
1790404773.7156,flamesafe,200,1,17,0,1,0,
1790404773.7408,flamesafe,200,1,18,0,1,0,
1790404773.7655,flamesafe,200,1,19,0,1,0,
1790404773.7906,flamesafe,200,1,20,0,1,0,
1790404773.8158,flamesafe,200,1,21,0,1,0,
1790404773.8406,flamesafe,200,1,22,0,1,0,
1790404773.8658,flamesafe,200,1,23,0,1,0,
1790404773.8905,flamesafe,200,1,24,0,1,0,
1790404773.9158,flamesafe,200,1,25,0,1,0,
1790404773.9406,flamesafe,200,1,26,0,1,0,
1790404773.9658,flamesafe,200,1,27,0,1,0,
1790404773.9905,flamesafe,200,1,28,0,1,0,
1790404774.0158,flamesafe,200,1,29,0,1,0,
1790404774.0404,flamesafe,200,1,30,0,1,0,
1790404774.0656,flamesafe,200,1,31,0,1,0,
1790404774.0908,flamesafe,200,1,32,0,1,0,
1790404774.1154,flamesafe,200,1,33,0,1,0,
1790404774.1406,flamesafe,200,1,34,0,1,0,
1790404774.1658,flamesafe,200,1,35,0,1,0,
1790404774.1905,flamesafe,200,1,36,0,1,0,
1790404774.2158,flamesafe,200,1,37,0,1,0,
1790404774.2406,flamesafe,200,1,38,0,1,0,
1790404774.2657,flamesafe,200,1,39,0,1,0,
1790404774.2905,flamesafe,200,1,40,0,1,0,
1790404774.3158,flamesafe,200,1,41,0,1,0,
1790404774.3405,flamesafe,200,1,42,0,1,0,
1790404774.3657,flamesafe,200,1,43,0,1,0,
1790404774.3904,flamesafe,200,1,44,0,1,0,
1790404774.4155,flamesafe,200,1,45,0,1,0,
1790404774.4407,flamesafe,200,1,46,0,1,0,
1790404774.4654,flamesafe,200,1,47,0,1,0,
1790404774.4906,flamesafe,200,1,48,0,1,0,
1790404774.5157,flamesafe,200,1,49,0,1,0,
1790404774.5405,flamesafe,200,1,50,0,1,0,
1790404774.5656,flamesafe,200,1,51,0,1,0,
1790404774.5907,flamesafe,200,1,52,0,1,0,
1790404774.6154,flamesafe,200,1,53,0,1,0,
1790404774.6406,flamesafe,200,1,54,0,1,0,
1790404774.6657,flamesafe,200,1,55,0,1,0,
1790404774.6908,flamesafe,200,1,56,0,1,0,
1790404774.7156,flamesafe,200,1,57,0,1,0,
1790404774.7404,flamesafe,200,1,58,0,1,0,
1790404774.7655,flamesafe,200,1,59,0,1,0,
1790404774.7906,flamesafe,200,1,60,0,1,0,
1790404774.8158,flamesafe,200,1,61,0,1,0,
1790404774.8404,flamesafe,200,1,62,0,1,0,
1790404774.8655,flamesafe,200,1,63,0,1,0,
1790404774.8907,flamesafe,200,1,64,0,1,0,
1790404774.9157,flamesafe,200,1,65,0,1,0,
1790404774.9404,flamesafe,200,1,66,0,1,0,
1790404774.9655,flamesafe,200,1,67,0,1,0,
1790404774.9907,flamesafe,200,1,68,0,1,0,
1790404775.0158,flamesafe,200,1,69,0,1,0,
1790404775.0404,flamesafe,200,1,70,0,1,0,
1790404775.0655,flamesafe,200,1,71,0,1,0,
1790404775.0907,flamesafe,200,1,72,0,1,0,
1790404775.1158,flamesafe,200,1,73,0,1,0,
1790404775.1404,flamesafe,200,1,74,0,1,0,
1790404775.1655,flamesafe,200,1,75,0,1,0,
1790404775.1906,flamesafe,200,1,76,0,1,0,
1790404775.2157,flamesafe,200,1,77,0,1,0,
1790404775.2408,flamesafe,200,1,78,0,1,0,
1790404775.2655,flamesafe,200,1,79,0,1,0,
1790404775.2906,flamesafe,200,1,80,0,1,0,
1790404775.3155,flamesafe,200,1,81,0,1,0,
1790404775.3406,flamesafe,200,1,82,0,1,0,
1790404775.3658,flamesafe,200,1,83,0,1,0,
1790404775.3904,flamesafe,200,1,84,0,1,0,
1790404775.4155,flamesafe,200,1,85,0,1,0,
1790404775.4407,flamesafe,200,1,86,0,1,0,
1790404775.4658,flamesafe,200,1,87,0,1,0,
1790404775.4904,flamesafe,200,1,88,0,1,0,
1790404775.5155,flamesafe,200,1,89,0,1,0,
1790404775.5405,flamesafe,200,1,90,0,1,0,
1790404775.5657,flamesafe,200,1,91,0,1,0,
1790404775.5907,flamesafe,200,1,92,0,1,0,
1790404775.6154,flamesafe,200,1,93,0,1,0,
1790404775.6405,flamesafe,200,1,94,0,1,0,
1790404775.6656,flamesafe,200,1,95,0,1,0,
1790404775.6908,flamesafe,200,1,96,0,1,0,
1790404775.7154,flamesafe,200,1,97,0,1,0,
1790404775.7405,flamesafe,200,1,98,0,1,0,
1790404775.7656,flamesafe,200,1,99,0,1,0,
1790404775.7907,flamesafe,200,1,100,0,1,0,
1790404775.8158,flamesafe,200,1,101,0,1,0,
1790404775.8404,flamesafe,200,1,102,0,1,0,
1790404775.8656,flamesafe,200,1,103,0,1,0,
1790404775.8907,flamesafe,200,1,104,0,1,0,
1790404775.9158,flamesafe,200,1,105,0,1,0,
1790404775.9404,flamesafe,200,1,106,0,1,0,
1790404775.9655,flamesafe,200,1,107,0,1,0,
1790404775.9906,flamesafe,200,1,108,0,1,0,
1790404776.0153,flamesafe,200,1,109,0,1,0,
1790404776.0407,flamesafe,200,1,110,0,1,0,
1790404776.0654,flamesafe,200,1,111,0,1,0,
1790404776.0905,flamesafe,200,1,112,0,1,0,
1790404776.1156,flamesafe,200,1,113,0,1,0,
1790404776.1407,flamesafe,200,1,114,0,1,0,
1790404776.1654,flamesafe,200,1,115,0,1,0,
1790404776.1905,flamesafe,200,1,116,0,1,0,
1790404776.2156,flamesafe,200,1,117,0,1,0,
1790404776.2408,flamesafe,200,1,118,0,1,0,
1790404776.2654,flamesafe,200,1,119,0,1,0,
1790404776.2906,flamesafe,200,1,120,0,1,0,
1790404776.3157,flamesafe,200,1,121,0,1,0,
1790404776.3408,flamesafe,200,1,122,0,1,0,
1790404776.3655,flamesafe,200,1,123,0,1,0,
1790404776.3907,flamesafe,200,1,124,0,1,0,
1790404776.4157,flamesafe,200,1,125,0,1,0,
1790404776.4408,flamesafe,200,1,126,0,1,0,
1790404776.4655,flamesafe,200,1,127,0,1,0,
1790404776.4907,flamesafe,200,1,128,0,1,0,
1790404776.5158,flamesafe,200,1,129,0,1,0,
1790404776.5404,flamesafe,200,1,130,0,1,0,
1790404776.5656,flamesafe,200,1,131,0,1,0,
1790404776.5907,flamesafe,200,1,132,0,1,0,
1790404776.6158,flamesafe,200,1,133,0,1,0,
1790404776.6404,flamesafe,200,1,134,0,1,0,
1790404776.6655,flamesafe,200,1,135,0,1,0,
1790404776.6907,flamesafe,200,1,136,0,1,0,
1790404776.7154,flamesafe,200,1,137,0,1,0,
1790404776.7406,flamesafe,200,1,138,0,1,0,
1790404776.7658,flamesafe,200,1,139,0,1,0,
1790404776.7905,flamesafe,200,1,140,0,1,0,
1790404776.8157,flamesafe,200,1,141,0,1,0,
1790404776.8404,flamesafe,200,1,142,0,1,0,
1790404776.8655,flamesafe,200,1,143,0,1,0,
1790404776.8908,flamesafe,200,1,144,0,1,0,
1790404776.9155,flamesafe,200,1,145,0,1,0,
1790404776.9406,flamesafe,200,1,146,0,1,0,
1790404776.9657,flamesafe,200,1,147,0,1,0,
1790404776.9904,flamesafe,200,1,148,0,1,0,
1790404777.0156,flamesafe,200,1,149,0,1,0,
1790404777.0405,flamesafe,200,1,150,0,1,0,
1790404777.0657,flamesafe,200,1,151,0,1,0,
1790404777.0903,flamesafe,200,1,152,0,1,0,
1790404777.1156,flamesafe,200,1,153,0,1,0,
1790404777.1408,flamesafe,200,1,154,0,1,0,
1790404777.1654,flamesafe,200,1,155,0,1,0,
1790404777.1906,flamesafe,200,1,156,0,1,0,
1790404777.2157,flamesafe,200,1,157,0,1,0,
1790404777.2408,flamesafe,200,1,158,0,1,0,
1790404777.2655,flamesafe,200,1,159,0,1,0,
1790404777.2906,flamesafe,200,1,160,0,1,0,
1790404777.3157,flamesafe,200,1,161,0,1,0,
1790404777.3408,flamesafe,200,1,162,0,1,0,
1790404777.3655,flamesafe,200,1,163,0,1,0,
1790404777.3906,flamesafe,200,1,164,0,1,0,
1790404777.4157,flamesafe,200,1,165,0,1,0,
1790404777.4404,flamesafe,200,1,166,0,1,0,
1790404777.4655,flamesafe,200,1,167,0,1,0,
1790404777.4904,flamesafe,200,1,168,0,1,0,
1790404777.5155,flamesafe,200,1,169,0,1,0,
1790404777.5407,flamesafe,200,1,170,0,1,0,
1790404777.5658,flamesafe,200,1,171,0,1,0,
1790404777.5905,flamesafe,200,1,172,0,1,0,
1790404777.6156,flamesafe,200,1,173,0,1,0,
1790404777.6407,flamesafe,200,1,174,0,1,0,
1790404777.6658,flamesafe,200,1,175,0,1,0,
1790404777.6905,flamesafe,200,1,176,0,1,0,
1790404777.7154,flamesafe,200,1,177,0,1,0,
1790404777.7406,flamesafe,200,1,178,0,1,0,
1790404777.7657,flamesafe,200,1,179,0,1,0,
1790404777.7904,flamesafe,200,1,180,0,1,0,
1790404777.8155,flamesafe,200,1,181,0,1,0,
1790404777.8406,flamesafe,200,1,182,0,1,0,
1790404777.8657,flamesafe,200,1,183,0,1,0,
1790404777.8904,flamesafe,200,1,184,0,1,0,
1790404777.9156,flamesafe,200,1,185,0,1,0,
1790404777.9408,flamesafe,200,1,186,0,1,0,
1790404777.9654,flamesafe,200,1,187,0,1,0,
1790404777.9905,flamesafe,200,1,188,0,1,0,
1790404778.0157,flamesafe,200,1,189,0,1,0,
1790404778.0408,flamesafe,200,1,190,0,1,0,
1790404778.0655,flamesafe,200,1,191,0,1,0,
1790404778.0907,flamesafe,200,1,192,0,1,0,
1790404778.1158,flamesafe,200,1,193,0,1,0,
1790404778.1405,flamesafe,200,1,194,0,1,0,
1790404778.1656,flamesafe,200,1,195,0,1,0,
1790404778.1908,flamesafe,200,1,196,0,1,0,
1790404778.2155,flamesafe,200,1,197,0,1,0,
1790404778.2407,flamesafe,200,1,198,0,1,0,
1790404778.2658,flamesafe,200,1,199,0,1,0,
1790404778.2904,flamesafe,200,1,200,0,1,0,
1790404778.3155,flamesafe,200,1,201,0,1,0,
1790404778.3406,flamesafe,200,1,202,0,1,0,
1790404778.3657,flamesafe,200,1,203,0,1,0,
1790404778.3904,flamesafe,200,1,204,0,1,0,
1790404778.4155,flamesafe,200,1,205,0,1,0,
1790404778.4407,flamesafe,200,1,206,0,1,0,
1790404778.4653,flamesafe,200,1,207,0,1,0,
1790404778.4907,flamesafe,200,1,208,0,1,0,
1790404778.5158,flamesafe,200,1,209,0,1,0,
1790404778.5404,flamesafe,200,1,210,0,1,0,
1790404778.5655,flamesafe,200,1,211,0,1,0,
1790404778.5907,flamesafe,200,1,212,0,1,0,
1790404778.6158,flamesafe,200,1,213,0,1,0,
1790404778.6404,flamesafe,200,1,214,0,1,0,
1790404778.6655,flamesafe,200,1,215,0,1,0,
1790404778.6906,flamesafe,200,1,216,0,1,0,
1790404778.7155,flamesafe,200,1,217,0,1,0,
1790404778.7407,flamesafe,200,1,218,0,1,0,
1790404778.7658,flamesafe,200,1,219,0,1,0,
1790404778.7904,flamesafe,200,1,220,0,1,0,
1790404778.8156,flamesafe,200,1,221,0,1,0,
1790404778.8407,flamesafe,200,1,222,0,1,0,
1790404778.8654,flamesafe,200,1,223,0,1,0,
1790404778.8905,flamesafe,200,1,224,0,1,0,
1790404778.9155,flamesafe,200,1,225,0,1,0,
1790404778.9406,flamesafe,200,1,226,0,1,0,
1790404778.9657,flamesafe,200,1,227,0,1,0,
1790404778.9903,flamesafe,200,1,228,0,1,0,
1790404779.0155,flamesafe,200,1,229,0,1,0,
1790404779.0408,flamesafe,200,1,230,0,1,0,
1790404779.0654,flamesafe,200,1,231,0,1,0,
1790404779.0905,flamesafe,200,1,232,0,1,0,
1790404779.1157,flamesafe,200,1,233,0,1,0,
1790404779.1404,flamesafe,200,1,234,0,1,0,
1790404779.1655,flamesafe,200,1,235,0,1,0,
1790404779.1906,flamesafe,200,1,236,0,1,0,
1790404779.2153,flamesafe,200,1,237,0,1,0,
1790404779.2404,flamesafe,200,1,238,0,1,0,
1790404779.2655,flamesafe,200,1,239,0,1,0,
1790404779.2907,flamesafe,200,1,240,0,1,0,
1790404779.3154,flamesafe,200,1,241,0,1,0,
1790404779.3405,flamesafe,200,1,242,0,1,0,
1790404779.3656,flamesafe,200,1,243,0,1,0,
1790404779.3907,flamesafe,200,1,244,0,1,0,
1790404779.4158,flamesafe,200,1,245,0,1,0,
1790404779.4406,flamesafe,200,1,246,0,1,0,
1790404779.4657,flamesafe,200,1,247,0,1,0,
1790404779.4905,flamesafe,200,1,248,0,1,0,
1790404779.5157,flamesafe,200,1,249,0,1,0,
1790404779.5404,flamesafe,200,1,250,0,1,0,
1790404779.5655,flamesafe,200,1,251,0,1,0,
1790404779.5908,flamesafe,200,1,252,0,1,0,
1790404779.6154,flamesafe,200,1,253,0,1,0,
1790404779.6407,flamesafe,200,1,254,0,1,0,
1790404779.6653,flamesafe,200,1,255,0,1,0,
1790404779.6905,flamesafe,200,1,0,0,1,0,
1790404779.7156,flamesafe,200,1,1,0,1,0,
1790404779.7407,flamesafe,200,1,2,0,1,0,
1790404779.7658,flamesafe,200,1,3,0,1,0,
1790404779.7904,flamesafe,200,1,4,0,1,0,
1790404779.8156,flamesafe,200,1,5,0,1,0,
1790404779.8407,flamesafe,200,1,6,0,1,0,
1790404779.8654,flamesafe,200,1,7,0,1,0,
1790404779.8906,flamesafe,200,1,8,0,1,0,
1790404779.9157,flamesafe,200,1,9,0,1,0,
1790404779.9408,flamesafe,200,1,10,0,1,0,
1790404779.9655,flamesafe,200,1,11,0,1,0,
1790404779.9906,flamesafe,200,1,12,0,1,0,
1790404780.0158,flamesafe,200,1,13,0,1,0,
1790404780.0404,flamesafe,200,1,14,0,1,0,
1790404780.0655,flamesafe,200,1,15,0,1,0,
1790404780.0907,flamesafe,200,1,16,0,1,0,
1790404780.1158,flamesafe,200,1,17,0,1,0,
1790404780.1407,flamesafe,200,1,18,0,1,0,
1790404780.1654,flamesafe,200,1,19,0,1,0,
1790404780.1905,flamesafe,200,1,20,0,1,0,
1790404780.2156,flamesafe,200,1,21,0,1,0,
1790404780.2407,flamesafe,200,1,22,0,1,0,
1790404780.2654,flamesafe,200,1,23,0,1,0,
1790404780.2905,flamesafe,200,1,24,0,1,0,
1790404780.3156,flamesafe,200,1,25,0,1,0,
1790404780.3408,flamesafe,200,1,26,0,1,0,
1790404780.3654,flamesafe,200,1,27,0,1,0,
1790404780.3906,flamesafe,200,1,28,0,1,0,
1790404780.4157,flamesafe,200,1,29,0,1,0,
1790404780.4408,flamesafe,200,1,30,0,1,0,
1790404780.4655,flamesafe,200,1,31,0,1,0,
1790404780.4904,flamesafe,200,1,32,0,1,0,
1790404780.5155,flamesafe,200,1,33,0,1,0,
1790404780.5406,flamesafe,200,1,34,0,1,0,
1790404780.5658,flamesafe,200,1,35,0,1,0,
1790404780.5904,flamesafe,200,1,36,0,1,0,
1790404780.6155,flamesafe,200,1,37,0,1,0,
1790404780.6406,flamesafe,200,1,38,0,1,0,
1790404780.6658,flamesafe,200,1,39,0,1,0,
1790404780.6904,flamesafe,200,1,40,0,1,0,
1790404780.7155,flamesafe,200,1,41,0,1,0,
1790404780.7407,flamesafe,200,1,42,0,1,0,
1790404780.7658,flamesafe,200,1,43,0,1,0,
1790404780.7904,flamesafe,200,1,44,0,1,0,
1790404780.8155,flamesafe,200,1,45,0,1,0,
1790404780.8407,flamesafe,200,1,46,0,1,0,
1790404780.8654,flamesafe,200,1,47,0,1,0,
1790404780.8905,flamesafe,200,1,48,0,1,0,
1790404780.9156,flamesafe,200,1,49,0,1,0,
1790404780.9407,flamesafe,200,1,50,0,1,0,
1790404780.9653,flamesafe,200,1,51,0,1,0,
1790404780.9904,flamesafe,200,1,52,0,1,0,
1790404781.0155,flamesafe,200,1,53,0,1,0,
1790404781.0406,flamesafe,200,1,54,0,1,0,
1790404781.0658,flamesafe,200,1,55,0,1,0,
1790404781.0904,flamesafe,200,1,56,0,1,0,
1790404781.1155,flamesafe,200,1,57,0,1,0,
1790404781.1407,flamesafe,200,1,58,0,1,0,
1790404781.1658,flamesafe,200,1,59,0,1,0,
1790404781.1905,flamesafe,200,1,60,0,1,0,
1790404781.2155,flamesafe,200,1,61,0,1,0,
1790404781.2406,flamesafe,200,1,62,0,1,0,
1790404781.2657,flamesafe,200,1,63,0,1,0,
1790404781.2903,flamesafe,200,1,64,0,1,0,
1790404781.3155,flamesafe,200,1,65,0,1,0,
1790404781.3407,flamesafe,200,1,66,0,1,0,
1790404781.3658,flamesafe,200,1,67,0,1,0,
1790404781.3905,flamesafe,200,1,68,0,1,0,
1790404781.4156,flamesafe,200,1,69,0,1,0,
1790404781.4408,flamesafe,200,1,70,0,1,0,
1790404781.4654,flamesafe,200,1,71,0,1,0,
1790404781.4906,flamesafe,200,1,72,0,1,0,
1790404781.5157,flamesafe,200,1,73,0,1,0,
1790404781.5406,flamesafe,200,1,74,0,1,0,
1790404781.5657,flamesafe,200,1,75,0,1,0,
1790404781.5904,flamesafe,200,1,76,0,1,0,
1790404781.6155,flamesafe,200,1,77,0,1,0,
1790404781.6406,flamesafe,200,1,78,0,1,0,
1790404781.6657,flamesafe,200,1,79,0,1,0,
1790404781.6904,flamesafe,200,1,80,0,1,0,
1790404781.7156,flamesafe,200,1,81,0,1,0,
1790404781.7404,flamesafe,200,1,82,0,1,0,
1790404781.7656,flamesafe,200,1,83,0,1,0,
1790404781.7907,flamesafe,200,1,84,0,1,0,
1790404781.8153,flamesafe,200,1,85,0,1,0,
1790404781.8405,flamesafe,200,1,86,0,1,0,
1790404781.8656,flamesafe,200,1,87,0,1,0,
1790404781.8907,flamesafe,200,1,88,0,1,0,
1790404781.9153,flamesafe,200,1,89,0,1,0,
1790404781.9405,flamesafe,200,1,90,0,1,0,
1790404781.9656,flamesafe,200,1,91,0,1,0,
1790404781.9908,flamesafe,200,1,92,0,1,0,
1790404782.0154,flamesafe,200,1,93,0,1,0,
1790404782.0405,flamesafe,200,1,94,0,1,0,
1790404782.0656,flamesafe,200,1,95,0,1,0,
1790404782.0907,flamesafe,200,1,96,0,1,0,
1790404782.1153,flamesafe,200,1,97,0,1,0,
1790404782.1405,flamesafe,200,1,98,0,1,0,
1790404782.1656,flamesafe,200,1,99,0,1,0,
1790404782.1907,flamesafe,200,1,100,0,1,0,
1790404782.2158,flamesafe,200,1,101,0,1,0,
1790404782.2404,flamesafe,200,1,102,0,1,0,
1790404782.2655,flamesafe,200,1,103,0,1,0,
1790404782.2906,flamesafe,200,1,104,0,1,0,
1790404782.3157,flamesafe,200,1,105,0,1,0,
1790404782.3403,flamesafe,200,1,106,0,1,0,
1790404782.3655,flamesafe,200,1,107,0,1,0,
1790404782.3906,flamesafe,200,1,108,0,1,0,
1790404782.4157,flamesafe,200,1,109,0,1,0,
1790404782.4408,flamesafe,200,1,110,0,1,0,
1790404782.4654,flamesafe,200,1,111,0,1,0,
1790404782.4907,flamesafe,200,1,112,0,1,0,
1790404782.5153,flamesafe,200,1,113,0,1,0,
1790404782.5405,flamesafe,200,1,114,0,1,0,
1790404782.5656,flamesafe,200,1,115,0,1,0,
1790404782.5907,flamesafe,200,1,116,0,1,0,
1790404782.6154,flamesafe,200,1,117,0,1,0,
1790404782.6405,flamesafe,200,1,118,0,1,0,
1790404782.6656,flamesafe,200,1,119,0,1,0,
1790404782.6907,flamesafe,200,1,120,0,1,0,
1790404782.7154,flamesafe,200,1,121,0,1,0,
1790404782.7411,flamesafe,200,1,122,0,1,0,
1790404782.7657,flamesafe,200,1,123,0,1,0,
1790404782.7904,flamesafe,200,1,124,0,1,0,
1790404782.8156,flamesafe,200,1,125,0,1,0,
1790404782.8407,flamesafe,200,1,126,0,1,0,
1790404782.8653,flamesafe,200,1,127,0,1,0,
1790404782.8905,flamesafe,200,1,128,0,1,0,
1790404782.9157,flamesafe,200,1,129,0,1,0,
1790404782.9404,flamesafe,200,1,130,0,1,0,
1790404782.9655,flamesafe,200,1,131,0,1,0,
1790404782.9906,flamesafe,200,1,132,0,1,0,
1790404783.0158,flamesafe,200,1,133,0,1,0,
1790404783.0404,flamesafe,200,1,134,0,1,0,
1790404783.0655,flamesafe,200,1,135,0,1,0,
1790404783.0907,flamesafe,200,1,136,0,1,0,
1790404783.1158,flamesafe,200,1,137,0,1,0,
1790404783.1406,flamesafe,200,1,138,0,1,0,
1790404783.1657,flamesafe,200,1,139,0,1,0,
1790404783.1908,flamesafe,200,1,140,0,1,0,
1790404783.2154,flamesafe,200,1,141,0,1,0,
1790404783.2405,flamesafe,200,1,142,0,1,0,
1790404783.2657,flamesafe,200,1,143,0,1,0,
1790404783.2903,flamesafe,200,1,144,0,1,0,
1790404783.3156,flamesafe,200,1,145,0,1,0,
1790404783.3408,flamesafe,200,1,146,0,1,0,
1790404783.3654,flamesafe,200,1,147,0,1,0,
1790404783.3906,flamesafe,200,1,148,0,1,0,
1790404783.4158,flamesafe,200,1,149,0,1,0,
1790404783.4404,flamesafe,200,1,150,0,1,0,
1790404783.4655,flamesafe,200,1,151,0,1,0,
1790404783.4907,flamesafe,200,1,152,0,1,0,
1790404783.5154,flamesafe,200,1,153,0,1,0,
1790404783.5407,flamesafe,200,1,154,0,1,0,
1790404783.5658,flamesafe,200,1,155,0,1,0,
1790404783.5905,flamesafe,200,1,156,0,1,0,
1790404783.6156,flamesafe,200,1,157,0,1,0,
1790404783.6403,flamesafe,200,1,158,0,1,0,
1790404783.6654,flamesafe,200,1,159,0,1,0,
1790404783.6906,flamesafe,200,1,160,0,1,0,
1790404783.7158,flamesafe,200,1,161,0,1,0,
1790404783.7405,flamesafe,200,1,162,0,1,0,
1790404783.7656,flamesafe,200,1,163,0,1,0,
1790404783.7908,flamesafe,200,1,164,0,1,0,
1790404783.8154,flamesafe,200,1,165,0,1,0,
1790404783.8406,flamesafe,200,1,166,0,1,0,
1790404783.8657,flamesafe,200,1,167,0,1,0,
1790404783.8908,flamesafe,200,1,168,0,1,0,
1790404783.9154,flamesafe,200,1,169,0,1,0,
1790404783.9406,flamesafe,200,1,170,0,1,0,
1790404783.9657,flamesafe,200,1,171,0,1,0,
1790404783.9904,flamesafe,200,1,172,0,1,0,
1790404784.0156,flamesafe,200,1,173,0,1,0,
1790404784.0407,flamesafe,200,1,174,0,1,0,
1790404784.0654,flamesafe,200,1,175,0,1,0,
1790404784.0906,flamesafe,200,1,176,0,1,0,
1790404784.1157,flamesafe,200,1,177,0,1,0,
1790404784.1403,flamesafe,200,1,178,0,1,0,
1790404784.1654,flamesafe,200,1,179,0,1,0,
1790404784.1905,flamesafe,200,1,180,0,1,0,
1790404784.2156,flamesafe,200,1,181,0,1,0,
1790404784.2408,flamesafe,200,1,182,0,1,0,
1790404784.2654,flamesafe,200,1,183,0,1,0,
1790404784.2905,flamesafe,200,1,184,0,1,0,
1790404784.3157,flamesafe,200,1,185,0,1,0,
1790404784.3408,flamesafe,200,1,186,0,1,0,
1790404784.3655,flamesafe,200,1,187,0,1,0,
1790404784.3908,flamesafe,200,1,188,0,1,0,
1790404784.4154,flamesafe,200,1,189,0,1,0,
1790404784.4405,flamesafe,200,1,190,0,1,0,
1790404784.4656,flamesafe,200,1,191,0,1,0,
1790404784.4904,flamesafe,200,1,192,0,1,0,
1790404784.5156,flamesafe,200,1,193,0,1,0,
1790404784.5407,flamesafe,200,1,194,0,1,0,
1790404784.5658,flamesafe,200,1,195,0,1,0,
1790404784.5904,flamesafe,200,1,196,0,1,0,
1790404784.6156,flamesafe,200,1,197,0,1,0,
1790404784.6407,flamesafe,200,1,198,0,1,0,
1790404784.6654,flamesafe,200,1,199,0,1,0,
1790404784.6906,flamesafe,200,1,200,0,1,0,
1790404784.7158,flamesafe,200,1,201,0,1,0,
1790404784.7405,flamesafe,200,1,202,0,1,0,
1790404784.7656,flamesafe,200,1,203,0,1,0,
1790404784.7908,flamesafe,200,1,204,0,1,0,
1790404784.8154,flamesafe,200,1,205,0,1,0,
1790404784.8405,flamesafe,200,1,206,0,1,0,
1790404784.8657,flamesafe,200,1,207,0,1,0,
1790404784.8903,flamesafe,200,1,208,0,1,0,
1790404784.9155,flamesafe,200,1,209,0,1,0,
1790404784.9406,flamesafe,200,1,210,0,1,0,
1790404784.9658,flamesafe,200,1,211,0,1,0,
1790404784.9904,flamesafe,200,1,212,0,1,0,
1790404785.0156,flamesafe,200,1,213,0,1,0,
1790404785.0407,flamesafe,200,1,214,0,1,0,
1790404785.0654,flamesafe,200,1,215,0,1,0,
1790404785.0906,flamesafe,200,1,216,0,1,0,
1790404785.1157,flamesafe,200,1,217,0,1,0,
1790404785.1403,flamesafe,200,1,218,0,1,0,
1790404785.1655,flamesafe,200,1,219,0,1,0,
1790404785.1907,flamesafe,200,1,220,0,1,0,
1790404785.2158,flamesafe,200,1,221,0,1,0,
1790404785.2404,flamesafe,200,1,222,0,1,0,
1790404785.2655,flamesafe,200,1,223,0,1,0,
1790404785.2907,flamesafe,200,1,224,0,1,0,
1790404785.3153,flamesafe,200,1,225,0,1,0,
1790404785.3405,flamesafe,200,1,226,0,1,0,
1790404785.3656,flamesafe,200,1,227,0,1,0,
1790404785.3907,flamesafe,200,1,228,0,1,0,
1790404785.4158,flamesafe,200,1,229,0,1,0,
1790404785.4404,flamesafe,200,1,230,0,1,0,
1790404785.4655,flamesafe,200,1,231,0,1,0,
1790404785.4904,flamesafe,200,1,232,0,1,0,
1790404785.5156,flamesafe,200,1,233,0,1,0,
1790404785.5407,flamesafe,200,1,234,0,1,0,
1790404785.5658,flamesafe,200,1,235,0,1,0,
1790404785.5904,flamesafe,200,1,236,0,1,0,
1790404785.6156,flamesafe,200,1,237,0,1,0,
1790404785.6407,flamesafe,200,1,238,0,1,0,
1790404785.6658,flamesafe,200,1,239,0,1,0,
1790404785.6905,flamesafe,200,1,240,0,1,0,
1790404785.7157,flamesafe,200,1,241,0,1,0,
1790404785.7409,flamesafe,200,1,242,0,1,0,
1790404785.7657,flamesafe,200,1,243,0,1,0,
1790404785.7903,flamesafe,200,1,244,0,1,0,
1790404785.8155,flamesafe,200,1,245,0,1,0,
1790404785.8408,flamesafe,200,1,246,0,1,0,
1790404785.8654,flamesafe,200,1,247,0,1,0,
1790404785.8907,flamesafe,200,1,248,0,1,0,
1790404785.9158,flamesafe,200,1,249,0,1,0,
1790404785.9404,flamesafe,200,1,250,0,1,0,
1790404785.9656,flamesafe,200,1,251,0,1,0,
1790404785.9908,flamesafe,200,1,252,0,1,0,
1790404786.0154,flamesafe,200,1,253,0,1,0,
1790404786.0405,flamesafe,200,1,254,0,1,0,
1790404786.0657,flamesafe,200,1,255,0,1,0,
1790404786.0908,flamesafe,200,1,0,0,1,0,
1790404786.1155,flamesafe,200,1,1,0,1,0,
1790404786.1406,flamesafe,200,1,2,0,1,0,
1790404786.1658,flamesafe,200,1,3,0,1,0,
1790404786.1904,flamesafe,200,1,4,0,1,0,
1790404786.2155,flamesafe,200,1,5,0,1,0,
1790404786.2406,flamesafe,200,1,6,0,1,0,
1790404786.2658,flamesafe,200,1,7,0,1,0,
1790404786.2904,flamesafe,200,1,8,0,1,0,
1790404786.3155,flamesafe,200,1,9,0,1,0,
1790404786.3407,flamesafe,200,1,10,0,1,0,
1790404786.3658,flamesafe,200,1,11,0,1,0,
1790404786.3904,flamesafe,200,1,12,0,1,0,
1790404786.4155,flamesafe,200,1,13,0,1,0,
1790404786.4406,flamesafe,200,1,14,0,1,0,
1790404786.4657,flamesafe,200,1,15,0,1,0,
1790404786.4907,flamesafe,200,1,16,0,1,0,
1790404786.5158,flamesafe,200,1,17,0,1,0,
1790404786.5404,flamesafe,200,1,18,0,1,0,
1790404786.5656,flamesafe,200,1,19,0,1,0,
1790404786.5908,flamesafe,200,1,20,0,1,0,
1790404786.6153,flamesafe,200,1,21,0,1,0,
1790404786.6405,flamesafe,200,1,22,0,1,0,
1790404786.6656,flamesafe,200,1,23,0,1,0,
1790404786.6907,flamesafe,200,1,24,0,1,0,
1790404786.7155,flamesafe,200,1,25,0,1,0,
1790404786.7406,flamesafe,200,1,26,0,1,0,
1790404786.7657,flamesafe,200,1,27,0,1,0,
1790404786.7903,flamesafe,200,1,28,0,1,0,
1790404786.8154,flamesafe,200,1,29,0,1,0,
1790404786.8405,flamesafe,200,1,30,0,1,0,
1790404786.8657,flamesafe,200,1,31,0,1,0,
1790404786.8904,flamesafe,200,1,32,0,1,0,
1790404786.9155,flamesafe,200,1,33,0,1,0,
1790404786.9406,flamesafe,200,1,34,0,1,0,
1790404786.9655,flamesafe,200,1,35,0,1,0,
1790404786.9907,flamesafe,200,1,36,0,1,0,
1790404787.0153,flamesafe,200,1,37,0,1,0,
1790404787.0405,flamesafe,200,1,38,0,1,0,
1790404787.0656,flamesafe,200,1,39,0,1,0,
1790404787.0903,flamesafe,200,1,40,0,1,0,
1790404787.1155,flamesafe,200,1,41,0,1,0,
1790404787.1404,flamesafe,200,1,42,0,1,0,
1790404787.1655,flamesafe,200,1,43,0,1,0,
1790404787.1906,flamesafe,200,1,44,0,1,0,
1790404787.2157,flamesafe,200,1,45,0,1,0,
1790404787.2408,flamesafe,200,1,46,0,1,0,
1790404787.2654,flamesafe,200,1,47,0,1,0,
1790404787.2905,flamesafe,200,1,48,0,1,0,
1790404787.3156,flamesafe,200,1,49,0,1,0,
1790404787.3407,flamesafe,200,1,50,0,1,0,
1790404787.3654,flamesafe,200,1,51,0,1,0,
1790404787.3905,flamesafe,200,1,52,0,1,0,
1790404787.4157,flamesafe,200,1,53,0,1,0,
1790404787.4403,flamesafe,200,1,54,0,1,0,
1790404787.4655,flamesafe,200,1,55,0,1,0,
1790404787.4906,flamesafe,200,1,56,0,1,0,
1790404787.5157,flamesafe,200,1,57,0,1,0,
1790404787.5404,flamesafe,200,1,58,0,1,0,
1790404787.5655,flamesafe,200,1,59,0,1,0,
1790404787.5907,flamesafe,200,1,60,0,1,0,
1790404787.6158,flamesafe,200,1,61,0,1,0,
1790404787.6405,flamesafe,200,1,62,0,1,0,
1790404787.6656,flamesafe,200,1,63,0,1,0,
1790404787.6907,flamesafe,200,1,64,0,1,0,
1790404787.7158,flamesafe,200,1,65,0,1,0,
1790404787.7404,flamesafe,200,1,66,0,1,0,
1790404787.7656,flamesafe,200,1,67,0,1,0,
1790404787.7907,flamesafe,200,1,68,0,1,0,
1790404787.8154,flamesafe,200,1,69,0,1,0,
1790404787.8405,flamesafe,200,1,70,0,1,0,
1790404787.8656,flamesafe,200,1,71,0,1,0,
1790404787.8907,flamesafe,200,1,72,0,1,0,
1790404787.9154,flamesafe,200,1,73,0,1,0,
1790404787.9405,flamesafe,200,1,74,0,1,0,
1790404787.9656,flamesafe,200,1,75,0,1,0,
1790404787.9908,flamesafe,200,1,76,0,1,0,
1790404788.0153,flamesafe,200,1,77,0,1,0,
1790404788.0405,flamesafe,200,1,78,0,1,0,
1790404788.0656,flamesafe,200,1,79,0,1,0,
1790404788.0907,flamesafe,200,1,80,0,1,0,
1790404788.1154,flamesafe,200,1,81,0,1,0,
1790404788.1405,flamesafe,200,1,82,0,1,0,
1790404788.1656,flamesafe,200,1,83,0,1,0,
1790404788.1907,flamesafe,200,1,84,0,1,0,
1790404788.2158,flamesafe,200,1,85,0,1,0,
1790404788.2404,flamesafe,200,1,86,0,1,0,
1790404788.2655,flamesafe,200,1,87,0,1,0,
1790404788.2907,flamesafe,200,1,88,0,1,0,
1790404788.3158,flamesafe,200,1,89,0,1,0,
1790404788.3404,flamesafe,200,1,90,0,1,0,
1790404788.3656,flamesafe,200,1,91,0,1,0,
1790404788.3907,flamesafe,200,1,92,0,1,0,
1790404788.4154,flamesafe,200,1,93,0,1,0,
1790404788.4405,flamesafe,200,1,94,0,1,0,
1790404788.4656,flamesafe,200,1,95,0,1,0,
1790404788.4908,flamesafe,200,1,96,0,1,0,
1790404788.5154,flamesafe,200,1,97,0,1,0,
1790404788.5406,flamesafe,200,1,98,0,1,0,
1790404788.5657,flamesafe,200,1,99,0,1,0,
1790404788.5908,flamesafe,200,1,100,0,1,0,
1790404788.6155,flamesafe,200,1,101,0,1,0,
1790404788.6406,flamesafe,200,1,102,0,1,0,
1790404788.6657,flamesafe,200,1,103,0,1,0,
1790404788.6903,flamesafe,200,1,104,0,1,0,
1790404788.7155,flamesafe,200,1,105,0,1,0,
1790404788.7407,flamesafe,200,1,106,0,1,0,
1790404788.7658,flamesafe,200,1,107,0,1,0,
1790404788.7905,flamesafe,200,1,108,0,1,0,
1790404788.8156,flamesafe,200,1,109,0,1,0,
1790404788.8408,flamesafe,200,1,110,0,1,0,
1790404788.8653,flamesafe,200,1,111,0,1,0,
1790404788.8904,flamesafe,200,1,112,0,1,0,
1790404788.9156,flamesafe,200,1,113,0,1,0,
1790404788.9407,flamesafe,200,1,114,0,1,0,
1790404788.9654,flamesafe,200,1,115,0,1,0,
1790404788.9905,flamesafe,200,1,116,0,1,0,
1790404789.0157,flamesafe,200,1,117,0,1,0,
1790404789.0405,flamesafe,200,1,118,0,1,0,
1790404789.0656,flamesafe,200,1,119,0,1,0,
1790404789.0908,flamesafe,200,1,120,0,1,0,
1790404789.1154,flamesafe,200,1,121,0,1,0,
1790404789.1410,flamesafe,200,1,122,0,1,0,
1790404789.1656,flamesafe,200,1,123,0,1,0,
1790404789.1908,flamesafe,200,1,124,0,1,0,
1790404789.2155,flamesafe,200,1,125,0,1,0,
1790404789.2406,flamesafe,200,1,126,0,1,0,
1790404789.2658,flamesafe,200,1,127,0,1,0,
1790404789.2904,flamesafe,200,1,128,0,1,0,
1790404789.3155,flamesafe,200,1,129,0,1,0,
1790404789.3406,flamesafe,200,1,130,0,1,0,
1790404789.3658,flamesafe,200,1,131,0,1,0,
1790404789.3904,flamesafe,200,1,132,0,1,0,
1790404789.4155,flamesafe,200,1,133,0,1,0,
1790404789.4407,flamesafe,200,1,134,0,1,0,
1790404789.4658,flamesafe,200,1,135,0,1,0,
1790404789.4906,flamesafe,200,1,136,0,1,0,
1790404789.5158,flamesafe,200,1,137,0,1,0,
1790404789.5403,flamesafe,200,1,138,0,1,0,
1790404789.5654,flamesafe,200,1,139,0,1,0,
1790404789.5905,flamesafe,200,1,140,0,1,0,
1790404789.6156,flamesafe,200,1,141,0,1,0,
1790404789.6408,flamesafe,200,1,142,0,1,0,
1790404789.6654,flamesafe,200,1,143,0,1,0,
1790404789.6905,flamesafe,200,1,144,0,1,0,
1790404789.7157,flamesafe,200,1,145,0,1,0,
1790404789.7426,flamesafe,200,1,146,0,1,0,
1790404789.7657,flamesafe,200,1,147,0,1,0,
1790404789.7904,flamesafe,200,1,148,0,1,0,
1790404789.8155,flamesafe,200,1,149,0,1,0,
1790404789.8407,flamesafe,200,1,150,0,1,0,
1790404789.8658,flamesafe,200,1,151,0,1,0,
1790404789.8905,flamesafe,200,1,152,0,1,0,
1790404789.9157,flamesafe,200,1,153,0,1,0,
1790404789.9408,flamesafe,200,1,154,0,1,0,
1790404789.9654,flamesafe,200,1,155,0,1,0,
1790404789.9905,flamesafe,200,1,156,0,1,0,
1790404790.0156,flamesafe,200,1,157,0,1,0,
1790404790.0408,flamesafe,200,1,158,0,1,0,
1790404790.0654,flamesafe,200,1,159,0,1,0,
1790404790.0905,flamesafe,200,1,160,0,1,0,
1790404790.1157,flamesafe,200,1,161,0,1,0,
1790404790.1404,flamesafe,200,1,162,0,1,0,
1790404790.1655,flamesafe,200,1,163,0,1,0,
1790404790.1906,flamesafe,200,1,164,0,1,0,
1790404790.2157,flamesafe,200,1,165,0,1,0,
1790404790.2403,flamesafe,200,1,166,0,1,0,
1790404790.2654,flamesafe,200,1,167,0,1,0,
1790404790.2906,flamesafe,200,1,168,0,1,0,
1790404790.3157,flamesafe,200,1,169,0,1,0,
1790404790.3408,flamesafe,200,1,170,0,1,0,
1790404790.3654,flamesafe,200,1,171,0,1,0,
1790404790.3905,flamesafe,200,1,172,0,1,0,
1790404790.4157,flamesafe,200,1,173,0,1,0,
1790404790.4408,flamesafe,200,1,174,0,1,0,
1790404790.4654,flamesafe,200,1,175,0,1,0,
1790404790.4908,flamesafe,200,1,176,0,1,0,
1790404790.5154,flamesafe,200,1,177,0,1,0,
1790404790.5405,flamesafe,200,1,178,0,1,0,
1790404790.5657,flamesafe,200,1,179,0,1,0,
1790404790.5908,flamesafe,200,1,180,0,1,0,
1790404790.6155,flamesafe,200,1,181,0,1,0,
1790404790.6407,flamesafe,200,1,182,0,1,0,
1790404790.6653,flamesafe,200,1,183,0,1,0,
1790404790.6905,flamesafe,200,1,184,0,1,0,
1790404790.7156,flamesafe,200,1,185,0,1,0,
1790404790.7403,flamesafe,200,1,186,0,1,0,
1790404790.7657,flamesafe,200,1,187,0,1,0,
1790404790.7908,flamesafe,200,1,188,0,1,0,
1790404790.8155,flamesafe,200,1,189,0,1,0,
1790404790.8406,flamesafe,200,1,190,0,1,0,
1790404790.8657,flamesafe,200,1,191,0,1,0,
1790404790.8904,flamesafe,200,1,192,0,1,0,
1790404790.9155,flamesafe,200,1,193,0,1,0,
1790404790.9407,flamesafe,200,1,194,0,1,0,
1790404790.9653,flamesafe,200,1,195,0,1,0,
1790404790.9905,flamesafe,200,1,196,0,1,0,
1790404791.0156,flamesafe,200,1,197,0,1,0,
1790404791.0403,flamesafe,200,1,198,0,1,0,
1790404791.0654,flamesafe,200,1,199,0,1,0,
1790404791.0905,flamesafe,200,1,200,0,1,0,
1790404791.1154,flamesafe,200,1,201,0,1,0,
1790404791.1405,flamesafe,200,1,202,0,1,0,
1790404791.1656,flamesafe,200,1,203,0,1,0,
1790404791.1907,flamesafe,200,1,204,0,1,0,
1790404791.2154,flamesafe,200,1,205,0,1,0,
1790404791.2405,flamesafe,200,1,206,0,1,0,
1790404791.2656,flamesafe,200,1,207,0,1,0,
1790404791.2908,flamesafe,200,1,208,0,1,0,
1790404791.3154,flamesafe,200,1,209,0,1,0,
1790404791.3405,flamesafe,200,1,210,0,1,0,
1790404791.3657,flamesafe,200,1,211,0,1,0,
1790404791.3906,flamesafe,200,1,212,0,1,0,
1790404791.4157,flamesafe,200,1,213,0,1,0,
1790404791.4404,flamesafe,200,1,214,0,1,0,
1790404791.4655,flamesafe,200,1,215,0,1,0,
1790404791.4907,flamesafe,200,1,216,0,1,0,
1790404791.5158,flamesafe,200,1,217,0,1,0,
1790404791.5404,flamesafe,200,1,218,0,1,0,
1790404791.5655,flamesafe,200,1,219,0,1,0,
1790404791.5906,flamesafe,200,1,220,0,1,0,
1790404791.6158,flamesafe,200,1,221,0,1,0,
1790404791.6404,flamesafe,200,1,222,0,1,0,
1790404791.6655,flamesafe,200,1,223,0,1,0,
1790404791.6906,flamesafe,200,1,224,0,1,0,
1790404791.7157,flamesafe,200,1,225,0,1,0,
1790404791.7408,flamesafe,200,1,226,0,1,0,
1790404791.7654,flamesafe,200,1,227,0,1,0,
1790404791.7905,flamesafe,200,1,228,0,1,0,
1790404791.8158,flamesafe,200,1,229,0,1,0,
1790404791.8405,flamesafe,200,1,230,0,1,0,
1790404791.8656,flamesafe,200,1,231,0,1,0,
1790404791.8907,flamesafe,200,1,232,0,1,0,
1790404791.9153,flamesafe,200,1,233,0,1,0,
1790404791.9405,flamesafe,200,1,234,0,1,0,
1790404791.9656,flamesafe,200,1,235,0,1,0,
1790404791.9908,flamesafe,200,1,236,0,1,0,
1790404792.0155,flamesafe,200,1,237,0,1,0,
1790404792.0406,flamesafe,200,1,238,0,1,0,
1790404792.0658,flamesafe,200,1,239,0,1,0,
1790404792.0905,flamesafe,200,1,240,0,1,0,
1790404792.1156,flamesafe,200,1,241,0,1,0,
1790404792.1408,flamesafe,200,1,242,0,1,0,
1790404792.1657,flamesafe,200,1,243,0,1,0,
1790404792.1904,flamesafe,200,1,244,0,1,0,
1790404792.2156,flamesafe,200,1,245,0,1,0,
1790404792.2407,flamesafe,200,1,246,0,1,0,
1790404792.2657,flamesafe,200,1,247,0,1,0,
1790404792.2904,flamesafe,200,1,248,0,1,0,
1790404792.3155,flamesafe,200,1,249,0,1,0,
1790404792.3406,flamesafe,200,1,250,0,1,0,
1790404792.3657,flamesafe,200,1,251,0,1,0,
1790404792.3908,flamesafe,200,1,252,0,1,0,
1790404792.4154,flamesafe,200,1,253,0,1,0,
1790404792.4405,flamesafe,200,1,254,0,1,0,
1790404792.4656,flamesafe,200,1,255,0,1,0,
1790404792.4908,flamesafe,200,1,0,0,1,0,
1790404792.5154,flamesafe,200,1,1,0,1,0,
1790404792.5406,flamesafe,200,1,2,0,1,0,
1790404792.5657,flamesafe,200,1,3,0,1,0,
1790404792.5903,flamesafe,200,1,4,0,1,0,
1790404792.6155,flamesafe,200,1,5,0,1,0,
1790404792.6406,flamesafe,200,1,6,0,1,0,
1790404792.6656,flamesafe,200,1,7,0,1,0,
1790404792.6908,flamesafe,200,1,8,0,1,0,
1790404792.7154,flamesafe,200,1,9,0,1,0,
1790404792.7410,flamesafe,200,1,10,0,1,0,
1790404792.7656,flamesafe,200,1,11,0,1,0,
1790404792.7907,flamesafe,200,1,12,0,1,0,
1790404792.8153,flamesafe,200,1,13,0,1,0,
1790404792.8404,flamesafe,200,1,14,0,1,0,
1790404792.8655,flamesafe,200,1,15,0,1,0,
1790404792.8907,flamesafe,200,1,16,0,1,0,
1790404792.9158,flamesafe,200,1,17,0,1,0,
1790404792.9405,flamesafe,200,1,18,0,1,0,
1790404792.9655,flamesafe,200,1,19,0,1,0,
1790404792.9907,flamesafe,200,1,20,0,1,0,
1790404793.0158,flamesafe,200,1,21,0,1,0,
1790404793.0404,flamesafe,200,1,22,0,1,0,
1790404793.0656,flamesafe,200,1,23,0,1,0,
1790404793.0907,flamesafe,200,1,24,0,1,0,
1790404793.1154,flamesafe,200,1,25,0,1,0,
1790404793.1405,flamesafe,200,1,26,0,1,0,
1790404793.1658,flamesafe,200,1,27,0,1,0,
1790404793.1905,flamesafe,200,1,28,0,1,0,
1790404793.2156,flamesafe,200,1,29,0,1,0,
1790404793.2408,flamesafe,200,1,30,0,1,0,
1790404793.2654,flamesafe,200,1,31,0,1,0,
1790404793.2906,flamesafe,200,1,32,0,1,0,
1790404793.3157,flamesafe,200,1,33,0,1,0,
1790404793.3403,flamesafe,200,1,34,0,1,0,
1790404793.3654,flamesafe,200,1,35,0,1,0,
1790404793.3906,flamesafe,200,1,36,0,1,0,
1790404793.4158,flamesafe,200,1,37,0,1,0,
1790404793.4404,flamesafe,200,1,38,0,1,0,
1790404793.4656,flamesafe,200,1,39,0,1,0,
1790404793.4908,flamesafe,200,1,40,0,1,0,
1790404793.5154,flamesafe,200,1,41,0,1,0,
1790404793.5406,flamesafe,200,1,42,0,1,0,
1790404793.5657,flamesafe,200,1,43,0,1,0,
1790404793.5904,flamesafe,200,1,44,0,1,0,
1790404793.6155,flamesafe,200,1,45,0,1,0,
1790404793.6406,flamesafe,200,1,46,0,1,0,
1790404793.6658,flamesafe,200,1,47,0,1,0,
1790404793.6903,flamesafe,200,1,48,0,1,0,
1790404793.7155,flamesafe,200,1,49,0,1,0,
1790404793.7431,flamesafe,200,1,50,0,1,0,
1790404793.7658,flamesafe,200,1,51,0,1,0,
1790404793.7905,flamesafe,200,1,52,0,1,0,
1790404793.8156,flamesafe,200,1,53,0,1,0,
1790404793.8407,flamesafe,200,1,54,0,1,0,
1790404793.8654,flamesafe,200,1,55,0,1,0,
1790404793.8905,flamesafe,200,1,56,0,1,0,
1790404793.9157,flamesafe,200,1,57,0,1,0,
1790404793.9403,flamesafe,200,1,58,0,1,0,
1790404793.9654,flamesafe,200,1,59,0,1,0,
1790404793.9906,flamesafe,200,1,60,0,1,0,
1790404794.0157,flamesafe,200,1,61,0,1,0,
1790404794.0408,flamesafe,200,1,62,0,1,0,
1790404794.0654,flamesafe,200,1,63,0,1,0,
1790404794.0905,flamesafe,200,1,64,0,1,0,
1790404794.1156,flamesafe,200,1,65,0,1,0,
1790404794.1407,flamesafe,200,1,66,0,1,0,
1790404794.1654,flamesafe,200,1,67,0,1,0,
1790404794.1906,flamesafe,200,1,68,0,1,0,
1790404794.2157,flamesafe,200,1,69,0,1,0,
1790404794.2408,flamesafe,200,1,70,0,1,0,
1790404794.2655,flamesafe,200,1,71,0,1,0,
1790404794.2906,flamesafe,200,1,72,0,1,0,
1790404794.3158,flamesafe,200,1,73,0,1,0,
1790404794.3404,flamesafe,200,1,74,0,1,0,
1790404794.3656,flamesafe,200,1,75,0,1,0,
1790404794.3908,flamesafe,200,1,76,0,1,0,
1790404794.4154,flamesafe,200,1,77,0,1,0,
1790404794.4406,flamesafe,200,1,78,0,1,0,
1790404794.4657,flamesafe,200,1,79,0,1,0,
1790404794.4904,flamesafe,200,1,80,0,1,0,
1790404794.5155,flamesafe,200,1,81,0,1,0,
1790404794.5407,flamesafe,200,1,82,0,1,0,
1790404794.5658,flamesafe,200,1,83,0,1,0,
1790404794.5904,flamesafe,200,1,84,0,1,0,
1790404794.6155,flamesafe,200,1,85,0,1,0,
1790404794.6406,flamesafe,200,1,86,0,1,0,
1790404794.6657,flamesafe,200,1,87,0,1,0,
1790404794.6904,flamesafe,200,1,88,0,1,0,
1790404794.7155,flamesafe,200,1,89,0,1,0,
1790404794.7407,flamesafe,200,1,90,0,1,0,
1790404794.7654,flamesafe,200,1,91,0,1,0,
1790404794.7905,flamesafe,200,1,92,0,1,0,
1790404794.8156,flamesafe,200,1,93,0,1,0,
1790404794.8408,flamesafe,200,1,94,0,1,0,
1790404794.8654,flamesafe,200,1,95,0,1,0,
1790404794.8906,flamesafe,200,1,96,0,1,0,
1790404794.9156,flamesafe,200,1,97,0,1,0,
1790404794.9408,flamesafe,200,1,98,0,1,0,
1790404794.9654,flamesafe,200,1,99,0,1,0,
1790404794.9906,flamesafe,200,1,100,0,1,0,
1790404795.0157,flamesafe,200,1,101,0,1,0,
1790404795.0408,flamesafe,200,1,102,0,1,0,
1790404795.0654,flamesafe,200,1,103,0,1,0,
1790404795.0906,flamesafe,200,1,104,0,1,0,
1790404795.1158,flamesafe,200,1,105,0,1,0,
1790404795.1404,flamesafe,200,1,106,0,1,0,
1790404795.1655,flamesafe,200,1,107,0,1,0,
1790404795.1906,flamesafe,200,1,108,0,1,0,
1790404795.2157,flamesafe,200,1,109,0,1,0,
1790404795.2403,flamesafe,200,1,110,0,1,0,
1790404795.2654,flamesafe,200,1,111,0,1,0,
1790404795.2905,flamesafe,200,1,112,0,1,0,
1790404795.3156,flamesafe,200,1,113,0,1,0,
1790404795.3407,flamesafe,200,1,114,0,1,0,
1790404795.3653,flamesafe,200,1,115,0,1,0,
1790404795.3907,flamesafe,200,1,116,0,1,0,
1790404795.4158,flamesafe,200,1,117,0,1,0,
1790404795.4405,flamesafe,200,1,118,0,1,0,
1790404795.4656,flamesafe,200,1,119,0,1,0,
1790404795.4907,flamesafe,200,1,120,0,1,0,
1790404795.5158,flamesafe,200,1,121,0,1,0,
1790404795.5404,flamesafe,200,1,122,0,1,0,
1790404795.5655,flamesafe,200,1,123,0,1,0,
1790404795.5906,flamesafe,200,1,124,0,1,0,
1790404795.6153,flamesafe,200,1,125,0,1,0,
1790404795.6405,flamesafe,200,1,126,0,1,0,
1790404795.6657,flamesafe,200,1,127,0,1,0,
1790404795.6903,flamesafe,200,1,128,0,1,0,
1790404795.7155,flamesafe,200,1,129,0,1,0,
1790404795.7408,flamesafe,200,1,130,0,1,0,
1790404795.7658,flamesafe,200,1,131,0,1,0,
1790404795.7905,flamesafe,200,1,132,0,1,0,
1790404795.8157,flamesafe,200,1,133,0,1,0,
1790404795.8404,flamesafe,200,1,134,0,1,0,
1790404795.8655,flamesafe,200,1,135,0,1,0,
1790404795.8907,flamesafe,200,1,136,0,1,0,
1790404795.9154,flamesafe,200,1,137,0,1,0,
1790404795.9406,flamesafe,200,1,138,0,1,0,
1790404795.9658,flamesafe,200,1,139,0,1,0,
1790404795.9905,flamesafe,200,1,140,0,1,0,
1790404796.0158,flamesafe,200,1,141,0,1,0,
1790404796.0404,flamesafe,200,1,142,0,1,0,
1790404796.0655,flamesafe,200,1,143,0,1,0,
1790404796.0907,flamesafe,200,1,144,0,1,0,
1790404796.1158,flamesafe,200,1,145,0,1,0,
1790404796.1404,flamesafe,200,1,146,0,1,0,
1790404796.1656,flamesafe,200,1,147,0,1,0,
1790404796.1905,flamesafe,200,1,148,0,1,0,
1790404796.2158,flamesafe,200,1,149,0,1,0,
1790404796.2406,flamesafe,200,1,150,0,1,0,
1790404796.2658,flamesafe,200,1,151,0,1,0,
1790404796.2906,flamesafe,200,1,152,0,1,0,
1790404796.3158,flamesafe,200,1,153,0,1,0,
1790404796.3405,flamesafe,200,1,154,0,1,0,
1790404796.3657,flamesafe,200,1,155,0,1,0,
1790404796.3904,flamesafe,200,1,156,0,1,0,
1790404796.4156,flamesafe,200,1,157,0,1,0,
1790404796.4407,flamesafe,200,1,158,0,1,0,
1790404796.4654,flamesafe,200,1,159,0,1,0,
1790404796.4905,flamesafe,200,1,160,0,1,0,
1790404796.5157,flamesafe,200,1,161,0,1,0,
1790404796.5404,flamesafe,200,1,162,0,1,0,
1790404796.5656,flamesafe,200,1,163,0,1,0,
1790404796.5903,flamesafe,200,1,164,0,1,0,
1790404796.6156,flamesafe,200,1,165,0,1,0,
1790404796.6403,flamesafe,200,1,166,0,1,0,
1790404796.6655,flamesafe,200,1,167,0,1,0,
1790404796.6907,flamesafe,200,1,168,0,1,0,
1790404796.7155,flamesafe,200,1,169,0,1,0,
1790404796.7406,flamesafe,200,1,170,0,1,0,
1790404796.7655,flamesafe,200,1,171,0,1,0,
1790404796.7903,flamesafe,200,1,172,0,1,0,
1790404796.8156,flamesafe,200,1,173,0,1,0,
1790404796.8408,flamesafe,200,1,174,0,1,0,
1790404796.8655,flamesafe,200,1,175,0,1,0,
1790404796.8906,flamesafe,200,1,176,0,1,0,
1790404796.9158,flamesafe,200,1,177,0,1,0,
1790404796.9405,flamesafe,200,1,178,0,1,0,
1790404796.9656,flamesafe,200,1,179,0,1,0,
1790404796.9908,flamesafe,200,1,180,0,1,0,
1790404797.0155,flamesafe,200,1,181,0,1,0,
1790404797.0406,flamesafe,200,1,182,0,1,0,
1790404797.0653,flamesafe,200,1,183,0,1,0,
1790404797.0905,flamesafe,200,1,184,0,1,0,
1790404797.1157,flamesafe,200,1,185,0,1,0,
1790404797.1404,flamesafe,200,1,186,0,1,0,
1790404797.1655,flamesafe,200,1,187,0,1,0,
1790404797.1907,flamesafe,200,1,188,0,1,0,
1790404797.2158,flamesafe,200,1,189,0,1,0,
1790404797.2405,flamesafe,200,1,190,0,1,0,
1790404797.2656,flamesafe,200,1,191,0,1,0,
1790404797.2908,flamesafe,200,1,192,0,1,0,
1790404797.3153,flamesafe,200,1,193,0,1,0,
1790404797.3405,flamesafe,200,1,194,0,1,0,
1790404797.3656,flamesafe,200,1,195,0,1,0,
1790404797.3908,flamesafe,200,1,196,0,1,0,
1790404797.4154,flamesafe,200,1,197,0,1,0,
1790404797.4405,flamesafe,200,1,198,0,1,0,
1790404797.4657,flamesafe,200,1,199,0,1,0,
1790404797.4908,flamesafe,200,1,200,0,1,0,
1790404797.5154,flamesafe,200,1,201,0,1,0,
1790404797.5405,flamesafe,200,1,202,0,1,0,
1790404797.5656,flamesafe,200,1,203,0,1,0,
1790404797.5907,flamesafe,200,1,204,0,1,0,
1790404797.6154,flamesafe,200,1,205,0,1,0,
1790404797.6405,flamesafe,200,1,206,0,1,0,
1790404797.6657,flamesafe,200,1,207,0,1,0,
1790404797.6908,flamesafe,200,1,208,0,1,0,
1790404797.7154,flamesafe,200,1,209,0,1,0,
1790404797.7405,flamesafe,200,1,210,0,1,0,
1790404797.7656,flamesafe,200,1,211,0,1,0,
1790404797.7908,flamesafe,200,1,212,0,1,0,
1790404797.8155,flamesafe,200,1,213,0,1,0,
1790404797.8407,flamesafe,200,1,214,0,1,0,
1790404797.8658,flamesafe,200,1,215,0,1,0,
1790404797.8904,flamesafe,200,1,216,0,1,0,
1790404797.9156,flamesafe,200,1,217,0,1,0,
1790404797.9407,flamesafe,200,1,218,0,1,0,
1790404797.9654,flamesafe,200,1,219,0,1,0,
1790404797.9905,flamesafe,200,1,220,0,1,0,
1790404798.0157,flamesafe,200,1,221,0,1,0,
1790404798.0403,flamesafe,200,1,222,0,1,0,
1790404798.0655,flamesafe,200,1,223,0,1,0,
1790404798.0906,flamesafe,200,1,224,0,1,0,
1790404798.1158,flamesafe,200,1,225,0,1,0,
1790404798.1405,flamesafe,200,1,226,0,1,0,
1790404798.1656,flamesafe,200,1,227,0,1,0,
1790404798.1908,flamesafe,200,1,228,0,1,0,
1790404798.2154,flamesafe,200,1,229,0,1,0,
1790404798.2407,flamesafe,200,1,230,0,1,0,
1790404798.2654,flamesafe,200,1,231,0,1,0,
1790404798.2906,flamesafe,200,1,232,0,1,0,
1790404798.3157,flamesafe,200,1,233,0,1,0,
1790404798.3404,flamesafe,200,1,234,0,1,0,
1790404798.3656,flamesafe,200,1,235,0,1,0,
1790404798.3903,flamesafe,200,1,236,0,1,0,
1790404798.4154,flamesafe,200,1,237,0,1,0,
1790404798.4406,flamesafe,200,1,238,0,1,0,
1790404798.4657,flamesafe,200,1,239,0,1,0,
1790404798.4904,flamesafe,200,1,240,0,1,0,
1790404798.5158,flamesafe,200,1,241,0,1,0,
1790404798.5405,flamesafe,200,1,242,0,1,0,
1790404798.5656,flamesafe,200,1,243,0,1,0,
1790404798.5907,flamesafe,200,1,244,0,1,0,
1790404798.6158,flamesafe,200,1,245,0,1,0,
1790404798.6405,flamesafe,200,1,246,0,1,0,
1790404798.6655,flamesafe,200,1,247,0,1,0,
1790404798.6907,flamesafe,200,1,248,0,1,0,
1790404798.7158,flamesafe,200,1,249,0,1,0,
1790404798.7404,flamesafe,200,1,250,0,1,0,
1790404798.7655,flamesafe,200,1,251,0,1,0,
1790404798.7907,flamesafe,200,1,252,0,1,0,
1790404798.8158,flamesafe,200,1,253,0,1,0,
1790404798.8405,flamesafe,200,1,254,0,1,0,
1790404798.8657,flamesafe,200,1,255,0,1,0,
1790404798.8903,flamesafe,200,1,0,0,1,0,
1790404798.9155,flamesafe,200,1,1,0,1,0,
1790404798.9406,flamesafe,200,1,2,0,1,0,
1790404798.9657,flamesafe,200,1,3,0,1,0,
1790404798.9908,flamesafe,200,1,4,0,1,0,
1790404799.0156,flamesafe,200,1,5,0,1,0,
1790404799.0407,flamesafe,200,1,6,0,1,0,
1790404799.0654,flamesafe,200,1,7,0,1,0,
1790404799.0905,flamesafe,200,1,8,0,1,0,
1790404799.1157,flamesafe,200,1,9,0,1,0,
1790404799.1403,flamesafe,200,1,10,0,1,0,
1790404799.1654,flamesafe,200,1,11,0,1,0,
1790404799.1905,flamesafe,200,1,12,0,1,0,
1790404799.2157,flamesafe,200,1,13,0,1,0,
1790404799.2408,flamesafe,200,1,14,0,1,0,
1790404799.2654,flamesafe,200,1,15,0,1,0,
1790404799.2905,flamesafe,200,1,16,0,1,0,
1790404799.3154,flamesafe,200,1,17,0,1,0,
1790404799.3405,flamesafe,200,1,18,0,1,0,
1790404799.3656,flamesafe,200,1,19,0,1,0,
1790404799.3907,flamesafe,200,1,20,0,1,0,
1790404799.4158,flamesafe,200,1,21,0,1,0,
1790404799.4404,flamesafe,200,1,22,0,1,0,
1790404799.4655,flamesafe,200,1,23,0,1,0,
1790404799.4912,flamesafe,200,1,24,0,1,0,
1790404799.5158,flamesafe,200,1,25,0,1,0,
1790404799.5404,flamesafe,200,1,26,0,1,0,
1790404799.5655,flamesafe,200,1,27,0,1,0,
1790404799.5907,flamesafe,200,1,28,0,1,0,
1790404799.6158,flamesafe,200,1,29,0,1,0,
1790404799.6405,flamesafe,200,1,30,0,1,0,
1790404799.6656,flamesafe,200,1,31,0,1,0,
1790404799.6907,flamesafe,200,1,32,0,1,0,
1790404799.7158,flamesafe,200,1,33,0,1,0,
1790404799.7405,flamesafe,200,1,34,0,1,0,
1790404799.7656,flamesafe,200,1,35,0,1,0,
1790404799.7907,flamesafe,200,1,36,0,1,0,
1790404799.8154,flamesafe,200,1,37,0,1,0,
1790404799.8406,flamesafe,200,1,38,0,1,0,
1790404799.8657,flamesafe,200,1,39,0,1,0,
1790404799.8903,flamesafe,200,1,40,0,1,0,
1790404799.9155,flamesafe,200,1,41,0,1,0,
1790404799.9406,flamesafe,200,1,42,0,1,0,
1790404799.9658,flamesafe,200,1,43,0,1,0,
1790404799.9904,flamesafe,200,1,44,0,1,0,
1790404800.0156,flamesafe,200,1,45,0,1,0,
1790404800.0407,flamesafe,200,1,46,0,1,0,
1790404800.0658,flamesafe,200,1,47,0,1,0,
1790404800.0904,flamesafe,200,1,48,0,1,0,
1790404800.1155,flamesafe,200,1,49,0,1,0,
1790404800.1407,flamesafe,200,1,50,0,1,0,
1790404800.1658,flamesafe,200,1,51,0,1,0,
1790404800.1904,flamesafe,200,1,52,0,1,0,
1790404800.2155,flamesafe,200,1,53,0,1,0,
1790404800.2407,flamesafe,200,1,54,0,1,0,
1790404800.2657,flamesafe,200,1,55,0,1,0,
1790404800.2904,flamesafe,200,1,56,0,1,0,
1790404800.3155,flamesafe,200,1,57,0,1,0,
1790404800.3407,flamesafe,200,1,58,0,1,0,
1790404800.3658,flamesafe,200,1,59,0,1,0,
1790404800.3904,flamesafe,200,1,60,0,1,0,
1790404800.4154,flamesafe,200,1,61,0,1,0,
1790404800.4405,flamesafe,200,1,62,0,1,0,
1790404800.4656,flamesafe,200,1,63,0,1,0,
1790404800.4907,flamesafe,200,1,64,0,1,0,
1790404800.5158,flamesafe,200,1,65,0,1,0,
1790404800.5404,flamesafe,200,1,66,0,1,0,
1790404800.5655,flamesafe,200,1,67,0,1,0,
1790404800.5906,flamesafe,200,1,68,0,1,0,
1790404800.6158,flamesafe,200,1,69,0,1,0,
1790404800.6408,flamesafe,200,1,70,0,1,0,
1790404800.6654,flamesafe,200,1,71,0,1,0,
1790404800.6905,flamesafe,200,1,72,0,1,0,
1790404800.7157,flamesafe,200,1,73,0,1,0,
1790404800.7408,flamesafe,200,1,74,0,1,0,
1790404800.7656,flamesafe,200,1,75,0,1,0,
1790404800.7908,flamesafe,200,1,76,0,1,0,
1790404800.8154,flamesafe,200,1,77,0,1,0,
1790404800.8405,flamesafe,200,1,78,0,1,0,
1790404800.8656,flamesafe,200,1,79,0,1,0,
1790404800.8907,flamesafe,200,1,80,0,1,0,
1790404800.9154,flamesafe,200,1,81,0,1,0,
1790404800.9405,flamesafe,200,1,82,0,1,0,
1790404800.9656,flamesafe,200,1,83,0,1,0,
1790404800.9908,flamesafe,200,1,84,0,1,0,
1790404801.0154,flamesafe,200,1,85,0,1,0,
1790404801.0406,flamesafe,200,1,86,0,1,0,
1790404801.0657,flamesafe,200,1,87,0,1,0,
1790404801.0904,flamesafe,200,1,88,0,1,0,
1790404801.1155,flamesafe,200,1,89,0,1,0,
1790404801.1406,flamesafe,200,1,90,0,1,0,
1790404801.1658,flamesafe,200,1,91,0,1,0,
1790404801.1904,flamesafe,200,1,92,0,1,0,
1790404801.2156,flamesafe,200,1,93,0,1,0,
1790404801.2407,flamesafe,200,1,94,0,1,0,
1790404801.2658,flamesafe,200,1,95,0,1,0,
1790404801.2904,flamesafe,200,1,96,0,1,0,
1790404801.3156,flamesafe,200,1,97,0,1,0,
1790404801.3407,flamesafe,200,1,98,0,1,0,
1790404801.3658,flamesafe,200,1,99,0,1,0,
1790404801.3904,flamesafe,200,1,100,0,1,0,
1790404801.4156,flamesafe,200,1,101,0,1,0,
1790404801.4407,flamesafe,200,1,102,0,1,0,
1790404801.4658,flamesafe,200,1,103,0,1,0,
1790404801.4904,flamesafe,200,1,104,0,1,0,
1790404801.5155,flamesafe,200,1,105,0,1,0,
1790404801.5406,flamesafe,200,1,106,0,1,0,
1790404801.5657,flamesafe,200,1,107,0,1,0,
1790404801.5903,flamesafe,200,1,108,0,1,0,
1790404801.6155,flamesafe,200,1,109,0,1,0,
1790404801.6407,flamesafe,200,1,110,0,1,0,
1790404801.6658,flamesafe,200,1,111,0,1,0,
1790404801.6904,flamesafe,200,1,112,0,1,0,
1790404801.7156,flamesafe,200,1,113,0,1,0,
1790404801.7413,flamesafe,200,1,114,0,1,0,
1790404801.7658,flamesafe,200,1,115,0,1,0,
1790404801.7904,flamesafe,200,1,116,0,1,0,
1790404801.8155,flamesafe,200,1,117,0,1,0,
1790404801.8407,flamesafe,200,1,118,0,1,0,
1790404801.8658,flamesafe,200,1,119,0,1,0,
1790404801.8904,flamesafe,200,1,120,0,1,0,
1790404801.9155,flamesafe,200,1,121,0,1,0,
1790404801.9407,flamesafe,200,1,122,0,1,0,
1790404801.9658,flamesafe,200,1,123,0,1,0,
1790404801.9904,flamesafe,200,1,124,0,1,0,
1790404802.0155,flamesafe,200,1,125,0,1,0,
1790404802.0406,flamesafe,200,1,126,0,1,0,
1790404802.0657,flamesafe,200,1,127,0,1,0,
1790404802.0903,flamesafe,200,1,128,0,1,0,
1790404802.1154,flamesafe,200,1,129,0,1,0,
1790404802.1406,flamesafe,200,1,130,0,1,0,
1790404802.1654,flamesafe,200,1,131,0,1,0,
1790404802.1905,flamesafe,200,1,132,0,1,0,
1790404802.2157,flamesafe,200,1,133,0,1,0,
1790404802.2403,flamesafe,200,1,134,0,1,0,
1790404802.2654,flamesafe,200,1,135,0,1,0,
1790404802.2905,flamesafe,200,1,136,0,1,0,
1790404802.3157,flamesafe,200,1,137,0,1,0,
1790404802.3408,flamesafe,200,1,138,0,1,0,
1790404802.3654,flamesafe,200,1,139,0,1,0,
1790404802.3906,flamesafe,200,1,140,0,1,0,
1790404802.4157,flamesafe,200,1,141,0,1,0,
1790404802.4404,flamesafe,200,1,142,0,1,0,
1790404802.4655,flamesafe,200,1,143,0,1,0,
1790404802.4947,flamesafe,200,1,144,0,1,0,
1790404802.5158,flamesafe,200,1,145,0,1,0,
1790404802.5404,flamesafe,200,1,146,0,1,0,
1790404802.5655,flamesafe,200,1,147,0,1,0,
1790404802.5906,flamesafe,200,1,148,0,1,0,
1790404802.6163,flamesafe,200,1,149,0,1,0,
1790404802.6405,flamesafe,200,1,150,0,1,0,
1790404802.6656,flamesafe,200,1,151,0,1,0,
1790404802.6908,flamesafe,200,1,152,0,1,0,
1790404802.7155,flamesafe,200,1,153,0,1,0,
1790404802.7411,flamesafe,200,1,154,0,1,0,
1790404802.7654,flamesafe,200,1,155,0,1,0,
1790404802.7905,flamesafe,200,1,156,0,1,0,
1790404802.8157,flamesafe,200,1,157,0,1,0,
1790404802.8404,flamesafe,200,1,158,0,1,0,
1790404802.8655,flamesafe,200,1,159,0,1,0,
1790404802.8907,flamesafe,200,1,160,0,1,0,
1790404802.9158,flamesafe,200,1,161,0,1,0,
1790404802.9404,flamesafe,200,1,162,0,1,0,
1790404802.9655,flamesafe,200,1,163,0,1,0,
1790404802.9906,flamesafe,200,1,164,0,1,0,
1790404803.0158,flamesafe,200,1,165,0,1,0,
1790404803.0404,flamesafe,200,1,166,0,1,0,
1790404803.0655,flamesafe,200,1,167,0,1,0,
1790404803.0906,flamesafe,200,1,168,0,1,0,
1790404803.1157,flamesafe,200,1,169,0,1,0,
1790404803.1404,flamesafe,200,1,170,0,1,0,
1790404803.1655,flamesafe,200,1,171,0,1,0,
1790404803.1907,flamesafe,200,1,172,0,1,0,
1790404803.2153,flamesafe,200,1,173,0,1,0,
1790404803.2404,flamesafe,200,1,174,0,1,0,
1790404803.2656,flamesafe,200,1,175,0,1,0,
1790404803.2908,flamesafe,200,1,176,0,1,0,
1790404803.3154,flamesafe,200,1,177,0,1,0,
1790404803.3405,flamesafe,200,1,178,0,1,0,
1790404803.3657,flamesafe,200,1,179,0,1,0,
1790404803.3908,flamesafe,200,1,180,0,1,0,
1790404803.4155,flamesafe,200,1,181,0,1,0,
1790404803.4407,flamesafe,200,1,182,0,1,0,
1790404803.4658,flamesafe,200,1,183,0,1,0,
1790404803.4904,flamesafe,200,1,184,0,1,0,
1790404803.5155,flamesafe,200,1,185,0,1,0,
1790404803.5407,flamesafe,200,1,186,0,1,0,
1790404803.5657,flamesafe,200,1,187,0,1,0,
1790404803.5908,flamesafe,200,1,188,0,1,0,
1790404803.6154,flamesafe,200,1,189,0,1,0,
1790404803.6405,flamesafe,200,1,190,0,1,0,
1790404803.6656,flamesafe,200,1,191,0,1,0,
1790404803.6908,flamesafe,200,1,192,0,1,0,
1790404803.7155,flamesafe,200,1,193,0,1,0,
1790404803.7412,flamesafe,200,1,194,0,1,0,
1790404803.7658,flamesafe,200,1,195,0,1,0,
1790404803.7904,flamesafe,200,1,196,0,1,0,
1790404803.8155,flamesafe,200,1,197,0,1,0,
1790404803.8407,flamesafe,200,1,198,0,1,0,
1790404803.8658,flamesafe,200,1,199,0,1,0,
1790404803.8904,flamesafe,200,1,200,0,1,0,
1790404803.9155,flamesafe,200,1,201,0,1,0,
1790404803.9405,flamesafe,200,1,202,0,1,0,
1790404803.9656,flamesafe,200,1,203,0,1,0,
1790404803.9907,flamesafe,200,1,204,0,1,0,
1790404804.0154,flamesafe,200,1,205,0,1,0,
1790404804.0406,flamesafe,200,1,206,0,1,0,
1790404804.0657,flamesafe,200,1,207,0,1,0,
1790404804.0908,flamesafe,200,1,208,0,1,0,
1790404804.1154,flamesafe,200,1,209,0,1,0,
1790404804.1405,flamesafe,200,1,210,0,1,0,
1790404804.1657,flamesafe,200,1,211,0,1,0,
1790404804.1908,flamesafe,200,1,212,0,1,0,
1790404804.2154,flamesafe,200,1,213,0,1,0,
1790404804.2406,flamesafe,200,1,214,0,1,0,
1790404804.2656,flamesafe,200,1,215,0,1,0,
1790404804.2904,flamesafe,200,1,216,0,1,0,
1790404804.3155,flamesafe,200,1,217,0,1,0,
1790404804.3406,flamesafe,200,1,218,0,1,0,
1790404804.3656,flamesafe,200,1,219,0,1,0,
1790404804.3908,flamesafe,200,1,220,0,1,0,
1790404804.4154,flamesafe,200,1,221,0,1,0,
1790404804.4405,flamesafe,200,1,222,0,1,0,
1790404804.4656,flamesafe,200,1,223,0,1,0,
1790404804.4907,flamesafe,200,1,224,0,1,0,
1790404804.5154,flamesafe,200,1,225,0,1,0,
1790404804.5406,flamesafe,200,1,226,0,1,0,
1790404804.5657,flamesafe,200,1,227,0,1,0,
1790404804.5905,flamesafe,200,1,228,0,1,0,
1790404804.6157,flamesafe,200,1,229,0,1,0,
1790404804.6408,flamesafe,200,1,230,0,1,0,
1790404804.6654,flamesafe,200,1,231,0,1,0,
1790404804.6905,flamesafe,200,1,232,0,1,0,
1790404804.7156,flamesafe,200,1,233,0,1,0,
1790404804.7408,flamesafe,200,1,234,0,1,0,
1790404804.7654,flamesafe,200,1,235,0,1,0,
1790404804.7905,flamesafe,200,1,236,0,1,0,
1790404804.8156,flamesafe,200,1,237,0,1,0,
1790404804.8407,flamesafe,200,1,238,0,1,0,
1790404804.8654,flamesafe,200,1,239,0,1,0,
1790404804.8905,flamesafe,200,1,240,0,1,0,
1790404804.9156,flamesafe,200,1,241,0,1,0,
1790404804.9407,flamesafe,200,1,242,0,1,0,
1790404804.9654,flamesafe,200,1,243,0,1,0,
1790404804.9905,flamesafe,200,1,244,0,1,0,
1790404805.0157,flamesafe,200,1,245,0,1,0,
1790404805.0403,flamesafe,200,1,246,0,1,0,
1790404805.0655,flamesafe,200,1,247,0,1,0,
1790404805.0906,flamesafe,200,1,248,0,1,0,
1790404805.1157,flamesafe,200,1,249,0,1,0,
1790404805.1403,flamesafe,200,1,250,0,1,0,
1790404805.1657,flamesafe,200,1,251,0,1,0,
1790404805.1908,flamesafe,200,1,252,0,1,0,
1790404805.2154,flamesafe,200,1,253,0,1,0,
1790404805.2406,flamesafe,200,1,254,0,1,0,
1790404805.2657,flamesafe,200,1,255,0,1,0,
1790404805.2908,flamesafe,200,1,0,0,1,0,
1790404805.3154,flamesafe,200,1,1,0,1,0,
1790404805.3406,flamesafe,200,1,2,0,1,0,
1790404805.3662,flamesafe,200,1,3,0,1,0,
1790404805.3904,flamesafe,200,1,4,0,1,0,
1790404805.4155,flamesafe,200,1,5,0,1,0,
1790404805.4404,flamesafe,200,1,6,0,1,0,
1790404805.4655,flamesafe,200,1,7,0,1,0,
1790404805.4907,flamesafe,200,1,8,0,1,0,
1790404805.5158,flamesafe,200,1,9,0,1,0,
1790404805.5404,flamesafe,200,1,10,0,1,0,
1790404805.5654,flamesafe,200,1,11,0,1,0,
1790404805.5905,flamesafe,200,1,12,0,1,0,
1790404805.6161,flamesafe,200,1,13,0,1,0,
1790404805.6407,flamesafe,200,1,14,0,1,0,
1790404805.6658,flamesafe,200,1,15,0,1,0,
1790404805.6904,flamesafe,200,1,16,0,1,0,
1790404805.7155,flamesafe,200,1,17,0,1,0,
1790404805.7412,flamesafe,200,1,18,0,1,0,
1790404805.7658,flamesafe,200,1,19,0,1,0,
1790404805.7904,flamesafe,200,1,20,0,1,0,
1790404805.8155,flamesafe,200,1,21,0,1,0,
1790404805.8407,flamesafe,200,1,22,0,1,0,
1790404805.8653,flamesafe,200,1,23,0,1,0,
1790404805.8905,flamesafe,200,1,24,0,1,0,
1790404805.9156,flamesafe,200,1,25,0,1,0,
1790404805.9407,flamesafe,200,1,26,0,1,0,
1790404805.9658,flamesafe,200,1,27,0,1,0,
1790404805.9904,flamesafe,200,1,28,0,1,0,
1790404806.0155,flamesafe,200,1,29,0,1,0,
1790404806.0407,flamesafe,200,1,30,0,1,0,
1790404806.0654,flamesafe,200,1,31,0,1,0,
1790404806.0905,flamesafe,200,1,32,0,1,0,
1790404806.1157,flamesafe,200,1,33,0,1,0,
1790404806.1403,flamesafe,200,1,34,0,1,0,
1790404806.1655,flamesafe,200,1,35,0,1,0,
1790404806.1906,flamesafe,200,1,36,0,1,0,
1790404806.2157,flamesafe,200,1,37,0,1,0,
1790404806.2408,flamesafe,200,1,38,0,1,0,
1790404806.2654,flamesafe,200,1,39,0,1,0,
1790404806.2906,flamesafe,200,1,40,0,1,0,
1790404806.3157,flamesafe,200,1,41,0,1,0,
1790404806.3408,flamesafe,200,1,42,0,1,0,
1790404806.3655,flamesafe,200,1,43,0,1,0,
1790404806.3906,flamesafe,200,1,44,0,1,0,
1790404806.4158,flamesafe,200,1,45,0,1,0,
1790404806.4404,flamesafe,200,1,46,0,1,0,
1790404806.4655,flamesafe,200,1,47,0,1,0,
1790404806.4906,flamesafe,200,1,48,0,1,0,
1790404806.5157,flamesafe,200,1,49,0,1,0,
1790404806.5404,flamesafe,200,1,50,0,1,0,
1790404806.5655,flamesafe,200,1,51,0,1,0,
1790404806.5906,flamesafe,200,1,52,0,1,0,
1790404806.6157,flamesafe,200,1,53,0,1,0,
1790404806.6404,flamesafe,200,1,54,0,1,0,
1790404806.6655,flamesafe,200,1,55,0,1,0,
1790404806.6906,flamesafe,200,1,56,0,1,0,
1790404806.7157,flamesafe,200,1,57,0,1,0,
1790404806.7404,flamesafe,200,1,58,0,1,0,
1790404806.7655,flamesafe,200,1,59,0,1,0,
1790404806.7906,flamesafe,200,1,60,0,1,0,
1790404806.8157,flamesafe,200,1,61,0,1,0,
1790404806.8404,flamesafe,200,1,62,0,1,0,
1790404806.8655,flamesafe,200,1,63,0,1,0,
1790404806.8906,flamesafe,200,1,64,0,1,0,
1790404806.9157,flamesafe,200,1,65,0,1,0,
1790404806.9404,flamesafe,200,1,66,0,1,0,
1790404806.9655,flamesafe,200,1,67,0,1,0,
1790404806.9906,flamesafe,200,1,68,0,1,0,
1790404807.0157,flamesafe,200,1,69,0,1,0,
1790404807.0403,flamesafe,200,1,70,0,1,0,
1790404807.0655,flamesafe,200,1,71,0,1,0,
1790404807.0906,flamesafe,200,1,72,0,1,0,
1790404807.1157,flamesafe,200,1,73,0,1,0,
1790404807.1404,flamesafe,200,1,74,0,1,0,
1790404807.1655,flamesafe,200,1,75,0,1,0,
1790404807.1906,flamesafe,200,1,76,0,1,0,
1790404807.2158,flamesafe,200,1,77,0,1,0,
1790404807.2404,flamesafe,200,1,78,0,1,0,
1790404807.2656,flamesafe,200,1,79,0,1,0,
1790404807.2907,flamesafe,200,1,80,0,1,0,
1790404807.3158,flamesafe,200,1,81,0,1,0,
1790404807.3405,flamesafe,200,1,82,0,1,0,
1790404807.3656,flamesafe,200,1,83,0,1,0,
1790404807.3908,flamesafe,200,1,84,0,1,0,
1790404807.4154,flamesafe,200,1,85,0,1,0,
1790404807.4405,flamesafe,200,1,86,0,1,0,
1790404807.4656,flamesafe,200,1,87,0,1,0,
1790404807.4907,flamesafe,200,1,88,0,1,0,
1790404807.5153,flamesafe,200,1,89,0,1,0,
1790404807.5404,flamesafe,200,1,90,0,1,0,
1790404807.5655,flamesafe,200,1,91,0,1,0,
1790404807.5906,flamesafe,200,1,92,0,1,0,
1790404807.6157,flamesafe,200,1,93,0,1,0,
1790404807.6408,flamesafe,200,1,94,0,1,0,
1790404807.6654,flamesafe,200,1,95,0,1,0,
1790404807.6905,flamesafe,200,1,96,0,1,0,
1790404807.7156,flamesafe,200,1,97,0,1,0,
1790404807.7427,flamesafe,200,1,98,0,1,0,
1790404807.7658,flamesafe,200,1,99,0,1,0,
1790404807.7904,flamesafe,200,1,100,0,1,0,
1790404807.8155,flamesafe,200,1,101,0,1,0,
1790404807.8407,flamesafe,200,1,102,0,1,0,
1790404807.8663,flamesafe,200,1,103,0,1,0,
1790404807.8904,flamesafe,200,1,104,0,1,0,
1790404807.9155,flamesafe,200,1,105,0,1,0,
1790404807.9406,flamesafe,200,1,106,0,1,0,
1790404807.9657,flamesafe,200,1,107,0,1,0,
1790404807.9908,flamesafe,200,1,108,0,1,0,
1790404808.0154,flamesafe,200,1,109,0,1,0,
1790404808.0405,flamesafe,200,1,110,0,1,0,
1790404808.0657,flamesafe,200,1,111,0,1,0,
1790404808.0908,flamesafe,200,1,112,0,1,0,
1790404808.1163,flamesafe,200,1,113,0,1,0,
1790404808.1404,flamesafe,200,1,114,0,1,0,
1790404808.1655,flamesafe,200,1,115,0,1,0,
1790404808.1906,flamesafe,200,1,116,0,1,0,
1790404808.2157,flamesafe,200,1,117,0,1,0,
1790404808.2403,flamesafe,200,1,118,0,1,0,
1790404808.2654,flamesafe,200,1,119,0,1,0,
1790404808.2905,flamesafe,200,1,120,0,1,0,
1790404808.3157,flamesafe,200,1,121,0,1,0,
1790404808.3468,flamesafe,200,1,122,0,1,0,
1790404808.3654,flamesafe,200,1,123,0,1,0,
1790404808.3905,flamesafe,200,1,124,0,1,0,
1790404808.4156,flamesafe,200,1,125,0,1,0,
1790404808.4407,flamesafe,200,1,126,0,1,0,
1790404808.4654,flamesafe,200,1,127,0,1,0,
1790404808.4904,flamesafe,200,1,128,0,1,0,
1790404808.5155,flamesafe,200,1,129,0,1,0,
1790404808.5406,flamesafe,200,1,130,0,1,0,
1790404808.5657,flamesafe,200,1,131,0,1,0,
1790404808.5903,flamesafe,200,1,132,0,1,0,
1790404808.6155,flamesafe,200,1,133,0,1,0,
1790404808.6403,flamesafe,200,1,134,0,1,0,
1790404808.6655,flamesafe,200,1,135,0,1,0,
1790404808.6906,flamesafe,200,1,136,0,1,0,
1790404808.7157,flamesafe,200,1,137,0,1,0,
1790404808.7403,flamesafe,200,1,138,0,1,0,
1790404808.7654,flamesafe,200,1,139,0,1,0,
1790404808.7906,flamesafe,200,1,140,0,1,0,
1790404808.8157,flamesafe,200,1,141,0,1,0,
1790404808.8403,flamesafe,200,1,142,0,1,0,
1790404808.8655,flamesafe,200,1,143,0,1,0,
1790404808.8906,flamesafe,200,1,144,0,1,0,
1790404808.9157,flamesafe,200,1,145,0,1,0,
1790404808.9408,flamesafe,200,1,146,0,1,0,
1790404808.9654,flamesafe,200,1,147,0,1,0,
1790404808.9906,flamesafe,200,1,148,0,1,0,
1790404809.0156,flamesafe,200,1,149,0,1,0,
1790404809.0408,flamesafe,200,1,150,0,1,0,
1790404809.0654,flamesafe,200,1,151,0,1,0,
1790404809.0905,flamesafe,200,1,152,0,1,0,
1790404809.1166,flamesafe,200,1,153,0,1,0,
1790404809.1408,flamesafe,200,1,154,0,1,0,
1790404809.1657,flamesafe,200,1,155,0,1,0,
1790404809.1904,flamesafe,200,1,156,0,1,0,
1790404809.2155,flamesafe,200,1,157,0,1,0,
1790404809.2406,flamesafe,200,1,158,0,1,0,
1790404809.2658,flamesafe,200,1,159,0,1,0,
1790404809.2904,flamesafe,200,1,160,0,1,0,
1790404809.3155,flamesafe,200,1,161,0,1,0,
1790404809.3407,flamesafe,200,1,162,0,1,0,
1790404809.3658,flamesafe,200,1,163,0,1,0,
1790404809.3904,flamesafe,200,1,164,0,1,0,
1790404809.4156,flamesafe,200,1,165,0,1,0,
1790404809.4408,flamesafe,200,1,166,0,1,0,
1790404809.4654,flamesafe,200,1,167,0,1,0,
1790404809.4905,flamesafe,200,1,168,0,1,0,
1790404809.5157,flamesafe,200,1,169,0,1,0,
1790404809.5408,flamesafe,200,1,170,0,1,0,
1790404809.5654,flamesafe,200,1,171,0,1,0,
1790404809.5911,flamesafe,200,1,172,0,1,0,
1790404809.6157,flamesafe,200,1,173,0,1,0,
1790404809.6408,flamesafe,200,1,174,0,1,0,
1790404809.6654,flamesafe,200,1,175,0,1,0,
1790404809.6905,flamesafe,200,1,176,0,1,0,
1790404809.7156,flamesafe,200,1,177,0,1,0,
1790404809.7407,flamesafe,200,1,178,0,1,0,
1790404809.7654,flamesafe,200,1,179,0,1,0,
1790404809.7906,flamesafe,200,1,180,0,1,0,
1790404809.8157,flamesafe,200,1,181,0,1,0,
1790404809.8403,flamesafe,200,1,182,0,1,0,
1790404809.8655,flamesafe,200,1,183,0,1,0,
1790404809.8906,flamesafe,200,1,184,0,1,0,
1790404809.9158,flamesafe,200,1,185,0,1,0,
1790404809.9404,flamesafe,200,1,186,0,1,0,
1790404809.9656,flamesafe,200,1,187,0,1,0,
1790404809.9907,flamesafe,200,1,188,0,1,0,
1790404810.0154,flamesafe,200,1,189,0,1,0,
1790404810.0405,flamesafe,200,1,190,0,1,0,
1790404810.0658,flamesafe,200,1,191,0,1,0,
1790404810.0905,flamesafe,200,1,192,0,1,0,
1790404810.1156,flamesafe,200,1,193,0,1,0,
1790404810.1407,flamesafe,200,1,194,0,1,0,
1790404810.1658,flamesafe,200,1,195,0,1,0,
1790404810.1904,flamesafe,200,1,196,0,1,0,
1790404810.2155,flamesafe,200,1,197,0,1,0,
1790404810.2407,flamesafe,200,1,198,0,1,0,
1790404810.2658,flamesafe,200,1,199,0,1,0,
1790404810.2905,flamesafe,200,1,200,0,1,0,
1790404810.3156,flamesafe,200,1,201,0,1,0,
1790404810.3407,flamesafe,200,1,202,0,1,0,
1790404810.3658,flamesafe,200,1,203,0,1,0,
1790404810.3905,flamesafe,200,1,204,0,1,0,
1790404810.4157,flamesafe,200,1,205,0,1,0,
1790404810.4408,flamesafe,200,1,206,0,1,0,
1790404810.4657,flamesafe,200,1,207,0,1,0,
1790404810.4904,flamesafe,200,1,208,0,1,0,
1790404810.5156,flamesafe,200,1,209,0,1,0,
1790404810.5407,flamesafe,200,1,210,0,1,0,
1790404810.5655,flamesafe,200,1,211,0,1,0,
1790404810.5906,flamesafe,200,1,212,0,1,0,
1790404810.6158,flamesafe,200,1,213,0,1,0,
1790404810.6404,flamesafe,200,1,214,0,1,0,
1790404810.6657,flamesafe,200,1,215,0,1,0,
1790404810.6905,flamesafe,200,1,216,0,1,0,
1790404810.7157,flamesafe,200,1,217,0,1,0,
1790404810.7408,flamesafe,200,1,218,0,1,0,
1790404810.7653,flamesafe,200,1,219,0,1,0,
1790404810.7906,flamesafe,200,1,220,0,1,0,
1790404810.8158,flamesafe,200,1,221,0,1,0,
1790404810.8406,flamesafe,200,1,222,0,1,0,
1790404810.8654,flamesafe,200,1,223,0,1,0,
1790404810.8906,flamesafe,200,1,224,0,1,0,
1790404810.9153,flamesafe,200,1,225,0,1,0,
1790404810.9406,flamesafe,200,1,226,0,1,0,
1790404810.9658,flamesafe,200,1,227,0,1,0,
1790404810.9906,flamesafe,200,1,228,0,1,0,
1790404811.0158,flamesafe,200,1,229,0,1,0,
1790404811.0405,flamesafe,200,1,230,0,1,0,
1790404811.0657,flamesafe,200,1,231,0,1,0,
1790404811.0905,flamesafe,200,1,232,0,1,0,
1790404811.1154,flamesafe,200,1,233,0,1,0,
1790404811.1406,flamesafe,200,1,234,0,1,0,
1790404811.1657,flamesafe,200,1,235,0,1,0,
1790404811.1904,flamesafe,200,1,236,0,1,0,
1790404811.2156,flamesafe,200,1,237,0,1,0,
1790404811.2407,flamesafe,200,1,238,0,1,0,
1790404811.2654,flamesafe,200,1,239,0,1,0,
1790404811.2906,flamesafe,200,1,240,0,1,0,
1790404811.3157,flamesafe,200,1,241,0,1,0,
1790404811.3404,flamesafe,200,1,242,0,1,0,
1790404811.3655,flamesafe,200,1,243,0,1,0,
1790404811.3907,flamesafe,200,1,244,0,1,0,
1790404811.4154,flamesafe,200,1,245,0,1,0,
1790404811.4405,flamesafe,200,1,246,0,1,0,
1790404811.4657,flamesafe,200,1,247,0,1,0,
1790404811.4903,flamesafe,200,1,248,0,1,0,
1790404811.5155,flamesafe,200,1,249,0,1,0,
1790404811.5407,flamesafe,200,1,250,0,1,0,
1790404811.5658,flamesafe,200,1,251,0,1,0,
1790404811.5904,flamesafe,200,1,252,0,1,0,
1790404811.6156,flamesafe,200,1,253,0,1,0,
1790404811.6408,flamesafe,200,1,254,0,1,0,
1790404811.6655,flamesafe,200,1,255,0,1,0,
1790404811.6908,flamesafe,200,1,0,0,1,0,
1790404811.7154,flamesafe,200,1,1,0,1,0,
1790404811.7406,flamesafe,200,1,2,0,1,0,
1790404811.7658,flamesafe,200,1,3,0,1,0,
1790404811.7904,flamesafe,200,1,4,0,1,0,
1790404811.8156,flamesafe,200,1,5,0,1,0,
1790404811.8408,flamesafe,200,1,6,0,1,0,
1790404811.8654,flamesafe,200,1,7,0,1,0,
1790404811.8907,flamesafe,200,1,8,0,1,0,
1790404811.9158,flamesafe,200,1,9,0,1,0,
1790404811.9405,flamesafe,200,1,10,0,1,0,
1790404811.9657,flamesafe,200,1,11,0,1,0,
1790404811.9904,flamesafe,200,1,12,0,1,0,
1790404812.0156,flamesafe,200,1,13,0,1,0,
1790404812.0407,flamesafe,200,1,14,0,1,0,
1790404812.0654,flamesafe,200,1,15,0,1,0,
1790404812.0906,flamesafe,200,1,16,0,1,0,
1790404812.1157,flamesafe,200,1,17,0,1,0,
1790404812.1404,flamesafe,200,1,18,0,1,0,
1790404812.1656,flamesafe,200,1,19,0,1,0,
1790404812.1908,flamesafe,200,1,20,0,1,0,
1790404812.2155,flamesafe,200,1,21,0,1,0,
1790404812.2407,flamesafe,200,1,22,0,1,0,
1790404812.2654,flamesafe,200,1,23,0,1,0,
1790404812.2907,flamesafe,200,1,24,0,1,0,
1790404812.3158,flamesafe,200,1,25,0,1,0,
1790404812.3404,flamesafe,200,1,26,0,1,0,
1790404812.3656,flamesafe,200,1,27,0,1,0,
1790404812.3907,flamesafe,200,1,28,0,1,0,
1790404812.4154,flamesafe,200,1,29,0,1,0,
1790404812.4406,flamesafe,200,1,30,0,1,0,
1790404812.4657,flamesafe,200,1,31,0,1,0,
1790404812.4908,flamesafe,200,1,32,0,1,0,
1790404812.5155,flamesafe,200,1,33,0,1,0,
1790404812.5406,flamesafe,200,1,34,0,1,0,
1790404812.5657,flamesafe,200,1,35,0,1,0,
1790404812.5904,flamesafe,200,1,36,0,1,0,
1790404812.6156,flamesafe,200,1,37,0,1,0,
1790404812.6408,flamesafe,200,1,38,0,1,0,
1790404812.6655,flamesafe,200,1,39,0,1,0,
1790404812.6906,flamesafe,200,1,40,0,1,0,
1790404812.7158,flamesafe,200,1,41,0,1,0,
1790404812.7405,flamesafe,200,1,42,0,1,0,
1790404812.7656,flamesafe,200,1,43,0,1,0,
1790404812.7907,flamesafe,200,1,44,0,1,0,
1790404812.8154,flamesafe,200,1,45,0,1,0,
1790404812.8406,flamesafe,200,1,46,0,1,0,
1790404812.8657,flamesafe,200,1,47,0,1,0,
1790404812.8904,flamesafe,200,1,48,0,1,0,
1790404812.9156,flamesafe,200,1,49,0,1,0,
1790404812.9403,flamesafe,200,1,50,0,1,0,
1790404812.9656,flamesafe,200,1,51,0,1,0,
1790404812.9907,flamesafe,200,1,52,0,1,0,
1790404813.0154,flamesafe,200,1,53,0,1,0,
1790404813.0405,flamesafe,200,1,54,0,1,0,
1790404813.0657,flamesafe,200,1,55,0,1,0,
1790404813.0904,flamesafe,200,1,56,0,1,0,
1790404813.1155,flamesafe,200,1,57,0,1,0,
1790404813.1407,flamesafe,200,1,58,0,1,0,
1790404813.1654,flamesafe,200,1,59,0,1,0,
1790404813.1906,flamesafe,200,1,60,0,1,0,
1790404813.2158,flamesafe,200,1,61,0,1,0,
1790404813.2404,flamesafe,200,1,62,0,1,0,
1790404813.2655,flamesafe,200,1,63,0,1,0,
1790404813.2907,flamesafe,200,1,64,0,1,0,
1790404813.3153,flamesafe,200,1,65,0,1,0,
1790404813.3405,flamesafe,200,1,66,0,1,0,
1790404813.3657,flamesafe,200,1,67,0,1,0,
1790404813.3904,flamesafe,200,1,68,0,1,0,
1790404813.4155,flamesafe,200,1,69,0,1,0,
1790404813.4407,flamesafe,200,1,70,0,1,0,
1790404813.4654,flamesafe,200,1,71,0,1,0,
1790404813.4906,flamesafe,200,1,72,0,1,0,
1790404813.5158,flamesafe,200,1,73,0,1,0,
1790404813.5404,flamesafe,200,1,74,0,1,0,
1790404813.5656,flamesafe,200,1,75,0,1,0,
1790404813.5908,flamesafe,200,1,76,0,1,0,
1790404813.6155,flamesafe,200,1,77,0,1,0,
1790404813.6407,flamesafe,200,1,78,0,1,0,
1790404813.6654,flamesafe,200,1,79,0,1,0,
1790404813.6906,flamesafe,200,1,80,0,1,0,
1790404813.7157,flamesafe,200,1,81,0,1,0,
1790404813.7403,flamesafe,200,1,82,0,1,0,
1790404813.7657,flamesafe,200,1,83,0,1,0,
1790404813.7904,flamesafe,200,1,84,0,1,0,
1790404813.8156,flamesafe,200,1,85,0,1,0,
1790404813.8407,flamesafe,200,1,86,0,1,0,
1790404813.8658,flamesafe,200,1,87,0,1,0,
1790404813.8905,flamesafe,200,1,88,0,1,0,
1790404813.9157,flamesafe,200,1,89,0,1,0,
1790404813.9408,flamesafe,200,1,90,0,1,0,
1790404813.9654,flamesafe,200,1,91,0,1,0,
1790404813.9906,flamesafe,200,1,92,0,1,0,
1790404814.0157,flamesafe,200,1,93,0,1,0,
1790404814.0408,flamesafe,200,1,94,0,1,0,
1790404814.0657,flamesafe,200,1,95,0,1,0,
1790404814.0904,flamesafe,200,1,96,0,1,0,
1790404814.1155,flamesafe,200,1,97,0,1,0,
1790404814.1406,flamesafe,200,1,98,0,1,0,
1790404814.1653,flamesafe,200,1,99,0,1,0,
1790404814.1905,flamesafe,200,1,100,0,1,0,
1790404814.2157,flamesafe,200,1,101,0,1,0,
1790404814.2404,flamesafe,200,1,102,0,1,0,
1790404814.2655,flamesafe,200,1,103,0,1,0,
1790404814.2906,flamesafe,200,1,104,0,1,0,
1790404814.3158,flamesafe,200,1,105,0,1,0,
1790404814.3405,flamesafe,200,1,106,0,1,0,
1790404814.3655,flamesafe,200,1,107,0,1,0,
1790404814.3907,flamesafe,200,1,108,0,1,0,
1790404814.4154,flamesafe,200,1,109,0,1,0,
1790404814.4406,flamesafe,200,1,110,0,1,0,
1790404814.4658,flamesafe,200,1,111,0,1,0,
1790404814.4905,flamesafe,200,1,112,0,1,0,
1790404814.5158,flamesafe,200,1,113,0,1,0,
1790404814.5405,flamesafe,200,1,114,0,1,0,
1790404814.5657,flamesafe,200,1,115,0,1,0,
1790404814.5904,flamesafe,200,1,116,0,1,0,
1790404814.6160,flamesafe,200,1,117,0,1,0,
1790404814.6404,flamesafe,200,1,118,0,1,0,
1790404814.6656,flamesafe,200,1,119,0,1,0,
1790404814.6905,flamesafe,200,1,120,0,1,0,
1790404814.7157,flamesafe,200,1,121,0,1,0,
1790404814.7404,flamesafe,200,1,122,0,1,0,
1790404814.7655,flamesafe,200,1,123,0,1,0,
1790404814.7907,flamesafe,200,1,124,0,1,0,
1790404814.8154,flamesafe,200,1,125,0,1,0,
1790404814.8406,flamesafe,200,1,126,0,1,0,
1790404814.8657,flamesafe,200,1,127,0,1,0,
1790404814.8904,flamesafe,200,1,128,0,1,0,
1790404814.9156,flamesafe,200,1,129,0,1,0,
1790404814.9408,flamesafe,200,1,130,0,1,0,
1790404814.9655,flamesafe,200,1,131,0,1,0,
1790404814.9908,flamesafe,200,1,132,0,1,0,
1790404815.0155,flamesafe,200,1,133,0,1,0,
1790404815.0407,flamesafe,200,1,134,0,1,0,
1790404815.0654,flamesafe,200,1,135,0,1,0,
1790404815.0907,flamesafe,200,1,136,0,1,0,
1790404815.1158,flamesafe,200,1,137,0,1,0,
1790404815.1405,flamesafe,200,1,138,0,1,0,
1790404815.1655,flamesafe,200,1,139,0,1,0,
1790404815.1907,flamesafe,200,1,140,0,1,0,
1790404815.2154,flamesafe,200,1,141,0,1,0,
1790404815.2405,flamesafe,200,1,142,0,1,0,
1790404815.2657,flamesafe,200,1,143,0,1,0,
1790404815.2905,flamesafe,200,1,144,0,1,0,
1790404815.3157,flamesafe,200,1,145,0,1,0,
1790404815.3404,flamesafe,200,1,146,0,1,0,
1790404815.3656,flamesafe,200,1,147,0,1,0,
1790404815.3908,flamesafe,200,1,148,0,1,0,
1790404815.4155,flamesafe,200,1,149,0,1,0,
1790404815.4407,flamesafe,200,1,150,0,1,0,
1790404815.4654,flamesafe,200,1,151,0,1,0,
1790404815.4906,flamesafe,200,1,152,0,1,0,
1790404815.5154,flamesafe,200,1,153,0,1,0,
1790404815.5405,flamesafe,200,1,154,0,1,0,
1790404815.5657,flamesafe,200,1,155,0,1,0,
1790404815.5905,flamesafe,200,1,156,0,1,0,
1790404815.6156,flamesafe,200,1,157,0,1,0,
1790404815.6407,flamesafe,200,1,158,0,1,0,
1790404815.6654,flamesafe,200,1,159,0,1,0,
1790404815.6907,flamesafe,200,1,160,0,1,0,
1790404815.7154,flamesafe,200,1,161,0,1,0,
1790404815.7405,flamesafe,200,1,162,0,1,0,
1790404815.7657,flamesafe,200,1,163,0,1,0,
1790404815.7904,flamesafe,200,1,164,0,1,0,
1790404815.8156,flamesafe,200,1,165,0,1,0,
1790404815.8403,flamesafe,200,1,166,0,1,0,
1790404815.8655,flamesafe,200,1,167,0,1,0,
1790404815.8908,flamesafe,200,1,168,0,1,0,
1790404815.9155,flamesafe,200,1,169,0,1,0,
1790404815.9407,flamesafe,200,1,170,0,1,0,
1790404815.9654,flamesafe,200,1,171,0,1,0,
1790404815.9906,flamesafe,200,1,172,0,1,0,
1790404815.9906,flamesafe,200,1,173,0,1,0,
1790404815.9906,flamesafe,200,1,174,0,1,0,
1790404815.9906,flamesafe,200,1,175,64,1,0,
1790404815.9906,flamesafe,200,1,176,64,1,0,
1790404815.9906,flamesafe,200,1,177,64,1,0,
