epoch,src,priority,universe,seq,options,all_zero,max,nonzero_slots
1790405002.4427,flamesafe,200,1,0,0,1,0,
1790405002.4680,flamesafe,200,1,1,0,1,0,
1790405002.4933,flamesafe,200,1,2,0,1,0,
1790405002.5181,flamesafe,200,1,3,0,1,0,
1790405002.5429,flamesafe,200,1,4,0,1,0,
1790405002.5679,flamesafe,200,1,5,0,1,0,
1790405002.5929,flamesafe,200,1,6,0,1,0,
1790405002.6176,flamesafe,200,1,7,0,1,0,
1790405002.6430,flamesafe,200,1,8,0,1,0,
1790405002.6679,flamesafe,200,1,9,0,1,0,
1790405002.6927,flamesafe,200,1,10,0,1,0,
1790405002.7179,flamesafe,200,1,11,0,1,0,
1790405002.7429,flamesafe,200,1,12,0,1,0,
1790405002.7677,flamesafe,200,1,13,0,1,0,
1790405002.7927,flamesafe,200,1,14,0,1,0,
1790405002.8176,flamesafe,200,1,15,0,1,0,
1790405002.8428,flamesafe,200,1,16,0,1,0,
1790405002.8678,flamesafe,200,1,17,0,1,0,
1790405002.8928,flamesafe,200,1,18,0,1,0,
1790405002.9181,flamesafe,200,1,19,0,1,0,
1790405002.9427,flamesafe,200,1,20,0,1,0,
1790405002.9678,flamesafe,200,1,21,0,1,0,
1790405002.9929,flamesafe,200,1,22,0,1,0,
1790405003.0177,flamesafe,200,1,23,0,1,0,
1790405003.0432,flamesafe,200,1,24,0,1,0,
1790405003.0681,flamesafe,200,1,25,0,1,0,
1790405003.0930,flamesafe,200,1,26,0,1,0,
1790405003.1180,flamesafe,200,1,27,0,1,0,
1790405003.1428,flamesafe,200,1,28,0,1,0,
1790405003.1681,flamesafe,200,1,29,0,1,0,
1790405003.1930,flamesafe,200,1,30,0,1,0,
1790405003.2178,flamesafe,200,1,31,0,1,0,
1790405003.2430,flamesafe,200,1,32,0,1,0,
1790405003.2676,flamesafe,200,1,33,0,1,0,
1790405003.2928,flamesafe,200,1,34,0,1,0,
1790405003.3180,flamesafe,200,1,35,0,1,0,
1790405003.3426,flamesafe,200,1,36,0,1,0,
1790405003.3679,flamesafe,200,1,37,0,1,0,
1790405003.3930,flamesafe,200,1,38,0,1,0,
1790405003.4178,flamesafe,200,1,39,0,1,0,
1790405003.4431,flamesafe,200,1,40,0,1,0,
1790405003.4677,flamesafe,200,1,41,0,1,0,
1790405003.4930,flamesafe,200,1,42,0,1,0,
1790405003.5177,flamesafe,200,1,43,0,1,0,
1790405003.5429,flamesafe,200,1,44,0,1,0,
1790405003.5676,flamesafe,200,1,45,0,1,0,
1790405003.5928,flamesafe,200,1,46,0,1,0,
1790405003.6180,flamesafe,200,1,47,0,1,0,
1790405003.6427,flamesafe,200,1,48,0,1,0,
1790405003.6676,flamesafe,200,1,49,0,1,0,
1790405003.6929,flamesafe,200,1,50,0,1,0,
1790405003.7179,flamesafe,200,1,51,0,1,0,
1790405003.7428,flamesafe,200,1,52,0,1,0,
1790405003.7676,flamesafe,200,1,53,0,1,0,
1790405003.7929,flamesafe,200,1,54,0,1,0,
1790405003.8179,flamesafe,200,1,55,0,1,0,
1790405003.8429,flamesafe,200,1,56,0,1,0,
1790405003.8679,flamesafe,200,1,57,0,1,0,
1790405003.8927,flamesafe,200,1,58,0,1,0,
1790405003.9177,flamesafe,200,1,59,0,1,0,
1790405003.9431,flamesafe,200,1,60,0,1,0,
1790405003.9680,flamesafe,200,1,61,0,1,0,
1790405003.9934,flamesafe,200,1,62,0,1,0,
1790405004.0178,flamesafe,200,1,63,0,1,0,
1790405004.0428,flamesafe,200,1,64,0,1,0,
1790405004.0677,flamesafe,200,1,65,0,1,0,
1790405004.0928,flamesafe,200,1,66,0,1,0,
1790405004.1176,flamesafe,200,1,67,0,1,0,
1790405004.1427,flamesafe,200,1,68,0,1,0,
1790405004.1681,flamesafe,200,1,69,0,1,0,
1790405004.1930,flamesafe,200,1,70,0,1,0,
1790405004.2180,flamesafe,200,1,71,0,1,0,
1790405004.2430,flamesafe,200,1,72,0,1,0,
1790405004.2681,flamesafe,200,1,73,0,1,0,
1790405004.2927,flamesafe,200,1,74,0,1,0,
1790405004.3180,flamesafe,200,1,75,0,1,0,
1790405004.3429,flamesafe,200,1,76,0,1,0,
1790405004.3678,flamesafe,200,1,77,0,1,0,
1790405004.3927,flamesafe,200,1,78,0,1,0,
1790405004.4180,flamesafe,200,1,79,0,1,0,
1790405004.4429,flamesafe,200,1,80,0,1,0,
1790405004.4677,flamesafe,200,1,81,0,1,0,
1790405004.4926,flamesafe,200,1,82,0,1,0,
1790405004.5176,flamesafe,200,1,83,0,1,0,
1790405004.5426,flamesafe,200,1,84,0,1,0,
1790405004.5679,flamesafe,200,1,85,0,1,0,
1790405004.5931,flamesafe,200,1,86,0,1,0,
1790405004.6180,flamesafe,200,1,87,0,1,0,
1790405004.6429,flamesafe,200,1,88,0,1,0,
1790405004.6679,flamesafe,200,1,89,0,1,0,
1790405004.6929,flamesafe,200,1,90,0,1,0,
1790405004.7178,flamesafe,200,1,91,0,1,0,
1790405004.7431,flamesafe,200,1,92,0,1,0,
1790405004.7680,flamesafe,200,1,93,0,1,0,
1790405004.7929,flamesafe,200,1,94,0,1,0,
1790405004.8181,flamesafe,200,1,95,0,1,0,
1790405004.8429,flamesafe,200,1,96,0,1,0,
1790405004.8679,flamesafe,200,1,97,0,1,0,
1790405004.8928,flamesafe,200,1,98,0,1,0,
1790405004.9180,flamesafe,200,1,99,0,1,0,
1790405004.9426,flamesafe,200,1,100,0,1,0,
1790405004.9677,flamesafe,200,1,101,0,1,0,
1790405004.9930,flamesafe,200,1,102,0,1,0,
1790405005.0180,flamesafe,200,1,103,0,1,0,
1790405005.0432,flamesafe,200,1,104,0,1,0,
1790405005.0678,flamesafe,200,1,105,0,1,0,
1790405005.0930,flamesafe,200,1,106,0,1,0,
1790405005.1180,flamesafe,200,1,107,0,1,0,
1790405005.1430,flamesafe,200,1,108,0,1,0,
1790405005.1681,flamesafe,200,1,109,0,1,0,
1790405005.1927,flamesafe,200,1,110,0,1,0,
1790405005.2178,flamesafe,200,1,111,0,1,0,
1790405005.2430,flamesafe,200,1,112,0,1,0,
1790405005.2680,flamesafe,200,1,113,0,1,0,
1790405005.2927,flamesafe,200,1,114,0,1,0,
1790405005.3176,flamesafe,200,1,115,0,1,0,
1790405005.3429,flamesafe,200,1,116,0,1,0,
1790405005.3678,flamesafe,200,1,117,0,1,0,
1790405005.3927,flamesafe,200,1,118,0,1,0,
1790405005.4178,flamesafe,200,1,119,0,1,0,
1790405005.4427,flamesafe,200,1,120,0,1,0,
1790405005.4678,flamesafe,200,1,121,0,1,0,
1790405005.4928,flamesafe,200,1,122,0,1,0,
1790405005.5180,flamesafe,200,1,123,0,1,0,
1790405005.5427,flamesafe,200,1,124,0,1,0,
1790405005.5680,flamesafe,200,1,125,0,1,0,
1790405005.5928,flamesafe,200,1,126,0,1,0,
1790405005.6179,flamesafe,200,1,127,0,1,0,
1790405005.6428,flamesafe,200,1,128,0,1,0,
1790405005.6681,flamesafe,200,1,129,0,1,0,
1790405005.6927,flamesafe,200,1,130,0,1,0,
1790405005.7176,flamesafe,200,1,131,0,1,0,
1790405005.7427,flamesafe,200,1,132,0,1,0,
1790405005.7679,flamesafe,200,1,133,0,1,0,
1790405005.7929,flamesafe,200,1,134,0,1,0,
1790405005.8178,flamesafe,200,1,135,0,1,0,
1790405005.8431,flamesafe,200,1,136,0,1,0,
1790405005.8676,flamesafe,200,1,137,0,1,0,
1790405005.8926,flamesafe,200,1,138,0,1,0,
1790405005.9179,flamesafe,200,1,139,0,1,0,
1790405005.9426,flamesafe,200,1,140,0,1,0,
1790405005.9677,flamesafe,200,1,141,0,1,0,
1790405005.9930,flamesafe,200,1,142,0,1,0,
1790405006.0176,flamesafe,200,1,143,0,1,0,
1790405006.0426,flamesafe,200,1,144,0,1,0,
1790405006.0679,flamesafe,200,1,145,0,1,0,
1790405006.0928,flamesafe,200,1,146,0,1,0,
1790405006.1177,flamesafe,200,1,147,0,1,0,
1790405006.1427,flamesafe,200,1,148,0,1,0,
1790405006.1679,flamesafe,200,1,149,0,1,0,
1790405006.1928,flamesafe,200,1,150,0,1,0,
1790405006.2179,flamesafe,200,1,151,0,1,0,
1790405006.2427,flamesafe,200,1,152,0,1,0,
1790405006.2680,flamesafe,200,1,153,0,1,0,
1790405006.2929,flamesafe,200,1,154,0,1,0,
1790405006.3177,flamesafe,200,1,155,0,1,0,
1790405006.3429,flamesafe,200,1,156,0,1,0,
1790405006.3676,flamesafe,200,1,157,0,1,0,
1790405006.3927,flamesafe,200,1,158,0,1,0,
1790405006.4179,flamesafe,200,1,159,0,1,0,
1790405006.4428,flamesafe,200,1,160,0,1,0,
1790405006.4680,flamesafe,200,1,161,0,1,0,
1790405006.4929,flamesafe,200,1,162,0,1,0,
1790405006.5179,flamesafe,200,1,163,0,1,0,
1790405006.5427,flamesafe,200,1,164,0,1,0,
1790405006.5676,flamesafe,200,1,165,0,1,0,
1790405006.5927,flamesafe,200,1,166,0,1,0,
1790405006.6181,flamesafe,200,1,167,0,1,0,
1790405006.6430,flamesafe,200,1,168,0,1,0,
1790405006.6681,flamesafe,200,1,169,0,1,0,
1790405006.6930,flamesafe,200,1,170,0,1,0,
1790405006.7179,flamesafe,200,1,171,0,1,0,
1790405006.7430,flamesafe,200,1,172,0,1,0,
1790405006.7681,flamesafe,200,1,173,0,1,0,
1790405006.7928,flamesafe,200,1,174,0,1,0,
1790405006.8180,flamesafe,200,1,175,0,1,0,
1790405006.8427,flamesafe,200,1,176,0,1,0,
1790405006.8679,flamesafe,200,1,177,0,1,0,
1790405006.8930,flamesafe,200,1,178,0,1,0,
1790405006.9180,flamesafe,200,1,179,0,1,0,
1790405006.9431,flamesafe,200,1,180,0,1,0,
1790405006.9677,flamesafe,200,1,181,0,1,0,
1790405006.9927,flamesafe,200,1,182,0,1,0,
1790405007.0181,flamesafe,200,1,183,0,1,0,
1790405007.0429,flamesafe,200,1,184,0,1,0,
1790405007.0680,flamesafe,200,1,185,0,1,0,
1790405007.0927,flamesafe,200,1,186,0,1,0,
1790405007.1180,flamesafe,200,1,187,0,1,0,
1790405007.1429,flamesafe,200,1,188,0,1,0,
1790405007.1679,flamesafe,200,1,189,0,1,0,
1790405007.1929,flamesafe,200,1,190,0,1,0,
1790405007.2176,flamesafe,200,1,191,0,1,0,
1790405007.2427,flamesafe,200,1,192,0,1,0,
1790405007.2677,flamesafe,200,1,193,0,1,0,
1790405007.2930,flamesafe,200,1,194,0,1,0,
1790405007.3177,flamesafe,200,1,195,0,1,0,
1790405007.3430,flamesafe,200,1,196,0,1,0,
1790405007.3678,flamesafe,200,1,197,0,1,0,
1790405007.3927,flamesafe,200,1,198,0,1,0,
1790405007.4180,flamesafe,200,1,199,0,1,0,
1790405007.4430,flamesafe,200,1,200,0,1,0,
1790405007.4679,flamesafe,200,1,201,0,1,0,
1790405007.4928,flamesafe,200,1,202,0,1,0,
1790405007.5181,flamesafe,200,1,203,0,1,0,
1790405007.5426,flamesafe,200,1,204,0,1,0,
1790405007.5678,flamesafe,200,1,205,0,1,0,
1790405007.5926,flamesafe,200,1,206,0,1,0,
1790405007.6179,flamesafe,200,1,207,0,1,0,
1790405007.6427,flamesafe,200,1,208,0,1,0,
1790405007.6676,flamesafe,200,1,209,0,1,0,
1790405007.6929,flamesafe,200,1,210,0,1,0,
1790405007.7176,flamesafe,200,1,211,0,1,0,
1790405007.7427,flamesafe,200,1,212,0,1,0,
1790405007.7677,flamesafe,200,1,213,0,1,0,
1790405007.7927,flamesafe,200,1,214,0,1,0,
1790405007.8181,flamesafe,200,1,215,0,1,0,
1790405007.8427,flamesafe,200,1,216,0,1,0,
1790405007.8677,flamesafe,200,1,217,0,1,0,
1790405007.8930,flamesafe,200,1,218,0,1,0,
1790405007.9180,flamesafe,200,1,219,0,1,0,
1790405007.9429,flamesafe,200,1,220,0,1,0,
1790405007.9678,flamesafe,200,1,221,0,1,0,
1790405007.9929,flamesafe,200,1,222,0,1,0,
1790405008.0177,flamesafe,200,1,223,0,1,0,
1790405008.0427,flamesafe,200,1,224,0,1,0,
1790405008.0679,flamesafe,200,1,225,0,1,0,
1790405008.0929,flamesafe,200,1,226,0,1,0,
1790405008.1177,flamesafe,200,1,227,0,1,0,
1790405008.1430,flamesafe,200,1,228,0,1,0,
1790405008.1679,flamesafe,200,1,229,0,1,0,
1790405008.1929,flamesafe,200,1,230,0,1,0,
1790405008.2176,flamesafe,200,1,231,0,1,0,
1790405008.2428,flamesafe,200,1,232,0,1,0,
1790405008.2678,flamesafe,200,1,233,0,1,0,
1790405008.2931,flamesafe,200,1,234,0,1,0,
1790405008.3177,flamesafe,200,1,235,0,1,0,
1790405008.3427,flamesafe,200,1,236,0,1,0,
1790405008.3680,flamesafe,200,1,237,0,1,0,
1790405008.3927,flamesafe,200,1,238,0,1,0,
1790405008.4179,flamesafe,200,1,239,0,1,0,
1790405008.4430,flamesafe,200,1,240,0,1,0,
1790405008.4679,flamesafe,200,1,241,0,1,0,
1790405008.4929,flamesafe,200,1,242,0,1,0,
1790405008.5176,flamesafe,200,1,243,0,1,0,
1790405008.5429,flamesafe,200,1,244,0,1,0,
1790405008.5679,flamesafe,200,1,245,0,1,0,
1790405008.5927,flamesafe,200,1,246,0,1,0,
1790405008.6179,flamesafe,200,1,247,0,1,0,
1790405008.6431,flamesafe,200,1,248,0,1,0,
1790405008.6680,flamesafe,200,1,249,0,1,0,
1790405008.6929,flamesafe,200,1,250,0,1,0,
1790405008.7177,flamesafe,200,1,251,0,1,0,
1790405008.7431,flamesafe,200,1,252,0,1,0,
1790405008.7680,flamesafe,200,1,253,0,1,0,
1790405008.7928,flamesafe,200,1,254,0,1,0,
1790405008.8180,flamesafe,200,1,255,0,1,0,
1790405008.8428,flamesafe,200,1,0,0,1,0,
1790405008.8681,flamesafe,200,1,1,0,1,0,
1790405008.8930,flamesafe,200,1,2,0,1,0,
1790405008.9179,flamesafe,200,1,3,0,1,0,
1790405008.9427,flamesafe,200,1,4,0,1,0,
1790405008.9678,flamesafe,200,1,5,0,1,0,
1790405008.9928,flamesafe,200,1,6,0,1,0,
1790405009.0180,flamesafe,200,1,7,0,1,0,
1790405009.0430,flamesafe,200,1,8,0,1,0,
1790405009.0677,flamesafe,200,1,9,0,1,0,
1790405009.0927,flamesafe,200,1,10,0,1,0,
1790405009.1178,flamesafe,200,1,11,0,1,0,
1790405009.1426,flamesafe,200,1,12,0,1,0,
1790405009.1680,flamesafe,200,1,13,0,1,0,
1790405009.1931,flamesafe,200,1,14,0,1,0,
1790405009.2180,flamesafe,200,1,15,0,1,0,
1790405009.2428,flamesafe,200,1,16,0,1,0,
1790405009.2677,flamesafe,200,1,17,0,1,0,
1790405009.2929,flamesafe,200,1,18,0,1,0,
1790405009.3176,flamesafe,200,1,19,0,1,0,
1790405009.3426,flamesafe,200,1,20,0,1,0,
1790405009.3680,flamesafe,200,1,21,0,1,0,
1790405009.3926,flamesafe,200,1,22,0,1,0,
1790405009.4178,flamesafe,200,1,23,0,1,0,
1790405009.4427,flamesafe,200,1,24,0,1,0,
1790405009.4681,flamesafe,200,1,25,0,1,0,
1790405009.4932,flamesafe,200,1,26,0,1,0,
1790405009.5178,flamesafe,200,1,27,0,1,0,
1790405009.5428,flamesafe,200,1,28,0,1,0,
1790405009.5678,flamesafe,200,1,29,0,1,0,
1790405009.5927,flamesafe,200,1,30,0,1,0,
1790405009.6178,flamesafe,200,1,31,0,1,0,
1790405009.6429,flamesafe,200,1,32,0,1,0,
1790405009.6677,flamesafe,200,1,33,0,1,0,
1790405009.6931,flamesafe,200,1,34,0,1,0,
1790405009.7180,flamesafe,200,1,35,0,1,0,
1790405009.7426,flamesafe,200,1,36,0,1,0,
1790405009.7677,flamesafe,200,1,37,0,1,0,
1790405009.7928,flamesafe,200,1,38,0,1,0,
1790405009.8177,flamesafe,200,1,39,0,1,0,
1790405009.8430,flamesafe,200,1,40,0,1,0,
1790405009.8681,flamesafe,200,1,41,0,1,0,
1790405009.8928,flamesafe,200,1,42,0,1,0,
1790405009.9179,flamesafe,200,1,43,0,1,0,
1790405009.9428,flamesafe,200,1,44,0,1,0,
1790405009.9677,flamesafe,200,1,45,0,1,0,
1790405009.9928,flamesafe,200,1,46,0,1,0,
1790405010.0178,flamesafe,200,1,47,0,1,0,
1790405010.0428,flamesafe,200,1,48,0,1,0,
1790405010.0679,flamesafe,200,1,49,0,1,0,
1790405010.0927,flamesafe,200,1,50,0,1,0,
1790405010.1179,flamesafe,200,1,51,0,1,0,
1790405010.1427,flamesafe,200,1,52,0,1,0,
1790405010.1680,flamesafe,200,1,53,0,1,0,
1790405010.1926,flamesafe,200,1,54,0,1,0,
1790405010.2180,flamesafe,200,1,55,0,1,0,
1790405010.2426,flamesafe,200,1,56,0,1,0,
1790405010.2681,flamesafe,200,1,57,0,1,0,
1790405010.2932,flamesafe,200,1,58,0,1,0,
1790405010.3177,flamesafe,200,1,59,0,1,0,
1790405010.3428,flamesafe,200,1,60,0,1,0,
1790405010.3681,flamesafe,200,1,61,0,1,0,
1790405010.3931,flamesafe,200,1,62,0,1,0,
1790405010.4180,flamesafe,200,1,63,0,1,0,
1790405010.4431,flamesafe,200,1,64,0,1,0,
1790405010.4677,flamesafe,200,1,65,0,1,0,
1790405010.4930,flamesafe,200,1,66,0,1,0,
1790405010.5179,flamesafe,200,1,67,0,1,0,
1790405010.5428,flamesafe,200,1,68,0,1,0,
1790405010.5677,flamesafe,200,1,69,0,1,0,
1790405010.5928,flamesafe,200,1,70,0,1,0,
1790405010.6178,flamesafe,200,1,71,0,1,0,
1790405010.6429,flamesafe,200,1,72,0,1,0,
1790405010.6676,flamesafe,200,1,73,0,1,0,
1790405010.6930,flamesafe,200,1,74,0,1,0,
1790405010.7179,flamesafe,200,1,75,0,1,0,
1790405010.7427,flamesafe,200,1,76,0,1,0,
1790405010.7680,flamesafe,200,1,77,0,1,0,
1790405010.7930,flamesafe,200,1,78,0,1,0,
1790405010.8177,flamesafe,200,1,79,0,1,0,
1790405010.8428,flamesafe,200,1,80,0,1,0,
1790405010.8677,flamesafe,200,1,81,0,1,0,
1790405010.8928,flamesafe,200,1,82,0,1,0,
1790405010.9181,flamesafe,200,1,83,0,1,0,
1790405010.9429,flamesafe,200,1,84,0,1,0,
1790405010.9681,flamesafe,200,1,85,0,1,0,
1790405010.9930,flamesafe,200,1,86,0,1,0,
1790405011.0179,flamesafe,200,1,87,0,1,0,
1790405011.0429,flamesafe,200,1,88,0,1,0,
1790405011.0679,flamesafe,200,1,89,0,1,0,
1790405011.0927,flamesafe,200,1,90,0,1,0,
1790405011.1179,flamesafe,200,1,91,0,1,0,
1790405011.1432,flamesafe,200,1,92,0,1,0,
1790405011.1679,flamesafe,200,1,93,0,1,0,
1790405011.1929,flamesafe,200,1,94,0,1,0,
1790405011.2179,flamesafe,200,1,95,0,1,0,
1790405011.2431,flamesafe,200,1,96,0,1,0,
1790405011.2679,flamesafe,200,1,97,0,1,0,
1790405011.2928,flamesafe,200,1,98,0,1,0,
1790405011.3179,flamesafe,200,1,99,0,1,0,
1790405011.3430,flamesafe,200,1,100,0,1,0,
1790405011.3677,flamesafe,200,1,101,0,1,0,
1790405011.3928,flamesafe,200,1,102,0,1,0,
1790405011.4179,flamesafe,200,1,103,0,1,0,
1790405011.4429,flamesafe,200,1,104,0,1,0,
1790405011.4678,flamesafe,200,1,105,0,1,0,
1790405011.4927,flamesafe,200,1,106,0,1,0,
1790405011.5180,flamesafe,200,1,107,0,1,0,
1790405011.5430,flamesafe,200,1,108,0,1,0,
1790405011.5680,flamesafe,200,1,109,0,1,0,
1790405011.5929,flamesafe,200,1,110,0,1,0,
1790405011.6181,flamesafe,200,1,111,0,1,0,
1790405011.6426,flamesafe,200,1,112,0,1,0,
1790405011.6680,flamesafe,200,1,113,0,1,0,
1790405011.6927,flamesafe,200,1,114,0,1,0,
1790405011.7180,flamesafe,200,1,115,0,1,0,
1790405011.7429,flamesafe,200,1,116,0,1,0,
1790405011.7678,flamesafe,200,1,117,0,1,0,
1790405011.7929,flamesafe,200,1,118,0,1,0,
1790405011.8180,flamesafe,200,1,119,0,1,0,
1790405011.8430,flamesafe,200,1,120,0,1,0,
1790405011.8680,flamesafe,200,1,121,0,1,0,
1790405011.8930,flamesafe,200,1,122,0,1,0,
1790405011.9180,flamesafe,200,1,123,0,1,0,
1790405011.9430,flamesafe,200,1,124,0,1,0,
1790405011.9677,flamesafe,200,1,125,0,1,0,
1790405011.9930,flamesafe,200,1,126,0,1,0,
1790405012.0178,flamesafe,200,1,127,0,1,0,
1790405012.0429,flamesafe,200,1,128,0,1,0,
1790405012.0678,flamesafe,200,1,129,0,1,0,
1790405012.0929,flamesafe,200,1,130,0,1,0,
1790405012.1177,flamesafe,200,1,131,0,1,0,
1790405012.1430,flamesafe,200,1,132,0,1,0,
1790405012.1678,flamesafe,200,1,133,0,1,0,
1790405012.1930,flamesafe,200,1,134,0,1,0,
1790405012.2182,flamesafe,200,1,135,0,1,0,
1790405012.2426,flamesafe,200,1,136,0,1,0,
1790405012.2678,flamesafe,200,1,137,0,1,0,
1790405012.2930,flamesafe,200,1,138,0,1,0,
1790405012.3179,flamesafe,200,1,139,0,1,0,
1790405012.3430,flamesafe,200,1,140,0,1,0,
1790405012.3678,flamesafe,200,1,141,0,1,0,
1790405012.3926,flamesafe,200,1,142,0,1,0,
1790405012.4181,flamesafe,200,1,143,0,1,0,
1790405012.4428,flamesafe,200,1,144,0,1,0,
1790405012.4681,flamesafe,200,1,145,0,1,0,
1790405012.4927,flamesafe,200,1,146,0,1,0,
1790405012.5177,flamesafe,200,1,147,0,1,0,
1790405012.5427,flamesafe,200,1,148,0,1,0,
1790405012.5677,flamesafe,200,1,149,0,1,0,
1790405012.5927,flamesafe,200,1,150,0,1,0,
1790405012.6179,flamesafe,200,1,151,0,1,0,
1790405012.6429,flamesafe,200,1,152,0,1,0,
1790405012.6676,flamesafe,200,1,153,0,1,0,
1790405012.6929,flamesafe,200,1,154,0,1,0,
1790405012.7180,flamesafe,200,1,155,0,1,0,
1790405012.7426,flamesafe,200,1,156,0,1,0,
1790405012.7679,flamesafe,200,1,157,0,1,0,
1790405012.7933,flamesafe,200,1,158,0,1,0,
1790405012.8179,flamesafe,200,1,159,0,1,0,
1790405012.8426,flamesafe,200,1,160,0,1,0,
1790405012.8680,flamesafe,200,1,161,0,1,0,
1790405012.8931,flamesafe,200,1,162,0,1,0,
1790405012.9181,flamesafe,200,1,163,0,1,0,
1790405012.9427,flamesafe,200,1,164,0,1,0,
1790405012.9676,flamesafe,200,1,165,0,1,0,
1790405012.9929,flamesafe,200,1,166,0,1,0,
1790405013.0181,flamesafe,200,1,167,0,1,0,
1790405013.0426,flamesafe,200,1,168,0,1,0,
1790405013.0680,flamesafe,200,1,169,0,1,0,
1790405013.0930,flamesafe,200,1,170,0,1,0,
1790405013.1179,flamesafe,200,1,171,0,1,0,
1790405013.1429,flamesafe,200,1,172,0,1,0,
1790405013.1677,flamesafe,200,1,173,0,1,0,
1790405013.1930,flamesafe,200,1,174,0,1,0,
1790405013.2179,flamesafe,200,1,175,0,1,0,
1790405013.2430,flamesafe,200,1,176,0,1,0,
1790405013.2680,flamesafe,200,1,177,0,1,0,
1790405013.2929,flamesafe,200,1,178,0,1,0,
1790405013.3179,flamesafe,200,1,179,0,1,0,
1790405013.3427,flamesafe,200,1,180,0,1,0,
1790405013.3678,flamesafe,200,1,181,0,1,0,
1790405013.3929,flamesafe,200,1,182,0,1,0,
1790405013.4179,flamesafe,200,1,183,0,1,0,
1790405013.4429,flamesafe,200,1,184,0,1,0,
1790405013.4679,flamesafe,200,1,185,0,1,0,
1790405013.4928,flamesafe,200,1,186,0,1,0,
1790405013.5179,flamesafe,200,1,187,0,1,0,
1790405013.5429,flamesafe,200,1,188,0,1,0,
1790405013.5678,flamesafe,200,1,189,0,1,0,
1790405013.5929,flamesafe,200,1,190,0,1,0,
1790405013.6176,flamesafe,200,1,191,0,1,0,
1790405013.6428,flamesafe,200,1,192,0,1,0,
1790405013.6678,flamesafe,200,1,193,0,1,0,
1790405013.6930,flamesafe,200,1,194,0,1,0,
1790405013.7178,flamesafe,200,1,195,0,1,0,
1790405013.7427,flamesafe,200,1,196,0,1,0,
1790405013.7677,flamesafe,200,1,197,0,1,0,
1790405013.7927,flamesafe,200,1,198,0,1,0,
1790405013.8177,flamesafe,200,1,199,0,1,0,
1790405013.8431,flamesafe,200,1,200,0,1,0,
1790405013.8679,flamesafe,200,1,201,0,1,0,
1790405013.8926,flamesafe,200,1,202,0,1,0,
1790405013.9180,flamesafe,200,1,203,0,1,0,
1790405013.9430,flamesafe,200,1,204,0,1,0,
1790405013.9678,flamesafe,200,1,205,0,1,0,
1790405013.9927,flamesafe,200,1,206,0,1,0,
1790405014.0180,flamesafe,200,1,207,0,1,0,
1790405014.0430,flamesafe,200,1,208,0,1,0,
1790405014.0680,flamesafe,200,1,209,0,1,0,
1790405014.0929,flamesafe,200,1,210,0,1,0,
1790405014.1178,flamesafe,200,1,211,0,1,0,
1790405014.1429,flamesafe,200,1,212,0,1,0,
1790405014.1681,flamesafe,200,1,213,0,1,0,
1790405014.1927,flamesafe,200,1,214,0,1,0,
1790405014.2180,flamesafe,200,1,215,0,1,0,
1790405014.2429,flamesafe,200,1,216,0,1,0,
1790405014.2679,flamesafe,200,1,217,0,1,0,
1790405014.2929,flamesafe,200,1,218,0,1,0,
1790405014.3179,flamesafe,200,1,219,0,1,0,
1790405014.3428,flamesafe,200,1,220,0,1,0,
1790405014.3678,flamesafe,200,1,221,0,1,0,
1790405014.3929,flamesafe,200,1,222,0,1,0,
1790405014.4178,flamesafe,200,1,223,0,1,0,
1790405014.4428,flamesafe,200,1,224,0,1,0,
1790405014.4681,flamesafe,200,1,225,0,1,0,
1790405014.4929,flamesafe,200,1,226,0,1,0,
1790405014.5179,flamesafe,200,1,227,0,1,0,
1790405014.5427,flamesafe,200,1,228,0,1,0,
1790405014.5678,flamesafe,200,1,229,0,1,0,
1790405014.5929,flamesafe,200,1,230,0,1,0,
1790405014.6179,flamesafe,200,1,231,0,1,0,
1790405014.6427,flamesafe,200,1,232,0,1,0,
1790405014.6679,flamesafe,200,1,233,0,1,0,
1790405014.6931,flamesafe,200,1,234,0,1,0,
1790405014.7180,flamesafe,200,1,235,0,1,0,
1790405014.7429,flamesafe,200,1,236,0,1,0,
1790405014.7676,flamesafe,200,1,237,0,1,0,
1790405014.7928,flamesafe,200,1,238,0,1,0,
1790405014.8180,flamesafe,200,1,239,0,1,0,
1790405014.8426,flamesafe,200,1,240,0,1,0,
1790405014.8677,flamesafe,200,1,241,0,1,0,
1790405014.8930,flamesafe,200,1,242,0,1,0,
1790405014.9177,flamesafe,200,1,243,0,1,0,
1790405014.9430,flamesafe,200,1,244,0,1,0,
1790405014.9676,flamesafe,200,1,245,0,1,0,
1790405014.9929,flamesafe,200,1,246,0,1,0,
1790405015.0181,flamesafe,200,1,247,0,1,0,
1790405015.0429,flamesafe,200,1,248,0,1,0,
1790405015.0679,flamesafe,200,1,249,0,1,0,
1790405015.0930,flamesafe,200,1,250,0,1,0,
1790405015.1178,flamesafe,200,1,251,0,1,0,
1790405015.1430,flamesafe,200,1,252,0,1,0,
1790405015.1677,flamesafe,200,1,253,0,1,0,
1790405015.1928,flamesafe,200,1,254,0,1,0,
1790405015.2177,flamesafe,200,1,255,0,1,0,
1790405015.2429,flamesafe,200,1,0,0,1,0,
1790405015.2678,flamesafe,200,1,1,0,1,0,
1790405015.2927,flamesafe,200,1,2,0,1,0,
1790405015.3178,flamesafe,200,1,3,0,1,0,
1790405015.3427,flamesafe,200,1,4,0,1,0,
1790405015.3677,flamesafe,200,1,5,0,1,0,
1790405015.3929,flamesafe,200,1,6,0,1,0,
1790405015.4178,flamesafe,200,1,7,0,1,0,
1790405015.4427,flamesafe,200,1,8,0,1,0,
1790405015.4677,flamesafe,200,1,9,0,1,0,
1790405015.4926,flamesafe,200,1,10,0,1,0,
1790405015.5177,flamesafe,200,1,11,0,1,0,
1790405015.5428,flamesafe,200,1,12,0,1,0,
1790405015.5676,flamesafe,200,1,13,0,1,0,
1790405015.5928,flamesafe,200,1,14,0,1,0,
1790405015.6178,flamesafe,200,1,15,0,1,0,
1790405015.6428,flamesafe,200,1,16,0,1,0,
1790405015.6681,flamesafe,200,1,17,0,1,0,
1790405015.6930,flamesafe,200,1,18,0,1,0,
1790405015.7178,flamesafe,200,1,19,0,1,0,
1790405015.7429,flamesafe,200,1,20,0,1,0,
1790405015.7681,flamesafe,200,1,21,0,1,0,
1790405015.7929,flamesafe,200,1,22,0,1,0,
1790405015.8179,flamesafe,200,1,23,0,1,0,
1790405015.8430,flamesafe,200,1,24,0,1,0,
1790405015.8676,flamesafe,200,1,25,0,1,0,
1790405015.8927,flamesafe,200,1,26,0,1,0,
1790405015.9181,flamesafe,200,1,27,0,1,0,
1790405015.9429,flamesafe,200,1,28,0,1,0,
1790405015.9681,flamesafe,200,1,29,0,1,0,
1790405015.9929,flamesafe,200,1,30,0,1,0,
1790405016.0180,flamesafe,200,1,31,0,1,0,
1790405016.0427,flamesafe,200,1,32,0,1,0,
1790405016.0678,flamesafe,200,1,33,0,1,0,
1790405016.0927,flamesafe,200,1,34,0,1,0,
1790405016.1180,flamesafe,200,1,35,0,1,0,
1790405016.1427,flamesafe,200,1,36,0,1,0,
1790405016.1677,flamesafe,200,1,37,0,1,0,
1790405016.1930,flamesafe,200,1,38,0,1,0,
1790405016.2178,flamesafe,200,1,39,0,1,0,
1790405016.2428,flamesafe,200,1,40,0,1,0,
1790405016.2680,flamesafe,200,1,41,0,1,0,
1790405016.2926,flamesafe,200,1,42,0,1,0,
1790405016.3178,flamesafe,200,1,43,0,1,0,
1790405016.3427,flamesafe,200,1,44,0,1,0,
1790405016.3680,flamesafe,200,1,45,0,1,0,
1790405016.3927,flamesafe,200,1,46,0,1,0,
1790405016.4176,flamesafe,200,1,47,0,1,0,
1790405016.4430,flamesafe,200,1,48,0,1,0,
1790405016.4679,flamesafe,200,1,49,0,1,0,
1790405016.4927,flamesafe,200,1,50,0,1,0,
1790405016.5177,flamesafe,200,1,51,0,1,0,
1790405016.5430,flamesafe,200,1,52,0,1,0,
1790405016.5680,flamesafe,200,1,53,0,1,0,
1790405016.5927,flamesafe,200,1,54,0,1,0,
1790405016.6178,flamesafe,200,1,55,0,1,0,
1790405016.6431,flamesafe,200,1,56,0,1,0,
1790405016.6679,flamesafe,200,1,57,0,1,0,
1790405016.6929,flamesafe,200,1,58,0,1,0,
1790405016.7180,flamesafe,200,1,59,0,1,0,
1790405016.7428,flamesafe,200,1,60,0,1,0,
1790405016.7678,flamesafe,200,1,61,0,1,0,
1790405016.7928,flamesafe,200,1,62,0,1,0,
1790405016.8178,flamesafe,200,1,63,0,1,0,
1790405016.8426,flamesafe,200,1,64,0,1,0,
1790405016.8680,flamesafe,200,1,65,0,1,0,
1790405016.8928,flamesafe,200,1,66,0,1,0,
1790405016.9180,flamesafe,200,1,67,0,1,0,
1790405016.9427,flamesafe,200,1,68,0,1,0,
1790405016.9680,flamesafe,200,1,69,0,1,0,
1790405016.9930,flamesafe,200,1,70,0,1,0,
1790405017.0178,flamesafe,200,1,71,0,1,0,
1790405017.0431,flamesafe,200,1,72,0,1,0,
1790405017.0680,flamesafe,200,1,73,0,1,0,
1790405017.0928,flamesafe,200,1,74,0,1,0,
1790405017.1178,flamesafe,200,1,75,0,1,0,
1790405017.1427,flamesafe,200,1,76,0,1,0,
1790405017.1680,flamesafe,200,1,77,0,1,0,
1790405017.1928,flamesafe,200,1,78,0,1,0,
1790405017.2178,flamesafe,200,1,79,0,1,0,
1790405017.2426,flamesafe,200,1,80,0,1,0,
1790405017.2678,flamesafe,200,1,81,0,1,0,
1790405017.2928,flamesafe,200,1,82,0,1,0,
1790405017.3181,flamesafe,200,1,83,0,1,0,
1790405017.3426,flamesafe,200,1,84,0,1,0,
1790405017.3678,flamesafe,200,1,85,0,1,0,
1790405017.3929,flamesafe,200,1,86,0,1,0,
1790405017.4178,flamesafe,200,1,87,0,1,0,
1790405017.4431,flamesafe,200,1,88,0,1,0,
1790405017.4676,flamesafe,200,1,89,0,1,0,
1790405017.4931,flamesafe,200,1,90,0,1,0,
1790405017.5176,flamesafe,200,1,91,0,1,0,
1790405017.5427,flamesafe,200,1,92,0,1,0,
1790405017.5676,flamesafe,200,1,93,0,1,0,
1790405017.5929,flamesafe,200,1,94,0,1,0,
1790405017.6179,flamesafe,200,1,95,0,1,0,
1790405017.6428,flamesafe,200,1,96,0,1,0,
1790405017.6680,flamesafe,200,1,97,0,1,0,
1790405017.6929,flamesafe,200,1,98,0,1,0,
1790405017.7177,flamesafe,200,1,99,0,1,0,
1790405017.7427,flamesafe,200,1,100,0,1,0,
1790405017.7678,flamesafe,200,1,101,0,1,0,
1790405017.7927,flamesafe,200,1,102,0,1,0,
1790405017.8177,flamesafe,200,1,103,0,1,0,
1790405017.8432,flamesafe,200,1,104,0,1,0,
1790405017.8676,flamesafe,200,1,105,0,1,0,
1790405017.8927,flamesafe,200,1,106,0,1,0,
1790405017.9176,flamesafe,200,1,107,0,1,0,
1790405017.9428,flamesafe,200,1,108,0,1,0,
1790405017.9681,flamesafe,200,1,109,0,1,0,
1790405017.9929,flamesafe,200,1,110,0,1,0,
1790405018.0178,flamesafe,200,1,111,0,1,0,
1790405018.0431,flamesafe,200,1,112,0,1,0,
1790405018.0680,flamesafe,200,1,113,0,1,0,
1790405018.0930,flamesafe,200,1,114,0,1,0,
1790405018.1180,flamesafe,200,1,115,0,1,0,
1790405018.1427,flamesafe,200,1,116,0,1,0,
1790405018.1677,flamesafe,200,1,117,0,1,0,
1790405018.1928,flamesafe,200,1,118,0,1,0,
1790405018.2180,flamesafe,200,1,119,0,1,0,
1790405018.2428,flamesafe,200,1,120,0,1,0,
1790405018.2678,flamesafe,200,1,121,0,1,0,
1790405018.2927,flamesafe,200,1,122,0,1,0,
1790405018.3180,flamesafe,200,1,123,0,1,0,
1790405018.3429,flamesafe,200,1,124,0,1,0,
1790405018.3679,flamesafe,200,1,125,0,1,0,
1790405018.3928,flamesafe,200,1,126,0,1,0,
1790405018.4180,flamesafe,200,1,127,0,1,0,
1790405018.4431,flamesafe,200,1,128,0,1,0,
1790405018.4676,flamesafe,200,1,129,0,1,0,
1790405018.4927,flamesafe,200,1,130,0,1,0,
1790405018.5181,flamesafe,200,1,131,0,1,0,
1790405018.5427,flamesafe,200,1,132,0,1,0,
1790405018.5679,flamesafe,200,1,133,0,1,0,
1790405018.5929,flamesafe,200,1,134,0,1,0,
1790405018.6180,flamesafe,200,1,135,0,1,0,
1790405018.6431,flamesafe,200,1,136,0,1,0,
1790405018.6682,flamesafe,200,1,137,0,1,0,
1790405018.6930,flamesafe,200,1,138,0,1,0,
1790405018.7178,flamesafe,200,1,139,0,1,0,
1790405018.7428,flamesafe,200,1,140,0,1,0,
1790405018.7676,flamesafe,200,1,141,0,1,0,
1790405018.7927,flamesafe,200,1,142,0,1,0,
1790405018.8177,flamesafe,200,1,143,0,1,0,
1790405018.8430,flamesafe,200,1,144,0,1,0,
1790405018.8679,flamesafe,200,1,145,0,1,0,
1790405018.8927,flamesafe,200,1,146,0,1,0,
1790405018.9176,flamesafe,200,1,147,0,1,0,
1790405018.9430,flamesafe,200,1,148,0,1,0,
1790405018.9679,flamesafe,200,1,149,0,1,0,
1790405018.9929,flamesafe,200,1,150,0,1,0,
1790405019.0180,flamesafe,200,1,151,0,1,0,
1790405019.0431,flamesafe,200,1,152,0,1,0,
1790405019.0680,flamesafe,200,1,153,0,1,0,
1790405019.0930,flamesafe,200,1,154,0,1,0,
1790405019.1176,flamesafe,200,1,155,0,1,0,
1790405019.1428,flamesafe,200,1,156,0,1,0,
1790405019.1680,flamesafe,200,1,157,0,1,0,
1790405019.1926,flamesafe,200,1,158,0,1,0,
1790405019.2177,flamesafe,200,1,159,0,1,0,
1790405019.2430,flamesafe,200,1,160,0,1,0,
1790405019.2681,flamesafe,200,1,161,0,1,0,
1790405019.2928,flamesafe,200,1,162,0,1,0,
1790405019.3179,flamesafe,200,1,163,0,1,0,
1790405019.3427,flamesafe,200,1,164,0,1,0,
1790405019.3678,flamesafe,200,1,165,0,1,0,
1790405019.3930,flamesafe,200,1,166,0,1,0,
1790405019.4176,flamesafe,200,1,167,0,1,0,
1790405019.4428,flamesafe,200,1,168,0,1,0,
1790405019.4679,flamesafe,200,1,169,0,1,0,
1790405019.4926,flamesafe,200,1,170,0,1,0,
1790405019.5178,flamesafe,200,1,171,0,1,0,
1790405019.5426,flamesafe,200,1,172,0,1,0,
1790405019.5678,flamesafe,200,1,173,0,1,0,
1790405019.5929,flamesafe,200,1,174,0,1,0,
1790405019.6176,flamesafe,200,1,175,0,1,0,
1790405019.6431,flamesafe,200,1,176,0,1,0,
1790405019.6677,flamesafe,200,1,177,0,1,0,
1790405019.6931,flamesafe,200,1,178,0,1,0,
1790405019.7180,flamesafe,200,1,179,0,1,0,
1790405019.7431,flamesafe,200,1,180,0,1,0,
1790405019.7681,flamesafe,200,1,181,0,1,0,
1790405019.7926,flamesafe,200,1,182,0,1,0,
1790405019.8179,flamesafe,200,1,183,0,1,0,
1790405019.8428,flamesafe,200,1,184,0,1,0,
1790405019.8678,flamesafe,200,1,185,0,1,0,
1790405019.8929,flamesafe,200,1,186,0,1,0,
1790405019.9180,flamesafe,200,1,187,0,1,0,
1790405019.9431,flamesafe,200,1,188,0,1,0,
1790405019.9679,flamesafe,200,1,189,0,1,0,
1790405019.9926,flamesafe,200,1,190,0,1,0,
1790405020.0176,flamesafe,200,1,191,0,1,0,
1790405020.0430,flamesafe,200,1,192,0,1,0,
1790405020.0680,flamesafe,200,1,193,0,1,0,
1790405020.0929,flamesafe,200,1,194,0,1,0,
1790405020.1180,flamesafe,200,1,195,0,1,0,
1790405020.1428,flamesafe,200,1,196,0,1,0,
1790405020.1679,flamesafe,200,1,197,0,1,0,
1790405020.1927,flamesafe,200,1,198,0,1,0,
1790405020.2179,flamesafe,200,1,199,0,1,0,
1790405020.2427,flamesafe,200,1,200,0,1,0,
1790405020.2677,flamesafe,200,1,201,0,1,0,
1790405020.2929,flamesafe,200,1,202,0,1,0,
1790405020.3180,flamesafe,200,1,203,0,1,0,
1790405020.3430,flamesafe,200,1,204,0,1,0,
1790405020.3681,flamesafe,200,1,205,0,1,0,
1790405020.3929,flamesafe,200,1,206,0,1,0,
1790405020.4178,flamesafe,200,1,207,0,1,0,
1790405020.4427,flamesafe,200,1,208,0,1,0,
1790405020.4681,flamesafe,200,1,209,0,1,0,
1790405020.4927,flamesafe,200,1,210,0,1,0,
1790405020.5180,flamesafe,200,1,211,0,1,0,
1790405020.5427,flamesafe,200,1,212,0,1,0,
1790405020.5676,flamesafe,200,1,213,0,1,0,
1790405020.5929,flamesafe,200,1,214,0,1,0,
1790405020.6181,flamesafe,200,1,215,0,1,0,
1790405020.6427,flamesafe,200,1,216,0,1,0,
1790405020.6679,flamesafe,200,1,217,0,1,0,
1790405020.6930,flamesafe,200,1,218,0,1,0,
1790405020.7177,flamesafe,200,1,219,0,1,0,
1790405020.7431,flamesafe,200,1,220,0,1,0,
1790405020.7679,flamesafe,200,1,221,0,1,0,
1790405020.7926,flamesafe,200,1,222,0,1,0,
1790405020.8179,flamesafe,200,1,223,0,1,0,
1790405020.8429,flamesafe,200,1,224,0,1,0,
1790405020.8680,flamesafe,200,1,225,0,1,0,
1790405020.8928,flamesafe,200,1,226,0,1,0,
1790405020.9180,flamesafe,200,1,227,0,1,0,
1790405020.9426,flamesafe,200,1,228,0,1,0,
1790405020.9678,flamesafe,200,1,229,0,1,0,
1790405020.9926,flamesafe,200,1,230,0,1,0,
1790405021.0177,flamesafe,200,1,231,0,1,0,
1790405021.0428,flamesafe,200,1,232,0,1,0,
1790405021.0676,flamesafe,200,1,233,0,1,0,
1790405021.0927,flamesafe,200,1,234,0,1,0,
1790405021.1177,flamesafe,200,1,235,0,1,0,
1790405021.1432,flamesafe,200,1,236,0,1,0,
1790405021.1681,flamesafe,200,1,237,0,1,0,
1790405021.1928,flamesafe,200,1,238,0,1,0,
1790405021.2178,flamesafe,200,1,239,0,1,0,
1790405021.2430,flamesafe,200,1,240,0,1,0,
1790405021.2678,flamesafe,200,1,241,0,1,0,
1790405021.2927,flamesafe,200,1,242,0,1,0,
1790405021.3176,flamesafe,200,1,243,0,1,0,
1790405021.3426,flamesafe,200,1,244,0,1,0,
1790405021.3677,flamesafe,200,1,245,0,1,0,
1790405021.3931,flamesafe,200,1,246,0,1,0,
1790405021.4179,flamesafe,200,1,247,0,1,0,
1790405021.4430,flamesafe,200,1,248,0,1,0,
1790405021.4677,flamesafe,200,1,249,0,1,0,
1790405021.4928,flamesafe,200,1,250,0,1,0,
1790405021.5178,flamesafe,200,1,251,0,1,0,
1790405021.5429,flamesafe,200,1,252,0,1,0,
1790405021.5678,flamesafe,200,1,253,0,1,0,
1790405021.5930,flamesafe,200,1,254,0,1,0,
1790405021.6178,flamesafe,200,1,255,0,1,0,
1790405021.6431,flamesafe,200,1,0,0,1,0,
1790405021.6676,flamesafe,200,1,1,0,1,0,
1790405021.6929,flamesafe,200,1,2,0,1,0,
1790405021.7176,flamesafe,200,1,3,0,1,0,
1790405021.7431,flamesafe,200,1,4,0,1,0,
1790405021.7679,flamesafe,200,1,5,0,1,0,
1790405021.7930,flamesafe,200,1,6,0,1,0,
1790405021.8177,flamesafe,200,1,7,0,1,0,
1790405021.8430,flamesafe,200,1,8,0,1,0,
1790405021.8681,flamesafe,200,1,9,0,1,0,
1790405021.8932,flamesafe,200,1,10,0,1,0,
1790405021.9176,flamesafe,200,1,11,0,1,0,
1790405021.9427,flamesafe,200,1,12,0,1,0,
1790405021.9680,flamesafe,200,1,13,0,1,0,
1790405021.9927,flamesafe,200,1,14,0,1,0,
1790405022.0177,flamesafe,200,1,15,0,1,0,
1790405022.0428,flamesafe,200,1,16,0,1,0,
1790405022.0678,flamesafe,200,1,17,0,1,0,
1790405022.0930,flamesafe,200,1,18,0,1,0,
1790405022.1179,flamesafe,200,1,19,0,1,0,
1790405022.1428,flamesafe,200,1,20,0,1,0,
1790405022.1677,flamesafe,200,1,21,0,1,0,
1790405022.1930,flamesafe,200,1,22,0,1,0,
1790405022.2177,flamesafe,200,1,23,0,1,0,
1790405022.2431,flamesafe,200,1,24,0,1,0,
1790405022.2678,flamesafe,200,1,25,0,1,0,
1790405022.2928,flamesafe,200,1,26,0,1,0,
1790405022.3179,flamesafe,200,1,27,0,1,0,
1790405022.3430,flamesafe,200,1,28,0,1,0,
1790405022.3677,flamesafe,200,1,29,0,1,0,
1790405022.3927,flamesafe,200,1,30,0,1,0,
1790405022.4180,flamesafe,200,1,31,0,1,0,
1790405022.4430,flamesafe,200,1,32,0,1,0,
1790405022.4678,flamesafe,200,1,33,0,1,0,
1790405022.4928,flamesafe,200,1,34,0,1,0,
1790405022.5176,flamesafe,200,1,35,0,1,0,
1790405022.5430,flamesafe,200,1,36,0,1,0,
1790405022.5681,flamesafe,200,1,37,0,1,0,
1790405022.5927,flamesafe,200,1,38,0,1,0,
1790405022.6179,flamesafe,200,1,39,0,1,0,
1790405022.6427,flamesafe,200,1,40,0,1,0,
1790405022.6678,flamesafe,200,1,41,0,1,0,
1790405022.6926,flamesafe,200,1,42,0,1,0,
1790405022.7177,flamesafe,200,1,43,0,1,0,
1790405022.7431,flamesafe,200,1,44,0,1,0,
1790405022.7677,flamesafe,200,1,45,0,1,0,
1790405022.7930,flamesafe,200,1,46,0,1,0,
1790405022.8178,flamesafe,200,1,47,0,1,0,
1790405022.8427,flamesafe,200,1,48,0,1,0,
1790405022.8678,flamesafe,200,1,49,0,1,0,
1790405022.8927,flamesafe,200,1,50,0,1,0,
1790405022.9177,flamesafe,200,1,51,0,1,0,
1790405022.9430,flamesafe,200,1,52,0,1,0,
1790405022.9681,flamesafe,200,1,53,0,1,0,
1790405022.9931,flamesafe,200,1,54,0,1,0,
1790405023.0180,flamesafe,200,1,55,0,1,0,
1790405023.0431,flamesafe,200,1,56,0,1,0,
1790405023.0681,flamesafe,200,1,57,0,1,0,
1790405023.0928,flamesafe,200,1,58,0,1,0,
1790405023.1179,flamesafe,200,1,59,0,1,0,
1790405023.1430,flamesafe,200,1,60,0,1,0,
1790405023.1679,flamesafe,200,1,61,0,1,0,
1790405023.1928,flamesafe,200,1,62,0,1,0,
1790405023.2180,flamesafe,200,1,63,0,1,0,
1790405023.2430,flamesafe,200,1,64,0,1,0,
1790405023.2681,flamesafe,200,1,65,0,1,0,
1790405023.2928,flamesafe,200,1,66,0,1,0,
1790405023.3177,flamesafe,200,1,67,0,1,0,
1790405023.3431,flamesafe,200,1,68,0,1,0,
1790405023.3676,flamesafe,200,1,69,0,1,0,
1790405023.3927,flamesafe,200,1,70,0,1,0,
1790405023.4178,flamesafe,200,1,71,0,1,0,
1790405023.4428,flamesafe,200,1,72,0,1,0,
1790405023.4680,flamesafe,200,1,73,0,1,0,
1790405023.4928,flamesafe,200,1,74,0,1,0,
1790405023.5176,flamesafe,200,1,75,0,1,0,
1790405023.5427,flamesafe,200,1,76,0,1,0,
1790405023.5678,flamesafe,200,1,77,0,1,0,
1790405023.5931,flamesafe,200,1,78,0,1,0,
1790405023.6178,flamesafe,200,1,79,0,1,0,
1790405023.6426,flamesafe,200,1,80,0,1,0,
1790405023.6681,flamesafe,200,1,81,0,1,0,
1790405023.6930,flamesafe,200,1,82,0,1,0,
1790405023.7179,flamesafe,200,1,83,0,1,0,
1790405023.7426,flamesafe,200,1,84,0,1,0,
1790405023.7680,flamesafe,200,1,85,0,1,0,
1790405023.7927,flamesafe,200,1,86,0,1,0,
1790405023.8179,flamesafe,200,1,87,0,1,0,
1790405023.8427,flamesafe,200,1,88,0,1,0,
1790405023.8677,flamesafe,200,1,89,0,1,0,
1790405023.8927,flamesafe,200,1,90,0,1,0,
1790405023.9177,flamesafe,200,1,91,0,1,0,
1790405023.9427,flamesafe,200,1,92,0,1,0,
1790405023.9676,flamesafe,200,1,93,0,1,0,
1790405023.9928,flamesafe,200,1,94,0,1,0,
1790405024.0179,flamesafe,200,1,95,0,1,0,
1790405024.0427,flamesafe,200,1,96,0,1,0,
1790405024.0679,flamesafe,200,1,97,0,1,0,
1790405024.0930,flamesafe,200,1,98,0,1,0,
1790405024.1179,flamesafe,200,1,99,0,1,0,
1790405024.1430,flamesafe,200,1,100,0,1,0,
1790405024.1677,flamesafe,200,1,101,0,1,0,
1790405024.1930,flamesafe,200,1,102,0,1,0,
1790405024.2177,flamesafe,200,1,103,0,1,0,
1790405024.2427,flamesafe,200,1,104,0,1,0,
1790405024.2677,flamesafe,200,1,105,0,1,0,
1790405024.2930,flamesafe,200,1,106,0,1,0,
1790405024.3179,flamesafe,200,1,107,0,1,0,
1790405024.3427,flamesafe,200,1,108,0,1,0,
1790405024.3677,flamesafe,200,1,109,0,1,0,
1790405024.3929,flamesafe,200,1,110,0,1,0,
1790405024.4180,flamesafe,200,1,111,0,1,0,
1790405024.4431,flamesafe,200,1,112,0,1,0,
1790405024.4677,flamesafe,200,1,113,0,1,0,
1790405024.4929,flamesafe,200,1,114,0,1,0,
1790405024.5178,flamesafe,200,1,115,0,1,0,
1790405024.5429,flamesafe,200,1,116,0,1,0,
1790405024.5678,flamesafe,200,1,117,0,1,0,
1790405024.5930,flamesafe,200,1,118,0,1,0,
1790405024.6181,flamesafe,200,1,119,0,1,0,
1790405024.6427,flamesafe,200,1,120,0,1,0,
1790405024.6677,flamesafe,200,1,121,0,1,0,
1790405024.6927,flamesafe,200,1,122,0,1,0,
1790405024.7177,flamesafe,200,1,123,0,1,0,
1790405024.7433,flamesafe,200,1,124,0,1,0,
1790405024.7678,flamesafe,200,1,125,0,1,0,
1790405024.7927,flamesafe,200,1,126,0,1,0,
1790405024.8177,flamesafe,200,1,127,0,1,0,
1790405024.8428,flamesafe,200,1,128,0,1,0,
1790405024.8679,flamesafe,200,1,129,0,1,0,
1790405024.8927,flamesafe,200,1,130,0,1,0,
1790405024.9180,flamesafe,200,1,131,0,1,0,
1790405024.9430,flamesafe,200,1,132,0,1,0,
1790405024.9677,flamesafe,200,1,133,0,1,0,
1790405024.9930,flamesafe,200,1,134,0,1,0,
1790405025.0179,flamesafe,200,1,135,0,1,0,
1790405025.0431,flamesafe,200,1,136,0,1,0,
1790405025.0679,flamesafe,200,1,137,0,1,0,
1790405025.0928,flamesafe,200,1,138,0,1,0,
1790405025.1177,flamesafe,200,1,139,0,1,0,
1790405025.1430,flamesafe,200,1,140,0,1,0,
1790405025.1681,flamesafe,200,1,141,0,1,0,
1790405025.1927,flamesafe,200,1,142,0,1,0,
1790405025.2179,flamesafe,200,1,143,0,1,0,
1790405025.2429,flamesafe,200,1,144,0,1,0,
1790405025.2680,flamesafe,200,1,145,0,1,0,
1790405025.2926,flamesafe,200,1,146,0,1,0,
1790405025.3177,flamesafe,200,1,147,0,1,0,
1790405025.3428,flamesafe,200,1,148,0,1,0,
1790405025.3679,flamesafe,200,1,149,0,1,0,
1790405025.3928,flamesafe,200,1,150,0,1,0,
1790405025.4181,flamesafe,200,1,151,0,1,0,
1790405025.4427,flamesafe,200,1,152,0,1,0,
1790405025.4677,flamesafe,200,1,153,0,1,0,
1790405025.4926,flamesafe,200,1,154,0,1,0,
1790405025.5181,flamesafe,200,1,155,0,1,0,
1790405025.5427,flamesafe,200,1,156,0,1,0,
1790405025.5680,flamesafe,200,1,157,0,1,0,
1790405025.5930,flamesafe,200,1,158,0,1,0,
1790405025.6176,flamesafe,200,1,159,0,1,0,
1790405025.6430,flamesafe,200,1,160,0,1,0,
1790405025.6676,flamesafe,200,1,161,0,1,0,
1790405025.6931,flamesafe,200,1,162,0,1,0,
1790405025.7180,flamesafe,200,1,163,0,1,0,
1790405025.7431,flamesafe,200,1,164,0,1,0,
1790405025.7677,flamesafe,200,1,165,0,1,0,
1790405025.7927,flamesafe,200,1,166,0,1,0,
1790405025.8178,flamesafe,200,1,167,0,1,0,
1790405025.8430,flamesafe,200,1,168,0,1,0,
1790405025.8681,flamesafe,200,1,169,0,1,0,
1790405025.8930,flamesafe,200,1,170,0,1,0,
1790405025.9179,flamesafe,200,1,171,0,1,0,
1790405025.9427,flamesafe,200,1,172,0,1,0,
1790405025.9677,flamesafe,200,1,173,0,1,0,
1790405025.9929,flamesafe,200,1,174,0,1,0,
1790405026.0181,flamesafe,200,1,175,0,1,0,
1790405026.0427,flamesafe,200,1,176,0,1,0,
1790405026.0677,flamesafe,200,1,177,0,1,0,
1790405026.0928,flamesafe,200,1,178,0,1,0,
1790405026.1176,flamesafe,200,1,179,0,1,0,
1790405026.1430,flamesafe,200,1,180,0,1,0,
1790405026.1677,flamesafe,200,1,181,0,1,0,
1790405026.1927,flamesafe,200,1,182,0,1,0,
1790405026.2179,flamesafe,200,1,183,0,1,0,
1790405026.2427,flamesafe,200,1,184,0,1,0,
1790405026.2676,flamesafe,200,1,185,0,1,0,
1790405026.2928,flamesafe,200,1,186,0,1,0,
1790405026.3181,flamesafe,200,1,187,0,1,0,
1790405026.3429,flamesafe,200,1,188,0,1,0,
1790405026.3680,flamesafe,200,1,189,0,1,0,
1790405026.3929,flamesafe,200,1,190,0,1,0,
1790405026.4181,flamesafe,200,1,191,0,1,0,
1790405026.4429,flamesafe,200,1,192,0,1,0,
1790405026.4676,flamesafe,200,1,193,0,1,0,
1790405026.4929,flamesafe,200,1,194,0,1,0,
1790405026.5177,flamesafe,200,1,195,0,1,0,
1790405026.5431,flamesafe,200,1,196,0,1,0,
1790405026.5678,flamesafe,200,1,197,0,1,0,
1790405026.5929,flamesafe,200,1,198,0,1,0,
1790405026.6178,flamesafe,200,1,199,0,1,0,
1790405026.6427,flamesafe,200,1,200,0,1,0,
1790405026.6677,flamesafe,200,1,201,0,1,0,
1790405026.6929,flamesafe,200,1,202,0,1,0,
1790405026.7180,flamesafe,200,1,203,0,1,0,
1790405026.7430,flamesafe,200,1,204,0,1,0,
1790405026.7676,flamesafe,200,1,205,0,1,0,
1790405026.7931,flamesafe,200,1,206,0,1,0,
1790405026.8177,flamesafe,200,1,207,0,1,0,
1790405026.8428,flamesafe,200,1,208,0,1,0,
1790405026.8677,flamesafe,200,1,209,0,1,0,
1790405026.8929,flamesafe,200,1,210,0,1,0,
1790405026.9181,flamesafe,200,1,211,0,1,0,
1790405026.9428,flamesafe,200,1,212,0,1,0,
1790405026.9680,flamesafe,200,1,213,0,1,0,
1790405026.9930,flamesafe,200,1,214,0,1,0,
1790405027.0177,flamesafe,200,1,215,0,1,0,
1790405027.0430,flamesafe,200,1,216,0,1,0,
1790405027.0678,flamesafe,200,1,217,0,1,0,
1790405027.0926,flamesafe,200,1,218,0,1,0,
1790405027.1178,flamesafe,200,1,219,0,1,0,
1790405027.1426,flamesafe,200,1,220,0,1,0,
1790405027.1677,flamesafe,200,1,221,0,1,0,
1790405027.1929,flamesafe,200,1,222,0,1,0,
1790405027.2179,flamesafe,200,1,223,0,1,0,
1790405027.2428,flamesafe,200,1,224,0,1,0,
1790405027.2678,flamesafe,200,1,225,0,1,0,
1790405027.2931,flamesafe,200,1,226,0,1,0,
1790405027.3181,flamesafe,200,1,227,0,1,0,
1790405027.3429,flamesafe,200,1,228,0,1,0,
1790405027.3677,flamesafe,200,1,229,0,1,0,
1790405027.3929,flamesafe,200,1,230,0,1,0,
1790405027.4178,flamesafe,200,1,231,0,1,0,
1790405027.4431,flamesafe,200,1,232,0,1,0,
1790405027.4678,flamesafe,200,1,233,0,1,0,
1790405027.4929,flamesafe,200,1,234,0,1,0,
1790405027.5176,flamesafe,200,1,235,0,1,0,
1790405027.5428,flamesafe,200,1,236,0,1,0,
1790405027.5680,flamesafe,200,1,237,0,1,0,
1790405027.5928,flamesafe,200,1,238,0,1,0,
1790405027.6176,flamesafe,200,1,239,0,1,0,
1790405027.6428,flamesafe,200,1,240,0,1,0,
1790405027.6678,flamesafe,200,1,241,0,1,0,
1790405027.6929,flamesafe,200,1,242,0,1,0,
1790405027.7180,flamesafe,200,1,243,0,1,0,
1790405027.7428,flamesafe,200,1,244,0,1,0,
1790405027.7678,flamesafe,200,1,245,0,1,0,
1790405027.7928,flamesafe,200,1,246,0,1,0,
1790405027.8180,flamesafe,200,1,247,0,1,0,
1790405027.8428,flamesafe,200,1,248,0,1,0,
1790405027.8676,flamesafe,200,1,249,0,1,0,
1790405027.8928,flamesafe,200,1,250,0,1,0,
1790405027.9179,flamesafe,200,1,251,0,1,0,
1790405027.9429,flamesafe,200,1,252,0,1,0,
1790405027.9677,flamesafe,200,1,253,0,1,0,
1790405027.9932,flamesafe,200,1,254,0,1,0,
1790405028.0178,flamesafe,200,1,255,0,1,0,
1790405028.0429,flamesafe,200,1,0,0,1,0,
1790405028.0681,flamesafe,200,1,1,0,1,0,
1790405028.0927,flamesafe,200,1,2,0,1,0,
1790405028.1179,flamesafe,200,1,3,0,1,0,
1790405028.1427,flamesafe,200,1,4,0,1,0,
1790405028.1680,flamesafe,200,1,5,0,1,0,
1790405028.1930,flamesafe,200,1,6,0,1,0,
1790405028.2179,flamesafe,200,1,7,0,1,0,
1790405028.2430,flamesafe,200,1,8,0,1,0,
1790405028.2677,flamesafe,200,1,9,0,1,0,
1790405028.2927,flamesafe,200,1,10,0,1,0,
1790405028.3179,flamesafe,200,1,11,0,1,0,
1790405028.3430,flamesafe,200,1,12,0,1,0,
1790405028.3680,flamesafe,200,1,13,0,1,0,
1790405028.3927,flamesafe,200,1,14,0,1,0,
1790405028.4179,flamesafe,200,1,15,0,1,0,
1790405028.4426,flamesafe,200,1,16,0,1,0,
1790405028.4681,flamesafe,200,1,17,0,1,0,
1790405028.4931,flamesafe,200,1,18,0,1,0,
1790405028.5179,flamesafe,200,1,19,0,1,0,
1790405028.5428,flamesafe,200,1,20,0,1,0,
1790405028.5679,flamesafe,200,1,21,0,1,0,
1790405028.5926,flamesafe,200,1,22,0,1,0,
1790405028.6177,flamesafe,200,1,23,0,1,0,
1790405028.6426,flamesafe,200,1,24,0,1,0,
1790405028.6676,flamesafe,200,1,25,0,1,0,
1790405028.6930,flamesafe,200,1,26,0,1,0,
1790405028.7176,flamesafe,200,1,27,0,1,0,
1790405028.7428,flamesafe,200,1,28,0,1,0,
1790405028.7676,flamesafe,200,1,29,0,1,0,
1790405028.7927,flamesafe,200,1,30,0,1,0,
1790405028.8180,flamesafe,200,1,31,0,1,0,
1790405028.8431,flamesafe,200,1,32,0,1,0,
1790405028.8677,flamesafe,200,1,33,0,1,0,
1790405028.8929,flamesafe,200,1,34,0,1,0,
1790405028.9179,flamesafe,200,1,35,0,1,0,
1790405028.9429,flamesafe,200,1,36,0,1,0,
1790405028.9678,flamesafe,200,1,37,0,1,0,
1790405028.9927,flamesafe,200,1,38,0,1,0,
1790405029.0177,flamesafe,200,1,39,0,1,0,
1790405029.0430,flamesafe,200,1,40,0,1,0,
1790405029.0677,flamesafe,200,1,41,0,1,0,
1790405029.0926,flamesafe,200,1,42,0,1,0,
1790405029.1178,flamesafe,200,1,43,0,1,0,
1790405029.1428,flamesafe,200,1,44,0,1,0,
1790405029.1680,flamesafe,200,1,45,0,1,0,
1790405029.1931,flamesafe,200,1,46,0,1,0,
1790405029.2178,flamesafe,200,1,47,0,1,0,
1790405029.2430,flamesafe,200,1,48,0,1,0,
1790405029.2677,flamesafe,200,1,49,0,1,0,
1790405029.2928,flamesafe,200,1,50,0,1,0,
1790405029.3178,flamesafe,200,1,51,0,1,0,
1790405029.3426,flamesafe,200,1,52,0,1,0,
1790405029.3680,flamesafe,200,1,53,0,1,0,
1790405029.3926,flamesafe,200,1,54,0,1,0,
1790405029.4180,flamesafe,200,1,55,0,1,0,
1790405029.4427,flamesafe,200,1,56,0,1,0,
1790405029.4680,flamesafe,200,1,57,0,1,0,
1790405029.4930,flamesafe,200,1,58,0,1,0,
1790405029.5178,flamesafe,200,1,59,0,1,0,
1790405029.5426,flamesafe,200,1,60,0,1,0,
1790405029.5681,flamesafe,200,1,61,0,1,0,
1790405029.5929,flamesafe,200,1,62,0,1,0,
1790405029.6179,flamesafe,200,1,63,0,1,0,
1790405029.6431,flamesafe,200,1,64,0,1,0,
1790405029.6680,flamesafe,200,1,65,0,1,0,
1790405029.6928,flamesafe,200,1,66,0,1,0,
1790405029.7177,flamesafe,200,1,67,0,1,0,
1790405029.7428,flamesafe,200,1,68,0,1,0,
1790405029.7680,flamesafe,200,1,69,0,1,0,
1790405029.7929,flamesafe,200,1,70,0,1,0,
1790405029.8178,flamesafe,200,1,71,0,1,0,
1790405029.8429,flamesafe,200,1,72,0,1,0,
1790405029.8679,flamesafe,200,1,73,0,1,0,
1790405029.8929,flamesafe,200,1,74,0,1,0,
1790405029.9177,flamesafe,200,1,75,0,1,0,
1790405029.9428,flamesafe,200,1,76,0,1,0,
1790405029.9680,flamesafe,200,1,77,0,1,0,
1790405029.9928,flamesafe,200,1,78,0,1,0,
1790405030.0178,flamesafe,200,1,79,0,1,0,
1790405030.0428,flamesafe,200,1,80,0,1,0,
1790405030.0681,flamesafe,200,1,81,0,1,0,
1790405030.0929,flamesafe,200,1,82,0,1,0,
1790405030.1180,flamesafe,200,1,83,0,1,0,
1790405030.1430,flamesafe,200,1,84,0,1,0,
1790405030.1676,flamesafe,200,1,85,0,1,0,
1790405030.1930,flamesafe,200,1,86,0,1,0,
1790405030.2176,flamesafe,200,1,87,0,1,0,
1790405030.2429,flamesafe,200,1,88,0,1,0,
1790405030.2678,flamesafe,200,1,89,0,1,0,
1790405030.2930,flamesafe,200,1,90,0,1,0,
1790405030.3178,flamesafe,200,1,91,0,1,0,
1790405030.3429,flamesafe,200,1,92,0,1,0,
1790405030.3678,flamesafe,200,1,93,0,1,0,
1790405030.3927,flamesafe,200,1,94,0,1,0,
1790405030.4179,flamesafe,200,1,95,0,1,0,
1790405030.4430,flamesafe,200,1,96,0,1,0,
1790405030.4677,flamesafe,200,1,97,0,1,0,
1790405030.4928,flamesafe,200,1,98,0,1,0,
1790405030.5180,flamesafe,200,1,99,0,1,0,
1790405030.5428,flamesafe,200,1,100,0,1,0,
1790405030.5680,flamesafe,200,1,101,0,1,0,
1790405030.5928,flamesafe,200,1,102,0,1,0,
1790405030.6177,flamesafe,200,1,103,0,1,0,
1790405030.6430,flamesafe,200,1,104,0,1,0,
1790405030.6679,flamesafe,200,1,105,0,1,0,
1790405030.6927,flamesafe,200,1,106,0,1,0,
1790405030.7177,flamesafe,200,1,107,0,1,0,
1790405030.7427,flamesafe,200,1,108,0,1,0,
1790405030.7677,flamesafe,200,1,109,0,1,0,
1790405030.7928,flamesafe,200,1,110,0,1,0,
1790405030.8180,flamesafe,200,1,111,0,1,0,
1790405030.8427,flamesafe,200,1,112,0,1,0,
1790405030.8678,flamesafe,200,1,113,0,1,0,
1790405030.8928,flamesafe,200,1,114,0,1,0,
1790405030.9181,flamesafe,200,1,115,0,1,0,
1790405030.9428,flamesafe,200,1,116,0,1,0,
1790405030.9680,flamesafe,200,1,117,0,1,0,
1790405030.9927,flamesafe,200,1,118,0,1,0,
1790405031.0179,flamesafe,200,1,119,0,1,0,
1790405031.0430,flamesafe,200,1,120,0,1,0,
1790405031.0677,flamesafe,200,1,121,0,1,0,
1790405031.0929,flamesafe,200,1,122,0,1,0,
1790405031.1180,flamesafe,200,1,123,0,1,0,
1790405031.1431,flamesafe,200,1,124,0,1,0,
1790405031.1680,flamesafe,200,1,125,0,1,0,
1790405031.1927,flamesafe,200,1,126,0,1,0,
1790405031.2180,flamesafe,200,1,127,0,1,0,
1790405031.2429,flamesafe,200,1,128,0,1,0,
1790405031.2679,flamesafe,200,1,129,0,1,0,
1790405031.2927,flamesafe,200,1,130,0,1,0,
1790405031.3180,flamesafe,200,1,131,0,1,0,
1790405031.3430,flamesafe,200,1,132,0,1,0,
1790405031.3680,flamesafe,200,1,133,0,1,0,
1790405031.3928,flamesafe,200,1,134,0,1,0,
1790405031.4178,flamesafe,200,1,135,0,1,0,
1790405031.4431,flamesafe,200,1,136,0,1,0,
1790405031.4679,flamesafe,200,1,137,0,1,0,
1790405031.4927,flamesafe,200,1,138,0,1,0,
1790405031.5178,flamesafe,200,1,139,0,1,0,
1790405031.5428,flamesafe,200,1,140,0,1,0,
1790405031.5677,flamesafe,200,1,141,0,1,0,
1790405031.5930,flamesafe,200,1,142,0,1,0,
1790405031.6178,flamesafe,200,1,143,0,1,0,
1790405031.6430,flamesafe,200,1,144,0,1,0,
1790405031.6677,flamesafe,200,1,145,0,1,0,
1790405031.6932,flamesafe,200,1,146,0,1,0,
1790405031.7181,flamesafe,200,1,147,0,1,0,
1790405031.7426,flamesafe,200,1,148,0,1,0,
1790405031.7677,flamesafe,200,1,149,0,1,0,
1790405031.7931,flamesafe,200,1,150,0,1,0,
1790405031.8176,flamesafe,200,1,151,0,1,0,
1790405031.8428,flamesafe,200,1,152,0,1,0,
1790405031.8681,flamesafe,200,1,153,0,1,0,
1790405031.8928,flamesafe,200,1,154,0,1,0,
1790405031.9177,flamesafe,200,1,155,0,1,0,
1790405031.9427,flamesafe,200,1,156,0,1,0,
1790405031.9681,flamesafe,200,1,157,0,1,0,
1790405031.9927,flamesafe,200,1,158,0,1,0,
1790405032.0179,flamesafe,200,1,159,0,1,0,
1790405032.0426,flamesafe,200,1,160,0,1,0,
1790405032.0676,flamesafe,200,1,161,0,1,0,
1790405032.0927,flamesafe,200,1,162,0,1,0,
1790405032.1177,flamesafe,200,1,163,0,1,0,
1790405032.1428,flamesafe,200,1,164,0,1,0,
1790405032.1678,flamesafe,200,1,165,0,1,0,
1790405032.1929,flamesafe,200,1,166,0,1,0,
1790405032.2180,flamesafe,200,1,167,0,1,0,
1790405032.2427,flamesafe,200,1,168,0,1,0,
1790405032.2677,flamesafe,200,1,169,0,1,0,
1790405032.2928,flamesafe,200,1,170,0,1,0,
1790405032.3178,flamesafe,200,1,171,0,1,0,
1790405032.3430,flamesafe,200,1,172,0,1,0,
1790405032.3679,flamesafe,200,1,173,0,1,0,
1790405032.3929,flamesafe,200,1,174,0,1,0,
1790405032.4179,flamesafe,200,1,175,0,1,0,
1790405032.4427,flamesafe,200,1,176,0,1,0,
1790405032.4678,flamesafe,200,1,177,0,1,0,
1790405032.4930,flamesafe,200,1,178,0,1,0,
1790405032.5178,flamesafe,200,1,179,0,1,0,
1790405032.5428,flamesafe,200,1,180,0,1,0,
1790405032.5677,flamesafe,200,1,181,0,1,0,
1790405032.5927,flamesafe,200,1,182,0,1,0,
1790405032.6178,flamesafe,200,1,183,0,1,0,
1790405032.6430,flamesafe,200,1,184,0,1,0,
1790405032.6679,flamesafe,200,1,185,0,1,0,
1790405032.6929,flamesafe,200,1,186,0,1,0,
1790405032.7177,flamesafe,200,1,187,0,1,0,
1790405032.7431,flamesafe,200,1,188,0,1,0,
1790405032.7680,flamesafe,200,1,189,0,1,0,
1790405032.7927,flamesafe,200,1,190,0,1,0,
1790405032.8177,flamesafe,200,1,191,0,1,0,
1790405032.8430,flamesafe,200,1,192,0,1,0,
1790405032.8680,flamesafe,200,1,193,0,1,0,
1790405032.8927,flamesafe,200,1,194,0,1,0,
1790405032.9178,flamesafe,200,1,195,0,1,0,
1790405032.9431,flamesafe,200,1,196,0,1,0,
1790405032.9680,flamesafe,200,1,197,0,1,0,
1790405032.9929,flamesafe,200,1,198,0,1,0,
1790405033.0178,flamesafe,200,1,199,0,1,0,
1790405033.0431,flamesafe,200,1,200,0,1,0,
1790405033.0678,flamesafe,200,1,201,0,1,0,
1790405033.0928,flamesafe,200,1,202,0,1,0,
1790405033.1176,flamesafe,200,1,203,0,1,0,
1790405033.1429,flamesafe,200,1,204,0,1,0,
1790405033.1679,flamesafe,200,1,205,0,1,0,
1790405033.1927,flamesafe,200,1,206,0,1,0,
1790405033.2181,flamesafe,200,1,207,0,1,0,
1790405033.2427,flamesafe,200,1,208,0,1,0,
1790405033.2677,flamesafe,200,1,209,0,1,0,
1790405033.2931,flamesafe,200,1,210,0,1,0,
1790405033.3178,flamesafe,200,1,211,0,1,0,
1790405033.3430,flamesafe,200,1,212,0,1,0,
1790405033.3677,flamesafe,200,1,213,0,1,0,
1790405033.3928,flamesafe,200,1,214,0,1,0,
1790405033.4178,flamesafe,200,1,215,0,1,0,
1790405033.4426,flamesafe,200,1,216,0,1,0,
1790405033.4679,flamesafe,200,1,217,0,1,0,
1790405033.4931,flamesafe,200,1,218,0,1,0,
1790405033.5178,flamesafe,200,1,219,0,1,0,
1790405033.5430,flamesafe,200,1,220,0,1,0,
1790405033.5677,flamesafe,200,1,221,0,1,0,
1790405033.5931,flamesafe,200,1,222,0,1,0,
1790405033.6181,flamesafe,200,1,223,0,1,0,
1790405033.6428,flamesafe,200,1,224,0,1,0,
1790405033.6679,flamesafe,200,1,225,0,1,0,
1790405033.6927,flamesafe,200,1,226,0,1,0,
1790405033.7179,flamesafe,200,1,227,0,1,0,
1790405033.7430,flamesafe,200,1,228,0,1,0,
1790405033.7679,flamesafe,200,1,229,0,1,0,
1790405033.7929,flamesafe,200,1,230,0,1,0,
1790405033.8180,flamesafe,200,1,231,0,1,0,
1790405033.8429,flamesafe,200,1,232,0,1,0,
1790405033.8681,flamesafe,200,1,233,0,1,0,
1790405033.8929,flamesafe,200,1,234,0,1,0,
1790405033.9180,flamesafe,200,1,235,0,1,0,
1790405033.9428,flamesafe,200,1,236,0,1,0,
1790405033.9677,flamesafe,200,1,237,0,1,0,
1790405033.9926,flamesafe,200,1,238,0,1,0,
1790405034.0176,flamesafe,200,1,239,0,1,0,
1790405034.0428,flamesafe,200,1,240,0,1,0,
1790405034.0680,flamesafe,200,1,241,0,1,0,
1790405034.0930,flamesafe,200,1,242,0,1,0,
1790405034.1179,flamesafe,200,1,243,0,1,0,
1790405034.1427,flamesafe,200,1,244,0,1,0,
1790405034.1680,flamesafe,200,1,245,0,1,0,
1790405034.1927,flamesafe,200,1,246,0,1,0,
1790405034.2177,flamesafe,200,1,247,0,1,0,
1790405034.2428,flamesafe,200,1,248,0,1,0,
1790405034.2679,flamesafe,200,1,249,0,1,0,
1790405034.2930,flamesafe,200,1,250,0,1,0,
1790405034.3179,flamesafe,200,1,251,0,1,0,
1790405034.3429,flamesafe,200,1,252,0,1,0,
1790405034.3680,flamesafe,200,1,253,0,1,0,
1790405034.3926,flamesafe,200,1,254,0,1,0,
1790405034.4177,flamesafe,200,1,255,0,1,0,
1790405034.4426,flamesafe,200,1,0,0,1,0,
1790405034.4676,flamesafe,200,1,1,0,1,0,
1790405034.4930,flamesafe,200,1,2,0,1,0,
1790405034.5179,flamesafe,200,1,3,0,1,0,
1790405034.5429,flamesafe,200,1,4,0,1,0,
1790405034.5677,flamesafe,200,1,5,0,1,0,
1790405034.5929,flamesafe,200,1,6,0,1,0,
1790405034.6178,flamesafe,200,1,7,0,1,0,
1790405034.6427,flamesafe,200,1,8,0,1,0,
1790405034.6680,flamesafe,200,1,9,0,1,0,
1790405034.6928,flamesafe,200,1,10,0,1,0,
1790405034.7178,flamesafe,200,1,11,0,1,0,
1790405034.7428,flamesafe,200,1,12,0,1,0,
1790405034.7678,flamesafe,200,1,13,0,1,0,
1790405034.7930,flamesafe,200,1,14,0,1,0,
1790405034.8178,flamesafe,200,1,15,0,1,0,
1790405034.8429,flamesafe,200,1,16,0,1,0,
1790405034.8679,flamesafe,200,1,17,0,1,0,
1790405034.8930,flamesafe,200,1,18,0,1,0,
1790405034.9181,flamesafe,200,1,19,0,1,0,
1790405034.9427,flamesafe,200,1,20,0,1,0,
1790405034.9678,flamesafe,200,1,21,0,1,0,
1790405034.9928,flamesafe,200,1,22,0,1,0,
1790405035.0178,flamesafe,200,1,23,0,1,0,
1790405035.0429,flamesafe,200,1,24,0,1,0,
1790405035.0677,flamesafe,200,1,25,0,1,0,
1790405035.0929,flamesafe,200,1,26,0,1,0,
1790405035.1176,flamesafe,200,1,27,0,1,0,
1790405035.1428,flamesafe,200,1,28,0,1,0,
1790405035.1679,flamesafe,200,1,29,0,1,0,
1790405035.1929,flamesafe,200,1,30,0,1,0,
1790405035.2177,flamesafe,200,1,31,0,1,0,
1790405035.2430,flamesafe,200,1,32,0,1,0,
1790405035.2678,flamesafe,200,1,33,0,1,0,
1790405035.2927,flamesafe,200,1,34,0,1,0,
1790405035.3178,flamesafe,200,1,35,0,1,0,
1790405035.3430,flamesafe,200,1,36,0,1,0,
1790405035.3677,flamesafe,200,1,37,0,1,0,
1790405035.3931,flamesafe,200,1,38,0,1,0,
1790405035.4180,flamesafe,200,1,39,0,1,0,
1790405035.4430,flamesafe,200,1,40,0,1,0,
1790405035.4679,flamesafe,200,1,41,0,1,0,
1790405035.4931,flamesafe,200,1,42,0,1,0,
1790405035.5177,flamesafe,200,1,43,0,1,0,
1790405035.5431,flamesafe,200,1,44,0,1,0,
1790405035.5678,flamesafe,200,1,45,0,1,0,
1790405035.5927,flamesafe,200,1,46,0,1,0,
1790405035.6179,flamesafe,200,1,47,0,1,0,
1790405035.6429,flamesafe,200,1,48,0,1,0,
1790405035.6679,flamesafe,200,1,49,0,1,0,
1790405035.6930,flamesafe,200,1,50,0,1,0,
1790405035.7180,flamesafe,200,1,51,0,1,0,
1790405035.7427,flamesafe,200,1,52,0,1,0,
1790405035.7678,flamesafe,200,1,53,0,1,0,
1790405035.7928,flamesafe,200,1,54,0,1,0,
1790405035.8180,flamesafe,200,1,55,0,1,0,
1790405035.8427,flamesafe,200,1,56,0,1,0,
1790405035.8680,flamesafe,200,1,57,0,1,0,
1790405035.8927,flamesafe,200,1,58,0,1,0,
1790405035.9180,flamesafe,200,1,59,0,1,0,
1790405035.9427,flamesafe,200,1,60,0,1,0,
1790405035.9681,flamesafe,200,1,61,0,1,0,
1790405035.9930,flamesafe,200,1,62,0,1,0,
1790405036.0180,flamesafe,200,1,63,0,1,0,
1790405036.0429,flamesafe,200,1,64,0,1,0,
1790405036.0679,flamesafe,200,1,65,0,1,0,
1790405036.0929,flamesafe,200,1,66,0,1,0,
1790405036.1179,flamesafe,200,1,67,0,1,0,
1790405036.1427,flamesafe,200,1,68,0,1,0,
1790405036.1679,flamesafe,200,1,69,0,1,0,
1790405036.1927,flamesafe,200,1,70,0,1,0,
1790405036.2179,flamesafe,200,1,71,0,1,0,
1790405036.2429,flamesafe,200,1,72,0,1,0,
1790405036.2676,flamesafe,200,1,73,0,1,0,
1790405036.2929,flamesafe,200,1,74,0,1,0,
1790405036.3176,flamesafe,200,1,75,0,1,0,
1790405036.3431,flamesafe,200,1,76,0,1,0,
1790405036.3676,flamesafe,200,1,77,0,1,0,
1790405036.3929,flamesafe,200,1,78,0,1,0,
1790405036.4181,flamesafe,200,1,79,0,1,0,
1790405036.4429,flamesafe,200,1,80,0,1,0,
1790405036.4677,flamesafe,200,1,81,0,1,0,
1790405036.4929,flamesafe,200,1,82,0,1,0,
1790405036.5176,flamesafe,200,1,83,0,1,0,
1790405036.5428,flamesafe,200,1,84,0,1,0,
1790405036.5676,flamesafe,200,1,85,0,1,0,
1790405036.5930,flamesafe,200,1,86,0,1,0,
1790405036.6180,flamesafe,200,1,87,0,1,0,
1790405036.6431,flamesafe,200,1,88,0,1,0,
1790405036.6680,flamesafe,200,1,89,0,1,0,
1790405036.6929,flamesafe,200,1,90,0,1,0,
1790405036.7176,flamesafe,200,1,91,0,1,0,
1790405036.7433,flamesafe,200,1,92,0,1,0,
1790405036.7681,flamesafe,200,1,93,0,1,0,
1790405036.7928,flamesafe,200,1,94,0,1,0,
1790405036.8181,flamesafe,200,1,95,0,1,0,
1790405036.8429,flamesafe,200,1,96,0,1,0,
1790405036.8677,flamesafe,200,1,97,0,1,0,
1790405036.8930,flamesafe,200,1,98,0,1,0,
1790405036.9178,flamesafe,200,1,99,0,1,0,
1790405036.9429,flamesafe,200,1,100,0,1,0,
1790405036.9679,flamesafe,200,1,101,0,1,0,
1790405036.9930,flamesafe,200,1,102,0,1,0,
1790405037.0178,flamesafe,200,1,103,0,1,0,
1790405037.0429,flamesafe,200,1,104,0,1,0,
1790405037.0680,flamesafe,200,1,105,0,1,0,
1790405037.0927,flamesafe,200,1,106,0,1,0,
1790405037.1181,flamesafe,200,1,107,0,1,0,
1790405037.1428,flamesafe,200,1,108,0,1,0,
1790405037.1681,flamesafe,200,1,109,0,1,0,
1790405037.1926,flamesafe,200,1,110,0,1,0,
1790405037.2180,flamesafe,200,1,111,0,1,0,
1790405037.2430,flamesafe,200,1,112,0,1,0,
1790405037.2677,flamesafe,200,1,113,0,1,0,
1790405037.2929,flamesafe,200,1,114,0,1,0,
1790405037.3180,flamesafe,200,1,115,0,1,0,
1790405037.3429,flamesafe,200,1,116,0,1,0,
1790405037.3680,flamesafe,200,1,117,0,1,0,
1790405037.3928,flamesafe,200,1,118,0,1,0,
1790405037.4183,flamesafe,200,1,119,0,1,0,
1790405037.4431,flamesafe,200,1,120,0,1,0,
1790405037.4678,flamesafe,200,1,121,0,1,0,
1790405037.4927,flamesafe,200,1,122,0,1,0,
1790405037.5178,flamesafe,200,1,123,0,1,0,
1790405037.5429,flamesafe,200,1,124,0,1,0,
1790405037.5679,flamesafe,200,1,125,0,1,0,
1790405037.5927,flamesafe,200,1,126,0,1,0,
1790405037.6178,flamesafe,200,1,127,0,1,0,
1790405037.6428,flamesafe,200,1,128,0,1,0,
1790405037.6679,flamesafe,200,1,129,0,1,0,
1790405037.6929,flamesafe,200,1,130,0,1,0,
1790405037.7182,flamesafe,200,1,131,0,1,0,
1790405037.7429,flamesafe,200,1,132,0,1,0,
1790405037.7679,flamesafe,200,1,133,0,1,0,
1790405037.7928,flamesafe,200,1,134,0,1,0,
1790405037.8181,flamesafe,200,1,135,0,1,0,
1790405037.8429,flamesafe,200,1,136,0,1,0,
1790405037.8676,flamesafe,200,1,137,0,1,0,
1790405037.8930,flamesafe,200,1,138,0,1,0,
1790405037.9178,flamesafe,200,1,139,0,1,0,
1790405037.9432,flamesafe,200,1,140,0,1,0,
1790405037.9677,flamesafe,200,1,141,0,1,0,
1790405037.9927,flamesafe,200,1,142,0,1,0,
1790405038.0178,flamesafe,200,1,143,0,1,0,
1790405038.0430,flamesafe,200,1,144,0,1,0,
1790405038.0677,flamesafe,200,1,145,0,1,0,
1790405038.0927,flamesafe,200,1,146,0,1,0,
1790405038.1177,flamesafe,200,1,147,0,1,0,
1790405038.1431,flamesafe,200,1,148,0,1,0,
1790405038.1678,flamesafe,200,1,149,0,1,0,
1790405038.1931,flamesafe,200,1,150,0,1,0,
1790405038.2178,flamesafe,200,1,151,0,1,0,
1790405038.2426,flamesafe,200,1,152,0,1,0,
1790405038.2680,flamesafe,200,1,153,0,1,0,
1790405038.2929,flamesafe,200,1,154,0,1,0,
1790405038.3180,flamesafe,200,1,155,0,1,0,
1790405038.3427,flamesafe,200,1,156,0,1,0,
1790405038.3677,flamesafe,200,1,157,0,1,0,
1790405038.3927,flamesafe,200,1,158,0,1,0,
1790405038.4178,flamesafe,200,1,159,0,1,0,
1790405038.4428,flamesafe,200,1,160,0,1,0,
1790405038.4678,flamesafe,200,1,161,0,1,0,
1790405038.4929,flamesafe,200,1,162,0,1,0,
1790405038.5178,flamesafe,200,1,163,0,1,0,
1790405038.5426,flamesafe,200,1,164,0,1,0,
1790405038.5677,flamesafe,200,1,165,0,1,0,
1790405038.5929,flamesafe,200,1,166,0,1,0,
1790405038.6178,flamesafe,200,1,167,0,1,0,
1790405038.6431,flamesafe,200,1,168,0,1,0,
1790405038.6680,flamesafe,200,1,169,0,1,0,
1790405038.6927,flamesafe,200,1,170,0,1,0,
1790405038.7179,flamesafe,200,1,171,0,1,0,
1790405038.7426,flamesafe,200,1,172,0,1,0,
1790405038.7679,flamesafe,200,1,173,0,1,0,
1790405038.7930,flamesafe,200,1,174,0,1,0,
1790405038.8178,flamesafe,200,1,175,0,1,0,
1790405038.8427,flamesafe,200,1,176,0,1,0,
1790405038.8679,flamesafe,200,1,177,0,1,0,
1790405038.8930,flamesafe,200,1,178,0,1,0,
1790405038.9177,flamesafe,200,1,179,0,1,0,
1790405038.9428,flamesafe,200,1,180,0,1,0,
1790405038.9676,flamesafe,200,1,181,0,1,0,
1790405038.9926,flamesafe,200,1,182,0,1,0,
1790405039.0178,flamesafe,200,1,183,0,1,0,
1790405039.0427,flamesafe,200,1,184,0,1,0,
1790405039.0681,flamesafe,200,1,185,0,1,0,
1790405039.0928,flamesafe,200,1,186,0,1,0,
1790405039.1181,flamesafe,200,1,187,0,1,0,
1790405039.1426,flamesafe,200,1,188,0,1,0,
1790405039.1677,flamesafe,200,1,189,0,1,0,
1790405039.1928,flamesafe,200,1,190,0,1,0,
1790405039.2179,flamesafe,200,1,191,0,1,0,
1790405039.2432,flamesafe,200,1,192,0,1,0,
1790405039.2679,flamesafe,200,1,193,0,1,0,
1790405039.2931,flamesafe,200,1,194,0,1,0,
1790405039.3179,flamesafe,200,1,195,0,1,0,
1790405039.3427,flamesafe,200,1,196,0,1,0,
1790405039.3677,flamesafe,200,1,197,0,1,0,
1790405039.3928,flamesafe,200,1,198,0,1,0,
1790405039.4181,flamesafe,200,1,199,0,1,0,
1790405039.4429,flamesafe,200,1,200,0,1,0,
1790405039.4678,flamesafe,200,1,201,0,1,0,
1790405039.4931,flamesafe,200,1,202,0,1,0,
1790405039.5176,flamesafe,200,1,203,0,1,0,
1790405039.5429,flamesafe,200,1,204,0,1,0,
1790405039.5678,flamesafe,200,1,205,0,1,0,
1790405039.5928,flamesafe,200,1,206,0,1,0,
1790405039.6177,flamesafe,200,1,207,0,1,0,
1790405039.6428,flamesafe,200,1,208,0,1,0,
1790405039.6679,flamesafe,200,1,209,0,1,0,
1790405039.6929,flamesafe,200,1,210,0,1,0,
1790405039.7181,flamesafe,200,1,211,0,1,0,
1790405039.7431,flamesafe,200,1,212,0,1,0,
1790405039.7676,flamesafe,200,1,213,0,1,0,
1790405039.7926,flamesafe,200,1,214,0,1,0,
1790405039.8180,flamesafe,200,1,215,0,1,0,
1790405039.8427,flamesafe,200,1,216,0,1,0,
1790405039.8679,flamesafe,200,1,217,0,1,0,
1790405039.8927,flamesafe,200,1,218,0,1,0,
1790405039.9177,flamesafe,200,1,219,0,1,0,
1790405039.9428,flamesafe,200,1,220,0,1,0,
1790405039.9676,flamesafe,200,1,221,0,1,0,
1790405039.9929,flamesafe,200,1,222,0,1,0,
1790405040.0178,flamesafe,200,1,223,0,1,0,
1790405040.0428,flamesafe,200,1,224,0,1,0,
1790405040.0676,flamesafe,200,1,225,0,1,0,
1790405040.0929,flamesafe,200,1,226,0,1,0,
1790405040.1180,flamesafe,200,1,227,0,1,0,
1790405040.1428,flamesafe,200,1,228,0,1,0,
1790405040.1677,flamesafe,200,1,229,0,1,0,
1790405040.1929,flamesafe,200,1,230,0,1,0,
1790405040.2179,flamesafe,200,1,231,0,1,0,
1790405040.2428,flamesafe,200,1,232,0,1,0,
1790405040.2681,flamesafe,200,1,233,0,1,0,
1790405040.2928,flamesafe,200,1,234,0,1,0,
1790405040.3178,flamesafe,200,1,235,0,1,0,
1790405040.3429,flamesafe,200,1,236,0,1,0,
1790405040.3678,flamesafe,200,1,237,0,1,0,
1790405040.3929,flamesafe,200,1,238,0,1,0,
1790405040.4176,flamesafe,200,1,239,0,1,0,
1790405040.4427,flamesafe,200,1,240,0,1,0,
1790405040.4678,flamesafe,200,1,241,0,1,0,
1790405040.4930,flamesafe,200,1,242,0,1,0,
1790405040.5180,flamesafe,200,1,243,0,1,0,
1790405040.5430,flamesafe,200,1,244,0,1,0,
1790405040.5679,flamesafe,200,1,245,0,1,0,
1790405040.5930,flamesafe,200,1,246,0,1,0,
1790405040.6177,flamesafe,200,1,247,0,1,0,
1790405040.6430,flamesafe,200,1,248,0,1,0,
1790405040.6680,flamesafe,200,1,249,0,1,0,
1790405040.6931,flamesafe,200,1,250,0,1,0,
1790405040.7176,flamesafe,200,1,251,0,1,0,
1790405040.7428,flamesafe,200,1,252,0,1,0,
1790405040.7677,flamesafe,200,1,253,0,1,0,
1790405040.7930,flamesafe,200,1,254,0,1,0,
1790405040.8177,flamesafe,200,1,255,0,1,0,
1790405040.8429,flamesafe,200,1,0,0,1,0,
1790405040.8677,flamesafe,200,1,1,0,1,0,
1790405040.8931,flamesafe,200,1,2,0,1,0,
1790405040.9179,flamesafe,200,1,3,0,1,0,
1790405040.9427,flamesafe,200,1,4,0,1,0,
1790405040.9677,flamesafe,200,1,5,0,1,0,
1790405040.9930,flamesafe,200,1,6,0,1,0,
1790405041.0178,flamesafe,200,1,7,0,1,0,
1790405041.0427,flamesafe,200,1,8,0,1,0,
1790405041.0679,flamesafe,200,1,9,0,1,0,
1790405041.0927,flamesafe,200,1,10,0,1,0,
1790405041.1176,flamesafe,200,1,11,0,1,0,
1790405041.1429,flamesafe,200,1,12,0,1,0,
1790405041.1680,flamesafe,200,1,13,0,1,0,
1790405041.1929,flamesafe,200,1,14,0,1,0,
1790405041.2179,flamesafe,200,1,15,0,1,0,
1790405041.2429,flamesafe,200,1,16,0,1,0,
1790405041.2679,flamesafe,200,1,17,0,1,0,
1790405041.2931,flamesafe,200,1,18,0,1,0,
1790405041.3181,flamesafe,200,1,19,0,1,0,
1790405041.3427,flamesafe,200,1,20,0,1,0,
1790405041.3681,flamesafe,200,1,21,0,1,0,
1790405041.3931,flamesafe,200,1,22,0,1,0,
1790405041.4177,flamesafe,200,1,23,0,1,0,
1790405041.4426,flamesafe,200,1,24,0,1,0,
1790405041.4678,flamesafe,200,1,25,0,1,0,
1790405041.4931,flamesafe,200,1,26,0,1,0,
1790405041.5181,flamesafe,200,1,27,0,1,0,
1790405041.5429,flamesafe,200,1,28,0,1,0,
1790405041.5679,flamesafe,200,1,29,0,1,0,
1790405041.5928,flamesafe,200,1,30,0,1,0,
1790405041.6180,flamesafe,200,1,31,0,1,0,
1790405041.6429,flamesafe,200,1,32,0,1,0,
1790405041.6677,flamesafe,200,1,33,0,1,0,
1790405041.6929,flamesafe,200,1,34,0,1,0,
1790405041.7178,flamesafe,200,1,35,0,1,0,
1790405041.7431,flamesafe,200,1,36,0,1,0,
1790405041.7677,flamesafe,200,1,37,0,1,0,
1790405041.7927,flamesafe,200,1,38,0,1,0,
1790405041.8178,flamesafe,200,1,39,0,1,0,
1790405041.8429,flamesafe,200,1,40,0,1,0,
1790405041.8677,flamesafe,200,1,41,0,1,0,
1790405041.8928,flamesafe,200,1,42,0,1,0,
1790405041.9180,flamesafe,200,1,43,0,1,0,
1790405041.9429,flamesafe,200,1,44,0,1,0,
1790405041.9680,flamesafe,200,1,45,0,1,0,
1790405041.9929,flamesafe,200,1,46,0,1,0,
1790405042.0179,flamesafe,200,1,47,0,1,0,
1790405042.0429,flamesafe,200,1,48,0,1,0,
1790405042.0680,flamesafe,200,1,49,0,1,0,
1790405042.0926,flamesafe,200,1,50,0,1,0,
1790405042.1180,flamesafe,200,1,51,0,1,0,
1790405042.1429,flamesafe,200,1,52,0,1,0,
1790405042.1676,flamesafe,200,1,53,0,1,0,
1790405042.1927,flamesafe,200,1,54,0,1,0,
1790405042.2179,flamesafe,200,1,55,0,1,0,
1790405042.2429,flamesafe,200,1,56,0,1,0,
1790405042.2678,flamesafe,200,1,57,0,1,0,
1790405042.2927,flamesafe,200,1,58,0,1,0,
1790405042.3180,flamesafe,200,1,59,0,1,0,
1790405042.3428,flamesafe,200,1,60,0,1,0,
1790405042.3680,flamesafe,200,1,61,0,1,0,
1790405042.3928,flamesafe,200,1,62,0,1,0,
1790405042.4176,flamesafe,200,1,63,0,1,0,
1790405042.4429,flamesafe,200,1,64,0,1,0,
1790405042.4678,flamesafe,200,1,65,0,1,0,
1790405042.4926,flamesafe,200,1,66,0,1,0,
1790405042.5176,flamesafe,200,1,67,0,1,0,
1790405042.5429,flamesafe,200,1,68,0,1,0,
1790405042.5678,flamesafe,200,1,69,0,1,0,
1790405042.5929,flamesafe,200,1,70,0,1,0,
1790405042.6177,flamesafe,200,1,71,0,1,0,
1790405042.6430,flamesafe,200,1,72,0,1,0,
1790405042.6681,flamesafe,200,1,73,0,1,0,
1790405042.6930,flamesafe,200,1,74,0,1,0,
1790405042.7177,flamesafe,200,1,75,0,1,0,
1790405042.7429,flamesafe,200,1,76,0,1,0,
1790405042.7680,flamesafe,200,1,77,0,1,0,
1790405042.7929,flamesafe,200,1,78,0,1,0,
1790405042.8176,flamesafe,200,1,79,0,1,0,
1790405042.8431,flamesafe,200,1,80,0,1,0,
1790405042.8678,flamesafe,200,1,81,0,1,0,
1790405042.8931,flamesafe,200,1,82,0,1,0,
1790405042.9176,flamesafe,200,1,83,0,1,0,
1790405042.9430,flamesafe,200,1,84,0,1,0,
1790405042.9678,flamesafe,200,1,85,0,1,0,
1790405042.9927,flamesafe,200,1,86,0,1,0,
1790405043.0180,flamesafe,200,1,87,0,1,0,
1790405043.0427,flamesafe,200,1,88,0,1,0,
1790405043.0676,flamesafe,200,1,89,0,1,0,
1790405043.0928,flamesafe,200,1,90,0,1,0,
1790405043.1178,flamesafe,200,1,91,0,1,0,
1790405043.1430,flamesafe,200,1,92,0,1,0,
1790405043.1678,flamesafe,200,1,93,0,1,0,
1790405043.1931,flamesafe,200,1,94,0,1,0,
1790405043.2180,flamesafe,200,1,95,0,1,0,
1790405043.2429,flamesafe,200,1,96,0,1,0,
1790405043.2680,flamesafe,200,1,97,0,1,0,
1790405043.2931,flamesafe,200,1,98,0,1,0,
1790405043.3180,flamesafe,200,1,99,0,1,0,
1790405043.3427,flamesafe,200,1,100,0,1,0,
1790405043.3679,flamesafe,200,1,101,0,1,0,
1790405043.3928,flamesafe,200,1,102,0,1,0,
1790405043.4177,flamesafe,200,1,103,0,1,0,
1790405043.4428,flamesafe,200,1,104,0,1,0,
1790405043.4680,flamesafe,200,1,105,0,1,0,
1790405043.4928,flamesafe,200,1,106,0,1,0,
1790405043.5178,flamesafe,200,1,107,0,1,0,
1790405043.5432,flamesafe,200,1,108,0,1,0,
1790405043.5678,flamesafe,200,1,109,0,1,0,
1790405043.5927,flamesafe,200,1,110,0,1,0,
1790405043.6176,flamesafe,200,1,111,0,1,0,
1790405043.6431,flamesafe,200,1,112,0,1,0,
1790405043.6679,flamesafe,200,1,113,0,1,0,
1790405043.6930,flamesafe,200,1,114,0,1,0,
1790405043.7178,flamesafe,200,1,115,0,1,0,
1790405043.7431,flamesafe,200,1,116,0,1,0,
1790405043.7680,flamesafe,200,1,117,0,1,0,
1790405043.7929,flamesafe,200,1,118,0,1,0,
1790405043.8176,flamesafe,200,1,119,0,1,0,
1790405043.8431,flamesafe,200,1,120,0,1,0,
1790405043.8676,flamesafe,200,1,121,0,1,0,
1790405043.8928,flamesafe,200,1,122,0,1,0,
1790405043.9178,flamesafe,200,1,123,0,1,0,
1790405043.9429,flamesafe,200,1,124,0,1,0,
1790405043.9676,flamesafe,200,1,125,0,1,0,
1790405043.9929,flamesafe,200,1,126,0,1,0,
1790405044.0179,flamesafe,200,1,127,0,1,0,
1790405044.0427,flamesafe,200,1,128,0,1,0,
1790405044.0680,flamesafe,200,1,129,0,1,0,
1790405044.0930,flamesafe,200,1,130,0,1,0,
1790405044.1178,flamesafe,200,1,131,0,1,0,
1790405044.1429,flamesafe,200,1,132,0,1,0,
1790405044.1678,flamesafe,200,1,133,0,1,0,
1790405044.1930,flamesafe,200,1,134,0,1,0,
1790405044.2177,flamesafe,200,1,135,0,1,0,
1790405044.2429,flamesafe,200,1,136,0,1,0,
1790405044.2679,flamesafe,200,1,137,0,1,0,
1790405044.2928,flamesafe,200,1,138,0,1,0,
1790405044.3178,flamesafe,200,1,139,0,1,0,
1790405044.3429,flamesafe,200,1,140,0,1,0,
1790405044.3677,flamesafe,200,1,141,0,1,0,
1790405044.3929,flamesafe,200,1,142,0,1,0,
1790405044.4178,flamesafe,200,1,143,0,1,0,
1790405044.4429,flamesafe,200,1,144,0,1,0,
1790405044.4680,flamesafe,200,1,145,0,1,0,
1790405044.4927,flamesafe,200,1,146,0,1,0,
1790405044.5177,flamesafe,200,1,147,0,1,0,
1790405044.5430,flamesafe,200,1,148,0,1,0,
1790405044.5680,flamesafe,200,1,149,0,1,0,
1790405044.5931,flamesafe,200,1,150,0,1,0,
1790405044.6179,flamesafe,200,1,151,0,1,0,
1790405044.6426,flamesafe,200,1,152,0,1,0,
1790405044.6677,flamesafe,200,1,153,0,1,0,
1790405044.6927,flamesafe,200,1,154,0,1,0,
1790405044.7176,flamesafe,200,1,155,0,1,0,
1790405044.7429,flamesafe,200,1,156,0,1,0,
1790405044.7681,flamesafe,200,1,157,0,1,0,
1790405044.7929,flamesafe,200,1,158,0,1,0,
1790405044.8179,flamesafe,200,1,159,0,1,0,
1790405044.8432,flamesafe,200,1,160,0,1,0,
1790405044.8676,flamesafe,200,1,161,0,1,0,
1790405044.8931,flamesafe,200,1,162,0,1,0,
1790405044.9177,flamesafe,200,1,163,0,1,0,
1790405044.9430,flamesafe,200,1,164,0,1,0,
1790405044.9679,flamesafe,200,1,165,0,1,0,
1790405044.9930,flamesafe,200,1,166,0,1,0,
1790405045.0179,flamesafe,200,1,167,0,1,0,
1790405045.0430,flamesafe,200,1,168,0,1,0,
1790405045.0680,flamesafe,200,1,169,0,1,0,
1790405045.0928,flamesafe,200,1,170,0,1,0,
1790405045.1176,flamesafe,200,1,171,0,1,0,
1790405045.1429,flamesafe,200,1,172,0,1,0,
1790405045.1678,flamesafe,200,1,173,0,1,0,
1790405045.1929,flamesafe,200,1,174,0,1,0,
1790405045.2176,flamesafe,200,1,175,0,1,0,
1790405045.2428,flamesafe,200,1,176,0,1,0,
1790405045.2678,flamesafe,200,1,177,0,1,0,
1790405045.2930,flamesafe,200,1,178,0,1,0,
1790405045.3179,flamesafe,200,1,179,0,1,0,
1790405045.3430,flamesafe,200,1,180,0,1,0,
1790405045.3677,flamesafe,200,1,181,0,1,0,
1790405045.3931,flamesafe,200,1,182,0,1,0,
1790405045.4180,flamesafe,200,1,183,0,1,0,
1790405045.4428,flamesafe,200,1,184,0,1,0,
1790405045.4677,flamesafe,200,1,185,0,1,0,
1790405045.4930,flamesafe,200,1,186,0,1,0,
1790405045.5178,flamesafe,200,1,187,0,1,0,
1790405045.5427,flamesafe,200,1,188,0,1,0,
1790405045.5678,flamesafe,200,1,189,0,1,0,
1790405045.5927,flamesafe,200,1,190,0,1,0,
1790405045.6176,flamesafe,200,1,191,0,1,0,
1790405045.6429,flamesafe,200,1,192,0,1,0,
1790405045.6678,flamesafe,200,1,193,0,1,0,
1790405045.6927,flamesafe,200,1,194,0,1,0,
1790405045.7177,flamesafe,200,1,195,0,1,0,
1790405045.7427,flamesafe,200,1,196,0,1,0,
1790405045.7679,flamesafe,200,1,197,0,1,0,
1790405045.7929,flamesafe,200,1,198,0,1,0,
1790405045.8179,flamesafe,200,1,199,0,1,0,
1790405045.8430,flamesafe,200,1,200,0,1,0,
1790405045.8680,flamesafe,200,1,201,0,1,0,
1790405045.8927,flamesafe,200,1,202,0,1,0,
1790405045.9181,flamesafe,200,1,203,0,1,0,
1790405045.9430,flamesafe,200,1,204,0,1,0,
1790405045.9678,flamesafe,200,1,205,0,1,0,
1790405045.9929,flamesafe,200,1,206,0,1,0,
1790405046.0177,flamesafe,200,1,207,0,1,0,
1790405046.0428,flamesafe,200,1,208,0,1,0,
1790405046.0677,flamesafe,200,1,209,0,1,0,
1790405046.0930,flamesafe,200,1,210,0,1,0,
1790405046.1177,flamesafe,200,1,211,0,1,0,
1790405046.1430,flamesafe,200,1,212,0,1,0,
1790405046.1680,flamesafe,200,1,213,0,1,0,
1790405046.1927,flamesafe,200,1,214,0,1,0,
1790405046.2179,flamesafe,200,1,215,0,1,0,
1790405046.2431,flamesafe,200,1,216,0,1,0,
1790405046.2680,flamesafe,200,1,217,0,1,0,
1790405046.2930,flamesafe,200,1,218,0,1,0,
1790405046.3180,flamesafe,200,1,219,0,1,0,
1790405046.3427,flamesafe,200,1,220,0,1,0,
1790405046.3678,flamesafe,200,1,221,0,1,0,
1790405046.3927,flamesafe,200,1,222,0,1,0,
1790405046.4179,flamesafe,200,1,223,0,1,0,
1790405046.4427,flamesafe,200,1,224,0,1,0,
1790405046.4677,flamesafe,200,1,225,0,1,0,
1790405046.4929,flamesafe,200,1,226,0,1,0,
1790405046.5179,flamesafe,200,1,227,0,1,0,
1790405046.5426,flamesafe,200,1,228,0,1,0,
1790405046.5678,flamesafe,200,1,229,0,1,0,
1790405046.5929,flamesafe,200,1,230,0,1,0,
1790405046.6180,flamesafe,200,1,231,0,1,0,
1790405046.6429,flamesafe,200,1,232,0,1,0,
1790405046.6678,flamesafe,200,1,233,0,1,0,
1790405046.6932,flamesafe,200,1,234,0,1,0,
1790405046.7179,flamesafe,200,1,235,0,1,0,
1790405046.7428,flamesafe,200,1,236,0,1,0,
1790405046.7681,flamesafe,200,1,237,0,1,0,
1790405046.7928,flamesafe,200,1,238,0,1,0,
1790405046.8177,flamesafe,200,1,239,0,1,0,
1790405046.8430,flamesafe,200,1,240,0,1,0,
1790405046.8679,flamesafe,200,1,241,0,1,0,
1790405046.8929,flamesafe,200,1,242,0,1,0,
1790405046.9178,flamesafe,200,1,243,0,1,0,
1790405046.9429,flamesafe,200,1,244,0,1,0,
1790405046.9676,flamesafe,200,1,245,0,1,0,
1790405046.9929,flamesafe,200,1,246,0,1,0,
1790405047.0176,flamesafe,200,1,247,0,1,0,
1790405047.0428,flamesafe,200,1,248,0,1,0,
1790405047.0677,flamesafe,200,1,249,0,1,0,
1790405047.0930,flamesafe,200,1,250,0,1,0,
1790405047.1180,flamesafe,200,1,251,0,1,0,
1790405047.1431,flamesafe,200,1,252,0,1,0,
1790405047.1679,flamesafe,200,1,253,0,1,0,
1790405047.1928,flamesafe,200,1,254,0,1,0,
1790405047.2177,flamesafe,200,1,255,0,1,0,
1790405047.2426,flamesafe,200,1,0,0,1,0,
1790405047.2677,flamesafe,200,1,1,0,1,0,
1790405047.2929,flamesafe,200,1,2,0,1,0,
1790405047.3178,flamesafe,200,1,3,0,1,0,
1790405047.3430,flamesafe,200,1,4,0,1,0,
1790405047.3676,flamesafe,200,1,5,0,1,0,
1790405047.3927,flamesafe,200,1,6,0,1,0,
1790405047.4177,flamesafe,200,1,7,0,1,0,
1790405047.4430,flamesafe,200,1,8,0,1,0,
1790405047.4681,flamesafe,200,1,9,0,1,0,
1790405047.4929,flamesafe,200,1,10,0,1,0,
1790405047.5177,flamesafe,200,1,11,0,1,0,
1790405047.5427,flamesafe,200,1,12,0,1,0,
1790405047.5681,flamesafe,200,1,13,0,1,0,
1790405047.5927,flamesafe,200,1,14,0,1,0,
1790405047.6180,flamesafe,200,1,15,0,1,0,
1790405047.6427,flamesafe,200,1,16,0,1,0,
1790405047.6681,flamesafe,200,1,17,0,1,0,
1790405047.6928,flamesafe,200,1,18,0,1,0,
1790405047.7177,flamesafe,200,1,19,0,1,0,
1790405047.7426,flamesafe,200,1,20,0,1,0,
1790405047.7680,flamesafe,200,1,21,0,1,0,
1790405047.7928,flamesafe,200,1,22,0,1,0,
1790405047.8179,flamesafe,200,1,23,0,1,0,
1790405047.8429,flamesafe,200,1,24,0,1,0,
1790405047.8680,flamesafe,200,1,25,0,1,0,
1790405047.8930,flamesafe,200,1,26,0,1,0,
1790405047.9180,flamesafe,200,1,27,0,1,0,
1790405047.9428,flamesafe,200,1,28,0,1,0,
1790405047.9679,flamesafe,200,1,29,0,1,0,
1790405047.9931,flamesafe,200,1,30,0,1,0,
1790405048.0180,flamesafe,200,1,31,0,1,0,
1790405048.0428,flamesafe,200,1,32,0,1,0,
1790405048.0677,flamesafe,200,1,33,0,1,0,
1790405048.0931,flamesafe,200,1,34,0,1,0,
1790405048.1181,flamesafe,200,1,35,0,1,0,
1790405048.1428,flamesafe,200,1,36,0,1,0,
1790405048.1676,flamesafe,200,1,37,0,1,0,
1790405048.1927,flamesafe,200,1,38,0,1,0,
1790405048.2179,flamesafe,200,1,39,0,1,0,
1790405048.2429,flamesafe,200,1,40,0,1,0,
1790405048.2678,flamesafe,200,1,41,0,1,0,
1790405048.2928,flamesafe,200,1,42,0,1,0,
1790405048.3178,flamesafe,200,1,43,0,1,0,
1790405048.3430,flamesafe,200,1,44,0,1,0,
1790405048.3678,flamesafe,200,1,45,0,1,0,
1790405048.3929,flamesafe,200,1,46,0,1,0,
1790405048.4179,flamesafe,200,1,47,0,1,0,
1790405048.4428,flamesafe,200,1,48,0,1,0,
1790405048.4679,flamesafe,200,1,49,0,1,0,
1790405048.4929,flamesafe,200,1,50,0,1,0,
1790405048.5178,flamesafe,200,1,51,0,1,0,
1790405048.5427,flamesafe,200,1,52,0,1,0,
1790405048.5677,flamesafe,200,1,53,0,1,0,
1790405048.5926,flamesafe,200,1,54,0,1,0,
1790405048.6178,flamesafe,200,1,55,0,1,0,
1790405048.6427,flamesafe,200,1,56,0,1,0,
1790405048.6676,flamesafe,200,1,57,0,1,0,
1790405048.6929,flamesafe,200,1,58,0,1,0,
1790405048.7177,flamesafe,200,1,59,0,1,0,
1790405048.7429,flamesafe,200,1,60,0,1,0,
1790405048.7678,flamesafe,200,1,61,0,1,0,
1790405048.7930,flamesafe,200,1,62,0,1,0,
1790405048.8179,flamesafe,200,1,63,0,1,0,
1790405048.8428,flamesafe,200,1,64,0,1,0,
1790405048.8680,flamesafe,200,1,65,0,1,0,
1790405048.8926,flamesafe,200,1,66,0,1,0,
1790405048.9177,flamesafe,200,1,67,0,1,0,
1790405048.9427,flamesafe,200,1,68,0,1,0,
1790405048.9676,flamesafe,200,1,69,0,1,0,
1790405048.9930,flamesafe,200,1,70,0,1,0,
1790405049.0178,flamesafe,200,1,71,0,1,0,
1790405049.0430,flamesafe,200,1,72,0,1,0,
1790405049.0681,flamesafe,200,1,73,0,1,0,
1790405049.0930,flamesafe,200,1,74,0,1,0,
1790405049.1177,flamesafe,200,1,75,0,1,0,
1790405049.1430,flamesafe,200,1,76,0,1,0,
1790405049.1681,flamesafe,200,1,77,0,1,0,
1790405049.1927,flamesafe,200,1,78,0,1,0,
1790405049.2178,flamesafe,200,1,79,0,1,0,
1790405049.2431,flamesafe,200,1,80,0,1,0,
1790405049.2677,flamesafe,200,1,81,0,1,0,
1790405049.2930,flamesafe,200,1,82,0,1,0,
1790405049.3179,flamesafe,200,1,83,0,1,0,
1790405049.3430,flamesafe,200,1,84,0,1,0,
1790405049.3679,flamesafe,200,1,85,0,1,0,
1790405049.3928,flamesafe,200,1,86,0,1,0,
1790405049.4180,flamesafe,200,1,87,0,1,0,
1790405049.4431,flamesafe,200,1,88,0,1,0,
1790405049.4677,flamesafe,200,1,89,0,1,0,
1790405049.4927,flamesafe,200,1,90,0,1,0,
1790405049.5176,flamesafe,200,1,91,0,1,0,
1790405049.5429,flamesafe,200,1,92,0,1,0,
1790405049.5681,flamesafe,200,1,93,0,1,0,
1790405049.5930,flamesafe,200,1,94,0,1,0,
1790405049.6177,flamesafe,200,1,95,0,1,0,
1790405049.6427,flamesafe,200,1,96,0,1,0,
1790405049.6677,flamesafe,200,1,97,0,1,0,
1790405049.6931,flamesafe,200,1,98,0,1,0,
1790405049.7177,flamesafe,200,1,99,0,1,0,
1790405049.7427,flamesafe,200,1,100,0,1,0,
1790405049.7677,flamesafe,200,1,101,0,1,0,
1790405049.7926,flamesafe,200,1,102,0,1,0,
1790405049.8179,flamesafe,200,1,103,0,1,0,
1790405049.8431,flamesafe,200,1,104,0,1,0,
1790405049.8678,flamesafe,200,1,105,0,1,0,
1790405049.8926,flamesafe,200,1,106,0,1,0,
1790405049.9179,flamesafe,200,1,107,0,1,0,
1790405049.9429,flamesafe,200,1,108,0,1,0,
1790405049.9678,flamesafe,200,1,109,0,1,0,
1790405049.9926,flamesafe,200,1,110,0,1,0,
1790405050.0179,flamesafe,200,1,111,0,1,0,
1790405050.0429,flamesafe,200,1,112,0,1,0,
1790405050.0679,flamesafe,200,1,113,0,1,0,
1790405050.0926,flamesafe,200,1,114,0,1,0,
1790405050.1177,flamesafe,200,1,115,0,1,0,
1790405050.1430,flamesafe,200,1,116,0,1,0,
1790405050.1678,flamesafe,200,1,117,0,1,0,
1790405050.1931,flamesafe,200,1,118,0,1,0,
1790405050.2179,flamesafe,200,1,119,0,1,0,
1790405050.2431,flamesafe,200,1,120,0,1,0,
1790405050.2679,flamesafe,200,1,121,0,1,0,
1790405050.2929,flamesafe,200,1,122,0,1,0,
1790405050.3177,flamesafe,200,1,123,0,1,0,
1790405050.3428,flamesafe,200,1,124,0,1,0,
1790405050.3678,flamesafe,200,1,125,0,1,0,
1790405050.3927,flamesafe,200,1,126,0,1,0,
1790405050.4179,flamesafe,200,1,127,0,1,0,
1790405050.4428,flamesafe,200,1,128,0,1,0,
1790405050.4679,flamesafe,200,1,129,0,1,0,
1790405050.4929,flamesafe,200,1,130,0,1,0,
1790405050.5177,flamesafe,200,1,131,0,1,0,
1790405050.5426,flamesafe,200,1,132,0,1,0,
1790405050.5679,flamesafe,200,1,133,0,1,0,
1790405050.5929,flamesafe,200,1,134,0,1,0,
1790405050.6179,flamesafe,200,1,135,0,1,0,
1790405050.6428,flamesafe,200,1,136,0,1,0,
1790405050.6676,flamesafe,200,1,137,0,1,0,
1790405050.6930,flamesafe,200,1,138,0,1,0,
1790405050.7180,flamesafe,200,1,139,0,1,0,
1790405050.7426,flamesafe,200,1,140,0,1,0,
1790405050.7681,flamesafe,200,1,141,0,1,0,
1790405050.7928,flamesafe,200,1,142,0,1,0,
1790405050.8178,flamesafe,200,1,143,0,1,0,
1790405050.8430,flamesafe,200,1,144,0,1,0,
1790405050.8681,flamesafe,200,1,145,0,1,0,
1790405050.8929,flamesafe,200,1,146,0,1,0,
1790405050.9178,flamesafe,200,1,147,0,1,0,
1790405050.9426,flamesafe,200,1,148,0,1,0,
1790405050.9681,flamesafe,200,1,149,0,1,0,
1790405050.9930,flamesafe,200,1,150,0,1,0,
1790405051.0179,flamesafe,200,1,151,0,1,0,
1790405051.0431,flamesafe,200,1,152,0,1,0,
1790405051.0677,flamesafe,200,1,153,0,1,0,
1790405051.0926,flamesafe,200,1,154,0,1,0,
1790405051.1177,flamesafe,200,1,155,0,1,0,
1790405051.1428,flamesafe,200,1,156,0,1,0,
1790405051.1679,flamesafe,200,1,157,0,1,0,
1790405051.1927,flamesafe,200,1,158,0,1,0,
1790405051.2180,flamesafe,200,1,159,0,1,0,
1790405051.2429,flamesafe,200,1,160,0,1,0,
1790405051.2679,flamesafe,200,1,161,0,1,0,
1790405051.2928,flamesafe,200,1,162,0,1,0,
1790405051.3178,flamesafe,200,1,163,0,1,0,
1790405051.3428,flamesafe,200,1,164,0,1,0,
1790405051.3677,flamesafe,200,1,165,0,1,0,
1790405051.3927,flamesafe,200,1,166,0,1,0,
1790405051.4178,flamesafe,200,1,167,0,1,0,
1790405051.4429,flamesafe,200,1,168,0,1,0,
1790405051.4678,flamesafe,200,1,169,0,1,0,
1790405051.4926,flamesafe,200,1,170,0,1,0,
1790405051.5180,flamesafe,200,1,171,0,1,0,
1790405051.5426,flamesafe,200,1,172,0,1,0,
1790405051.5676,flamesafe,200,1,173,0,1,0,
1790405051.5927,flamesafe,200,1,174,0,1,0,
1790405051.6179,flamesafe,200,1,175,0,1,0,
1790405051.6428,flamesafe,200,1,176,0,1,0,
1790405051.6678,flamesafe,200,1,177,0,1,0,
1790405051.6928,flamesafe,200,1,178,0,1,0,
1790405051.7178,flamesafe,200,1,179,0,1,0,
1790405051.7428,flamesafe,200,1,180,0,1,0,
1790405051.7678,flamesafe,200,1,181,0,1,0,
1790405051.7926,flamesafe,200,1,182,0,1,0,
1790405051.8179,flamesafe,200,1,183,0,1,0,
1790405051.8426,flamesafe,200,1,184,0,1,0,
1790405051.8677,flamesafe,200,1,185,0,1,0,
1790405051.8931,flamesafe,200,1,186,0,1,0,
1790405051.9180,flamesafe,200,1,187,0,1,0,
1790405051.9428,flamesafe,200,1,188,0,1,0,
1790405051.9680,flamesafe,200,1,189,0,1,0,
1790405051.9927,flamesafe,200,1,190,0,1,0,
1790405052.0179,flamesafe,200,1,191,0,1,0,
1790405052.0430,flamesafe,200,1,192,0,1,0,
1790405052.0676,flamesafe,200,1,193,0,1,0,
1790405052.0927,flamesafe,200,1,194,0,1,0,
1790405052.1178,flamesafe,200,1,195,0,1,0,
1790405052.1429,flamesafe,200,1,196,0,1,0,
1790405052.1679,flamesafe,200,1,197,0,1,0,
1790405052.1927,flamesafe,200,1,198,0,1,0,
1790405052.2181,flamesafe,200,1,199,0,1,0,
1790405052.2430,flamesafe,200,1,200,0,1,0,
1790405052.2679,flamesafe,200,1,201,0,1,0,
1790405052.2930,flamesafe,200,1,202,0,1,0,
1790405052.3179,flamesafe,200,1,203,0,1,0,
1790405052.3429,flamesafe,200,1,204,0,1,0,
1790405052.3677,flamesafe,200,1,205,0,1,0,
1790405052.3928,flamesafe,200,1,206,0,1,0,
1790405052.4179,flamesafe,200,1,207,0,1,0,
1790405052.4430,flamesafe,200,1,208,0,1,0,
1790405052.4679,flamesafe,200,1,209,0,1,0,
1790405052.4930,flamesafe,200,1,210,0,1,0,
1790405052.5176,flamesafe,200,1,211,0,1,0,
1790405052.5427,flamesafe,200,1,212,0,1,0,
1790405052.5678,flamesafe,200,1,213,0,1,0,
1790405052.5930,flamesafe,200,1,214,0,1,0,
1790405052.6180,flamesafe,200,1,215,0,1,0,
1790405052.6433,flamesafe,200,1,216,0,1,0,
1790405052.6681,flamesafe,200,1,217,0,1,0,
1790405052.6930,flamesafe,200,1,218,0,1,0,
1790405052.7180,flamesafe,200,1,219,0,1,0,
1790405052.7428,flamesafe,200,1,220,0,1,0,
1790405052.7677,flamesafe,200,1,221,0,1,0,
1790405052.7927,flamesafe,200,1,222,0,1,0,
1790405052.8176,flamesafe,200,1,223,0,1,0,
1790405052.8428,flamesafe,200,1,224,0,1,0,
1790405052.8676,flamesafe,200,1,225,0,1,0,
1790405052.8930,flamesafe,200,1,226,0,1,0,
1790405052.9179,flamesafe,200,1,227,0,1,0,
1790405052.9426,flamesafe,200,1,228,0,1,0,
1790405052.9676,flamesafe,200,1,229,0,1,0,
1790405052.9930,flamesafe,200,1,230,0,1,0,
1790405053.0178,flamesafe,200,1,231,0,1,0,
1790405053.0430,flamesafe,200,1,232,0,1,0,
1790405053.0678,flamesafe,200,1,233,0,1,0,
1790405053.0929,flamesafe,200,1,234,0,1,0,
1790405053.1180,flamesafe,200,1,235,0,1,0,
1790405053.1429,flamesafe,200,1,236,0,1,0,
1790405053.1681,flamesafe,200,1,237,0,1,0,
1790405053.1930,flamesafe,200,1,238,0,1,0,
1790405053.2176,flamesafe,200,1,239,0,1,0,
1790405053.2428,flamesafe,200,1,240,0,1,0,
1790405053.2677,flamesafe,200,1,241,0,1,0,
1790405053.2931,flamesafe,200,1,242,0,1,0,
1790405053.3177,flamesafe,200,1,243,0,1,0,
1790405053.3429,flamesafe,200,1,244,0,1,0,
1790405053.3677,flamesafe,200,1,245,0,1,0,
1790405053.3930,flamesafe,200,1,246,0,1,0,
1790405053.4177,flamesafe,200,1,247,0,1,0,
1790405053.4430,flamesafe,200,1,248,0,1,0,
1790405053.4680,flamesafe,200,1,249,0,1,0,
1790405053.4929,flamesafe,200,1,250,0,1,0,
1790405053.5177,flamesafe,200,1,251,0,1,0,
1790405053.5428,flamesafe,200,1,252,0,1,0,
1790405053.5679,flamesafe,200,1,253,0,1,0,
1790405053.5930,flamesafe,200,1,254,0,1,0,
1790405053.6179,flamesafe,200,1,255,0,1,0,
1790405053.6431,flamesafe,200,1,0,0,1,0,
1790405053.6678,flamesafe,200,1,1,0,1,0,
1790405053.6927,flamesafe,200,1,2,0,1,0,
1790405053.7181,flamesafe,200,1,3,0,1,0,
1790405053.7428,flamesafe,200,1,4,0,1,0,
1790405053.7680,flamesafe,200,1,5,0,1,0,
1790405053.7928,flamesafe,200,1,6,0,1,0,
1790405053.8180,flamesafe,200,1,7,0,1,0,
1790405053.8430,flamesafe,200,1,8,0,1,0,
1790405053.8679,flamesafe,200,1,9,0,1,0,
1790405053.8931,flamesafe,200,1,10,0,1,0,
1790405053.9180,flamesafe,200,1,11,0,1,0,
1790405053.9432,flamesafe,200,1,12,0,1,0,
1790405053.9679,flamesafe,200,1,13,0,1,0,
1790405053.9926,flamesafe,200,1,14,0,1,0,
1790405054.0179,flamesafe,200,1,15,0,1,0,
1790405054.0429,flamesafe,200,1,16,0,1,0,
1790405054.0679,flamesafe,200,1,17,0,1,0,
1790405054.0927,flamesafe,200,1,18,0,1,0,
1790405054.1178,flamesafe,200,1,19,0,1,0,
1790405054.1430,flamesafe,200,1,20,0,1,0,
1790405054.1676,flamesafe,200,1,21,0,1,0,
1790405054.1930,flamesafe,200,1,22,0,1,0,
1790405054.2178,flamesafe,200,1,23,0,1,0,
1790405054.2430,flamesafe,200,1,24,0,1,0,
1790405054.2678,flamesafe,200,1,25,0,1,0,
1790405054.2930,flamesafe,200,1,26,0,1,0,
1790405054.3179,flamesafe,200,1,27,0,1,0,
1790405054.3429,flamesafe,200,1,28,0,1,0,
1790405054.3679,flamesafe,200,1,29,0,1,0,
1790405054.3926,flamesafe,200,1,30,0,1,0,
1790405054.4179,flamesafe,200,1,31,0,1,0,
1790405054.4431,flamesafe,200,1,32,0,1,0,
1790405054.4678,flamesafe,200,1,33,0,1,0,
1790405054.4929,flamesafe,200,1,34,0,1,0,
1790405054.5179,flamesafe,200,1,35,0,1,0,
1790405054.5428,flamesafe,200,1,36,0,1,0,
1790405054.5680,flamesafe,200,1,37,0,1,0,
1790405054.5927,flamesafe,200,1,38,0,1,0,
1790405054.6180,flamesafe,200,1,39,0,1,0,
1790405054.6426,flamesafe,200,1,40,0,1,0,
1790405054.6677,flamesafe,200,1,41,0,1,0,
1790405054.6927,flamesafe,200,1,42,0,1,0,
1790405054.7178,flamesafe,200,1,43,0,1,0,
1790405054.7430,flamesafe,200,1,44,0,1,0,
1790405054.7678,flamesafe,200,1,45,0,1,0,
1790405054.7927,flamesafe,200,1,46,0,1,0,
1790405054.8181,flamesafe,200,1,47,0,1,0,
1790405054.8429,flamesafe,200,1,48,0,1,0,
1790405054.8677,flamesafe,200,1,49,0,1,0,
1790405054.8930,flamesafe,200,1,50,0,1,0,
1790405054.9181,flamesafe,200,1,51,0,1,0,
1790405054.9428,flamesafe,200,1,52,0,1,0,
1790405054.9679,flamesafe,200,1,53,0,1,0,
1790405054.9927,flamesafe,200,1,54,0,1,0,
1790405055.0179,flamesafe,200,1,55,0,1,0,
1790405055.0430,flamesafe,200,1,56,0,1,0,
1790405055.0679,flamesafe,200,1,57,0,1,0,
1790405055.0927,flamesafe,200,1,58,0,1,0,
1790405055.1179,flamesafe,200,1,59,0,1,0,
1790405055.1427,flamesafe,200,1,60,0,1,0,
1790405055.1679,flamesafe,200,1,61,0,1,0,
1790405055.1929,flamesafe,200,1,62,0,1,0,
1790405055.2178,flamesafe,200,1,63,0,1,0,
1790405055.2428,flamesafe,200,1,64,0,1,0,
1790405055.2679,flamesafe,200,1,65,0,1,0,
1790405055.2926,flamesafe,200,1,66,0,1,0,
1790405055.3179,flamesafe,200,1,67,0,1,0,
1790405055.3427,flamesafe,200,1,68,0,1,0,
1790405055.3678,flamesafe,200,1,69,0,1,0,
1790405055.3926,flamesafe,200,1,70,0,1,0,
1790405055.4180,flamesafe,200,1,71,0,1,0,
1790405055.4429,flamesafe,200,1,72,0,1,0,
1790405055.4681,flamesafe,200,1,73,0,1,0,
1790405055.4930,flamesafe,200,1,74,0,1,0,
1790405055.5176,flamesafe,200,1,75,0,1,0,
1790405055.5429,flamesafe,200,1,76,0,1,0,
1790405055.5677,flamesafe,200,1,77,0,1,0,
1790405055.5929,flamesafe,200,1,78,0,1,0,
1790405055.6180,flamesafe,200,1,79,0,1,0,
1790405055.6429,flamesafe,200,1,80,0,1,0,
1790405055.6678,flamesafe,200,1,81,0,1,0,
1790405055.6927,flamesafe,200,1,82,0,1,0,
1790405055.7178,flamesafe,200,1,83,0,1,0,
1790405055.7428,flamesafe,200,1,84,0,1,0,
1790405055.7678,flamesafe,200,1,85,0,1,0,
1790405055.7928,flamesafe,200,1,86,0,1,0,
1790405055.8179,flamesafe,200,1,87,0,1,0,
1790405055.8427,flamesafe,200,1,88,0,1,0,
1790405055.8677,flamesafe,200,1,89,0,1,0,
1790405055.8930,flamesafe,200,1,90,0,1,0,
1790405055.9178,flamesafe,200,1,91,0,1,0,
1790405055.9429,flamesafe,200,1,92,0,1,0,
1790405055.9678,flamesafe,200,1,93,0,1,0,
1790405055.9928,flamesafe,200,1,94,0,1,0,
1790405056.0178,flamesafe,200,1,95,0,1,0,
1790405056.0427,flamesafe,200,1,96,0,1,0,
1790405056.0680,flamesafe,200,1,97,0,1,0,
1790405056.0926,flamesafe,200,1,98,0,1,0,
1790405056.1177,flamesafe,200,1,99,0,1,0,
1790405056.1427,flamesafe,200,1,100,0,1,0,
1790405056.1676,flamesafe,200,1,101,0,1,0,
1790405056.1928,flamesafe,200,1,102,0,1,0,
1790405056.2177,flamesafe,200,1,103,0,1,0,
1790405056.2426,flamesafe,200,1,104,0,1,0,
1790405056.2678,flamesafe,200,1,105,0,1,0,
1790405056.2931,flamesafe,200,1,106,0,1,0,
1790405056.3180,flamesafe,200,1,107,0,1,0,
1790405056.3427,flamesafe,200,1,108,0,1,0,
1790405056.3681,flamesafe,200,1,109,0,1,0,
1790405056.3927,flamesafe,200,1,110,0,1,0,
1790405056.4177,flamesafe,200,1,111,0,1,0,
1790405056.4429,flamesafe,200,1,112,0,1,0,
1790405056.4677,flamesafe,200,1,113,0,1,0,
1790405056.4929,flamesafe,200,1,114,0,1,0,
1790405056.5177,flamesafe,200,1,115,0,1,0,
1790405056.5429,flamesafe,200,1,116,0,1,0,
1790405056.5679,flamesafe,200,1,117,0,1,0,
1790405056.5928,flamesafe,200,1,118,0,1,0,
1790405056.6181,flamesafe,200,1,119,0,1,0,
1790405056.6431,flamesafe,200,1,120,0,1,0,
1790405056.6678,flamesafe,200,1,121,0,1,0,
1790405056.6929,flamesafe,200,1,122,0,1,0,
1790405056.7180,flamesafe,200,1,123,0,1,0,
1790405056.7427,flamesafe,200,1,124,0,1,0,
1790405056.7681,flamesafe,200,1,125,0,1,0,
1790405056.7927,flamesafe,200,1,126,0,1,0,
1790405056.8176,flamesafe,200,1,127,0,1,0,
1790405056.8426,flamesafe,200,1,128,0,1,0,
1790405056.8677,flamesafe,200,1,129,0,1,0,
1790405056.8930,flamesafe,200,1,130,0,1,0,
1790405056.9179,flamesafe,200,1,131,0,1,0,
1790405056.9428,flamesafe,200,1,132,0,1,0,
1790405056.9678,flamesafe,200,1,133,0,1,0,
1790405056.9928,flamesafe,200,1,134,0,1,0,
1790405057.0180,flamesafe,200,1,135,0,1,0,
1790405057.0429,flamesafe,200,1,136,0,1,0,
1790405057.0681,flamesafe,200,1,137,0,1,0,
1790405057.0931,flamesafe,200,1,138,0,1,0,
1790405057.1179,flamesafe,200,1,139,0,1,0,
1790405057.1429,flamesafe,200,1,140,0,1,0,
1790405057.1679,flamesafe,200,1,141,0,1,0,
1790405057.1928,flamesafe,200,1,142,0,1,0,
1790405057.2179,flamesafe,200,1,143,0,1,0,
1790405057.2432,flamesafe,200,1,144,0,1,0,
1790405057.2677,flamesafe,200,1,145,0,1,0,
1790405057.2927,flamesafe,200,1,146,0,1,0,
1790405057.3178,flamesafe,200,1,147,0,1,0,
1790405057.3428,flamesafe,200,1,148,0,1,0,
1790405057.3677,flamesafe,200,1,149,0,1,0,
1790405057.3928,flamesafe,200,1,150,0,1,0,
1790405057.4180,flamesafe,200,1,151,0,1,0,
1790405057.4427,flamesafe,200,1,152,0,1,0,
1790405057.4679,flamesafe,200,1,153,0,1,0,
1790405057.4929,flamesafe,200,1,154,0,1,0,
1790405057.5180,flamesafe,200,1,155,0,1,0,
1790405057.5428,flamesafe,200,1,156,0,1,0,
1790405057.5680,flamesafe,200,1,157,0,1,0,
1790405057.5927,flamesafe,200,1,158,0,1,0,
1790405057.6178,flamesafe,200,1,159,0,1,0,
1790405057.6427,flamesafe,200,1,160,0,1,0,
1790405057.6681,flamesafe,200,1,161,0,1,0,
1790405057.6929,flamesafe,200,1,162,0,1,0,
1790405057.7180,flamesafe,200,1,163,0,1,0,
1790405057.7426,flamesafe,200,1,164,0,1,0,
1790405057.7680,flamesafe,200,1,165,0,1,0,
1790405057.7927,flamesafe,200,1,166,0,1,0,
1790405057.8178,flamesafe,200,1,167,0,1,0,
1790405057.8431,flamesafe,200,1,168,0,1,0,
1790405057.8681,flamesafe,200,1,169,0,1,0,
1790405057.8928,flamesafe,200,1,170,0,1,0,
1790405057.9179,flamesafe,200,1,171,0,1,0,
1790405057.9431,flamesafe,200,1,172,0,1,0,
1790405057.9681,flamesafe,200,1,173,0,1,0,
1790405057.9927,flamesafe,200,1,174,0,1,0,
1790405058.0179,flamesafe,200,1,175,0,1,0,
1790405058.0427,flamesafe,200,1,176,0,1,0,
1790405058.0677,flamesafe,200,1,177,0,1,0,
1790405058.0929,flamesafe,200,1,178,0,1,0,
1790405058.1178,flamesafe,200,1,179,0,1,0,
1790405058.1427,flamesafe,200,1,180,0,1,0,
1790405058.1680,flamesafe,200,1,181,0,1,0,
1790405058.1930,flamesafe,200,1,182,0,1,0,
1790405058.2180,flamesafe,200,1,183,0,1,0,
1790405058.2431,flamesafe,200,1,184,0,1,0,
1790405058.2679,flamesafe,200,1,185,0,1,0,
1790405058.2929,flamesafe,200,1,186,0,1,0,
1790405058.3180,flamesafe,200,1,187,0,1,0,
1790405058.3429,flamesafe,200,1,188,0,1,0,
1790405058.3679,flamesafe,200,1,189,0,1,0,
1790405058.3926,flamesafe,200,1,190,0,1,0,
1790405058.4178,flamesafe,200,1,191,0,1,0,
1790405058.4430,flamesafe,200,1,192,0,1,0,
1790405058.4681,flamesafe,200,1,193,0,1,0,
1790405058.4931,flamesafe,200,1,194,0,1,0,
1790405058.5176,flamesafe,200,1,195,0,1,0,
1790405058.5427,flamesafe,200,1,196,0,1,0,
1790405058.5678,flamesafe,200,1,197,0,1,0,
1790405058.5927,flamesafe,200,1,198,0,1,0,
1790405058.6177,flamesafe,200,1,199,0,1,0,
1790405058.6428,flamesafe,200,1,200,0,1,0,
1790405058.6678,flamesafe,200,1,201,0,1,0,
1790405058.6928,flamesafe,200,1,202,0,1,0,
1790405058.7178,flamesafe,200,1,203,0,1,0,
1790405058.7426,flamesafe,200,1,204,0,1,0,
1790405058.7678,flamesafe,200,1,205,0,1,0,
1790405058.7930,flamesafe,200,1,206,0,1,0,
1790405058.8177,flamesafe,200,1,207,0,1,0,
1790405058.8427,flamesafe,200,1,208,0,1,0,
1790405058.8677,flamesafe,200,1,209,0,1,0,
1790405058.8926,flamesafe,200,1,210,0,1,0,
1790405058.9178,flamesafe,200,1,211,0,1,0,
1790405058.9430,flamesafe,200,1,212,0,1,0,
1790405058.9681,flamesafe,200,1,213,0,1,0,
1790405058.9929,flamesafe,200,1,214,0,1,0,
1790405059.0176,flamesafe,200,1,215,0,1,0,
1790405059.0428,flamesafe,200,1,216,0,1,0,
1790405059.0679,flamesafe,200,1,217,0,1,0,
1790405059.0927,flamesafe,200,1,218,0,1,0,
1790405059.1176,flamesafe,200,1,219,0,1,0,
1790405059.1430,flamesafe,200,1,220,0,1,0,
1790405059.1679,flamesafe,200,1,221,0,1,0,
1790405059.1926,flamesafe,200,1,222,0,1,0,
1790405059.2178,flamesafe,200,1,223,0,1,0,
1790405059.2431,flamesafe,200,1,224,0,1,0,
1790405059.2678,flamesafe,200,1,225,0,1,0,
1790405059.2927,flamesafe,200,1,226,0,1,0,
1790405059.3177,flamesafe,200,1,227,0,1,0,
1790405059.3431,flamesafe,200,1,228,0,1,0,
1790405059.3680,flamesafe,200,1,229,0,1,0,
1790405059.3930,flamesafe,200,1,230,0,1,0,
1790405059.4177,flamesafe,200,1,231,0,1,0,
1790405059.4426,flamesafe,200,1,232,0,1,0,
1790405059.4677,flamesafe,200,1,233,0,1,0,
1790405059.4929,flamesafe,200,1,234,0,1,0,
1790405059.5178,flamesafe,200,1,235,0,1,0,
1790405059.5428,flamesafe,200,1,236,0,1,0,
1790405059.5676,flamesafe,200,1,237,0,1,0,
1790405059.5928,flamesafe,200,1,238,0,1,0,
1790405059.6176,flamesafe,200,1,239,0,1,0,
1790405059.6431,flamesafe,200,1,240,0,1,0,
1790405059.6680,flamesafe,200,1,241,0,1,0,
1790405059.6926,flamesafe,200,1,242,0,1,0,
1790405059.7179,flamesafe,200,1,243,0,1,0,
1790405059.7427,flamesafe,200,1,244,0,1,0,
1790405059.7681,flamesafe,200,1,245,0,1,0,
1790405059.7928,flamesafe,200,1,246,0,1,0,
1790405059.8179,flamesafe,200,1,247,0,1,0,
1790405059.8433,flamesafe,200,1,248,0,1,0,
1790405059.8681,flamesafe,200,1,249,0,1,0,
1790405059.8928,flamesafe,200,1,250,0,1,0,
1790405059.9177,flamesafe,200,1,251,0,1,0,
1790405059.9430,flamesafe,200,1,252,0,1,0,
1790405059.9676,flamesafe,200,1,253,0,1,0,
1790405059.9927,flamesafe,200,1,254,0,1,0,
1790405060.0177,flamesafe,200,1,255,0,1,0,
1790405060.0429,flamesafe,200,1,0,0,1,0,
1790405060.0678,flamesafe,200,1,1,0,1,0,
1790405060.0927,flamesafe,200,1,2,0,1,0,
1790405060.1178,flamesafe,200,1,3,0,1,0,
1790405060.1428,flamesafe,200,1,4,0,1,0,
1790405060.1677,flamesafe,200,1,5,0,1,0,
1790405060.1926,flamesafe,200,1,6,0,1,0,
1790405060.2176,flamesafe,200,1,7,0,1,0,
1790405060.2427,flamesafe,200,1,8,0,1,0,
1790405060.2680,flamesafe,200,1,9,0,1,0,
1790405060.2929,flamesafe,200,1,10,0,1,0,
1790405060.3179,flamesafe,200,1,11,0,1,0,
1790405060.3428,flamesafe,200,1,12,0,1,0,
1790405060.3676,flamesafe,200,1,13,0,1,0,
1790405060.3927,flamesafe,200,1,14,0,1,0,
1790405060.4178,flamesafe,200,1,15,0,1,0,
1790405060.4428,flamesafe,200,1,16,0,1,0,
1790405060.4678,flamesafe,200,1,17,0,1,0,
1790405060.4929,flamesafe,200,1,18,0,1,0,
1790405060.5178,flamesafe,200,1,19,0,1,0,
1790405060.5428,flamesafe,200,1,20,0,1,0,
1790405060.5677,flamesafe,200,1,21,0,1,0,
1790405060.5927,flamesafe,200,1,22,0,1,0,
1790405060.6177,flamesafe,200,1,23,0,1,0,
1790405060.6428,flamesafe,200,1,24,0,1,0,
1790405060.6677,flamesafe,200,1,25,0,1,0,
1790405060.6927,flamesafe,200,1,26,0,1,0,
1790405060.7178,flamesafe,200,1,27,0,1,0,
1790405060.7428,flamesafe,200,1,28,0,1,0,
1790405060.7681,flamesafe,200,1,29,0,1,0,
1790405060.7928,flamesafe,200,1,30,0,1,0,
1790405060.8181,flamesafe,200,1,31,0,1,0,
1790405060.8430,flamesafe,200,1,32,0,1,0,
1790405060.8680,flamesafe,200,1,33,0,1,0,
1790405060.8926,flamesafe,200,1,34,0,1,0,
1790405060.9179,flamesafe,200,1,35,0,1,0,
1790405060.9428,flamesafe,200,1,36,0,1,0,
1790405060.9676,flamesafe,200,1,37,0,1,0,
1790405060.9927,flamesafe,200,1,38,0,1,0,
1790405061.0178,flamesafe,200,1,39,0,1,0,
1790405061.0426,flamesafe,200,1,40,0,1,0,
1790405061.0677,flamesafe,200,1,41,0,1,0,
1790405061.0929,flamesafe,200,1,42,0,1,0,
1790405061.1178,flamesafe,200,1,43,0,1,0,
1790405061.1427,flamesafe,200,1,44,0,1,0,
1790405061.1680,flamesafe,200,1,45,0,1,0,
1790405061.1928,flamesafe,200,1,46,0,1,0,
1790405061.2176,flamesafe,200,1,47,0,1,0,
1790405061.2426,flamesafe,200,1,48,0,1,0,
1790405061.2680,flamesafe,200,1,49,0,1,0,
1790405061.2926,flamesafe,200,1,50,0,1,0,
1790405061.3178,flamesafe,200,1,51,0,1,0,
1790405061.3429,flamesafe,200,1,52,0,1,0,
1790405061.3680,flamesafe,200,1,53,0,1,0,
1790405061.3927,flamesafe,200,1,54,0,1,0,
1790405061.4177,flamesafe,200,1,55,0,1,0,
1790405061.4430,flamesafe,200,1,56,0,1,0,
1790405061.4679,flamesafe,200,1,57,0,1,0,
1790405061.4926,flamesafe,200,1,58,0,1,0,
1790405061.5176,flamesafe,200,1,59,0,1,0,
1790405061.5426,flamesafe,200,1,60,0,1,0,
1790405061.5679,flamesafe,200,1,61,0,1,0,
1790405061.5928,flamesafe,200,1,62,0,1,0,
1790405061.6178,flamesafe,200,1,63,0,1,0,
1790405061.6426,flamesafe,200,1,64,0,1,0,
1790405061.6677,flamesafe,200,1,65,0,1,0,
1790405061.6930,flamesafe,200,1,66,0,1,0,
1790405061.7176,flamesafe,200,1,67,0,1,0,
1790405061.7428,flamesafe,200,1,68,0,1,0,
1790405061.7677,flamesafe,200,1,69,0,1,0,
1790405061.7928,flamesafe,200,1,70,0,1,0,
1790405061.8179,flamesafe,200,1,71,0,1,0,
1790405061.8427,flamesafe,200,1,72,0,1,0,
1790405061.8679,flamesafe,200,1,73,0,1,0,
1790405061.8929,flamesafe,200,1,74,0,1,0,
1790405061.9177,flamesafe,200,1,75,0,1,0,
1790405061.9430,flamesafe,200,1,76,0,1,0,
1790405061.9681,flamesafe,200,1,77,0,1,0,
1790405061.9929,flamesafe,200,1,78,0,1,0,
1790405062.0180,flamesafe,200,1,79,0,1,0,
1790405062.0430,flamesafe,200,1,80,0,1,0,
1790405062.0681,flamesafe,200,1,81,0,1,0,
1790405062.0928,flamesafe,200,1,82,0,1,0,
1790405062.1176,flamesafe,200,1,83,0,1,0,
1790405062.1427,flamesafe,200,1,84,0,1,0,
1790405062.1679,flamesafe,200,1,85,0,1,0,
1790405062.1929,flamesafe,200,1,86,0,1,0,
1790405062.2179,flamesafe,200,1,87,0,1,0,
1790405062.2428,flamesafe,200,1,88,0,1,0,
1790405062.2676,flamesafe,200,1,89,0,1,0,
1790405062.2930,flamesafe,200,1,90,0,1,0,
1790405062.3179,flamesafe,200,1,91,0,1,0,
1790405062.3429,flamesafe,200,1,92,0,1,0,
1790405062.3677,flamesafe,200,1,93,0,1,0,
1790405062.3929,flamesafe,200,1,94,0,1,0,
1790405062.4177,flamesafe,200,1,95,0,1,0,
1790405062.4427,flamesafe,200,1,96,0,1,0,
1790405062.4681,flamesafe,200,1,97,0,1,0,
1790405062.4930,flamesafe,200,1,98,0,1,0,
1790405062.5179,flamesafe,200,1,99,0,1,0,
1790405062.5428,flamesafe,200,1,100,0,1,0,
1790405062.5681,flamesafe,200,1,101,0,1,0,
1790405062.5928,flamesafe,200,1,102,0,1,0,
1790405062.6179,flamesafe,200,1,103,0,1,0,
1790405062.6426,flamesafe,200,1,104,0,1,0,
1790405062.6679,flamesafe,200,1,105,0,1,0,
1790405062.6929,flamesafe,200,1,106,0,1,0,
1790405062.7179,flamesafe,200,1,107,0,1,0,
1790405062.7430,flamesafe,200,1,108,0,1,0,
1790405062.7681,flamesafe,200,1,109,0,1,0,
1790405062.7928,flamesafe,200,1,110,0,1,0,
1790405062.8179,flamesafe,200,1,111,0,1,0,
1790405062.8428,flamesafe,200,1,112,0,1,0,
1790405062.8676,flamesafe,200,1,113,0,1,0,
1790405062.8928,flamesafe,200,1,114,0,1,0,
1790405062.9180,flamesafe,200,1,115,0,1,0,
1790405062.9431,flamesafe,200,1,116,0,1,0,
1790405062.9680,flamesafe,200,1,117,0,1,0,
1790405062.9929,flamesafe,200,1,118,0,1,0,
1790405063.0176,flamesafe,200,1,119,0,1,0,
1790405063.0431,flamesafe,200,1,120,0,1,0,
1790405063.0679,flamesafe,200,1,121,0,1,0,
1790405063.0930,flamesafe,200,1,122,0,1,0,
1790405063.1181,flamesafe,200,1,123,0,1,0,
1790405063.1426,flamesafe,200,1,124,0,1,0,
1790405063.1678,flamesafe,200,1,125,0,1,0,
1790405063.1930,flamesafe,200,1,126,0,1,0,
1790405063.2179,flamesafe,200,1,127,0,1,0,
1790405063.2427,flamesafe,200,1,128,0,1,0,
1790405063.2678,flamesafe,200,1,129,0,1,0,
1790405063.2927,flamesafe,200,1,130,0,1,0,
1790405063.3177,flamesafe,200,1,131,0,1,0,
1790405063.3431,flamesafe,200,1,132,0,1,0,
1790405063.3680,flamesafe,200,1,133,0,1,0,
1790405063.3931,flamesafe,200,1,134,0,1,0,
1790405063.4180,flamesafe,200,1,135,0,1,0,
1790405063.4429,flamesafe,200,1,136,0,1,0,
1790405063.4681,flamesafe,200,1,137,0,1,0,
1790405063.4927,flamesafe,200,1,138,0,1,0,
1790405063.5181,flamesafe,200,1,139,0,1,0,
1790405063.5427,flamesafe,200,1,140,0,1,0,
1790405063.5677,flamesafe,200,1,141,0,1,0,
1790405063.5928,flamesafe,200,1,142,0,1,0,
1790405063.6178,flamesafe,200,1,143,0,1,0,
1790405063.6426,flamesafe,200,1,144,0,1,0,
1790405063.6679,flamesafe,200,1,145,0,1,0,
1790405063.6927,flamesafe,200,1,146,0,1,0,
1790405063.7179,flamesafe,200,1,147,0,1,0,
1790405063.7430,flamesafe,200,1,148,0,1,0,
1790405063.7681,flamesafe,200,1,149,0,1,0,
1790405063.7928,flamesafe,200,1,150,0,1,0,
1790405063.8181,flamesafe,200,1,151,0,1,0,
1790405063.8427,flamesafe,200,1,152,0,1,0,
1790405063.8678,flamesafe,200,1,153,0,1,0,
1790405063.8927,flamesafe,200,1,154,0,1,0,
1790405063.9180,flamesafe,200,1,155,0,1,0,
1790405063.9426,flamesafe,200,1,156,0,1,0,
1790405063.9676,flamesafe,200,1,157,0,1,0,
1790405063.9926,flamesafe,200,1,158,0,1,0,
1790405064.0181,flamesafe,200,1,159,0,1,0,
1790405064.0428,flamesafe,200,1,160,0,1,0,
1790405064.0678,flamesafe,200,1,161,0,1,0,
1790405064.0931,flamesafe,200,1,162,0,1,0,
1790405064.1180,flamesafe,200,1,163,0,1,0,
1790405064.1429,flamesafe,200,1,164,0,1,0,
1790405064.1679,flamesafe,200,1,165,0,1,0,
1790405064.1929,flamesafe,200,1,166,0,1,0,
1790405064.2176,flamesafe,200,1,167,0,1,0,
1790405064.2430,flamesafe,200,1,168,0,1,0,
1790405064.2678,flamesafe,200,1,169,0,1,0,
1790405064.2926,flamesafe,200,1,170,0,1,0,
1790405064.3177,flamesafe,200,1,171,0,1,0,
1790405064.3426,flamesafe,200,1,172,0,1,0,
1790405064.3679,flamesafe,200,1,173,0,1,0,
1790405064.3930,flamesafe,200,1,174,0,1,0,
1790405064.4178,flamesafe,200,1,175,0,1,0,
1790405064.4427,flamesafe,200,1,176,0,1,0,
1790405064.4677,flamesafe,200,1,177,0,1,0,
1790405064.4927,flamesafe,200,1,178,0,1,0,
1790405064.5178,flamesafe,200,1,179,0,1,0,
1790405064.5429,flamesafe,200,1,180,0,1,0,
1790405064.5680,flamesafe,200,1,181,0,1,0,
1790405064.5929,flamesafe,200,1,182,0,1,0,
1790405064.6180,flamesafe,200,1,183,0,1,0,
1790405064.6430,flamesafe,200,1,184,0,1,0,
1790405064.6679,flamesafe,200,1,185,0,1,0,
1790405064.6928,flamesafe,200,1,186,0,1,0,
1790405064.7181,flamesafe,200,1,187,0,1,0,
1790405064.7429,flamesafe,200,1,188,0,1,0,
1790405064.7681,flamesafe,200,1,189,0,1,0,
1790405064.7930,flamesafe,200,1,190,0,1,0,
1790405064.8178,flamesafe,200,1,191,0,1,0,
1790405064.8428,flamesafe,200,1,192,0,1,0,
1790405064.8679,flamesafe,200,1,193,0,1,0,
1790405064.8926,flamesafe,200,1,194,0,1,0,
1790405064.9177,flamesafe,200,1,195,0,1,0,
1790405064.9429,flamesafe,200,1,196,0,1,0,
1790405064.9679,flamesafe,200,1,197,0,1,0,
1790405064.9929,flamesafe,200,1,198,0,1,0,
1790405065.0176,flamesafe,200,1,199,0,1,0,
1790405065.0429,flamesafe,200,1,200,0,1,0,
1790405065.0680,flamesafe,200,1,201,0,1,0,
1790405065.0927,flamesafe,200,1,202,0,1,0,
1790405065.1177,flamesafe,200,1,203,0,1,0,
1790405065.1428,flamesafe,200,1,204,0,1,0,
1790405065.1678,flamesafe,200,1,205,0,1,0,
1790405065.1928,flamesafe,200,1,206,0,1,0,
1790405065.2177,flamesafe,200,1,207,0,1,0,
1790405065.2428,flamesafe,200,1,208,0,1,0,
1790405065.2680,flamesafe,200,1,209,0,1,0,
1790405065.2927,flamesafe,200,1,210,0,1,0,
1790405065.3176,flamesafe,200,1,211,0,1,0,
1790405065.3430,flamesafe,200,1,212,0,1,0,
1790405065.3678,flamesafe,200,1,213,0,1,0,
1790405065.3927,flamesafe,200,1,214,0,1,0,
1790405065.4178,flamesafe,200,1,215,0,1,0,
1790405065.4428,flamesafe,200,1,216,0,1,0,
1790405065.4681,flamesafe,200,1,217,0,1,0,
1790405065.4931,flamesafe,200,1,218,0,1,0,
1790405065.5177,flamesafe,200,1,219,0,1,0,
1790405065.5428,flamesafe,200,1,220,0,1,0,
1790405065.5679,flamesafe,200,1,221,0,1,0,
1790405065.5931,flamesafe,200,1,222,0,1,0,
1790405065.6178,flamesafe,200,1,223,0,1,0,
1790405065.6431,flamesafe,200,1,224,0,1,0,
1790405065.6677,flamesafe,200,1,225,0,1,0,
1790405065.6932,flamesafe,200,1,226,0,1,0,
1790405065.7176,flamesafe,200,1,227,0,1,0,
1790405065.7428,flamesafe,200,1,228,0,1,0,
1790405065.7676,flamesafe,200,1,229,0,1,0,
1790405065.7928,flamesafe,200,1,230,0,1,0,
1790405065.8178,flamesafe,200,1,231,0,1,0,
1790405065.8430,flamesafe,200,1,232,0,1,0,
1790405065.8677,flamesafe,200,1,233,0,1,0,
1790405065.8928,flamesafe,200,1,234,0,1,0,
1790405065.9179,flamesafe,200,1,235,0,1,0,
1790405065.9427,flamesafe,200,1,236,0,1,0,
1790405065.9679,flamesafe,200,1,237,0,1,0,
1790405065.9929,flamesafe,200,1,238,0,1,0,
1790405066.0181,flamesafe,200,1,239,0,1,0,
1790405066.0430,flamesafe,200,1,240,0,1,0,
1790405066.0677,flamesafe,200,1,241,0,1,0,
1790405066.0927,flamesafe,200,1,242,0,1,0,
1790405066.1177,flamesafe,200,1,243,0,1,0,
1790405066.1428,flamesafe,200,1,244,0,1,0,
1790405066.1679,flamesafe,200,1,245,0,1,0,
1790405066.1927,flamesafe,200,1,246,0,1,0,
1790405066.2180,flamesafe,200,1,247,0,1,0,
1790405066.2430,flamesafe,200,1,248,0,1,0,
1790405066.2677,flamesafe,200,1,249,0,1,0,
1790405066.2927,flamesafe,200,1,250,0,1,0,
1790405066.3178,flamesafe,200,1,251,0,1,0,
1790405066.3429,flamesafe,200,1,252,0,1,0,
1790405066.3681,flamesafe,200,1,253,0,1,0,
1790405066.3930,flamesafe,200,1,254,0,1,0,
1790405066.4179,flamesafe,200,1,255,0,1,0,
1790405066.4427,flamesafe,200,1,0,0,1,0,
1790405066.4677,flamesafe,200,1,1,0,1,0,
1790405066.4930,flamesafe,200,1,2,0,1,0,
1790405066.5178,flamesafe,200,1,3,0,1,0,
1790405066.5429,flamesafe,200,1,4,0,1,0,
1790405066.5680,flamesafe,200,1,5,0,1,0,
1790405066.5930,flamesafe,200,1,6,0,1,0,
1790405066.6177,flamesafe,200,1,7,0,1,0,
1790405066.6428,flamesafe,200,1,8,0,1,0,
1790405066.6677,flamesafe,200,1,9,0,1,0,
1790405066.6928,flamesafe,200,1,10,0,1,0,
1790405066.7179,flamesafe,200,1,11,0,1,0,
1790405066.7427,flamesafe,200,1,12,0,1,0,
1790405066.7680,flamesafe,200,1,13,0,1,0,
1790405066.7927,flamesafe,200,1,14,0,1,0,
1790405066.8177,flamesafe,200,1,15,0,1,0,
1790405066.8428,flamesafe,200,1,16,0,1,0,
1790405066.8680,flamesafe,200,1,17,0,1,0,
1790405066.8926,flamesafe,200,1,18,0,1,0,
1790405066.9179,flamesafe,200,1,19,0,1,0,
1790405066.9427,flamesafe,200,1,20,0,1,0,
1790405066.9677,flamesafe,200,1,21,0,1,0,
1790405066.9928,flamesafe,200,1,22,0,1,0,
1790405067.0178,flamesafe,200,1,23,0,1,0,
1790405067.0427,flamesafe,200,1,24,0,1,0,
1790405067.0680,flamesafe,200,1,25,0,1,0,
1790405067.0926,flamesafe,200,1,26,0,1,0,
1790405067.1179,flamesafe,200,1,27,0,1,0,
1790405067.1426,flamesafe,200,1,28,0,1,0,
1790405067.1676,flamesafe,200,1,29,0,1,0,
1790405067.1927,flamesafe,200,1,30,0,1,0,
1790405067.2180,flamesafe,200,1,31,0,1,0,
1790405067.2429,flamesafe,200,1,32,0,1,0,
1790405067.2677,flamesafe,200,1,33,0,1,0,
1790405067.2928,flamesafe,200,1,34,0,1,0,
1790405067.3176,flamesafe,200,1,35,0,1,0,
1790405067.3430,flamesafe,200,1,36,0,1,0,
1790405067.3681,flamesafe,200,1,37,0,1,0,
1790405067.3929,flamesafe,200,1,38,0,1,0,
1790405067.4177,flamesafe,200,1,39,0,1,0,
1790405067.4430,flamesafe,200,1,40,0,1,0,
1790405067.4679,flamesafe,200,1,41,0,1,0,
1790405067.4929,flamesafe,200,1,42,0,1,0,
1790405067.5177,flamesafe,200,1,43,0,1,0,
1790405067.5428,flamesafe,200,1,44,0,1,0,
1790405067.5679,flamesafe,200,1,45,0,1,0,
1790405067.5930,flamesafe,200,1,46,0,1,0,
1790405067.6181,flamesafe,200,1,47,0,1,0,
1790405067.6426,flamesafe,200,1,48,0,1,0,
1790405067.6680,flamesafe,200,1,49,0,1,0,
1790405067.6930,flamesafe,200,1,50,0,1,0,
1790405067.7177,flamesafe,200,1,51,0,1,0,
1790405067.7428,flamesafe,200,1,52,0,1,0,
1790405067.7679,flamesafe,200,1,53,0,1,0,
1790405067.7929,flamesafe,200,1,54,0,1,0,
1790405067.8179,flamesafe,200,1,55,0,1,0,
1790405067.8428,flamesafe,200,1,56,0,1,0,
1790405067.8677,flamesafe,200,1,57,0,1,0,
1790405067.8927,flamesafe,200,1,58,0,1,0,
1790405067.9179,flamesafe,200,1,59,0,1,0,
1790405067.9431,flamesafe,200,1,60,0,1,0,
1790405067.9678,flamesafe,200,1,61,0,1,0,
1790405067.9928,flamesafe,200,1,62,0,1,0,
1790405068.0177,flamesafe,200,1,63,0,1,0,
1790405068.0427,flamesafe,200,1,64,0,1,0,
1790405068.0680,flamesafe,200,1,65,0,1,0,
1790405068.0927,flamesafe,200,1,66,0,1,0,
1790405068.1176,flamesafe,200,1,67,0,1,0,
1790405068.1428,flamesafe,200,1,68,0,1,0,
1790405068.1677,flamesafe,200,1,69,0,1,0,
1790405068.1930,flamesafe,200,1,70,0,1,0,
1790405068.2180,flamesafe,200,1,71,0,1,0,
1790405068.2430,flamesafe,200,1,72,0,1,0,
1790405068.2677,flamesafe,200,1,73,0,1,0,
1790405068.2931,flamesafe,200,1,74,0,1,0,
1790405068.3178,flamesafe,200,1,75,0,1,0,
1790405068.3428,flamesafe,200,1,76,0,1,0,
1790405068.3680,flamesafe,200,1,77,0,1,0,
1790405068.3928,flamesafe,200,1,78,0,1,0,
1790405068.4177,flamesafe,200,1,79,0,1,0,
1790405068.4429,flamesafe,200,1,80,0,1,0,
1790405068.4677,flamesafe,200,1,81,0,1,0,
1790405068.4931,flamesafe,200,1,82,0,1,0,
1790405068.5178,flamesafe,200,1,83,0,1,0,
1790405068.5428,flamesafe,200,1,84,0,1,0,
1790405068.5680,flamesafe,200,1,85,0,1,0,
1790405068.5927,flamesafe,200,1,86,0,1,0,
1790405068.6179,flamesafe,200,1,87,0,1,0,
1790405068.6427,flamesafe,200,1,88,0,1,0,
1790405068.6679,flamesafe,200,1,89,0,1,0,
1790405068.6928,flamesafe,200,1,90,0,1,0,
1790405068.7177,flamesafe,200,1,91,0,1,0,
1790405068.7430,flamesafe,200,1,92,0,1,0,
1790405068.7678,flamesafe,200,1,93,0,1,0,
1790405068.7931,flamesafe,200,1,94,0,1,0,
1790405068.8180,flamesafe,200,1,95,0,1,0,
1790405068.8430,flamesafe,200,1,96,0,1,0,
1790405068.8679,flamesafe,200,1,97,0,1,0,
1790405068.8926,flamesafe,200,1,98,0,1,0,
1790405068.9179,flamesafe,200,1,99,0,1,0,
1790405068.9430,flamesafe,200,1,100,0,1,0,
1790405068.9678,flamesafe,200,1,101,0,1,0,
1790405068.9928,flamesafe,200,1,102,0,1,0,
1790405069.0178,flamesafe,200,1,103,0,1,0,
1790405069.0429,flamesafe,200,1,104,0,1,0,
1790405069.0681,flamesafe,200,1,105,0,1,0,
1790405069.0930,flamesafe,200,1,106,0,1,0,
1790405069.1177,flamesafe,200,1,107,0,1,0,
1790405069.1428,flamesafe,200,1,108,0,1,0,
1790405069.1677,flamesafe,200,1,109,0,1,0,
1790405069.1931,flamesafe,200,1,110,0,1,0,
1790405069.2177,flamesafe,200,1,111,0,1,0,
1790405069.2427,flamesafe,200,1,112,0,1,0,
1790405069.2679,flamesafe,200,1,113,0,1,0,
1790405069.2933,flamesafe,200,1,114,0,1,0,
1790405069.3178,flamesafe,200,1,115,0,1,0,
1790405069.3427,flamesafe,200,1,116,0,1,0,
1790405069.3676,flamesafe,200,1,117,0,1,0,
1790405069.3928,flamesafe,200,1,118,0,1,0,
1790405069.4178,flamesafe,200,1,119,0,1,0,
1790405069.4428,flamesafe,200,1,120,0,1,0,
1790405069.4679,flamesafe,200,1,121,0,1,0,
1790405069.4928,flamesafe,200,1,122,0,1,0,
1790405069.5179,flamesafe,200,1,123,0,1,0,
1790405069.5428,flamesafe,200,1,124,0,1,0,
1790405069.5678,flamesafe,200,1,125,0,1,0,
1790405069.5930,flamesafe,200,1,126,0,1,0,
1790405069.6177,flamesafe,200,1,127,0,1,0,
1790405069.6431,flamesafe,200,1,128,0,1,0,
1790405069.6677,flamesafe,200,1,129,0,1,0,
1790405069.6927,flamesafe,200,1,130,0,1,0,
1790405069.7181,flamesafe,200,1,131,0,1,0,
1790405069.7431,flamesafe,200,1,132,0,1,0,
1790405069.7679,flamesafe,200,1,133,0,1,0,
1790405069.7929,flamesafe,200,1,134,0,1,0,
1790405069.8180,flamesafe,200,1,135,0,1,0,
1790405069.8426,flamesafe,200,1,136,0,1,0,
1790405069.8677,flamesafe,200,1,137,0,1,0,
1790405069.8933,flamesafe,200,1,138,0,1,0,
1790405069.9179,flamesafe,200,1,139,0,1,0,
1790405069.9430,flamesafe,200,1,140,0,1,0,
1790405069.9679,flamesafe,200,1,141,0,1,0,
1790405069.9930,flamesafe,200,1,142,0,1,0,
1790405070.0180,flamesafe,200,1,143,0,1,0,
1790405070.0429,flamesafe,200,1,144,0,1,0,
1790405070.0676,flamesafe,200,1,145,0,1,0,
1790405070.0931,flamesafe,200,1,146,0,1,0,
1790405070.1176,flamesafe,200,1,147,0,1,0,
1790405070.1430,flamesafe,200,1,148,0,1,0,
1790405070.1679,flamesafe,200,1,149,0,1,0,
1790405070.1928,flamesafe,200,1,150,0,1,0,
1790405070.2178,flamesafe,200,1,151,0,1,0,
1790405070.2427,flamesafe,200,1,152,0,1,0,
1790405070.2680,flamesafe,200,1,153,0,1,0,
1790405070.2929,flamesafe,200,1,154,0,1,0,
1790405070.3181,flamesafe,200,1,155,0,1,0,
1790405070.3428,flamesafe,200,1,156,0,1,0,
1790405070.3681,flamesafe,200,1,157,0,1,0,
1790405070.3926,flamesafe,200,1,158,0,1,0,
1790405070.4176,flamesafe,200,1,159,0,1,0,
1790405070.4428,flamesafe,200,1,160,0,1,0,
1790405070.4679,flamesafe,200,1,161,0,1,0,
1790405070.4927,flamesafe,200,1,162,0,1,0,
1790405070.5180,flamesafe,200,1,163,0,1,0,
1790405070.5430,flamesafe,200,1,164,0,1,0,
1790405070.5678,flamesafe,200,1,165,0,1,0,
1790405070.5931,flamesafe,200,1,166,0,1,0,
1790405070.6179,flamesafe,200,1,167,0,1,0,
1790405070.6430,flamesafe,200,1,168,0,1,0,
1790405070.6676,flamesafe,200,1,169,0,1,0,
1790405070.6927,flamesafe,200,1,170,0,1,0,
1790405070.7177,flamesafe,200,1,171,0,1,0,
1790405070.7427,flamesafe,200,1,172,0,1,0,
1790405070.7676,flamesafe,200,1,173,0,1,0,
1790405070.7927,flamesafe,200,1,174,0,1,0,
1790405070.8178,flamesafe,200,1,175,0,1,0,
1790405070.8431,flamesafe,200,1,176,0,1,0,
1790405070.8678,flamesafe,200,1,177,0,1,0,
1790405070.8927,flamesafe,200,1,178,0,1,0,
1790405070.9180,flamesafe,200,1,179,0,1,0,
1790405070.9427,flamesafe,200,1,180,0,1,0,
1790405070.9680,flamesafe,200,1,181,0,1,0,
1790405070.9928,flamesafe,200,1,182,0,1,0,
1790405071.0180,flamesafe,200,1,183,0,1,0,
1790405071.0431,flamesafe,200,1,184,0,1,0,
1790405071.0680,flamesafe,200,1,185,0,1,0,
1790405071.0928,flamesafe,200,1,186,0,1,0,
1790405071.1178,flamesafe,200,1,187,0,1,0,
1790405071.1430,flamesafe,200,1,188,0,1,0,
1790405071.1679,flamesafe,200,1,189,0,1,0,
1790405071.1928,flamesafe,200,1,190,0,1,0,
1790405071.2176,flamesafe,200,1,191,0,1,0,
1790405071.2429,flamesafe,200,1,192,0,1,0,
1790405071.2679,flamesafe,200,1,193,0,1,0,
1790405071.2930,flamesafe,200,1,194,0,1,0,
1790405071.3178,flamesafe,200,1,195,0,1,0,
1790405071.3426,flamesafe,200,1,196,0,1,0,
1790405071.3677,flamesafe,200,1,197,0,1,0,
1790405071.3927,flamesafe,200,1,198,0,1,0,
1790405071.4179,flamesafe,200,1,199,0,1,0,
1790405071.4431,flamesafe,200,1,200,0,1,0,
1790405071.4681,flamesafe,200,1,201,0,1,0,
1790405071.4930,flamesafe,200,1,202,0,1,0,
1790405071.5178,flamesafe,200,1,203,0,1,0,
1790405071.5431,flamesafe,200,1,204,0,1,0,
1790405071.5677,flamesafe,200,1,205,0,1,0,
1790405071.5928,flamesafe,200,1,206,0,1,0,
1790405071.6176,flamesafe,200,1,207,0,1,0,
1790405071.6430,flamesafe,200,1,208,0,1,0,
1790405071.6678,flamesafe,200,1,209,0,1,0,
1790405071.6926,flamesafe,200,1,210,0,1,0,
1790405071.7181,flamesafe,200,1,211,0,1,0,
1790405071.7427,flamesafe,200,1,212,0,1,0,
1790405071.7680,flamesafe,200,1,213,0,1,0,
1790405071.7928,flamesafe,200,1,214,0,1,0,
1790405071.8180,flamesafe,200,1,215,0,1,0,
1790405071.8430,flamesafe,200,1,216,0,1,0,
1790405071.8678,flamesafe,200,1,217,0,1,0,
1790405071.8928,flamesafe,200,1,218,0,1,0,
1790405071.9176,flamesafe,200,1,219,0,1,0,
1790405071.9428,flamesafe,200,1,220,0,1,0,
1790405071.9681,flamesafe,200,1,221,0,1,0,
1790405071.9930,flamesafe,200,1,222,0,1,0,
1790405072.0179,flamesafe,200,1,223,0,1,0,
1790405072.0428,flamesafe,200,1,224,0,1,0,
1790405072.0681,flamesafe,200,1,225,0,1,0,
1790405072.0926,flamesafe,200,1,226,0,1,0,
1790405072.1180,flamesafe,200,1,227,0,1,0,
1790405072.1427,flamesafe,200,1,228,0,1,0,
1790405072.1680,flamesafe,200,1,229,0,1,0,
1790405072.1928,flamesafe,200,1,230,0,1,0,
1790405072.2177,flamesafe,200,1,231,0,1,0,
1790405072.2427,flamesafe,200,1,232,0,1,0,
1790405072.2677,flamesafe,200,1,233,0,1,0,
1790405072.2929,flamesafe,200,1,234,0,1,0,
1790405072.3179,flamesafe,200,1,235,0,1,0,
1790405072.3427,flamesafe,200,1,236,0,1,0,
1790405072.3677,flamesafe,200,1,237,0,1,0,
1790405072.3927,flamesafe,200,1,238,0,1,0,
1790405072.4178,flamesafe,200,1,239,0,1,0,
1790405072.4427,flamesafe,200,1,240,0,1,0,
1790405072.4679,flamesafe,200,1,241,0,1,0,
1790405072.4926,flamesafe,200,1,242,0,1,0,
1790405072.5176,flamesafe,200,1,243,0,1,0,
1790405072.5428,flamesafe,200,1,244,0,1,0,
1790405072.5677,flamesafe,200,1,245,0,1,0,
1790405072.5927,flamesafe,200,1,246,0,1,0,
1790405072.6179,flamesafe,200,1,247,0,1,0,
1790405072.6427,flamesafe,200,1,248,0,1,0,
1790405072.6680,flamesafe,200,1,249,0,1,0,
1790405072.6929,flamesafe,200,1,250,0,1,0,
1790405072.7179,flamesafe,200,1,251,0,1,0,
1790405072.7429,flamesafe,200,1,252,0,1,0,
1790405072.7676,flamesafe,200,1,253,0,1,0,
1790405072.7931,flamesafe,200,1,254,0,1,0,
1790405072.8180,flamesafe,200,1,255,0,1,0,
1790405072.8427,flamesafe,200,1,0,0,1,0,
1790405072.8677,flamesafe,200,1,1,0,1,0,
1790405072.8930,flamesafe,200,1,2,0,1,0,
1790405072.9180,flamesafe,200,1,3,0,1,0,
1790405072.9430,flamesafe,200,1,4,0,1,0,
1790405072.9681,flamesafe,200,1,5,0,1,0,
1790405072.9926,flamesafe,200,1,6,0,1,0,
1790405073.0177,flamesafe,200,1,7,0,1,0,
1790405073.0427,flamesafe,200,1,8,0,1,0,
1790405073.0680,flamesafe,200,1,9,0,1,0,
1790405073.0930,flamesafe,200,1,10,0,1,0,
1790405073.1179,flamesafe,200,1,11,0,1,0,
1790405073.1429,flamesafe,200,1,12,0,1,0,
1790405073.1679,flamesafe,200,1,13,0,1,0,
1790405073.1930,flamesafe,200,1,14,0,1,0,
1790405073.2180,flamesafe,200,1,15,0,1,0,
1790405073.2430,flamesafe,200,1,16,0,1,0,
1790405073.2680,flamesafe,200,1,17,0,1,0,
1790405073.2929,flamesafe,200,1,18,0,1,0,
1790405073.3177,flamesafe,200,1,19,0,1,0,
1790405073.3430,flamesafe,200,1,20,0,1,0,
1790405073.3677,flamesafe,200,1,21,0,1,0,
1790405073.3929,flamesafe,200,1,22,0,1,0,
1790405073.4177,flamesafe,200,1,23,0,1,0,
1790405073.4427,flamesafe,200,1,24,0,1,0,
1790405073.4678,flamesafe,200,1,25,0,1,0,
1790405073.4927,flamesafe,200,1,26,0,1,0,
1790405073.5181,flamesafe,200,1,27,0,1,0,
1790405073.5429,flamesafe,200,1,28,0,1,0,
1790405073.5680,flamesafe,200,1,29,0,1,0,
1790405073.5928,flamesafe,200,1,30,0,1,0,
1790405073.6180,flamesafe,200,1,31,0,1,0,
1790405073.6429,flamesafe,200,1,32,0,1,0,
1790405073.6681,flamesafe,200,1,33,0,1,0,
1790405073.6928,flamesafe,200,1,34,0,1,0,
1790405073.7176,flamesafe,200,1,35,0,1,0,
1790405073.7428,flamesafe,200,1,36,0,1,0,
1790405073.7677,flamesafe,200,1,37,0,1,0,
1790405073.7926,flamesafe,200,1,38,0,1,0,
1790405073.8178,flamesafe,200,1,39,0,1,0,
1790405073.8430,flamesafe,200,1,40,0,1,0,
1790405073.8680,flamesafe,200,1,41,0,1,0,
1790405073.8929,flamesafe,200,1,42,0,1,0,
1790405073.9178,flamesafe,200,1,43,0,1,0,
1790405073.9428,flamesafe,200,1,44,0,1,0,
1790405073.9676,flamesafe,200,1,45,0,1,0,
1790405073.9929,flamesafe,200,1,46,0,1,0,
1790405074.0181,flamesafe,200,1,47,0,1,0,
1790405074.0427,flamesafe,200,1,48,0,1,0,
1790405074.0679,flamesafe,200,1,49,0,1,0,
1790405074.0936,flamesafe,200,1,50,0,1,0,
1790405074.1178,flamesafe,200,1,51,0,1,0,
1790405074.1430,flamesafe,200,1,52,0,1,0,
1790405074.1681,flamesafe,200,1,53,0,1,0,
1790405074.1927,flamesafe,200,1,54,0,1,0,
1790405074.2179,flamesafe,200,1,55,0,1,0,
1790405074.2431,flamesafe,200,1,56,0,1,0,
1790405074.2679,flamesafe,200,1,57,0,1,0,
1790405074.2927,flamesafe,200,1,58,0,1,0,
1790405074.3180,flamesafe,200,1,59,0,1,0,
1790405074.3427,flamesafe,200,1,60,0,1,0,
1790405074.3677,flamesafe,200,1,61,0,1,0,
1790405074.3928,flamesafe,200,1,62,0,1,0,
1790405074.4179,flamesafe,200,1,63,0,1,0,
1790405074.4430,flamesafe,200,1,64,0,1,0,
1790405074.4680,flamesafe,200,1,65,0,1,0,
1790405074.4928,flamesafe,200,1,66,0,1,0,
1790405074.5177,flamesafe,200,1,67,0,1,0,
1790405074.5429,flamesafe,200,1,68,0,1,0,
1790405074.5676,flamesafe,200,1,69,0,1,0,
1790405074.5931,flamesafe,200,1,70,0,1,0,
1790405074.6178,flamesafe,200,1,71,0,1,0,
1790405074.6431,flamesafe,200,1,72,0,1,0,
1790405074.6680,flamesafe,200,1,73,0,1,0,
1790405074.6931,flamesafe,200,1,74,0,1,0,
1790405074.7181,flamesafe,200,1,75,0,1,0,
1790405074.7429,flamesafe,200,1,76,0,1,0,
1790405074.7678,flamesafe,200,1,77,0,1,0,
1790405074.7927,flamesafe,200,1,78,0,1,0,
1790405074.8178,flamesafe,200,1,79,0,1,0,
1790405074.8429,flamesafe,200,1,80,0,1,0,
1790405074.8679,flamesafe,200,1,81,0,1,0,
1790405074.8928,flamesafe,200,1,82,0,1,0,
1790405074.9179,flamesafe,200,1,83,0,1,0,
1790405074.9428,flamesafe,200,1,84,0,1,0,
1790405074.9677,flamesafe,200,1,85,0,1,0,
1790405074.9928,flamesafe,200,1,86,0,1,0,
1790405075.0181,flamesafe,200,1,87,0,1,0,
1790405075.0429,flamesafe,200,1,88,0,1,0,
1790405075.0677,flamesafe,200,1,89,0,1,0,
1790405075.0928,flamesafe,200,1,90,0,1,0,
1790405075.1180,flamesafe,200,1,91,0,1,0,
1790405075.1429,flamesafe,200,1,92,0,1,0,
1790405075.1680,flamesafe,200,1,93,0,1,0,
1790405075.1927,flamesafe,200,1,94,0,1,0,
1790405075.2176,flamesafe,200,1,95,0,1,0,
1790405075.2427,flamesafe,200,1,96,0,1,0,
1790405075.2679,flamesafe,200,1,97,0,1,0,
1790405075.2926,flamesafe,200,1,98,0,1,0,
1790405075.3179,flamesafe,200,1,99,0,1,0,
1790405075.3427,flamesafe,200,1,100,0,1,0,
1790405075.3679,flamesafe,200,1,101,0,1,0,
1790405075.3930,flamesafe,200,1,102,0,1,0,
1790405075.4176,flamesafe,200,1,103,0,1,0,
1790405075.4427,flamesafe,200,1,104,0,1,0,
1790405075.4678,flamesafe,200,1,105,0,1,0,
1790405075.4930,flamesafe,200,1,106,0,1,0,
1790405075.5177,flamesafe,200,1,107,0,1,0,
1790405075.5428,flamesafe,200,1,108,0,1,0,
1790405075.5677,flamesafe,200,1,109,0,1,0,
1790405075.5929,flamesafe,200,1,110,0,1,0,
1790405075.6177,flamesafe,200,1,111,0,1,0,
1790405075.6427,flamesafe,200,1,112,0,1,0,
1790405075.6680,flamesafe,200,1,113,0,1,0,
1790405075.6927,flamesafe,200,1,114,0,1,0,
1790405075.7178,flamesafe,200,1,115,0,1,0,
1790405075.7429,flamesafe,200,1,116,0,1,0,
1790405075.7676,flamesafe,200,1,117,0,1,0,
1790405075.7928,flamesafe,200,1,118,0,1,0,
1790405075.8176,flamesafe,200,1,119,0,1,0,
1790405075.8431,flamesafe,200,1,120,0,1,0,
1790405075.8678,flamesafe,200,1,121,0,1,0,
1790405075.8930,flamesafe,200,1,122,0,1,0,
1790405075.9178,flamesafe,200,1,123,0,1,0,
1790405075.9432,flamesafe,200,1,124,0,1,0,
1790405075.9677,flamesafe,200,1,125,0,1,0,
1790405075.9931,flamesafe,200,1,126,0,1,0,
1790405076.0177,flamesafe,200,1,127,0,1,0,
1790405076.0427,flamesafe,200,1,128,0,1,0,
1790405076.0677,flamesafe,200,1,129,0,1,0,
1790405076.0930,flamesafe,200,1,130,0,1,0,
1790405076.1179,flamesafe,200,1,131,0,1,0,
1790405076.1431,flamesafe,200,1,132,0,1,0,
1790405076.1678,flamesafe,200,1,133,0,1,0,
1790405076.1929,flamesafe,200,1,134,0,1,0,
1790405076.2180,flamesafe,200,1,135,0,1,0,
1790405076.2430,flamesafe,200,1,136,0,1,0,
1790405076.2680,flamesafe,200,1,137,0,1,0,
1790405076.2930,flamesafe,200,1,138,0,1,0,
1790405076.3179,flamesafe,200,1,139,0,1,0,
1790405076.3428,flamesafe,200,1,140,0,1,0,
1790405076.3676,flamesafe,200,1,141,0,1,0,
1790405076.3929,flamesafe,200,1,142,0,1,0,
1790405076.4180,flamesafe,200,1,143,0,1,0,
1790405076.4430,flamesafe,200,1,144,0,1,0,
1790405076.4677,flamesafe,200,1,145,0,1,0,
1790405076.4927,flamesafe,200,1,146,0,1,0,
1790405076.5177,flamesafe,200,1,147,0,1,0,
1790405076.5428,flamesafe,200,1,148,0,1,0,
1790405076.5677,flamesafe,200,1,149,0,1,0,
1790405076.5927,flamesafe,200,1,150,0,1,0,
1790405076.6180,flamesafe,200,1,151,0,1,0,
1790405076.6430,flamesafe,200,1,152,0,1,0,
1790405076.6676,flamesafe,200,1,153,0,1,0,
1790405076.6928,flamesafe,200,1,154,0,1,0,
1790405076.7178,flamesafe,200,1,155,0,1,0,
1790405076.7431,flamesafe,200,1,156,0,1,0,
1790405076.7677,flamesafe,200,1,157,0,1,0,
1790405076.7929,flamesafe,200,1,158,0,1,0,
1790405076.8180,flamesafe,200,1,159,0,1,0,
1790405076.8429,flamesafe,200,1,160,0,1,0,
1790405076.8680,flamesafe,200,1,161,0,1,0,
1790405076.8929,flamesafe,200,1,162,0,1,0,
1790405076.9178,flamesafe,200,1,163,0,1,0,
1790405076.9427,flamesafe,200,1,164,0,1,0,
1790405076.9678,flamesafe,200,1,165,0,1,0,
1790405076.9928,flamesafe,200,1,166,0,1,0,
1790405077.0176,flamesafe,200,1,167,0,1,0,
1790405077.0427,flamesafe,200,1,168,0,1,0,
1790405077.0680,flamesafe,200,1,169,0,1,0,
1790405077.0932,flamesafe,200,1,170,0,1,0,
1790405077.1177,flamesafe,200,1,171,0,1,0,
1790405077.1431,flamesafe,200,1,172,0,1,0,
1790405077.1677,flamesafe,200,1,173,0,1,0,
1790405077.1929,flamesafe,200,1,174,0,1,0,
1790405077.2176,flamesafe,200,1,175,0,1,0,
1790405077.2431,flamesafe,200,1,176,0,1,0,
1790405077.2676,flamesafe,200,1,177,0,1,0,
1790405077.2929,flamesafe,200,1,178,0,1,0,
1790405077.3179,flamesafe,200,1,179,0,1,0,
1790405077.3427,flamesafe,200,1,180,0,1,0,
1790405077.3677,flamesafe,200,1,181,0,1,0,
1790405077.3928,flamesafe,200,1,182,0,1,0,
1790405077.4180,flamesafe,200,1,183,0,1,0,
1790405077.4427,flamesafe,200,1,184,0,1,0,
1790405077.4677,flamesafe,200,1,185,0,1,0,
1790405077.4927,flamesafe,200,1,186,0,1,0,
1790405077.5177,flamesafe,200,1,187,0,1,0,
1790405077.5430,flamesafe,200,1,188,0,1,0,
1790405077.5681,flamesafe,200,1,189,0,1,0,
1790405077.5928,flamesafe,200,1,190,0,1,0,
1790405077.6178,flamesafe,200,1,191,0,1,0,
1790405077.6427,flamesafe,200,1,192,0,1,0,
1790405077.6680,flamesafe,200,1,193,0,1,0,
1790405077.6929,flamesafe,200,1,194,0,1,0,
1790405077.7180,flamesafe,200,1,195,0,1,0,
1790405077.7428,flamesafe,200,1,196,0,1,0,
1790405077.7680,flamesafe,200,1,197,0,1,0,
1790405077.7927,flamesafe,200,1,198,0,1,0,
1790405077.8179,flamesafe,200,1,199,0,1,0,
1790405077.8427,flamesafe,200,1,200,0,1,0,
1790405077.8676,flamesafe,200,1,201,0,1,0,
1790405077.8927,flamesafe,200,1,202,0,1,0,
1790405077.9178,flamesafe,200,1,203,0,1,0,
1790405077.9431,flamesafe,200,1,204,0,1,0,
1790405077.9679,flamesafe,200,1,205,0,1,0,
1790405077.9926,flamesafe,200,1,206,0,1,0,
1790405078.0178,flamesafe,200,1,207,0,1,0,
1790405078.0427,flamesafe,200,1,208,0,1,0,
1790405078.0678,flamesafe,200,1,209,0,1,0,
1790405078.0931,flamesafe,200,1,210,0,1,0,
1790405078.1177,flamesafe,200,1,211,0,1,0,
1790405078.1431,flamesafe,200,1,212,0,1,0,
1790405078.1681,flamesafe,200,1,213,0,1,0,
1790405078.1927,flamesafe,200,1,214,0,1,0,
1790405078.2179,flamesafe,200,1,215,0,1,0,
1790405078.2431,flamesafe,200,1,216,0,1,0,
1790405078.2676,flamesafe,200,1,217,0,1,0,
1790405078.2929,flamesafe,200,1,218,0,1,0,
1790405078.3178,flamesafe,200,1,219,0,1,0,
1790405078.3426,flamesafe,200,1,220,0,1,0,
1790405078.3676,flamesafe,200,1,221,0,1,0,
1790405078.3930,flamesafe,200,1,222,0,1,0,
1790405078.4179,flamesafe,200,1,223,0,1,0,
1790405078.4430,flamesafe,200,1,224,0,1,0,
1790405078.4680,flamesafe,200,1,225,0,1,0,
1790405078.4929,flamesafe,200,1,226,0,1,0,
1790405078.5178,flamesafe,200,1,227,0,1,0,
1790405078.5427,flamesafe,200,1,228,0,1,0,
1790405078.5679,flamesafe,200,1,229,0,1,0,
1790405078.5928,flamesafe,200,1,230,0,1,0,
1790405078.6180,flamesafe,200,1,231,0,1,0,
1790405078.6432,flamesafe,200,1,232,0,1,0,
1790405078.6679,flamesafe,200,1,233,0,1,0,
1790405078.6931,flamesafe,200,1,234,0,1,0,
1790405078.7178,flamesafe,200,1,235,0,1,0,
1790405078.7430,flamesafe,200,1,236,0,1,0,
1790405078.7681,flamesafe,200,1,237,0,1,0,
1790405078.7927,flamesafe,200,1,238,0,1,0,
1790405078.8180,flamesafe,200,1,239,0,1,0,
1790405078.8430,flamesafe,200,1,240,0,1,0,
1790405078.8677,flamesafe,200,1,241,0,1,0,
1790405078.8930,flamesafe,200,1,242,0,1,0,
1790405078.9180,flamesafe,200,1,243,0,1,0,
1790405078.9427,flamesafe,200,1,244,0,1,0,
1790405078.9677,flamesafe,200,1,245,0,1,0,
1790405078.9927,flamesafe,200,1,246,0,1,0,
1790405079.0177,flamesafe,200,1,247,0,1,0,
1790405079.0426,flamesafe,200,1,248,0,1,0,
1790405079.0678,flamesafe,200,1,249,0,1,0,
1790405079.0928,flamesafe,200,1,250,0,1,0,
1790405079.1178,flamesafe,200,1,251,0,1,0,
1790405079.1428,flamesafe,200,1,252,0,1,0,
1790405079.1676,flamesafe,200,1,253,0,1,0,
1790405079.1928,flamesafe,200,1,254,0,1,0,
1790405079.2177,flamesafe,200,1,255,0,1,0,
1790405079.2429,flamesafe,200,1,0,0,1,0,
1790405079.2681,flamesafe,200,1,1,0,1,0,
1790405079.2929,flamesafe,200,1,2,0,1,0,
1790405079.3178,flamesafe,200,1,3,0,1,0,
1790405079.3436,flamesafe,200,1,4,0,1,0,
1790405079.3677,flamesafe,200,1,5,0,1,0,
1790405079.3928,flamesafe,200,1,6,0,1,0,
1790405079.4177,flamesafe,200,1,7,0,1,0,
1790405079.4430,flamesafe,200,1,8,0,1,0,
1790405079.4680,flamesafe,200,1,9,0,1,0,
1790405079.4930,flamesafe,200,1,10,0,1,0,
1790405079.5178,flamesafe,200,1,11,0,1,0,
1790405079.5427,flamesafe,200,1,12,0,1,0,
1790405079.5677,flamesafe,200,1,13,0,1,0,
1790405079.5929,flamesafe,200,1,14,0,1,0,
1790405079.6180,flamesafe,200,1,15,0,1,0,
1790405079.6430,flamesafe,200,1,16,0,1,0,
1790405079.6681,flamesafe,200,1,17,0,1,0,
1790405079.6928,flamesafe,200,1,18,0,1,0,
1790405079.7178,flamesafe,200,1,19,0,1,0,
1790405079.7429,flamesafe,200,1,20,0,1,0,
1790405079.7677,flamesafe,200,1,21,0,1,0,
1790405079.7931,flamesafe,200,1,22,0,1,0,
1790405079.8180,flamesafe,200,1,23,0,1,0,
1790405079.8428,flamesafe,200,1,24,0,1,0,
1790405079.8678,flamesafe,200,1,25,0,1,0,
1790405079.8930,flamesafe,200,1,26,0,1,0,
1790405079.9178,flamesafe,200,1,27,0,1,0,
1790405079.9428,flamesafe,200,1,28,0,1,0,
1790405079.9679,flamesafe,200,1,29,0,1,0,
1790405079.9930,flamesafe,200,1,30,0,1,0,
1790405080.0177,flamesafe,200,1,31,0,1,0,
1790405080.0430,flamesafe,200,1,32,0,1,0,
1790405080.0677,flamesafe,200,1,33,0,1,0,
1790405080.0927,flamesafe,200,1,34,0,1,0,
1790405080.1181,flamesafe,200,1,35,0,1,0,
1790405080.1431,flamesafe,200,1,36,0,1,0,
1790405080.1681,flamesafe,200,1,37,0,1,0,
1790405080.1928,flamesafe,200,1,38,0,1,0,
1790405080.2176,flamesafe,200,1,39,0,1,0,
1790405080.2430,flamesafe,200,1,40,0,1,0,
1790405080.2677,flamesafe,200,1,41,0,1,0,
1790405080.2930,flamesafe,200,1,42,0,1,0,
1790405080.3178,flamesafe,200,1,43,0,1,0,
1790405080.3429,flamesafe,200,1,44,0,1,0,
1790405080.3676,flamesafe,200,1,45,0,1,0,
1790405080.3927,flamesafe,200,1,46,0,1,0,
1790405080.4178,flamesafe,200,1,47,0,1,0,
1790405080.4431,flamesafe,200,1,48,0,1,0,
1790405080.4676,flamesafe,200,1,49,0,1,0,
1790405080.4930,flamesafe,200,1,50,0,1,0,
1790405080.5176,flamesafe,200,1,51,0,1,0,
1790405080.5429,flamesafe,200,1,52,0,1,0,
1790405080.5678,flamesafe,200,1,53,0,1,0,
1790405080.5927,flamesafe,200,1,54,0,1,0,
1790405080.6178,flamesafe,200,1,55,0,1,0,
1790405080.6429,flamesafe,200,1,56,0,1,0,
1790405080.6679,flamesafe,200,1,57,0,1,0,
1790405080.6928,flamesafe,200,1,58,0,1,0,
1790405080.7176,flamesafe,200,1,59,0,1,0,
1790405080.7432,flamesafe,200,1,60,0,1,0,
1790405080.7676,flamesafe,200,1,61,0,1,0,
1790405080.7928,flamesafe,200,1,62,0,1,0,
1790405080.8179,flamesafe,200,1,63,0,1,0,
1790405080.8428,flamesafe,200,1,64,0,1,0,
1790405080.8679,flamesafe,200,1,65,0,1,0,
1790405080.8928,flamesafe,200,1,66,0,1,0,
1790405080.9177,flamesafe,200,1,67,0,1,0,
1790405080.9426,flamesafe,200,1,68,0,1,0,
1790405080.9676,flamesafe,200,1,69,0,1,0,
1790405080.9929,flamesafe,200,1,70,0,1,0,
1790405081.0180,flamesafe,200,1,71,0,1,0,
1790405081.0428,flamesafe,200,1,72,0,1,0,
1790405081.0678,flamesafe,200,1,73,0,1,0,
1790405081.0930,flamesafe,200,1,74,0,1,0,
1790405081.1180,flamesafe,200,1,75,0,1,0,
1790405081.1428,flamesafe,200,1,76,0,1,0,
1790405081.1678,flamesafe,200,1,77,0,1,0,
1790405081.1930,flamesafe,200,1,78,0,1,0,
1790405081.2178,flamesafe,200,1,79,0,1,0,
1790405081.2430,flamesafe,200,1,80,0,1,0,
1790405081.2677,flamesafe,200,1,81,0,1,0,
1790405081.2927,flamesafe,200,1,82,0,1,0,
1790405081.3179,flamesafe,200,1,83,0,1,0,
1790405081.3429,flamesafe,200,1,84,0,1,0,
1790405081.3679,flamesafe,200,1,85,0,1,0,
1790405081.3927,flamesafe,200,1,86,0,1,0,
1790405081.4178,flamesafe,200,1,87,0,1,0,
1790405081.4427,flamesafe,200,1,88,0,1,0,
1790405081.4681,flamesafe,200,1,89,0,1,0,
1790405081.4931,flamesafe,200,1,90,0,1,0,
1790405081.5179,flamesafe,200,1,91,0,1,0,
1790405081.5428,flamesafe,200,1,92,0,1,0,
1790405081.5680,flamesafe,200,1,93,0,1,0,
1790405081.5931,flamesafe,200,1,94,0,1,0,
1790405081.6178,flamesafe,200,1,95,0,1,0,
1790405081.6431,flamesafe,200,1,96,0,1,0,
1790405081.6677,flamesafe,200,1,97,0,1,0,
1790405081.6929,flamesafe,200,1,98,0,1,0,
1790405081.7181,flamesafe,200,1,99,0,1,0,
1790405081.7426,flamesafe,200,1,100,0,1,0,
1790405081.7678,flamesafe,200,1,101,0,1,0,
1790405081.7931,flamesafe,200,1,102,0,1,0,
1790405081.8180,flamesafe,200,1,103,0,1,0,
1790405081.8428,flamesafe,200,1,104,0,1,0,
1790405081.8678,flamesafe,200,1,105,0,1,0,
1790405081.8927,flamesafe,200,1,106,0,1,0,
1790405081.9177,flamesafe,200,1,107,0,1,0,
1790405081.9427,flamesafe,200,1,108,0,1,0,
1790405081.9679,flamesafe,200,1,109,0,1,0,
1790405081.9928,flamesafe,200,1,110,0,1,0,
1790405082.0179,flamesafe,200,1,111,0,1,0,
1790405082.0431,flamesafe,200,1,112,0,1,0,
1790405082.0681,flamesafe,200,1,113,0,1,0,
1790405082.0927,flamesafe,200,1,114,0,1,0,
1790405082.1179,flamesafe,200,1,115,0,1,0,
1790405082.1428,flamesafe,200,1,116,0,1,0,
1790405082.1678,flamesafe,200,1,117,0,1,0,
1790405082.1928,flamesafe,200,1,118,0,1,0,
1790405082.2177,flamesafe,200,1,119,0,1,0,
1790405082.2428,flamesafe,200,1,120,0,1,0,
1790405082.2679,flamesafe,200,1,121,0,1,0,
1790405082.2926,flamesafe,200,1,122,0,1,0,
1790405082.3179,flamesafe,200,1,123,0,1,0,
1790405082.3428,flamesafe,200,1,124,0,1,0,
1790405082.3680,flamesafe,200,1,125,0,1,0,
1790405082.3930,flamesafe,200,1,126,0,1,0,
1790405082.4179,flamesafe,200,1,127,0,1,0,
1790405082.4426,flamesafe,200,1,128,0,1,0,
1790405082.4676,flamesafe,200,1,129,0,1,0,
1790405082.4927,flamesafe,200,1,130,0,1,0,
1790405082.5180,flamesafe,200,1,131,0,1,0,
1790405082.5427,flamesafe,200,1,132,0,1,0,
1790405082.5680,flamesafe,200,1,133,0,1,0,
1790405082.5931,flamesafe,200,1,134,0,1,0,
1790405082.6180,flamesafe,200,1,135,0,1,0,
1790405082.6427,flamesafe,200,1,136,0,1,0,
1790405082.6678,flamesafe,200,1,137,0,1,0,
1790405082.6930,flamesafe,200,1,138,0,1,0,
1790405082.7177,flamesafe,200,1,139,0,1,0,
1790405082.7427,flamesafe,200,1,140,0,1,0,
1790405082.7679,flamesafe,200,1,141,0,1,0,
1790405082.7927,flamesafe,200,1,142,0,1,0,
1790405082.8179,flamesafe,200,1,143,0,1,0,
1790405082.8430,flamesafe,200,1,144,0,1,0,
1790405082.8681,flamesafe,200,1,145,0,1,0,
1790405082.8931,flamesafe,200,1,146,0,1,0,
1790405082.9178,flamesafe,200,1,147,0,1,0,
1790405082.9427,flamesafe,200,1,148,0,1,0,
1790405082.9679,flamesafe,200,1,149,0,1,0,
1790405082.9929,flamesafe,200,1,150,0,1,0,
1790405083.0176,flamesafe,200,1,151,0,1,0,
1790405083.0430,flamesafe,200,1,152,0,1,0,
1790405083.0677,flamesafe,200,1,153,0,1,0,
1790405083.0928,flamesafe,200,1,154,0,1,0,
1790405083.1180,flamesafe,200,1,155,0,1,0,
1790405083.1428,flamesafe,200,1,156,0,1,0,
1790405083.1678,flamesafe,200,1,157,0,1,0,
1790405083.1926,flamesafe,200,1,158,0,1,0,
1790405083.2178,flamesafe,200,1,159,0,1,0,
1790405083.2431,flamesafe,200,1,160,0,1,0,
1790405083.2680,flamesafe,200,1,161,0,1,0,
1790405083.2929,flamesafe,200,1,162,0,1,0,
1790405083.3176,flamesafe,200,1,163,0,1,0,
1790405083.3429,flamesafe,200,1,164,0,1,0,
1790405083.3677,flamesafe,200,1,165,0,1,0,
1790405083.3930,flamesafe,200,1,166,0,1,0,
1790405083.4181,flamesafe,200,1,167,0,1,0,
1790405083.4426,flamesafe,200,1,168,0,1,0,
1790405083.4680,flamesafe,200,1,169,0,1,0,
1790405083.4929,flamesafe,200,1,170,0,1,0,
1790405083.5180,flamesafe,200,1,171,0,1,0,
1790405083.5429,flamesafe,200,1,172,0,1,0,
1790405083.5677,flamesafe,200,1,173,0,1,0,
1790405083.5930,flamesafe,200,1,174,0,1,0,
1790405083.6177,flamesafe,200,1,175,0,1,0,
1790405083.6429,flamesafe,200,1,176,0,1,0,
1790405083.6681,flamesafe,200,1,177,0,1,0,
1790405083.6927,flamesafe,200,1,178,0,1,0,
1790405083.7178,flamesafe,200,1,179,0,1,0,
1790405083.7428,flamesafe,200,1,180,0,1,0,
1790405083.7679,flamesafe,200,1,181,0,1,0,
1790405083.7930,flamesafe,200,1,182,0,1,0,
1790405083.8180,flamesafe,200,1,183,0,1,0,
1790405083.8430,flamesafe,200,1,184,0,1,0,
1790405083.8678,flamesafe,200,1,185,0,1,0,
1790405083.8930,flamesafe,200,1,186,0,1,0,
1790405083.9180,flamesafe,200,1,187,0,1,0,
1790405083.9428,flamesafe,200,1,188,0,1,0,
1790405083.9680,flamesafe,200,1,189,0,1,0,
1790405083.9927,flamesafe,200,1,190,0,1,0,
1790405084.0178,flamesafe,200,1,191,0,1,0,
1790405084.0429,flamesafe,200,1,192,0,1,0,
1790405084.0680,flamesafe,200,1,193,0,1,0,
1790405084.0929,flamesafe,200,1,194,0,1,0,
1790405084.1177,flamesafe,200,1,195,0,1,0,
1790405084.1429,flamesafe,200,1,196,0,1,0,
1790405084.1677,flamesafe,200,1,197,0,1,0,
1790405084.1926,flamesafe,200,1,198,0,1,0,
1790405084.2179,flamesafe,200,1,199,0,1,0,
1790405084.2432,flamesafe,200,1,200,0,1,0,
1790405084.2677,flamesafe,200,1,201,0,1,0,
1790405084.2929,flamesafe,200,1,202,0,1,0,
1790405084.3181,flamesafe,200,1,203,0,1,0,
1790405084.3430,flamesafe,200,1,204,0,1,0,
1790405084.3678,flamesafe,200,1,205,0,1,0,
1790405084.3927,flamesafe,200,1,206,0,1,0,
1790405084.4179,flamesafe,200,1,207,0,1,0,
1790405084.4428,flamesafe,200,1,208,0,1,0,
1790405084.4680,flamesafe,200,1,209,0,1,0,
1790405084.4927,flamesafe,200,1,210,0,1,0,
1790405084.5178,flamesafe,200,1,211,0,1,0,
1790405084.5428,flamesafe,200,1,212,0,1,0,
1790405084.5681,flamesafe,200,1,213,0,1,0,
1790405084.5930,flamesafe,200,1,214,0,1,0,
1790405084.6177,flamesafe,200,1,215,0,1,0,
1790405084.6429,flamesafe,200,1,216,0,1,0,
1790405084.6681,flamesafe,200,1,217,0,1,0,
1790405084.6928,flamesafe,200,1,218,0,1,0,
1790405084.7179,flamesafe,200,1,219,0,1,0,
1790405084.7428,flamesafe,200,1,220,0,1,0,
1790405084.7677,flamesafe,200,1,221,0,1,0,
1790405084.7928,flamesafe,200,1,222,0,1,0,
1790405084.8181,flamesafe,200,1,223,0,1,0,
1790405084.8430,flamesafe,200,1,224,0,1,0,
1790405084.8680,flamesafe,200,1,225,0,1,0,
1790405084.8929,flamesafe,200,1,226,0,1,0,
1790405084.9178,flamesafe,200,1,227,0,1,0,
1790405084.9429,flamesafe,200,1,228,0,1,0,
1790405084.9678,flamesafe,200,1,229,0,1,0,
1790405084.9926,flamesafe,200,1,230,0,1,0,
1790405085.0179,flamesafe,200,1,231,0,1,0,
1790405085.0432,flamesafe,200,1,232,0,1,0,
1790405085.0678,flamesafe,200,1,233,0,1,0,
1790405085.0929,flamesafe,200,1,234,0,1,0,
1790405085.1179,flamesafe,200,1,235,0,1,0,
1790405085.1431,flamesafe,200,1,236,0,1,0,
1790405085.1680,flamesafe,200,1,237,0,1,0,
1790405085.1927,flamesafe,200,1,238,0,1,0,
1790405085.2176,flamesafe,200,1,239,0,1,0,
1790405085.2429,flamesafe,200,1,240,0,1,0,
1790405085.2678,flamesafe,200,1,241,0,1,0,
1790405085.2927,flamesafe,200,1,242,0,1,0,
1790405085.3181,flamesafe,200,1,243,0,1,0,
1790405085.3429,flamesafe,200,1,244,0,1,0,
1790405085.3677,flamesafe,200,1,245,0,1,0,
1790405085.3927,flamesafe,200,1,246,0,1,0,
1790405085.4180,flamesafe,200,1,247,0,1,0,
1790405085.4429,flamesafe,200,1,248,0,1,0,
1790405085.4677,flamesafe,200,1,249,0,1,0,
1790405085.4927,flamesafe,200,1,250,0,1,0,
1790405085.5176,flamesafe,200,1,251,0,1,0,
1790405085.5428,flamesafe,200,1,252,0,1,0,
1790405085.5681,flamesafe,200,1,253,0,1,0,
1790405085.5928,flamesafe,200,1,254,0,1,0,
1790405085.6177,flamesafe,200,1,255,0,1,0,
1790405085.6427,flamesafe,200,1,0,0,1,0,
1790405085.6681,flamesafe,200,1,1,0,1,0,
1790405085.6927,flamesafe,200,1,2,0,1,0,
1790405085.7180,flamesafe,200,1,3,0,1,0,
1790405085.7427,flamesafe,200,1,4,0,1,0,
1790405085.7678,flamesafe,200,1,5,0,1,0,
1790405085.7929,flamesafe,200,1,6,0,1,0,
1790405085.8176,flamesafe,200,1,7,0,1,0,
1790405085.8430,flamesafe,200,1,8,0,1,0,
1790405085.8679,flamesafe,200,1,9,0,1,0,
1790405085.8927,flamesafe,200,1,10,0,1,0,
1790405085.9178,flamesafe,200,1,11,0,1,0,
1790405085.9428,flamesafe,200,1,12,0,1,0,
1790405085.9681,flamesafe,200,1,13,0,1,0,
1790405085.9929,flamesafe,200,1,14,0,1,0,
1790405086.0180,flamesafe,200,1,15,0,1,0,
1790405086.0429,flamesafe,200,1,16,0,1,0,
1790405086.0680,flamesafe,200,1,17,0,1,0,
1790405086.0931,flamesafe,200,1,18,0,1,0,
1790405086.1177,flamesafe,200,1,19,0,1,0,
1790405086.1429,flamesafe,200,1,20,0,1,0,
1790405086.1676,flamesafe,200,1,21,0,1,0,
1790405086.1928,flamesafe,200,1,22,0,1,0,
1790405086.2177,flamesafe,200,1,23,0,1,0,
1790405086.2428,flamesafe,200,1,24,0,1,0,
1790405086.2677,flamesafe,200,1,25,0,1,0,
1790405086.2929,flamesafe,200,1,26,0,1,0,
1790405086.3180,flamesafe,200,1,27,0,1,0,
1790405086.3432,flamesafe,200,1,28,0,1,0,
1790405086.3680,flamesafe,200,1,29,0,1,0,
1790405086.3928,flamesafe,200,1,30,0,1,0,
1790405086.4179,flamesafe,200,1,31,0,1,0,
1790405086.4426,flamesafe,200,1,32,0,1,0,
1790405086.4680,flamesafe,200,1,33,0,1,0,
1790405086.4926,flamesafe,200,1,34,0,1,0,
1790405086.5181,flamesafe,200,1,35,0,1,0,
1790405086.5429,flamesafe,200,1,36,0,1,0,
1790405086.5678,flamesafe,200,1,37,0,1,0,
1790405086.5926,flamesafe,200,1,38,0,1,0,
1790405086.6179,flamesafe,200,1,39,0,1,0,
1790405086.6428,flamesafe,200,1,40,0,1,0,
1790405086.6679,flamesafe,200,1,41,0,1,0,
1790405086.6928,flamesafe,200,1,42,0,1,0,
1790405086.7181,flamesafe,200,1,43,0,1,0,
1790405086.7426,flamesafe,200,1,44,0,1,0,
1790405086.7678,flamesafe,200,1,45,0,1,0,
1790405086.7930,flamesafe,200,1,46,0,1,0,
1790405086.8179,flamesafe,200,1,47,0,1,0,
1790405086.8430,flamesafe,200,1,48,0,1,0,
1790405086.8678,flamesafe,200,1,49,0,1,0,
1790405086.8929,flamesafe,200,1,50,0,1,0,
1790405086.9176,flamesafe,200,1,51,0,1,0,
1790405086.9428,flamesafe,200,1,52,0,1,0,
1790405086.9678,flamesafe,200,1,53,0,1,0,
1790405086.9928,flamesafe,200,1,54,0,1,0,
1790405087.0178,flamesafe,200,1,55,0,1,0,
1790405087.0428,flamesafe,200,1,56,0,1,0,
1790405087.0678,flamesafe,200,1,57,0,1,0,
1790405087.0927,flamesafe,200,1,58,0,1,0,
1790405087.1179,flamesafe,200,1,59,0,1,0,
1790405087.1429,flamesafe,200,1,60,0,1,0,
1790405087.1678,flamesafe,200,1,61,0,1,0,
1790405087.1929,flamesafe,200,1,62,0,1,0,
1790405087.2178,flamesafe,200,1,63,0,1,0,
1790405087.2429,flamesafe,200,1,64,0,1,0,
1790405087.2680,flamesafe,200,1,65,0,1,0,
1790405087.2928,flamesafe,200,1,66,0,1,0,
1790405087.3180,flamesafe,200,1,67,0,1,0,
1790405087.3429,flamesafe,200,1,68,0,1,0,
1790405087.3677,flamesafe,200,1,69,0,1,0,
1790405087.3931,flamesafe,200,1,70,0,1,0,
1790405087.4177,flamesafe,200,1,71,0,1,0,
1790405087.4431,flamesafe,200,1,72,0,1,0,
1790405087.4678,flamesafe,200,1,73,0,1,0,
1790405087.4930,flamesafe,200,1,74,0,1,0,
1790405087.5179,flamesafe,200,1,75,0,1,0,
1790405087.5430,flamesafe,200,1,76,0,1,0,
1790405087.5677,flamesafe,200,1,77,0,1,0,
1790405087.5928,flamesafe,200,1,78,0,1,0,
1790405087.6180,flamesafe,200,1,79,0,1,0,
1790405087.6431,flamesafe,200,1,80,0,1,0,
1790405087.6677,flamesafe,200,1,81,0,1,0,
1790405087.6931,flamesafe,200,1,82,0,1,0,
1790405087.7178,flamesafe,200,1,83,0,1,0,
1790405087.7427,flamesafe,200,1,84,0,1,0,
1790405087.7679,flamesafe,200,1,85,0,1,0,
1790405087.7930,flamesafe,200,1,86,0,1,0,
1790405087.8178,flamesafe,200,1,87,0,1,0,
1790405087.8428,flamesafe,200,1,88,0,1,0,
1790405087.8680,flamesafe,200,1,89,0,1,0,
1790405087.8929,flamesafe,200,1,90,0,1,0,
1790405087.9179,flamesafe,200,1,91,0,1,0,
1790405087.9427,flamesafe,200,1,92,0,1,0,
1790405087.9679,flamesafe,200,1,93,0,1,0,
1790405087.9928,flamesafe,200,1,94,0,1,0,
1790405088.0178,flamesafe,200,1,95,0,1,0,
1790405088.0429,flamesafe,200,1,96,0,1,0,
1790405088.0680,flamesafe,200,1,97,0,1,0,
1790405088.0930,flamesafe,200,1,98,0,1,0,
1790405088.1179,flamesafe,200,1,99,0,1,0,
1790405088.1430,flamesafe,200,1,100,0,1,0,
1790405088.1678,flamesafe,200,1,101,0,1,0,
1790405088.1927,flamesafe,200,1,102,0,1,0,
1790405088.2178,flamesafe,200,1,103,0,1,0,
1790405088.2427,flamesafe,200,1,104,0,1,0,
1790405088.2678,flamesafe,200,1,105,0,1,0,
1790405088.2929,flamesafe,200,1,106,0,1,0,
1790405088.3178,flamesafe,200,1,107,0,1,0,
1790405088.3430,flamesafe,200,1,108,0,1,0,
1790405088.3677,flamesafe,200,1,109,0,1,0,
1790405088.3931,flamesafe,200,1,110,0,1,0,
1790405088.4176,flamesafe,200,1,111,0,1,0,
1790405088.4430,flamesafe,200,1,112,0,1,0,
1790405088.4680,flamesafe,200,1,113,0,1,0,
1790405088.4931,flamesafe,200,1,114,0,1,0,
1790405088.5181,flamesafe,200,1,115,0,1,0,
1790405088.5428,flamesafe,200,1,116,0,1,0,
1790405088.5680,flamesafe,200,1,117,0,1,0,
1790405088.5929,flamesafe,200,1,118,0,1,0,
1790405088.6179,flamesafe,200,1,119,0,1,0,
1790405088.6427,flamesafe,200,1,120,0,1,0,
1790405088.6679,flamesafe,200,1,121,0,1,0,
1790405088.6929,flamesafe,200,1,122,0,1,0,
1790405088.7176,flamesafe,200,1,123,0,1,0,
1790405088.7429,flamesafe,200,1,124,0,1,0,
1790405088.7676,flamesafe,200,1,125,0,1,0,
1790405088.7929,flamesafe,200,1,126,0,1,0,
1790405088.8179,flamesafe,200,1,127,0,1,0,
1790405088.8429,flamesafe,200,1,128,0,1,0,
1790405088.8680,flamesafe,200,1,129,0,1,0,
1790405088.8928,flamesafe,200,1,130,0,1,0,
1790405088.9178,flamesafe,200,1,131,0,1,0,
1790405088.9431,flamesafe,200,1,132,0,1,0,
1790405088.9677,flamesafe,200,1,133,0,1,0,
1790405088.9927,flamesafe,200,1,134,0,1,0,
1790405089.0181,flamesafe,200,1,135,0,1,0,
1790405089.0430,flamesafe,200,1,136,0,1,0,
1790405089.0680,flamesafe,200,1,137,0,1,0,
1790405089.0927,flamesafe,200,1,138,0,1,0,
1790405089.1178,flamesafe,200,1,139,0,1,0,
1790405089.1426,flamesafe,200,1,140,0,1,0,
1790405089.1676,flamesafe,200,1,141,0,1,0,
1790405089.1929,flamesafe,200,1,142,0,1,0,
1790405089.2176,flamesafe,200,1,143,0,1,0,
1790405089.2429,flamesafe,200,1,144,0,1,0,
1790405089.2676,flamesafe,200,1,145,0,1,0,
1790405089.2928,flamesafe,200,1,146,0,1,0,
1790405089.3177,flamesafe,200,1,147,0,1,0,
1790405089.3431,flamesafe,200,1,148,0,1,0,
1790405089.3676,flamesafe,200,1,149,0,1,0,
1790405089.3930,flamesafe,200,1,150,0,1,0,
1790405089.4177,flamesafe,200,1,151,0,1,0,
1790405089.4432,flamesafe,200,1,152,0,1,0,
1790405089.4676,flamesafe,200,1,153,0,1,0,
1790405089.4928,flamesafe,200,1,154,0,1,0,
1790405089.5176,flamesafe,200,1,155,0,1,0,
1790405089.5428,flamesafe,200,1,156,0,1,0,
1790405089.5681,flamesafe,200,1,157,0,1,0,
1790405089.5927,flamesafe,200,1,158,0,1,0,
1790405089.6180,flamesafe,200,1,159,0,1,0,
1790405089.6430,flamesafe,200,1,160,0,1,0,
1790405089.6679,flamesafe,200,1,161,0,1,0,
1790405089.6930,flamesafe,200,1,162,0,1,0,
1790405089.7177,flamesafe,200,1,163,0,1,0,
1790405089.7428,flamesafe,200,1,164,0,1,0,
1790405089.7681,flamesafe,200,1,165,0,1,0,
1790405089.7931,flamesafe,200,1,166,0,1,0,
1790405089.8178,flamesafe,200,1,167,0,1,0,
1790405089.8430,flamesafe,200,1,168,0,1,0,
1790405089.8677,flamesafe,200,1,169,0,1,0,
1790405089.8931,flamesafe,200,1,170,0,1,0,
1790405089.9178,flamesafe,200,1,171,0,1,0,
1790405089.9428,flamesafe,200,1,172,0,1,0,
1790405089.9680,flamesafe,200,1,173,0,1,0,
1790405089.9926,flamesafe,200,1,174,0,1,0,
1790405090.0180,flamesafe,200,1,175,0,1,0,
1790405090.0427,flamesafe,200,1,176,0,1,0,
1790405090.0680,flamesafe,200,1,177,0,1,0,
1790405090.0927,flamesafe,200,1,178,0,1,0,
1790405090.1180,flamesafe,200,1,179,0,1,0,
1790405090.1426,flamesafe,200,1,180,0,1,0,
1790405090.1679,flamesafe,200,1,181,0,1,0,
1790405090.1930,flamesafe,200,1,182,0,1,0,
1790405090.2180,flamesafe,200,1,183,0,1,0,
1790405090.2429,flamesafe,200,1,184,0,1,0,
1790405090.2678,flamesafe,200,1,185,0,1,0,
1790405090.2926,flamesafe,200,1,186,0,1,0,
1790405090.3178,flamesafe,200,1,187,0,1,0,
1790405090.3426,flamesafe,200,1,188,0,1,0,
1790405090.3677,flamesafe,200,1,189,0,1,0,
1790405090.3929,flamesafe,200,1,190,0,1,0,
1790405090.4176,flamesafe,200,1,191,0,1,0,
1790405090.4427,flamesafe,200,1,192,0,1,0,
1790405090.4678,flamesafe,200,1,193,0,1,0,
1790405090.4927,flamesafe,200,1,194,0,1,0,
1790405090.5180,flamesafe,200,1,195,0,1,0,
1790405090.5428,flamesafe,200,1,196,0,1,0,
1790405090.5680,flamesafe,200,1,197,0,1,0,
1790405090.5929,flamesafe,200,1,198,0,1,0,
1790405090.6177,flamesafe,200,1,199,0,1,0,
1790405090.6428,flamesafe,200,1,200,0,1,0,
1790405090.6677,flamesafe,200,1,201,0,1,0,
1790405090.6928,flamesafe,200,1,202,0,1,0,
1790405090.7178,flamesafe,200,1,203,0,1,0,
1790405090.7426,flamesafe,200,1,204,0,1,0,
1790405090.7678,flamesafe,200,1,205,0,1,0,
1790405090.7928,flamesafe,200,1,206,0,1,0,
1790405090.8180,flamesafe,200,1,207,0,1,0,
1790405090.8427,flamesafe,200,1,208,0,1,0,
1790405090.8676,flamesafe,200,1,209,0,1,0,
1790405090.8931,flamesafe,200,1,210,0,1,0,
1790405090.9178,flamesafe,200,1,211,0,1,0,
1790405090.9428,flamesafe,200,1,212,0,1,0,
1790405090.9678,flamesafe,200,1,213,0,1,0,
1790405090.9928,flamesafe,200,1,214,0,1,0,
1790405091.0180,flamesafe,200,1,215,0,1,0,
1790405091.0427,flamesafe,200,1,216,0,1,0,
1790405091.0679,flamesafe,200,1,217,0,1,0,
1790405091.0930,flamesafe,200,1,218,0,1,0,
1790405091.1181,flamesafe,200,1,219,0,1,0,
1790405091.1428,flamesafe,200,1,220,0,1,0,
1790405091.1677,flamesafe,200,1,221,0,1,0,
1790405091.1928,flamesafe,200,1,222,0,1,0,
1790405091.2180,flamesafe,200,1,223,0,1,0,
1790405091.2430,flamesafe,200,1,224,0,1,0,
1790405091.2678,flamesafe,200,1,225,0,1,0,
1790405091.2928,flamesafe,200,1,226,0,1,0,
1790405091.3177,flamesafe,200,1,227,0,1,0,
1790405091.3428,flamesafe,200,1,228,0,1,0,
1790405091.3677,flamesafe,200,1,229,0,1,0,
1790405091.3930,flamesafe,200,1,230,0,1,0,
1790405091.4179,flamesafe,200,1,231,0,1,0,
1790405091.4427,flamesafe,200,1,232,0,1,0,
1790405091.4677,flamesafe,200,1,233,0,1,0,
1790405091.4927,flamesafe,200,1,234,0,1,0,
1790405091.5177,flamesafe,200,1,235,0,1,0,
1790405091.5429,flamesafe,200,1,236,0,1,0,
1790405091.5679,flamesafe,200,1,237,0,1,0,
1790405091.5928,flamesafe,200,1,238,0,1,0,
1790405091.6177,flamesafe,200,1,239,0,1,0,
1790405091.6428,flamesafe,200,1,240,0,1,0,
1790405091.6680,flamesafe,200,1,241,0,1,0,
1790405091.6927,flamesafe,200,1,242,0,1,0,
1790405091.7178,flamesafe,200,1,243,0,1,0,
1790405091.7430,flamesafe,200,1,244,0,1,0,
1790405091.7681,flamesafe,200,1,245,0,1,0,
1790405091.7928,flamesafe,200,1,246,0,1,0,
1790405091.8178,flamesafe,200,1,247,0,1,0,
1790405091.8431,flamesafe,200,1,248,0,1,0,
1790405091.8680,flamesafe,200,1,249,0,1,0,
1790405091.8931,flamesafe,200,1,250,0,1,0,
1790405091.9178,flamesafe,200,1,251,0,1,0,
1790405091.9434,flamesafe,200,1,252,0,1,0,
1790405091.9676,flamesafe,200,1,253,0,1,0,
1790405091.9930,flamesafe,200,1,254,0,1,0,
1790405092.0180,flamesafe,200,1,255,0,1,0,
1790405092.0431,flamesafe,200,1,0,0,1,0,
1790405092.0678,flamesafe,200,1,1,0,1,0,
1790405092.0929,flamesafe,200,1,2,0,1,0,
1790405092.1177,flamesafe,200,1,3,0,1,0,
1790405092.1428,flamesafe,200,1,4,0,1,0,
1790405092.1678,flamesafe,200,1,5,0,1,0,
1790405092.1930,flamesafe,200,1,6,0,1,0,
1790405092.2178,flamesafe,200,1,7,0,1,0,
1790405092.2426,flamesafe,200,1,8,0,1,0,
1790405092.2681,flamesafe,200,1,9,0,1,0,
1790405092.2929,flamesafe,200,1,10,0,1,0,
1790405092.3180,flamesafe,200,1,11,0,1,0,
1790405092.3428,flamesafe,200,1,12,0,1,0,
1790405092.3680,flamesafe,200,1,13,0,1,0,
1790405092.3927,flamesafe,200,1,14,0,1,0,
1790405092.4179,flamesafe,200,1,15,0,1,0,
1790405092.4431,flamesafe,200,1,16,0,1,0,
1790405092.4677,flamesafe,200,1,17,0,1,0,
1790405092.4931,flamesafe,200,1,18,0,1,0,
1790405092.5180,flamesafe,200,1,19,0,1,0,
1790405092.5428,flamesafe,200,1,20,0,1,0,
1790405092.5677,flamesafe,200,1,21,0,1,0,
1790405092.5930,flamesafe,200,1,22,0,1,0,
1790405092.6177,flamesafe,200,1,23,0,1,0,
1790405092.6428,flamesafe,200,1,24,0,1,0,
1790405092.6679,flamesafe,200,1,25,0,1,0,
1790405092.6930,flamesafe,200,1,26,0,1,0,
1790405092.7181,flamesafe,200,1,27,0,1,0,
1790405092.7431,flamesafe,200,1,28,0,1,0,
1790405092.7681,flamesafe,200,1,29,0,1,0,
1790405092.7927,flamesafe,200,1,30,0,1,0,
1790405092.8177,flamesafe,200,1,31,0,1,0,
1790405092.8428,flamesafe,200,1,32,0,1,0,
1790405092.8676,flamesafe,200,1,33,0,1,0,
1790405092.8928,flamesafe,200,1,34,0,1,0,
1790405092.9180,flamesafe,200,1,35,0,1,0,
1790405092.9429,flamesafe,200,1,36,0,1,0,
1790405092.9677,flamesafe,200,1,37,0,1,0,
1790405092.9928,flamesafe,200,1,38,0,1,0,
1790405093.0176,flamesafe,200,1,39,0,1,0,
1790405093.0430,flamesafe,200,1,40,0,1,0,
1790405093.0679,flamesafe,200,1,41,0,1,0,
1790405093.0930,flamesafe,200,1,42,0,1,0,
1790405093.1179,flamesafe,200,1,43,0,1,0,
1790405093.1429,flamesafe,200,1,44,0,1,0,
1790405093.1679,flamesafe,200,1,45,0,1,0,
1790405093.1926,flamesafe,200,1,46,0,1,0,
1790405093.2180,flamesafe,200,1,47,0,1,0,
1790405093.2427,flamesafe,200,1,48,0,1,0,
1790405093.2676,flamesafe,200,1,49,0,1,0,
1790405093.2928,flamesafe,200,1,50,0,1,0,
1790405093.3179,flamesafe,200,1,51,0,1,0,
1790405093.3431,flamesafe,200,1,52,0,1,0,
1790405093.3678,flamesafe,200,1,53,0,1,0,
1790405093.3931,flamesafe,200,1,54,0,1,0,
1790405093.4181,flamesafe,200,1,55,0,1,0,
1790405093.4430,flamesafe,200,1,56,0,1,0,
1790405093.4678,flamesafe,200,1,57,0,1,0,
1790405093.4930,flamesafe,200,1,58,0,1,0,
1790405093.5180,flamesafe,200,1,59,0,1,0,
1790405093.5431,flamesafe,200,1,60,0,1,0,
1790405093.5681,flamesafe,200,1,61,0,1,0,
1790405093.5928,flamesafe,200,1,62,0,1,0,
1790405093.6180,flamesafe,200,1,63,0,1,0,
1790405093.6429,flamesafe,200,1,64,0,1,0,
1790405093.6678,flamesafe,200,1,65,0,1,0,
1790405093.6928,flamesafe,200,1,66,0,1,0,
1790405093.7178,flamesafe,200,1,67,0,1,0,
1790405093.7427,flamesafe,200,1,68,0,1,0,
1790405093.7678,flamesafe,200,1,69,0,1,0,
1790405093.7930,flamesafe,200,1,70,0,1,0,
1790405093.8180,flamesafe,200,1,71,0,1,0,
1790405093.8429,flamesafe,200,1,72,0,1,0,
1790405093.8679,flamesafe,200,1,73,0,1,0,
1790405093.8929,flamesafe,200,1,74,0,1,0,
1790405093.9181,flamesafe,200,1,75,0,1,0,
1790405093.9427,flamesafe,200,1,76,0,1,0,
1790405093.9677,flamesafe,200,1,77,0,1,0,
1790405093.9929,flamesafe,200,1,78,0,1,0,
1790405094.0178,flamesafe,200,1,79,0,1,0,
1790405094.0433,flamesafe,200,1,80,0,1,0,
1790405094.0676,flamesafe,200,1,81,0,1,0,
1790405094.0929,flamesafe,200,1,82,0,1,0,
1790405094.1181,flamesafe,200,1,83,0,1,0,
1790405094.1427,flamesafe,200,1,84,0,1,0,
1790405094.1676,flamesafe,200,1,85,0,1,0,
1790405094.1929,flamesafe,200,1,86,0,1,0,
1790405094.2176,flamesafe,200,1,87,0,1,0,
1790405094.2428,flamesafe,200,1,88,0,1,0,
1790405094.2680,flamesafe,200,1,89,0,1,0,
1790405094.2930,flamesafe,200,1,90,0,1,0,
1790405094.3178,flamesafe,200,1,91,0,1,0,
1790405094.3430,flamesafe,200,1,92,0,1,0,
1790405094.3676,flamesafe,200,1,93,0,1,0,
1790405094.3928,flamesafe,200,1,94,0,1,0,
1790405094.4180,flamesafe,200,1,95,0,1,0,
1790405094.4427,flamesafe,200,1,96,0,1,0,
1790405094.4679,flamesafe,200,1,97,0,1,0,
1790405094.4930,flamesafe,200,1,98,0,1,0,
1790405094.5181,flamesafe,200,1,99,0,1,0,
1790405094.5429,flamesafe,200,1,100,0,1,0,
1790405094.5677,flamesafe,200,1,101,0,1,0,
1790405094.5928,flamesafe,200,1,102,0,1,0,
1790405094.6176,flamesafe,200,1,103,0,1,0,
1790405094.6431,flamesafe,200,1,104,0,1,0,
1790405094.6678,flamesafe,200,1,105,0,1,0,
1790405094.6929,flamesafe,200,1,106,0,1,0,
1790405094.7179,flamesafe,200,1,107,0,1,0,
1790405094.7430,flamesafe,200,1,108,0,1,0,
1790405094.7677,flamesafe,200,1,109,0,1,0,
1790405094.7928,flamesafe,200,1,110,0,1,0,
1790405094.8181,flamesafe,200,1,111,0,1,0,
1790405094.8426,flamesafe,200,1,112,0,1,0,
1790405094.8678,flamesafe,200,1,113,0,1,0,
1790405094.8929,flamesafe,200,1,114,0,1,0,
1790405094.9181,flamesafe,200,1,115,0,1,0,
1790405094.9427,flamesafe,200,1,116,0,1,0,
1790405094.9677,flamesafe,200,1,117,0,1,0,
1790405094.9928,flamesafe,200,1,118,0,1,0,
1790405095.0178,flamesafe,200,1,119,0,1,0,
1790405095.0431,flamesafe,200,1,120,0,1,0,
1790405095.0677,flamesafe,200,1,121,0,1,0,
1790405095.0926,flamesafe,200,1,122,0,1,0,
1790405095.1176,flamesafe,200,1,123,0,1,0,
1790405095.1429,flamesafe,200,1,124,0,1,0,
1790405095.1680,flamesafe,200,1,125,0,1,0,
1790405095.1930,flamesafe,200,1,126,0,1,0,
1790405095.2178,flamesafe,200,1,127,0,1,0,
1790405095.2428,flamesafe,200,1,128,0,1,0,
1790405095.2677,flamesafe,200,1,129,0,1,0,
1790405095.2929,flamesafe,200,1,130,0,1,0,
1790405095.3180,flamesafe,200,1,131,0,1,0,
1790405095.3427,flamesafe,200,1,132,0,1,0,
1790405095.3678,flamesafe,200,1,133,0,1,0,
1790405095.3930,flamesafe,200,1,134,0,1,0,
1790405095.4176,flamesafe,200,1,135,0,1,0,
1790405095.4431,flamesafe,200,1,136,0,1,0,
1790405095.4679,flamesafe,200,1,137,0,1,0,
1790405095.4927,flamesafe,200,1,138,0,1,0,
1790405095.5179,flamesafe,200,1,139,0,1,0,
1790405095.5429,flamesafe,200,1,140,0,1,0,
1790405095.5680,flamesafe,200,1,141,0,1,0,
1790405095.5932,flamesafe,200,1,142,0,1,0,
1790405095.6178,flamesafe,200,1,143,0,1,0,
1790405095.6427,flamesafe,200,1,144,0,1,0,
1790405095.6676,flamesafe,200,1,145,0,1,0,
1790405095.6927,flamesafe,200,1,146,0,1,0,
1790405095.7177,flamesafe,200,1,147,0,1,0,
1790405095.7430,flamesafe,200,1,148,0,1,0,
1790405095.7677,flamesafe,200,1,149,0,1,0,
1790405095.7930,flamesafe,200,1,150,0,1,0,
1790405095.8181,flamesafe,200,1,151,0,1,0,
1790405095.8428,flamesafe,200,1,152,0,1,0,
1790405095.8679,flamesafe,200,1,153,0,1,0,
1790405095.8930,flamesafe,200,1,154,0,1,0,
1790405095.9178,flamesafe,200,1,155,0,1,0,
1790405095.9430,flamesafe,200,1,156,0,1,0,
1790405095.9677,flamesafe,200,1,157,0,1,0,
1790405095.9928,flamesafe,200,1,158,0,1,0,
1790405096.0177,flamesafe,200,1,159,0,1,0,
1790405096.0429,flamesafe,200,1,160,0,1,0,
1790405096.0678,flamesafe,200,1,161,0,1,0,
1790405096.0926,flamesafe,200,1,162,0,1,0,
1790405096.1180,flamesafe,200,1,163,0,1,0,
1790405096.1427,flamesafe,200,1,164,0,1,0,
1790405096.1676,flamesafe,200,1,165,0,1,0,
1790405096.1927,flamesafe,200,1,166,0,1,0,
1790405096.2180,flamesafe,200,1,167,0,1,0,
1790405096.2430,flamesafe,200,1,168,0,1,0,
1790405096.2680,flamesafe,200,1,169,0,1,0,
1790405096.2928,flamesafe,200,1,170,0,1,0,
1790405096.3178,flamesafe,200,1,171,0,1,0,
1790405096.3430,flamesafe,200,1,172,0,1,0,
1790405096.3680,flamesafe,200,1,173,0,1,0,
1790405096.3930,flamesafe,200,1,174,0,1,0,
1790405096.4177,flamesafe,200,1,175,0,1,0,
1790405096.4429,flamesafe,200,1,176,0,1,0,
1790405096.4680,flamesafe,200,1,177,0,1,0,
1790405096.4929,flamesafe,200,1,178,0,1,0,
1790405096.5179,flamesafe,200,1,179,0,1,0,
1790405096.5428,flamesafe,200,1,180,0,1,0,
1790405096.5677,flamesafe,200,1,181,0,1,0,
1790405096.5929,flamesafe,200,1,182,0,1,0,
1790405096.6180,flamesafe,200,1,183,0,1,0,
1790405096.6429,flamesafe,200,1,184,0,1,0,
1790405096.6680,flamesafe,200,1,185,0,1,0,
1790405096.6929,flamesafe,200,1,186,0,1,0,
1790405096.7176,flamesafe,200,1,187,0,1,0,
1790405096.7430,flamesafe,200,1,188,0,1,0,
1790405096.7677,flamesafe,200,1,189,0,1,0,
1790405096.7927,flamesafe,200,1,190,0,1,0,
1790405096.8178,flamesafe,200,1,191,0,1,0,
1790405096.8432,flamesafe,200,1,192,0,1,0,
1790405096.8677,flamesafe,200,1,193,0,1,0,
1790405096.8927,flamesafe,200,1,194,0,1,0,
1790405096.9177,flamesafe,200,1,195,0,1,0,
1790405096.9429,flamesafe,200,1,196,0,1,0,
1790405096.9678,flamesafe,200,1,197,0,1,0,
1790405096.9931,flamesafe,200,1,198,0,1,0,
1790405097.0178,flamesafe,200,1,199,0,1,0,
1790405097.0430,flamesafe,200,1,200,0,1,0,
1790405097.0680,flamesafe,200,1,201,0,1,0,
1790405097.0927,flamesafe,200,1,202,0,1,0,
1790405097.1179,flamesafe,200,1,203,0,1,0,
1790405097.1429,flamesafe,200,1,204,0,1,0,
1790405097.1678,flamesafe,200,1,205,0,1,0,
1790405097.1930,flamesafe,200,1,206,0,1,0,
1790405097.2178,flamesafe,200,1,207,0,1,0,
1790405097.2429,flamesafe,200,1,208,0,1,0,
1790405097.2677,flamesafe,200,1,209,0,1,0,
1790405097.2926,flamesafe,200,1,210,0,1,0,
1790405097.3178,flamesafe,200,1,211,0,1,0,
1790405097.3427,flamesafe,200,1,212,0,1,0,
1790405097.3681,flamesafe,200,1,213,0,1,0,
1790405097.3926,flamesafe,200,1,214,0,1,0,
1790405097.4179,flamesafe,200,1,215,0,1,0,
1790405097.4430,flamesafe,200,1,216,0,1,0,
1790405097.4678,flamesafe,200,1,217,0,1,0,
1790405097.4930,flamesafe,200,1,218,0,1,0,
1790405097.5176,flamesafe,200,1,219,0,1,0,
1790405097.5430,flamesafe,200,1,220,0,1,0,
1790405097.5680,flamesafe,200,1,221,0,1,0,
1790405097.5926,flamesafe,200,1,222,0,1,0,
1790405097.6180,flamesafe,200,1,223,0,1,0,
1790405097.6427,flamesafe,200,1,224,0,1,0,
1790405097.6677,flamesafe,200,1,225,0,1,0,
1790405097.6927,flamesafe,200,1,226,0,1,0,
1790405097.7178,flamesafe,200,1,227,0,1,0,
1790405097.7428,flamesafe,200,1,228,0,1,0,
1790405097.7677,flamesafe,200,1,229,0,1,0,
1790405097.7929,flamesafe,200,1,230,0,1,0,
1790405097.8177,flamesafe,200,1,231,0,1,0,
1790405097.8431,flamesafe,200,1,232,0,1,0,
1790405097.8683,flamesafe,200,1,233,0,1,0,
1790405097.8928,flamesafe,200,1,234,0,1,0,
1790405097.9179,flamesafe,200,1,235,0,1,0,
1790405097.9429,flamesafe,200,1,236,0,1,0,
1790405097.9681,flamesafe,200,1,237,0,1,0,
1790405097.9931,flamesafe,200,1,238,0,1,0,
1790405098.0180,flamesafe,200,1,239,0,1,0,
1790405098.0431,flamesafe,200,1,240,0,1,0,
1790405098.0677,flamesafe,200,1,241,0,1,0,
1790405098.0929,flamesafe,200,1,242,0,1,0,
1790405098.1176,flamesafe,200,1,243,0,1,0,
1790405098.1430,flamesafe,200,1,244,0,1,0,
1790405098.1678,flamesafe,200,1,245,0,1,0,
1790405098.1930,flamesafe,200,1,246,0,1,0,
1790405098.2176,flamesafe,200,1,247,0,1,0,
1790405098.2429,flamesafe,200,1,248,0,1,0,
1790405098.2681,flamesafe,200,1,249,0,1,0,
1790405098.2929,flamesafe,200,1,250,0,1,0,
1790405098.3179,flamesafe,200,1,251,0,1,0,
1790405098.3427,flamesafe,200,1,252,0,1,0,
1790405098.3679,flamesafe,200,1,253,0,1,0,
1790405098.3928,flamesafe,200,1,254,0,1,0,
1790405098.4177,flamesafe,200,1,255,0,1,0,
1790405098.4429,flamesafe,200,1,0,0,1,0,
1790405098.4679,flamesafe,200,1,1,0,1,0,
1790405098.4929,flamesafe,200,1,2,0,1,0,
1790405098.5176,flamesafe,200,1,3,0,1,0,
1790405098.5429,flamesafe,200,1,4,0,1,0,
1790405098.5679,flamesafe,200,1,5,0,1,0,
1790405098.5927,flamesafe,200,1,6,0,1,0,
1790405098.6180,flamesafe,200,1,7,0,1,0,
1790405098.6427,flamesafe,200,1,8,0,1,0,
1790405098.6679,flamesafe,200,1,9,0,1,0,
1790405098.6929,flamesafe,200,1,10,0,1,0,
1790405098.7177,flamesafe,200,1,11,0,1,0,
1790405098.7431,flamesafe,200,1,12,0,1,0,
1790405098.7682,flamesafe,200,1,13,0,1,0,
1790405098.7930,flamesafe,200,1,14,0,1,0,
1790405098.8179,flamesafe,200,1,15,0,1,0,
1790405098.8431,flamesafe,200,1,16,0,1,0,
1790405098.8678,flamesafe,200,1,17,0,1,0,
1790405098.8930,flamesafe,200,1,18,0,1,0,
1790405098.9177,flamesafe,200,1,19,0,1,0,
1790405098.9430,flamesafe,200,1,20,0,1,0,
1790405098.9677,flamesafe,200,1,21,0,1,0,
1790405098.9931,flamesafe,200,1,22,0,1,0,
1790405099.0176,flamesafe,200,1,23,0,1,0,
1790405099.0427,flamesafe,200,1,24,0,1,0,
1790405099.0676,flamesafe,200,1,25,0,1,0,
1790405099.0929,flamesafe,200,1,26,0,1,0,
1790405099.1181,flamesafe,200,1,27,0,1,0,
1790405099.1429,flamesafe,200,1,28,0,1,0,
1790405099.1680,flamesafe,200,1,29,0,1,0,
1790405099.1928,flamesafe,200,1,30,0,1,0,
1790405099.2177,flamesafe,200,1,31,0,1,0,
1790405099.2427,flamesafe,200,1,32,0,1,0,
1790405099.2677,flamesafe,200,1,33,0,1,0,
1790405099.2927,flamesafe,200,1,34,0,1,0,
1790405099.3180,flamesafe,200,1,35,0,1,0,
1790405099.3426,flamesafe,200,1,36,0,1,0,
1790405099.3679,flamesafe,200,1,37,0,1,0,
1790405099.3927,flamesafe,200,1,38,0,1,0,
1790405099.4177,flamesafe,200,1,39,0,1,0,
1790405099.4431,flamesafe,200,1,40,0,1,0,
1790405099.4680,flamesafe,200,1,41,0,1,0,
1790405099.4926,flamesafe,200,1,42,0,1,0,
1790405099.5177,flamesafe,200,1,43,0,1,0,
1790405099.5430,flamesafe,200,1,44,0,1,0,
1790405099.5680,flamesafe,200,1,45,0,1,0,
1790405099.5931,flamesafe,200,1,46,0,1,0,
1790405099.6180,flamesafe,200,1,47,0,1,0,
1790405099.6427,flamesafe,200,1,48,0,1,0,
1790405099.6677,flamesafe,200,1,49,0,1,0,
1790405099.6929,flamesafe,200,1,50,0,1,0,
1790405099.7177,flamesafe,200,1,51,0,1,0,
1790405099.7428,flamesafe,200,1,52,0,1,0,
1790405099.7681,flamesafe,200,1,53,0,1,0,
1790405099.7928,flamesafe,200,1,54,0,1,0,
1790405099.8177,flamesafe,200,1,55,0,1,0,
1790405099.8430,flamesafe,200,1,56,0,1,0,
1790405099.8678,flamesafe,200,1,57,0,1,0,
1790405099.8931,flamesafe,200,1,58,0,1,0,
1790405099.9176,flamesafe,200,1,59,0,1,0,
1790405099.9431,flamesafe,200,1,60,0,1,0,
1790405099.9678,flamesafe,200,1,61,0,1,0,
1790405099.9929,flamesafe,200,1,62,0,1,0,
1790405100.0179,flamesafe,200,1,63,0,1,0,
1790405100.0430,flamesafe,200,1,64,0,1,0,
1790405100.0679,flamesafe,200,1,65,0,1,0,
1790405100.0929,flamesafe,200,1,66,0,1,0,
1790405100.1181,flamesafe,200,1,67,0,1,0,
1790405100.1427,flamesafe,200,1,68,0,1,0,
1790405100.1678,flamesafe,200,1,69,0,1,0,
1790405100.1927,flamesafe,200,1,70,0,1,0,
1790405100.2177,flamesafe,200,1,71,0,1,0,
1790405100.2430,flamesafe,200,1,72,0,1,0,
1790405100.2679,flamesafe,200,1,73,0,1,0,
1790405100.2932,flamesafe,200,1,74,0,1,0,
1790405100.3179,flamesafe,200,1,75,0,1,0,
1790405100.3428,flamesafe,200,1,76,0,1,0,
1790405100.3680,flamesafe,200,1,77,0,1,0,
1790405100.3928,flamesafe,200,1,78,0,1,0,
1790405100.4179,flamesafe,200,1,79,0,1,0,
1790405100.4428,flamesafe,200,1,80,0,1,0,
1790405100.4679,flamesafe,200,1,81,0,1,0,
1790405100.4930,flamesafe,200,1,82,0,1,0,
1790405100.5179,flamesafe,200,1,83,0,1,0,
1790405100.5430,flamesafe,200,1,84,0,1,0,
1790405100.5679,flamesafe,200,1,85,0,1,0,
1790405100.5929,flamesafe,200,1,86,0,1,0,
1790405100.6178,flamesafe,200,1,87,0,1,0,
1790405100.6431,flamesafe,200,1,88,0,1,0,
1790405100.6679,flamesafe,200,1,89,0,1,0,
1790405100.6928,flamesafe,200,1,90,0,1,0,
1790405100.7176,flamesafe,200,1,91,0,1,0,
1790405100.7429,flamesafe,200,1,92,0,1,0,
1790405100.7680,flamesafe,200,1,93,0,1,0,
1790405100.7927,flamesafe,200,1,94,0,1,0,
1790405100.8180,flamesafe,200,1,95,0,1,0,
1790405100.8428,flamesafe,200,1,96,0,1,0,
1790405100.8680,flamesafe,200,1,97,0,1,0,
1790405100.8927,flamesafe,200,1,98,0,1,0,
1790405100.9178,flamesafe,200,1,99,0,1,0,
1790405100.9430,flamesafe,200,1,100,0,1,0,
1790405100.9680,flamesafe,200,1,101,0,1,0,
1790405100.9926,flamesafe,200,1,102,0,1,0,
1790405101.0178,flamesafe,200,1,103,0,1,0,
1790405101.0429,flamesafe,200,1,104,0,1,0,
1790405101.0681,flamesafe,200,1,105,0,1,0,
1790405101.0929,flamesafe,200,1,106,0,1,0,
1790405101.1179,flamesafe,200,1,107,0,1,0,
1790405101.1430,flamesafe,200,1,108,0,1,0,
1790405101.1681,flamesafe,200,1,109,0,1,0,
1790405101.1931,flamesafe,200,1,110,0,1,0,
1790405101.2177,flamesafe,200,1,111,0,1,0,
1790405101.2428,flamesafe,200,1,112,0,1,0,
1790405101.2679,flamesafe,200,1,113,0,1,0,
1790405101.2930,flamesafe,200,1,114,0,1,0,
1790405101.3178,flamesafe,200,1,115,0,1,0,
1790405101.3428,flamesafe,200,1,116,0,1,0,
1790405101.3679,flamesafe,200,1,117,0,1,0,
1790405101.3931,flamesafe,200,1,118,0,1,0,
1790405101.4179,flamesafe,200,1,119,0,1,0,
1790405101.4428,flamesafe,200,1,120,0,1,0,
1790405101.4678,flamesafe,200,1,121,0,1,0,
1790405101.4927,flamesafe,200,1,122,0,1,0,
1790405101.5179,flamesafe,200,1,123,0,1,0,
1790405101.5431,flamesafe,200,1,124,0,1,0,
1790405101.5679,flamesafe,200,1,125,0,1,0,
1790405101.5927,flamesafe,200,1,126,0,1,0,
1790405101.6179,flamesafe,200,1,127,0,1,0,
1790405101.6429,flamesafe,200,1,128,0,1,0,
1790405101.6680,flamesafe,200,1,129,0,1,0,
1790405101.6928,flamesafe,200,1,130,0,1,0,
1790405101.7178,flamesafe,200,1,131,0,1,0,
1790405101.7427,flamesafe,200,1,132,0,1,0,
1790405101.7677,flamesafe,200,1,133,0,1,0,
1790405101.7931,flamesafe,200,1,134,0,1,0,
1790405101.8177,flamesafe,200,1,135,0,1,0,
1790405101.8431,flamesafe,200,1,136,0,1,0,
1790405101.8677,flamesafe,200,1,137,0,1,0,
1790405101.8927,flamesafe,200,1,138,0,1,0,
1790405101.9176,flamesafe,200,1,139,0,1,0,
1790405101.9428,flamesafe,200,1,140,0,1,0,
1790405101.9680,flamesafe,200,1,141,0,1,0,
1790405101.9928,flamesafe,200,1,142,0,1,0,
1790405102.0179,flamesafe,200,1,143,0,1,0,
1790405102.0428,flamesafe,200,1,144,0,1,0,
1790405102.0678,flamesafe,200,1,145,0,1,0,
1790405102.0929,flamesafe,200,1,146,0,1,0,
1790405102.1181,flamesafe,200,1,147,0,1,0,
1790405102.1428,flamesafe,200,1,148,0,1,0,
1790405102.1679,flamesafe,200,1,149,0,1,0,
1790405102.1928,flamesafe,200,1,150,0,1,0,
1790405102.2178,flamesafe,200,1,151,0,1,0,
1790405102.2432,flamesafe,200,1,152,0,1,0,
1790405102.2681,flamesafe,200,1,153,0,1,0,
1790405102.2930,flamesafe,200,1,154,0,1,0,
1790405102.3178,flamesafe,200,1,155,0,1,0,
1790405102.3426,flamesafe,200,1,156,0,1,0,
1790405102.3680,flamesafe,200,1,157,0,1,0,
1790405102.3931,flamesafe,200,1,158,0,1,0,
1790405102.4178,flamesafe,200,1,159,0,1,0,
1790405102.4427,flamesafe,200,1,160,0,1,0,
1790405102.4678,flamesafe,200,1,161,0,1,0,
1790405102.4928,flamesafe,200,1,162,0,1,0,
1790405102.5181,flamesafe,200,1,163,0,1,0,
1790405102.5429,flamesafe,200,1,164,0,1,0,
1790405102.5680,flamesafe,200,1,165,0,1,0,
1790405102.5927,flamesafe,200,1,166,0,1,0,
1790405102.6179,flamesafe,200,1,167,0,1,0,
1790405102.6427,flamesafe,200,1,168,0,1,0,
1790405102.6679,flamesafe,200,1,169,0,1,0,
1790405102.6927,flamesafe,200,1,170,0,1,0,
1790405102.7179,flamesafe,200,1,171,0,1,0,
1790405102.7429,flamesafe,200,1,172,0,1,0,
1790405102.7678,flamesafe,200,1,173,0,1,0,
1790405102.7927,flamesafe,200,1,174,0,1,0,
1790405102.8180,flamesafe,200,1,175,0,1,0,
1790405102.8428,flamesafe,200,1,176,0,1,0,
1790405102.8680,flamesafe,200,1,177,0,1,0,
1790405102.8928,flamesafe,200,1,178,0,1,0,
1790405102.9180,flamesafe,200,1,179,0,1,0,
1790405102.9429,flamesafe,200,1,180,0,1,0,
1790405102.9677,flamesafe,200,1,181,0,1,0,
1790405102.9927,flamesafe,200,1,182,0,1,0,
1790405103.0178,flamesafe,200,1,183,0,1,0,
1790405103.0428,flamesafe,200,1,184,0,1,0,
1790405103.0679,flamesafe,200,1,185,0,1,0,
1790405103.0927,flamesafe,200,1,186,0,1,0,
1790405103.1178,flamesafe,200,1,187,0,1,0,
1790405103.1430,flamesafe,200,1,188,0,1,0,
1790405103.1680,flamesafe,200,1,189,0,1,0,
1790405103.1931,flamesafe,200,1,190,0,1,0,
1790405103.2180,flamesafe,200,1,191,0,1,0,
1790405103.2430,flamesafe,200,1,192,0,1,0,
1790405103.2681,flamesafe,200,1,193,0,1,0,
1790405103.2929,flamesafe,200,1,194,0,1,0,
1790405103.3181,flamesafe,200,1,195,0,1,0,
1790405103.3426,flamesafe,200,1,196,0,1,0,
1790405103.3678,flamesafe,200,1,197,0,1,0,
1790405103.3928,flamesafe,200,1,198,0,1,0,
1790405103.4180,flamesafe,200,1,199,0,1,0,
1790405103.4427,flamesafe,200,1,200,0,1,0,
1790405103.4680,flamesafe,200,1,201,0,1,0,
1790405103.4929,flamesafe,200,1,202,0,1,0,
1790405103.5179,flamesafe,200,1,203,0,1,0,
1790405103.5431,flamesafe,200,1,204,0,1,0,
1790405103.5678,flamesafe,200,1,205,0,1,0,
1790405103.5927,flamesafe,200,1,206,0,1,0,
1790405103.6178,flamesafe,200,1,207,0,1,0,
1790405103.6429,flamesafe,200,1,208,0,1,0,
1790405103.6677,flamesafe,200,1,209,0,1,0,
1790405103.6930,flamesafe,200,1,210,0,1,0,
1790405103.7177,flamesafe,200,1,211,0,1,0,
1790405103.7431,flamesafe,200,1,212,0,1,0,
1790405103.7676,flamesafe,200,1,213,0,1,0,
1790405103.7930,flamesafe,200,1,214,0,1,0,
1790405103.8178,flamesafe,200,1,215,0,1,0,
1790405103.8427,flamesafe,200,1,216,0,1,0,
1790405103.8679,flamesafe,200,1,217,0,1,0,
1790405103.8927,flamesafe,200,1,218,0,1,0,
1790405103.9181,flamesafe,200,1,219,0,1,0,
1790405103.9431,flamesafe,200,1,220,0,1,0,
1790405103.9680,flamesafe,200,1,221,0,1,0,
1790405103.9928,flamesafe,200,1,222,0,1,0,
1790405104.0179,flamesafe,200,1,223,0,1,0,
1790405104.0431,flamesafe,200,1,224,0,1,0,
1790405104.0678,flamesafe,200,1,225,0,1,0,
1790405104.0926,flamesafe,200,1,226,0,1,0,
1790405104.1179,flamesafe,200,1,227,0,1,0,
1790405104.1430,flamesafe,200,1,228,0,1,0,
1790405104.1678,flamesafe,200,1,229,0,1,0,
1790405104.1930,flamesafe,200,1,230,0,1,0,
1790405104.2181,flamesafe,200,1,231,0,1,0,
1790405104.2427,flamesafe,200,1,232,0,1,0,
1790405104.2679,flamesafe,200,1,233,0,1,0,
1790405104.2928,flamesafe,200,1,234,0,1,0,
1790405104.3177,flamesafe,200,1,235,0,1,0,
1790405104.3426,flamesafe,200,1,236,0,1,0,
1790405104.3679,flamesafe,200,1,237,0,1,0,
1790405104.3927,flamesafe,200,1,238,0,1,0,
1790405104.4179,flamesafe,200,1,239,0,1,0,
1790405104.4427,flamesafe,200,1,240,0,1,0,
1790405104.4680,flamesafe,200,1,241,0,1,0,
1790405104.4927,flamesafe,200,1,242,0,1,0,
1790405104.5179,flamesafe,200,1,243,0,1,0,
1790405104.5427,flamesafe,200,1,244,0,1,0,
1790405104.5678,flamesafe,200,1,245,0,1,0,
1790405104.5929,flamesafe,200,1,246,0,1,0,
1790405104.6179,flamesafe,200,1,247,0,1,0,
1790405104.6428,flamesafe,200,1,248,0,1,0,
1790405104.6680,flamesafe,200,1,249,0,1,0,
1790405104.6928,flamesafe,200,1,250,0,1,0,
1790405104.7177,flamesafe,200,1,251,0,1,0,
1790405104.7435,flamesafe,200,1,252,0,1,0,
1790405104.7680,flamesafe,200,1,253,0,1,0,
1790405104.7928,flamesafe,200,1,254,0,1,0,
1790405104.8178,flamesafe,200,1,255,0,1,0,
1790405104.8428,flamesafe,200,1,0,0,1,0,
1790405104.8680,flamesafe,200,1,1,0,1,0,
1790405104.8927,flamesafe,200,1,2,0,1,0,
1790405104.9178,flamesafe,200,1,3,0,1,0,
1790405104.9427,flamesafe,200,1,4,0,1,0,
1790405104.9678,flamesafe,200,1,5,0,1,0,
1790405104.9930,flamesafe,200,1,6,0,1,0,
1790405105.0179,flamesafe,200,1,7,0,1,0,
1790405105.0426,flamesafe,200,1,8,0,1,0,
1790405105.0677,flamesafe,200,1,9,0,1,0,
1790405105.0931,flamesafe,200,1,10,0,1,0,
1790405105.1177,flamesafe,200,1,11,0,1,0,
1790405105.1427,flamesafe,200,1,12,0,1,0,
1790405105.1678,flamesafe,200,1,13,0,1,0,
1790405105.1930,flamesafe,200,1,14,0,1,0,
1790405105.2181,flamesafe,200,1,15,0,1,0,
1790405105.2428,flamesafe,200,1,16,0,1,0,
1790405105.2678,flamesafe,200,1,17,0,1,0,
1790405105.2928,flamesafe,200,1,18,0,1,0,
1790405105.3181,flamesafe,200,1,19,0,1,0,
1790405105.3427,flamesafe,200,1,20,0,1,0,
1790405105.3678,flamesafe,200,1,21,0,1,0,
1790405105.3927,flamesafe,200,1,22,0,1,0,
1790405105.4179,flamesafe,200,1,23,0,1,0,
1790405105.4428,flamesafe,200,1,24,0,1,0,
1790405105.4681,flamesafe,200,1,25,0,1,0,
1790405105.4929,flamesafe,200,1,26,0,1,0,
1790405105.5181,flamesafe,200,1,27,0,1,0,
1790405105.5427,flamesafe,200,1,28,0,1,0,
1790405105.5679,flamesafe,200,1,29,0,1,0,
1790405105.5931,flamesafe,200,1,30,0,1,0,
1790405105.6177,flamesafe,200,1,31,0,1,0,
1790405105.6431,flamesafe,200,1,32,0,1,0,
1790405105.6680,flamesafe,200,1,33,0,1,0,
1790405105.6928,flamesafe,200,1,34,0,1,0,
1790405105.7178,flamesafe,200,1,35,0,1,0,
1790405105.7426,flamesafe,200,1,36,0,1,0,
1790405105.7678,flamesafe,200,1,37,0,1,0,
1790405105.7929,flamesafe,200,1,38,0,1,0,
1790405105.8177,flamesafe,200,1,39,0,1,0,
1790405105.8427,flamesafe,200,1,40,0,1,0,
1790405105.8679,flamesafe,200,1,41,0,1,0,
1790405105.8927,flamesafe,200,1,42,0,1,0,
1790405105.9177,flamesafe,200,1,43,0,1,0,
1790405105.9430,flamesafe,200,1,44,0,1,0,
1790405105.9680,flamesafe,200,1,45,0,1,0,
1790405105.9930,flamesafe,200,1,46,0,1,0,
1790405106.0178,flamesafe,200,1,47,0,1,0,
1790405106.0427,flamesafe,200,1,48,0,1,0,
1790405106.0677,flamesafe,200,1,49,0,1,0,
1790405106.0930,flamesafe,200,1,50,0,1,0,
1790405106.1179,flamesafe,200,1,51,0,1,0,
1790405106.1431,flamesafe,200,1,52,0,1,0,
1790405106.1679,flamesafe,200,1,53,0,1,0,
1790405106.1929,flamesafe,200,1,54,0,1,0,
1790405106.2178,flamesafe,200,1,55,0,1,0,
1790405106.2427,flamesafe,200,1,56,0,1,0,
1790405106.2679,flamesafe,200,1,57,0,1,0,
1790405106.2929,flamesafe,200,1,58,0,1,0,
1790405106.3180,flamesafe,200,1,59,0,1,0,
1790405106.3430,flamesafe,200,1,60,0,1,0,
1790405106.3681,flamesafe,200,1,61,0,1,0,
1790405106.3929,flamesafe,200,1,62,0,1,0,
1790405106.4178,flamesafe,200,1,63,0,1,0,
1790405106.4429,flamesafe,200,1,64,0,1,0,
1790405106.4678,flamesafe,200,1,65,0,1,0,
1790405106.4930,flamesafe,200,1,66,0,1,0,
1790405106.5176,flamesafe,200,1,67,0,1,0,
1790405106.5427,flamesafe,200,1,68,0,1,0,
1790405106.5679,flamesafe,200,1,69,0,1,0,
1790405106.5928,flamesafe,200,1,70,0,1,0,
1790405106.6178,flamesafe,200,1,71,0,1,0,
1790405106.6430,flamesafe,200,1,72,0,1,0,
1790405106.6680,flamesafe,200,1,73,0,1,0,
1790405106.6926,flamesafe,200,1,74,0,1,0,
1790405106.7176,flamesafe,200,1,75,0,1,0,
1790405106.7430,flamesafe,200,1,76,0,1,0,
1790405106.7677,flamesafe,200,1,77,0,1,0,
1790405106.7928,flamesafe,200,1,78,0,1,0,
1790405106.8179,flamesafe,200,1,79,0,1,0,
1790405106.8429,flamesafe,200,1,80,0,1,0,
1790405106.8678,flamesafe,200,1,81,0,1,0,
1790405106.8930,flamesafe,200,1,82,0,1,0,
1790405106.9178,flamesafe,200,1,83,0,1,0,
1790405106.9427,flamesafe,200,1,84,0,1,0,
1790405106.9680,flamesafe,200,1,85,0,1,0,
1790405106.9930,flamesafe,200,1,86,0,1,0,
1790405107.0176,flamesafe,200,1,87,0,1,0,
1790405107.0430,flamesafe,200,1,88,0,1,0,
1790405107.0676,flamesafe,200,1,89,0,1,0,
1790405107.0933,flamesafe,200,1,90,0,1,0,
1790405107.1178,flamesafe,200,1,91,0,1,0,
1790405107.1427,flamesafe,200,1,92,0,1,0,
1790405107.1679,flamesafe,200,1,93,0,1,0,
1790405107.1928,flamesafe,200,1,94,0,1,0,
1790405107.2177,flamesafe,200,1,95,0,1,0,
1790405107.2433,flamesafe,200,1,96,0,1,0,
1790405107.2679,flamesafe,200,1,97,0,1,0,
1790405107.2930,flamesafe,200,1,98,0,1,0,
1790405107.3179,flamesafe,200,1,99,0,1,0,
1790405107.3429,flamesafe,200,1,100,0,1,0,
1790405107.3681,flamesafe,200,1,101,0,1,0,
1790405107.3926,flamesafe,200,1,102,0,1,0,
1790405107.4177,flamesafe,200,1,103,0,1,0,
1790405107.4428,flamesafe,200,1,104,0,1,0,
1790405107.4679,flamesafe,200,1,105,0,1,0,
1790405107.4928,flamesafe,200,1,106,0,1,0,
1790405107.5179,flamesafe,200,1,107,0,1,0,
1790405107.5430,flamesafe,200,1,108,0,1,0,
1790405107.5678,flamesafe,200,1,109,0,1,0,
1790405107.5928,flamesafe,200,1,110,0,1,0,
1790405107.6179,flamesafe,200,1,111,0,1,0,
1790405107.6430,flamesafe,200,1,112,0,1,0,
1790405107.6679,flamesafe,200,1,113,0,1,0,
1790405107.6929,flamesafe,200,1,114,0,1,0,
1790405107.7178,flamesafe,200,1,115,0,1,0,
1790405107.7431,flamesafe,200,1,116,0,1,0,
1790405107.7677,flamesafe,200,1,117,0,1,0,
1790405107.7929,flamesafe,200,1,118,0,1,0,
1790405107.8179,flamesafe,200,1,119,0,1,0,
1790405107.8428,flamesafe,200,1,120,0,1,0,
1790405107.8679,flamesafe,200,1,121,0,1,0,
1790405107.8930,flamesafe,200,1,122,0,1,0,
1790405107.9179,flamesafe,200,1,123,0,1,0,
1790405107.9427,flamesafe,200,1,124,0,1,0,
1790405107.9680,flamesafe,200,1,125,0,1,0,
1790405107.9933,flamesafe,200,1,126,0,1,0,
1790405108.0181,flamesafe,200,1,127,0,1,0,
1790405108.0431,flamesafe,200,1,128,0,1,0,
1790405108.0679,flamesafe,200,1,129,0,1,0,
1790405108.0930,flamesafe,200,1,130,0,1,0,
1790405108.1180,flamesafe,200,1,131,0,1,0,
1790405108.1430,flamesafe,200,1,132,0,1,0,
1790405108.1678,flamesafe,200,1,133,0,1,0,
1790405108.1927,flamesafe,200,1,134,0,1,0,
1790405108.2178,flamesafe,200,1,135,0,1,0,
1790405108.2430,flamesafe,200,1,136,0,1,0,
1790405108.2681,flamesafe,200,1,137,0,1,0,
1790405108.2929,flamesafe,200,1,138,0,1,0,
1790405108.3180,flamesafe,200,1,139,0,1,0,
1790405108.3428,flamesafe,200,1,140,0,1,0,
1790405108.3677,flamesafe,200,1,141,0,1,0,
1790405108.3930,flamesafe,200,1,142,0,1,0,
1790405108.4180,flamesafe,200,1,143,0,1,0,
1790405108.4426,flamesafe,200,1,144,0,1,0,
1790405108.4678,flamesafe,200,1,145,0,1,0,
1790405108.4928,flamesafe,200,1,146,0,1,0,
1790405108.5179,flamesafe,200,1,147,0,1,0,
1790405108.5426,flamesafe,200,1,148,0,1,0,
1790405108.5678,flamesafe,200,1,149,0,1,0,
1790405108.5930,flamesafe,200,1,150,0,1,0,
1790405108.6176,flamesafe,200,1,151,0,1,0,
1790405108.6426,flamesafe,200,1,152,0,1,0,
1790405108.6681,flamesafe,200,1,153,0,1,0,
1790405108.6930,flamesafe,200,1,154,0,1,0,
1790405108.7181,flamesafe,200,1,155,0,1,0,
1790405108.7429,flamesafe,200,1,156,0,1,0,
1790405108.7681,flamesafe,200,1,157,0,1,0,
1790405108.7931,flamesafe,200,1,158,0,1,0,
1790405108.8180,flamesafe,200,1,159,0,1,0,
1790405108.8429,flamesafe,200,1,160,0,1,0,
1790405108.8678,flamesafe,200,1,161,0,1,0,
1790405108.8930,flamesafe,200,1,162,0,1,0,
1790405108.9178,flamesafe,200,1,163,0,1,0,
1790405108.9430,flamesafe,200,1,164,0,1,0,
1790405108.9677,flamesafe,200,1,165,0,1,0,
1790405108.9931,flamesafe,200,1,166,0,1,0,
1790405109.0181,flamesafe,200,1,167,0,1,0,
1790405109.0430,flamesafe,200,1,168,0,1,0,
1790405109.0677,flamesafe,200,1,169,0,1,0,
1790405109.0929,flamesafe,200,1,170,0,1,0,
1790405109.1181,flamesafe,200,1,171,0,1,0,
1790405109.1426,flamesafe,200,1,172,0,1,0,
1790405109.1680,flamesafe,200,1,173,0,1,0,
1790405109.1926,flamesafe,200,1,174,0,1,0,
1790405109.2179,flamesafe,200,1,175,0,1,0,
1790405109.2429,flamesafe,200,1,176,0,1,0,
1790405109.2680,flamesafe,200,1,177,0,1,0,
1790405109.2930,flamesafe,200,1,178,0,1,0,
1790405109.3178,flamesafe,200,1,179,0,1,0,
1790405109.3429,flamesafe,200,1,180,0,1,0,
1790405109.3680,flamesafe,200,1,181,0,1,0,
1790405109.3928,flamesafe,200,1,182,0,1,0,
1790405109.4178,flamesafe,200,1,183,0,1,0,
1790405109.4427,flamesafe,200,1,184,0,1,0,
1790405109.4680,flamesafe,200,1,185,0,1,0,
1790405109.4927,flamesafe,200,1,186,0,1,0,
1790405109.5177,flamesafe,200,1,187,0,1,0,
1790405109.5426,flamesafe,200,1,188,0,1,0,
1790405109.5678,flamesafe,200,1,189,0,1,0,
1790405109.5927,flamesafe,200,1,190,0,1,0,
1790405109.6178,flamesafe,200,1,191,0,1,0,
1790405109.6431,flamesafe,200,1,192,0,1,0,
1790405109.6677,flamesafe,200,1,193,0,1,0,
1790405109.6930,flamesafe,200,1,194,0,1,0,
1790405109.7178,flamesafe,200,1,195,0,1,0,
1790405109.7431,flamesafe,200,1,196,0,1,0,
1790405109.7678,flamesafe,200,1,197,0,1,0,
1790405109.7928,flamesafe,200,1,198,0,1,0,
1790405109.8178,flamesafe,200,1,199,0,1,0,
1790405109.8429,flamesafe,200,1,200,0,1,0,
1790405109.8677,flamesafe,200,1,201,0,1,0,
1790405109.8926,flamesafe,200,1,202,0,1,0,
1790405109.9181,flamesafe,200,1,203,0,1,0,
1790405109.9428,flamesafe,200,1,204,0,1,0,
1790405109.9677,flamesafe,200,1,205,0,1,0,
1790405109.9929,flamesafe,200,1,206,0,1,0,
1790405110.0180,flamesafe,200,1,207,0,1,0,
1790405110.0428,flamesafe,200,1,208,0,1,0,
1790405110.0681,flamesafe,200,1,209,0,1,0,
1790405110.0929,flamesafe,200,1,210,0,1,0,
1790405110.1176,flamesafe,200,1,211,0,1,0,
1790405110.1430,flamesafe,200,1,212,0,1,0,
1790405110.1677,flamesafe,200,1,213,0,1,0,
1790405110.1927,flamesafe,200,1,214,0,1,0,
1790405110.2179,flamesafe,200,1,215,0,1,0,
1790405110.2428,flamesafe,200,1,216,0,1,0,
1790405110.2680,flamesafe,200,1,217,0,1,0,
1790405110.2930,flamesafe,200,1,218,0,1,0,
1790405110.3177,flamesafe,200,1,219,0,1,0,
1790405110.3427,flamesafe,200,1,220,0,1,0,
1790405110.3677,flamesafe,200,1,221,0,1,0,
1790405110.3931,flamesafe,200,1,222,0,1,0,
1790405110.4177,flamesafe,200,1,223,0,1,0,
1790405110.4426,flamesafe,200,1,224,0,1,0,
1790405110.4680,flamesafe,200,1,225,0,1,0,
1790405110.4930,flamesafe,200,1,226,0,1,0,
1790405110.5177,flamesafe,200,1,227,0,1,0,
1790405110.5431,flamesafe,200,1,228,0,1,0,
1790405110.5680,flamesafe,200,1,229,0,1,0,
1790405110.5929,flamesafe,200,1,230,0,1,0,
1790405110.6180,flamesafe,200,1,231,0,1,0,
1790405110.6427,flamesafe,200,1,232,0,1,0,
1790405110.6679,flamesafe,200,1,233,0,1,0,
1790405110.6927,flamesafe,200,1,234,0,1,0,
1790405110.7179,flamesafe,200,1,235,0,1,0,
1790405110.7431,flamesafe,200,1,236,0,1,0,
1790405110.7678,flamesafe,200,1,237,0,1,0,
1790405110.7929,flamesafe,200,1,238,0,1,0,
1790405110.8179,flamesafe,200,1,239,0,1,0,
1790405110.8431,flamesafe,200,1,240,0,1,0,
1790405110.8680,flamesafe,200,1,241,0,1,0,
1790405110.8928,flamesafe,200,1,242,0,1,0,
1790405110.9180,flamesafe,200,1,243,0,1,0,
1790405110.9430,flamesafe,200,1,244,0,1,0,
1790405110.9676,flamesafe,200,1,245,0,1,0,
1790405110.9931,flamesafe,200,1,246,0,1,0,
1790405111.0180,flamesafe,200,1,247,0,1,0,
1790405111.0430,flamesafe,200,1,248,0,1,0,
1790405111.0677,flamesafe,200,1,249,0,1,0,
1790405111.0929,flamesafe,200,1,250,0,1,0,
1790405111.1178,flamesafe,200,1,251,0,1,0,
1790405111.1427,flamesafe,200,1,252,0,1,0,
1790405111.1681,flamesafe,200,1,253,0,1,0,
1790405111.1927,flamesafe,200,1,254,0,1,0,
1790405111.2178,flamesafe,200,1,255,0,1,0,
1790405111.2426,flamesafe,200,1,0,0,1,0,
1790405111.2678,flamesafe,200,1,1,0,1,0,
1790405111.2929,flamesafe,200,1,2,0,1,0,
1790405111.3176,flamesafe,200,1,3,0,1,0,
1790405111.3429,flamesafe,200,1,4,0,1,0,
1790405111.3678,flamesafe,200,1,5,0,1,0,
1790405111.3930,flamesafe,200,1,6,0,1,0,
1790405111.4177,flamesafe,200,1,7,0,1,0,
1790405111.4430,flamesafe,200,1,8,0,1,0,
1790405111.4679,flamesafe,200,1,9,0,1,0,
1790405111.4927,flamesafe,200,1,10,0,1,0,
1790405111.5178,flamesafe,200,1,11,0,1,0,
1790405111.5426,flamesafe,200,1,12,0,1,0,
1790405111.5679,flamesafe,200,1,13,0,1,0,
1790405111.5931,flamesafe,200,1,14,0,1,0,
1790405111.6178,flamesafe,200,1,15,0,1,0,
1790405111.6428,flamesafe,200,1,16,0,1,0,
1790405111.6676,flamesafe,200,1,17,0,1,0,
1790405111.6927,flamesafe,200,1,18,0,1,0,
1790405111.7178,flamesafe,200,1,19,0,1,0,
1790405111.7429,flamesafe,200,1,20,0,1,0,
1790405111.7680,flamesafe,200,1,21,0,1,0,
1790405111.7929,flamesafe,200,1,22,0,1,0,
1790405111.8180,flamesafe,200,1,23,0,1,0,
1790405111.8427,flamesafe,200,1,24,0,1,0,
1790405111.8677,flamesafe,200,1,25,0,1,0,
1790405111.8927,flamesafe,200,1,26,0,1,0,
1790405111.9181,flamesafe,200,1,27,0,1,0,
1790405111.9434,flamesafe,200,1,28,0,1,0,
1790405111.9676,flamesafe,200,1,29,0,1,0,
1790405111.9931,flamesafe,200,1,30,0,1,0,
1790405112.0179,flamesafe,200,1,31,0,1,0,
1790405112.0429,flamesafe,200,1,32,0,1,0,
1790405112.0680,flamesafe,200,1,33,0,1,0,
1790405112.0929,flamesafe,200,1,34,0,1,0,
1790405112.1180,flamesafe,200,1,35,0,1,0,
1790405112.1430,flamesafe,200,1,36,0,1,0,
1790405112.1680,flamesafe,200,1,37,0,1,0,
1790405112.1930,flamesafe,200,1,38,0,1,0,
1790405112.2179,flamesafe,200,1,39,0,1,0,
1790405112.2428,flamesafe,200,1,40,0,1,0,
1790405112.2677,flamesafe,200,1,41,0,1,0,
1790405112.2931,flamesafe,200,1,42,0,1,0,
1790405112.3179,flamesafe,200,1,43,0,1,0,
1790405112.3428,flamesafe,200,1,44,0,1,0,
1790405112.3680,flamesafe,200,1,45,0,1,0,
1790405112.3927,flamesafe,200,1,46,0,1,0,
1790405112.4176,flamesafe,200,1,47,0,1,0,
1790405112.4429,flamesafe,200,1,48,0,1,0,
1790405112.4680,flamesafe,200,1,49,0,1,0,
1790405112.4929,flamesafe,200,1,50,0,1,0,
1790405112.5179,flamesafe,200,1,51,0,1,0,
1790405112.5427,flamesafe,200,1,52,0,1,0,
1790405112.5680,flamesafe,200,1,53,0,1,0,
1790405112.5930,flamesafe,200,1,54,0,1,0,
1790405112.6176,flamesafe,200,1,55,0,1,0,
1790405112.6428,flamesafe,200,1,56,0,1,0,
1790405112.6679,flamesafe,200,1,57,0,1,0,
1790405112.6927,flamesafe,200,1,58,0,1,0,
1790405112.7180,flamesafe,200,1,59,0,1,0,
1790405112.7427,flamesafe,200,1,60,0,1,0,
1790405112.7681,flamesafe,200,1,61,0,1,0,
1790405112.7927,flamesafe,200,1,62,0,1,0,
1790405112.8179,flamesafe,200,1,63,0,1,0,
1790405112.8430,flamesafe,200,1,64,0,1,0,
1790405112.8679,flamesafe,200,1,65,0,1,0,
1790405112.8930,flamesafe,200,1,66,0,1,0,
1790405112.9180,flamesafe,200,1,67,0,1,0,
1790405112.9429,flamesafe,200,1,68,0,1,0,
1790405112.9678,flamesafe,200,1,69,0,1,0,
1790405112.9930,flamesafe,200,1,70,0,1,0,
1790405113.0180,flamesafe,200,1,71,0,1,0,
1790405113.0430,flamesafe,200,1,72,0,1,0,
1790405113.0678,flamesafe,200,1,73,0,1,0,
1790405113.0933,flamesafe,200,1,74,0,1,0,
1790405113.1180,flamesafe,200,1,75,0,1,0,
1790405113.1426,flamesafe,200,1,76,0,1,0,
1790405113.1679,flamesafe,200,1,77,0,1,0,
1790405113.1928,flamesafe,200,1,78,0,1,0,
1790405113.2178,flamesafe,200,1,79,0,1,0,
1790405113.2431,flamesafe,200,1,80,0,1,0,
1790405113.2678,flamesafe,200,1,81,0,1,0,
1790405113.2929,flamesafe,200,1,82,0,1,0,
1790405113.3177,flamesafe,200,1,83,0,1,0,
1790405113.3429,flamesafe,200,1,84,0,1,0,
1790405113.3678,flamesafe,200,1,85,0,1,0,
1790405113.3928,flamesafe,200,1,86,0,1,0,
1790405113.4178,flamesafe,200,1,87,0,1,0,
1790405113.4429,flamesafe,200,1,88,0,1,0,
1790405113.4677,flamesafe,200,1,89,0,1,0,
1790405113.4928,flamesafe,200,1,90,0,1,0,
1790405113.5177,flamesafe,200,1,91,0,1,0,
1790405113.5429,flamesafe,200,1,92,0,1,0,
1790405113.5680,flamesafe,200,1,93,0,1,0,
1790405113.5929,flamesafe,200,1,94,0,1,0,
1790405113.6178,flamesafe,200,1,95,0,1,0,
1790405113.6426,flamesafe,200,1,96,0,1,0,
1790405113.6679,flamesafe,200,1,97,0,1,0,
1790405113.6931,flamesafe,200,1,98,0,1,0,
1790405113.7180,flamesafe,200,1,99,0,1,0,
1790405113.7431,flamesafe,200,1,100,0,1,0,
1790405113.7680,flamesafe,200,1,101,0,1,0,
1790405113.7928,flamesafe,200,1,102,0,1,0,
1790405113.8181,flamesafe,200,1,103,0,1,0,
1790405113.8430,flamesafe,200,1,104,0,1,0,
1790405113.8678,flamesafe,200,1,105,0,1,0,
1790405113.8930,flamesafe,200,1,106,0,1,0,
1790405113.9181,flamesafe,200,1,107,0,1,0,
1790405113.9429,flamesafe,200,1,108,0,1,0,
1790405113.9680,flamesafe,200,1,109,0,1,0,
1790405113.9927,flamesafe,200,1,110,0,1,0,
1790405114.0180,flamesafe,200,1,111,0,1,0,
1790405114.0426,flamesafe,200,1,112,0,1,0,
1790405114.0680,flamesafe,200,1,113,0,1,0,
1790405114.0930,flamesafe,200,1,114,0,1,0,
1790405114.1176,flamesafe,200,1,115,0,1,0,
1790405114.1428,flamesafe,200,1,116,0,1,0,
1790405114.1677,flamesafe,200,1,117,0,1,0,
1790405114.1928,flamesafe,200,1,118,0,1,0,
1790405114.2179,flamesafe,200,1,119,0,1,0,
1790405114.2429,flamesafe,200,1,120,0,1,0,
1790405114.2680,flamesafe,200,1,121,0,1,0,
1790405114.2930,flamesafe,200,1,122,0,1,0,
1790405114.3178,flamesafe,200,1,123,0,1,0,
1790405114.3430,flamesafe,200,1,124,0,1,0,
1790405114.3678,flamesafe,200,1,125,0,1,0,
1790405114.3930,flamesafe,200,1,126,0,1,0,
1790405114.4179,flamesafe,200,1,127,0,1,0,
1790405114.4430,flamesafe,200,1,128,0,1,0,
1790405114.4679,flamesafe,200,1,129,0,1,0,
1790405114.4928,flamesafe,200,1,130,0,1,0,
1790405114.5177,flamesafe,200,1,131,0,1,0,
1790405114.5431,flamesafe,200,1,132,0,1,0,
1790405114.5679,flamesafe,200,1,133,0,1,0,
1790405114.5928,flamesafe,200,1,134,0,1,0,
1790405114.6177,flamesafe,200,1,135,0,1,0,
1790405114.6429,flamesafe,200,1,136,0,1,0,
1790405114.6679,flamesafe,200,1,137,0,1,0,
1790405114.6927,flamesafe,200,1,138,0,1,0,
1790405114.7176,flamesafe,200,1,139,0,1,0,
1790405114.7426,flamesafe,200,1,140,0,1,0,
1790405114.7681,flamesafe,200,1,141,0,1,0,
1790405114.7926,flamesafe,200,1,142,0,1,0,
1790405114.8179,flamesafe,200,1,143,0,1,0,
1790405114.8428,flamesafe,200,1,144,0,1,0,
1790405114.8678,flamesafe,200,1,145,0,1,0,
1790405114.8927,flamesafe,200,1,146,0,1,0,
1790405114.9178,flamesafe,200,1,147,0,1,0,
1790405114.9428,flamesafe,200,1,148,0,1,0,
1790405114.9679,flamesafe,200,1,149,0,1,0,
1790405114.9930,flamesafe,200,1,150,0,1,0,
1790405115.0176,flamesafe,200,1,151,0,1,0,
1790405115.0429,flamesafe,200,1,152,0,1,0,
1790405115.0678,flamesafe,200,1,153,0,1,0,
1790405115.0927,flamesafe,200,1,154,0,1,0,
1790405115.1179,flamesafe,200,1,155,0,1,0,
1790405115.1427,flamesafe,200,1,156,0,1,0,
1790405115.1681,flamesafe,200,1,157,0,1,0,
1790405115.1931,flamesafe,200,1,158,0,1,0,
1790405115.2178,flamesafe,200,1,159,0,1,0,
1790405115.2428,flamesafe,200,1,160,0,1,0,
1790405115.2681,flamesafe,200,1,161,0,1,0,
1790405115.2927,flamesafe,200,1,162,0,1,0,
1790405115.3180,flamesafe,200,1,163,0,1,0,
1790405115.3429,flamesafe,200,1,164,0,1,0,
1790405115.3679,flamesafe,200,1,165,0,1,0,
1790405115.3929,flamesafe,200,1,166,0,1,0,
1790405115.4181,flamesafe,200,1,167,0,1,0,
1790405115.4427,flamesafe,200,1,168,0,1,0,
1790405115.4677,flamesafe,200,1,169,0,1,0,
1790405115.4928,flamesafe,200,1,170,0,1,0,
1790405115.5179,flamesafe,200,1,171,0,1,0,
1790405115.5427,flamesafe,200,1,172,0,1,0,
1790405115.5679,flamesafe,200,1,173,0,1,0,
1790405115.5927,flamesafe,200,1,174,0,1,0,
1790405115.6177,flamesafe,200,1,175,0,1,0,
1790405115.6429,flamesafe,200,1,176,0,1,0,
1790405115.6680,flamesafe,200,1,177,0,1,0,
1790405115.6929,flamesafe,200,1,178,0,1,0,
1790405115.7178,flamesafe,200,1,179,0,1,0,
1790405115.7429,flamesafe,200,1,180,0,1,0,
1790405115.7676,flamesafe,200,1,181,0,1,0,
1790405115.7928,flamesafe,200,1,182,0,1,0,
1790405115.8180,flamesafe,200,1,183,0,1,0,
1790405115.8430,flamesafe,200,1,184,0,1,0,
1790405115.8679,flamesafe,200,1,185,0,1,0,
1790405115.8930,flamesafe,200,1,186,0,1,0,
1790405115.9179,flamesafe,200,1,187,0,1,0,
1790405115.9430,flamesafe,200,1,188,0,1,0,
1790405115.9679,flamesafe,200,1,189,0,1,0,
1790405115.9928,flamesafe,200,1,190,0,1,0,
1790405116.0177,flamesafe,200,1,191,0,1,0,
1790405116.0428,flamesafe,200,1,192,0,1,0,
1790405116.0681,flamesafe,200,1,193,0,1,0,
1790405116.0927,flamesafe,200,1,194,0,1,0,
1790405116.1178,flamesafe,200,1,195,0,1,0,
1790405116.1430,flamesafe,200,1,196,0,1,0,
1790405116.1681,flamesafe,200,1,197,0,1,0,
1790405116.1930,flamesafe,200,1,198,0,1,0,
1790405116.2178,flamesafe,200,1,199,0,1,0,
1790405116.2430,flamesafe,200,1,200,0,1,0,
1790405116.2677,flamesafe,200,1,201,0,1,0,
1790405116.2928,flamesafe,200,1,202,0,1,0,
1790405116.3177,flamesafe,200,1,203,0,1,0,
1790405116.3428,flamesafe,200,1,204,0,1,0,
1790405116.3676,flamesafe,200,1,205,0,1,0,
1790405116.3928,flamesafe,200,1,206,0,1,0,
1790405116.4178,flamesafe,200,1,207,0,1,0,
1790405116.4427,flamesafe,200,1,208,0,1,0,
1790405116.4680,flamesafe,200,1,209,0,1,0,
1790405116.4927,flamesafe,200,1,210,0,1,0,
1790405116.5177,flamesafe,200,1,211,0,1,0,
1790405116.5428,flamesafe,200,1,212,0,1,0,
1790405116.5679,flamesafe,200,1,213,0,1,0,
1790405116.5929,flamesafe,200,1,214,0,1,0,
1790405116.6179,flamesafe,200,1,215,0,1,0,
1790405116.6430,flamesafe,200,1,216,0,1,0,
1790405116.6678,flamesafe,200,1,217,0,1,0,
1790405116.6930,flamesafe,200,1,218,0,1,0,
1790405116.7177,flamesafe,200,1,219,0,1,0,
1790405116.7426,flamesafe,200,1,220,0,1,0,
1790405116.7680,flamesafe,200,1,221,0,1,0,
1790405116.7930,flamesafe,200,1,222,0,1,0,
1790405116.8179,flamesafe,200,1,223,0,1,0,
1790405116.8429,flamesafe,200,1,224,0,1,0,
1790405116.8677,flamesafe,200,1,225,0,1,0,
1790405116.8931,flamesafe,200,1,226,0,1,0,
1790405116.9178,flamesafe,200,1,227,0,1,0,
1790405116.9428,flamesafe,200,1,228,0,1,0,
1790405116.9680,flamesafe,200,1,229,0,1,0,
1790405116.9930,flamesafe,200,1,230,0,1,0,
1790405117.0180,flamesafe,200,1,231,0,1,0,
1790405117.0430,flamesafe,200,1,232,0,1,0,
1790405117.0681,flamesafe,200,1,233,0,1,0,
1790405117.0927,flamesafe,200,1,234,0,1,0,
1790405117.1176,flamesafe,200,1,235,0,1,0,
1790405117.1431,flamesafe,200,1,236,0,1,0,
1790405117.1679,flamesafe,200,1,237,0,1,0,
1790405117.1929,flamesafe,200,1,238,0,1,0,
1790405117.2180,flamesafe,200,1,239,0,1,0,
1790405117.2430,flamesafe,200,1,240,0,1,0,
1790405117.2681,flamesafe,200,1,241,0,1,0,
1790405117.2928,flamesafe,200,1,242,0,1,0,
1790405117.3177,flamesafe,200,1,243,0,1,0,
1790405117.3428,flamesafe,200,1,244,0,1,0,
1790405117.3677,flamesafe,200,1,245,0,1,0,
1790405117.3927,flamesafe,200,1,246,0,1,0,
1790405117.4177,flamesafe,200,1,247,0,1,0,
1790405117.4430,flamesafe,200,1,248,0,1,0,
1790405117.4678,flamesafe,200,1,249,0,1,0,
1790405117.4928,flamesafe,200,1,250,0,1,0,
1790405117.5181,flamesafe,200,1,251,0,1,0,
1790405117.5426,flamesafe,200,1,252,0,1,0,
1790405117.5676,flamesafe,200,1,253,0,1,0,
1790405117.5929,flamesafe,200,1,254,0,1,0,
1790405117.6177,flamesafe,200,1,255,0,1,0,
1790405117.6429,flamesafe,200,1,0,0,1,0,
1790405117.6680,flamesafe,200,1,1,0,1,0,
1790405117.6926,flamesafe,200,1,2,0,1,0,
1790405117.7177,flamesafe,200,1,3,0,1,0,
1790405117.7429,flamesafe,200,1,4,0,1,0,
1790405117.7678,flamesafe,200,1,5,0,1,0,
1790405117.7929,flamesafe,200,1,6,0,1,0,
1790405117.8176,flamesafe,200,1,7,0,1,0,
1790405117.8431,flamesafe,200,1,8,0,1,0,
1790405117.8677,flamesafe,200,1,9,0,1,0,
1790405117.8930,flamesafe,200,1,10,0,1,0,
1790405117.9178,flamesafe,200,1,11,0,1,0,
1790405117.9430,flamesafe,200,1,12,0,1,0,
1790405117.9681,flamesafe,200,1,13,0,1,0,
1790405117.9927,flamesafe,200,1,14,0,1,0,
1790405118.0176,flamesafe,200,1,15,0,1,0,
1790405118.0429,flamesafe,200,1,16,0,1,0,
1790405118.0679,flamesafe,200,1,17,0,1,0,
1790405118.0930,flamesafe,200,1,18,0,1,0,
1790405118.1177,flamesafe,200,1,19,0,1,0,
1790405118.1428,flamesafe,200,1,20,0,1,0,
1790405118.1679,flamesafe,200,1,21,0,1,0,
1790405118.1931,flamesafe,200,1,22,0,1,0,
1790405118.2178,flamesafe,200,1,23,0,1,0,
1790405118.2430,flamesafe,200,1,24,0,1,0,
1790405118.2677,flamesafe,200,1,25,0,1,0,
1790405118.2929,flamesafe,200,1,26,0,1,0,
1790405118.3179,flamesafe,200,1,27,0,1,0,
1790405118.3427,flamesafe,200,1,28,0,1,0,
1790405118.3676,flamesafe,200,1,29,0,1,0,
1790405118.3931,flamesafe,200,1,30,0,1,0,
1790405118.4180,flamesafe,200,1,31,0,1,0,
1790405118.4427,flamesafe,200,1,32,0,1,0,
1790405118.4680,flamesafe,200,1,33,0,1,0,
1790405118.4928,flamesafe,200,1,34,0,1,0,
1790405118.5181,flamesafe,200,1,35,0,1,0,
1790405118.5427,flamesafe,200,1,36,0,1,0,
1790405118.5680,flamesafe,200,1,37,0,1,0,
1790405118.5926,flamesafe,200,1,38,0,1,0,
1790405118.6178,flamesafe,200,1,39,0,1,0,
1790405118.6429,flamesafe,200,1,40,0,1,0,
1790405118.6678,flamesafe,200,1,41,0,1,0,
1790405118.6927,flamesafe,200,1,42,0,1,0,
1790405118.7179,flamesafe,200,1,43,0,1,0,
1790405118.7430,flamesafe,200,1,44,0,1,0,
1790405118.7679,flamesafe,200,1,45,0,1,0,
1790405118.7927,flamesafe,200,1,46,0,1,0,
1790405118.8179,flamesafe,200,1,47,0,1,0,
1790405118.8430,flamesafe,200,1,48,0,1,0,
1790405118.8681,flamesafe,200,1,49,0,1,0,
1790405118.8928,flamesafe,200,1,50,0,1,0,
1790405118.9181,flamesafe,200,1,51,0,1,0,
1790405118.9430,flamesafe,200,1,52,0,1,0,
1790405118.9678,flamesafe,200,1,53,0,1,0,
1790405118.9930,flamesafe,200,1,54,0,1,0,
1790405119.0177,flamesafe,200,1,55,0,1,0,
1790405119.0429,flamesafe,200,1,56,0,1,0,
1790405119.0680,flamesafe,200,1,57,0,1,0,
1790405119.0929,flamesafe,200,1,58,0,1,0,
1790405119.1181,flamesafe,200,1,59,0,1,0,
1790405119.1432,flamesafe,200,1,60,0,1,0,
1790405119.1679,flamesafe,200,1,61,0,1,0,
1790405119.1926,flamesafe,200,1,62,0,1,0,
1790405119.2178,flamesafe,200,1,63,0,1,0,
1790405119.2431,flamesafe,200,1,64,0,1,0,
1790405119.2680,flamesafe,200,1,65,0,1,0,
1790405119.2928,flamesafe,200,1,66,0,1,0,
1790405119.3181,flamesafe,200,1,67,0,1,0,
1790405119.3429,flamesafe,200,1,68,0,1,0,
1790405119.3680,flamesafe,200,1,69,0,1,0,
1790405119.3931,flamesafe,200,1,70,0,1,0,
1790405119.4180,flamesafe,200,1,71,0,1,0,
1790405119.4427,flamesafe,200,1,72,0,1,0,
1790405119.4679,flamesafe,200,1,73,0,1,0,
1790405119.4930,flamesafe,200,1,74,0,1,0,
1790405119.5179,flamesafe,200,1,75,0,1,0,
1790405119.5430,flamesafe,200,1,76,0,1,0,
1790405119.5680,flamesafe,200,1,77,0,1,0,
1790405119.5929,flamesafe,200,1,78,0,1,0,
1790405119.6176,flamesafe,200,1,79,0,1,0,
1790405119.6429,flamesafe,200,1,80,0,1,0,
1790405119.6680,flamesafe,200,1,81,0,1,0,
1790405119.6929,flamesafe,200,1,82,0,1,0,
1790405119.7178,flamesafe,200,1,83,0,1,0,
1790405119.7428,flamesafe,200,1,84,0,1,0,
1790405119.7681,flamesafe,200,1,85,0,1,0,
1790405119.7931,flamesafe,200,1,86,0,1,0,
1790405119.8178,flamesafe,200,1,87,0,1,0,
1790405119.8431,flamesafe,200,1,88,0,1,0,
1790405119.8677,flamesafe,200,1,89,0,1,0,
1790405119.8928,flamesafe,200,1,90,0,1,0,
1790405119.9181,flamesafe,200,1,91,0,1,0,
1790405119.9426,flamesafe,200,1,92,0,1,0,
1790405119.9680,flamesafe,200,1,93,0,1,0,
1790405119.9927,flamesafe,200,1,94,0,1,0,
1790405120.0178,flamesafe,200,1,95,0,1,0,
1790405120.0430,flamesafe,200,1,96,0,1,0,
1790405120.0678,flamesafe,200,1,97,0,1,0,
1790405120.0929,flamesafe,200,1,98,0,1,0,
1790405120.1177,flamesafe,200,1,99,0,1,0,
1790405120.1430,flamesafe,200,1,100,0,1,0,
1790405120.1680,flamesafe,200,1,101,0,1,0,
1790405120.1929,flamesafe,200,1,102,0,1,0,
1790405120.2179,flamesafe,200,1,103,0,1,0,
1790405120.2426,flamesafe,200,1,104,0,1,0,
1790405120.2681,flamesafe,200,1,105,0,1,0,
1790405120.2929,flamesafe,200,1,106,0,1,0,
1790405120.3178,flamesafe,200,1,107,0,1,0,
1790405120.3428,flamesafe,200,1,108,0,1,0,
1790405120.3678,flamesafe,200,1,109,0,1,0,
1790405120.3929,flamesafe,200,1,110,0,1,0,
1790405120.4176,flamesafe,200,1,111,0,1,0,
1790405120.4430,flamesafe,200,1,112,0,1,0,
1790405120.4676,flamesafe,200,1,113,0,1,0,
1790405120.4931,flamesafe,200,1,114,0,1,0,
1790405120.5178,flamesafe,200,1,115,0,1,0,
1790405120.5426,flamesafe,200,1,116,0,1,0,
1790405120.5677,flamesafe,200,1,117,0,1,0,
1790405120.5930,flamesafe,200,1,118,0,1,0,
1790405120.6177,flamesafe,200,1,119,0,1,0,
1790405120.6428,flamesafe,200,1,120,0,1,0,
1790405120.6680,flamesafe,200,1,121,0,1,0,
1790405120.6930,flamesafe,200,1,122,0,1,0,
1790405120.7181,flamesafe,200,1,123,0,1,0,
1790405120.7430,flamesafe,200,1,124,0,1,0,
1790405120.7677,flamesafe,200,1,125,0,1,0,
1790405120.7930,flamesafe,200,1,126,0,1,0,
1790405120.8180,flamesafe,200,1,127,0,1,0,
1790405120.8431,flamesafe,200,1,128,0,1,0,
1790405120.8680,flamesafe,200,1,129,0,1,0,
1790405120.8929,flamesafe,200,1,130,0,1,0,
1790405120.9178,flamesafe,200,1,131,0,1,0,
1790405120.9426,flamesafe,200,1,132,0,1,0,
1790405120.9680,flamesafe,200,1,133,0,1,0,
1790405120.9928,flamesafe,200,1,134,0,1,0,
1790405121.0176,flamesafe,200,1,135,0,1,0,
1790405121.0432,flamesafe,200,1,136,0,1,0,
1790405121.0676,flamesafe,200,1,137,0,1,0,
1790405121.0929,flamesafe,200,1,138,0,1,0,
1790405121.1177,flamesafe,200,1,139,0,1,0,
1790405121.1431,flamesafe,200,1,140,0,1,0,
1790405121.1679,flamesafe,200,1,141,0,1,0,
1790405121.1928,flamesafe,200,1,142,0,1,0,
1790405121.2180,flamesafe,200,1,143,0,1,0,
1790405121.2429,flamesafe,200,1,144,0,1,0,
1790405121.2681,flamesafe,200,1,145,0,1,0,
1790405121.2928,flamesafe,200,1,146,0,1,0,
1790405121.3177,flamesafe,200,1,147,0,1,0,
1790405121.3430,flamesafe,200,1,148,0,1,0,
1790405121.3680,flamesafe,200,1,149,0,1,0,
1790405121.3927,flamesafe,200,1,150,0,1,0,
1790405121.4179,flamesafe,200,1,151,0,1,0,
1790405121.4430,flamesafe,200,1,152,0,1,0,
1790405121.4679,flamesafe,200,1,153,0,1,0,
1790405121.4927,flamesafe,200,1,154,0,1,0,
1790405121.5178,flamesafe,200,1,155,0,1,0,
1790405121.5426,flamesafe,200,1,156,0,1,0,
1790405121.5678,flamesafe,200,1,157,0,1,0,
1790405121.5929,flamesafe,200,1,158,0,1,0,
1790405121.6177,flamesafe,200,1,159,0,1,0,
1790405121.6428,flamesafe,200,1,160,0,1,0,
1790405121.6678,flamesafe,200,1,161,0,1,0,
1790405121.6929,flamesafe,200,1,162,0,1,0,
1790405121.7177,flamesafe,200,1,163,0,1,0,
1790405121.7430,flamesafe,200,1,164,0,1,0,
1790405121.7677,flamesafe,200,1,165,0,1,0,
1790405121.7931,flamesafe,200,1,166,0,1,0,
1790405121.8180,flamesafe,200,1,167,0,1,0,
1790405121.8430,flamesafe,200,1,168,0,1,0,
1790405121.8679,flamesafe,200,1,169,0,1,0,
1790405121.8930,flamesafe,200,1,170,0,1,0,
1790405121.9176,flamesafe,200,1,171,0,1,0,
1790405121.9429,flamesafe,200,1,172,0,1,0,
1790405121.9681,flamesafe,200,1,173,0,1,0,
1790405121.9931,flamesafe,200,1,174,0,1,0,
1790405122.0180,flamesafe,200,1,175,0,1,0,
1790405122.0428,flamesafe,200,1,176,0,1,0,
1790405122.0680,flamesafe,200,1,177,0,1,0,
1790405122.0928,flamesafe,200,1,178,0,1,0,
1790405122.1177,flamesafe,200,1,179,0,1,0,
1790405122.1427,flamesafe,200,1,180,0,1,0,
1790405122.1681,flamesafe,200,1,181,0,1,0,
1790405122.1931,flamesafe,200,1,182,0,1,0,
1790405122.2180,flamesafe,200,1,183,0,1,0,
1790405122.2431,flamesafe,200,1,184,0,1,0,
1790405122.2677,flamesafe,200,1,185,0,1,0,
1790405122.2930,flamesafe,200,1,186,0,1,0,
1790405122.3178,flamesafe,200,1,187,0,1,0,
1790405122.3429,flamesafe,200,1,188,0,1,0,
1790405122.3678,flamesafe,200,1,189,0,1,0,
1790405122.3930,flamesafe,200,1,190,0,1,0,
1790405122.4179,flamesafe,200,1,191,0,1,0,
1790405122.4429,flamesafe,200,1,192,0,1,0,
1790405122.4678,flamesafe,200,1,193,0,1,0,
1790405122.4928,flamesafe,200,1,194,0,1,0,
1790405122.5179,flamesafe,200,1,195,0,1,0,
1790405122.5430,flamesafe,200,1,196,0,1,0,
1790405122.5678,flamesafe,200,1,197,0,1,0,
1790405122.5930,flamesafe,200,1,198,0,1,0,
1790405122.6180,flamesafe,200,1,199,0,1,0,
1790405122.6429,flamesafe,200,1,200,0,1,0,
1790405122.6681,flamesafe,200,1,201,0,1,0,
1790405122.6929,flamesafe,200,1,202,0,1,0,
1790405122.7179,flamesafe,200,1,203,0,1,0,
1790405122.7431,flamesafe,200,1,204,0,1,0,
1790405122.7681,flamesafe,200,1,205,0,1,0,
1790405122.7931,flamesafe,200,1,206,0,1,0,
1790405122.8178,flamesafe,200,1,207,0,1,0,
1790405122.8431,flamesafe,200,1,208,0,1,0,
1790405122.8676,flamesafe,200,1,209,0,1,0,
1790405122.8928,flamesafe,200,1,210,0,1,0,
1790405122.9178,flamesafe,200,1,211,0,1,0,
1790405122.9428,flamesafe,200,1,212,0,1,0,
1790405122.9678,flamesafe,200,1,213,0,1,0,
1790405122.9929,flamesafe,200,1,214,0,1,0,
1790405123.0178,flamesafe,200,1,215,0,1,0,
1790405123.0429,flamesafe,200,1,216,0,1,0,
1790405123.0677,flamesafe,200,1,217,0,1,0,
1790405123.0927,flamesafe,200,1,218,0,1,0,
1790405123.1176,flamesafe,200,1,219,0,1,0,
1790405123.1433,flamesafe,200,1,220,0,1,0,
1790405123.1680,flamesafe,200,1,221,0,1,0,
1790405123.1929,flamesafe,200,1,222,0,1,0,
1790405123.2179,flamesafe,200,1,223,0,1,0,
1790405123.2429,flamesafe,200,1,224,0,1,0,
1790405123.2680,flamesafe,200,1,225,0,1,0,
1790405123.2930,flamesafe,200,1,226,0,1,0,
1790405123.3179,flamesafe,200,1,227,0,1,0,
1790405123.3427,flamesafe,200,1,228,0,1,0,
1790405123.3679,flamesafe,200,1,229,0,1,0,
1790405123.3929,flamesafe,200,1,230,0,1,0,
1790405123.4180,flamesafe,200,1,231,0,1,0,
1790405123.4427,flamesafe,200,1,232,0,1,0,
1790405123.4679,flamesafe,200,1,233,0,1,0,
1790405123.4926,flamesafe,200,1,234,0,1,0,
1790405123.5180,flamesafe,200,1,235,0,1,0,
1790405123.5430,flamesafe,200,1,236,0,1,0,
1790405123.5676,flamesafe,200,1,237,0,1,0,
1790405123.5928,flamesafe,200,1,238,0,1,0,
1790405123.6178,flamesafe,200,1,239,0,1,0,
1790405123.6428,flamesafe,200,1,240,0,1,0,
1790405123.6681,flamesafe,200,1,241,0,1,0,
1790405123.6927,flamesafe,200,1,242,0,1,0,
1790405123.7177,flamesafe,200,1,243,0,1,0,
1790405123.7429,flamesafe,200,1,244,0,1,0,
1790405123.7677,flamesafe,200,1,245,0,1,0,
1790405123.7929,flamesafe,200,1,246,0,1,0,
1790405123.8180,flamesafe,200,1,247,0,1,0,
1790405123.8431,flamesafe,200,1,248,0,1,0,
1790405123.8679,flamesafe,200,1,249,0,1,0,
1790405123.8931,flamesafe,200,1,250,0,1,0,
1790405123.9178,flamesafe,200,1,251,0,1,0,
1790405123.9427,flamesafe,200,1,252,0,1,0,
1790405123.9681,flamesafe,200,1,253,0,1,0,
1790405123.9929,flamesafe,200,1,254,0,1,0,
1790405124.0180,flamesafe,200,1,255,0,1,0,
1790405124.0427,flamesafe,200,1,0,0,1,0,
1790405124.0677,flamesafe,200,1,1,0,1,0,
1790405124.0929,flamesafe,200,1,2,0,1,0,
1790405124.1177,flamesafe,200,1,3,0,1,0,
1790405124.1427,flamesafe,200,1,4,0,1,0,
1790405124.1677,flamesafe,200,1,5,0,1,0,
1790405124.1928,flamesafe,200,1,6,0,1,0,
1790405124.2180,flamesafe,200,1,7,0,1,0,
1790405124.2428,flamesafe,200,1,8,0,1,0,
1790405124.2677,flamesafe,200,1,9,0,1,0,
1790405124.2930,flamesafe,200,1,10,0,1,0,
1790405124.3177,flamesafe,200,1,11,0,1,0,
1790405124.3430,flamesafe,200,1,12,0,1,0,
1790405124.3677,flamesafe,200,1,13,0,1,0,
1790405124.3929,flamesafe,200,1,14,0,1,0,
1790405124.4177,flamesafe,200,1,15,0,1,0,
1790405124.4430,flamesafe,200,1,16,0,1,0,
1790405124.4679,flamesafe,200,1,17,0,1,0,
1790405124.4927,flamesafe,200,1,18,0,1,0,
1790405124.5178,flamesafe,200,1,19,0,1,0,
1790405124.5428,flamesafe,200,1,20,0,1,0,
1790405124.5677,flamesafe,200,1,21,0,1,0,
1790405124.5931,flamesafe,200,1,22,0,1,0,
1790405124.6178,flamesafe,200,1,23,0,1,0,
1790405124.6426,flamesafe,200,1,24,0,1,0,
1790405124.6678,flamesafe,200,1,25,0,1,0,
1790405124.6928,flamesafe,200,1,26,0,1,0,
1790405124.7178,flamesafe,200,1,27,0,1,0,
1790405124.7427,flamesafe,200,1,28,0,1,0,
1790405124.7680,flamesafe,200,1,29,0,1,0,
1790405124.7930,flamesafe,200,1,30,0,1,0,
1790405124.8176,flamesafe,200,1,31,0,1,0,
1790405124.8428,flamesafe,200,1,32,0,1,0,
1790405124.8681,flamesafe,200,1,33,0,1,0,
1790405124.8929,flamesafe,200,1,34,0,1,0,
1790405124.9177,flamesafe,200,1,35,0,1,0,
1790405124.9430,flamesafe,200,1,36,0,1,0,
1790405124.9676,flamesafe,200,1,37,0,1,0,
1790405124.9926,flamesafe,200,1,38,0,1,0,
1790405125.0176,flamesafe,200,1,39,0,1,0,
1790405125.0428,flamesafe,200,1,40,0,1,0,
1790405125.0676,flamesafe,200,1,41,0,1,0,
1790405125.0926,flamesafe,200,1,42,0,1,0,
1790405125.1180,flamesafe,200,1,43,0,1,0,
1790405125.1430,flamesafe,200,1,44,0,1,0,
1790405125.1679,flamesafe,200,1,45,0,1,0,
1790405125.1927,flamesafe,200,1,46,0,1,0,
1790405125.2179,flamesafe,200,1,47,0,1,0,
1790405125.2427,flamesafe,200,1,48,0,1,0,
1790405125.2680,flamesafe,200,1,49,0,1,0,
1790405125.2929,flamesafe,200,1,50,0,1,0,
1790405125.3177,flamesafe,200,1,51,0,1,0,
1790405125.3428,flamesafe,200,1,52,0,1,0,
1790405125.3679,flamesafe,200,1,53,0,1,0,
1790405125.3930,flamesafe,200,1,54,0,1,0,
1790405125.4176,flamesafe,200,1,55,0,1,0,
1790405125.4426,flamesafe,200,1,56,0,1,0,
1790405125.4677,flamesafe,200,1,57,0,1,0,
1790405125.4928,flamesafe,200,1,58,0,1,0,
1790405125.5181,flamesafe,200,1,59,0,1,0,
1790405125.5431,flamesafe,200,1,60,0,1,0,
1790405125.5681,flamesafe,200,1,61,0,1,0,
1790405125.5929,flamesafe,200,1,62,0,1,0,
1790405125.6179,flamesafe,200,1,63,0,1,0,
1790405125.6428,flamesafe,200,1,64,0,1,0,
1790405125.6678,flamesafe,200,1,65,0,1,0,
1790405125.6933,flamesafe,200,1,66,0,1,0,
1790405125.7179,flamesafe,200,1,67,0,1,0,
1790405125.7427,flamesafe,200,1,68,0,1,0,
1790405125.7681,flamesafe,200,1,69,0,1,0,
1790405125.7926,flamesafe,200,1,70,0,1,0,
1790405125.8176,flamesafe,200,1,71,0,1,0,
1790405125.8431,flamesafe,200,1,72,0,1,0,
1790405125.8680,flamesafe,200,1,73,0,1,0,
1790405125.8930,flamesafe,200,1,74,0,1,0,
1790405125.9181,flamesafe,200,1,75,0,1,0,
1790405125.9430,flamesafe,200,1,76,0,1,0,
1790405125.9680,flamesafe,200,1,77,0,1,0,
1790405125.9927,flamesafe,200,1,78,0,1,0,
1790405126.0178,flamesafe,200,1,79,0,1,0,
1790405126.0430,flamesafe,200,1,80,0,1,0,
1790405126.0677,flamesafe,200,1,81,0,1,0,
1790405126.0930,flamesafe,200,1,82,0,1,0,
1790405126.1177,flamesafe,200,1,83,0,1,0,
1790405126.1431,flamesafe,200,1,84,0,1,0,
1790405126.1676,flamesafe,200,1,85,0,1,0,
1790405126.1930,flamesafe,200,1,86,0,1,0,
1790405126.2180,flamesafe,200,1,87,0,1,0,
1790405126.2429,flamesafe,200,1,88,0,1,0,
1790405126.2677,flamesafe,200,1,89,0,1,0,
1790405126.2930,flamesafe,200,1,90,0,1,0,
1790405126.3179,flamesafe,200,1,91,0,1,0,
1790405126.3429,flamesafe,200,1,92,0,1,0,
1790405126.3677,flamesafe,200,1,93,0,1,0,
1790405126.3929,flamesafe,200,1,94,0,1,0,
1790405126.4176,flamesafe,200,1,95,0,1,0,
1790405126.4430,flamesafe,200,1,96,0,1,0,
1790405126.4679,flamesafe,200,1,97,0,1,0,
1790405126.4927,flamesafe,200,1,98,0,1,0,
1790405126.5179,flamesafe,200,1,99,0,1,0,
1790405126.5428,flamesafe,200,1,100,0,1,0,
1790405126.5680,flamesafe,200,1,101,0,1,0,
1790405126.5931,flamesafe,200,1,102,0,1,0,
1790405126.6176,flamesafe,200,1,103,0,1,0,
1790405126.6426,flamesafe,200,1,104,0,1,0,
1790405126.6679,flamesafe,200,1,105,0,1,0,
1790405126.6931,flamesafe,200,1,106,0,1,0,
1790405126.7178,flamesafe,200,1,107,0,1,0,
1790405126.7429,flamesafe,200,1,108,0,1,0,
1790405126.7678,flamesafe,200,1,109,0,1,0,
1790405126.7929,flamesafe,200,1,110,0,1,0,
1790405126.8181,flamesafe,200,1,111,0,1,0,
1790405126.8429,flamesafe,200,1,112,0,1,0,
1790405126.8680,flamesafe,200,1,113,0,1,0,
1790405126.8930,flamesafe,200,1,114,0,1,0,
1790405126.9180,flamesafe,200,1,115,0,1,0,
1790405126.9429,flamesafe,200,1,116,0,1,0,
1790405126.9680,flamesafe,200,1,117,0,1,0,
1790405126.9931,flamesafe,200,1,118,0,1,0,
1790405127.0178,flamesafe,200,1,119,0,1,0,
1790405127.0427,flamesafe,200,1,120,0,1,0,
1790405127.0677,flamesafe,200,1,121,0,1,0,
1790405127.0929,flamesafe,200,1,122,0,1,0,
1790405127.1176,flamesafe,200,1,123,0,1,0,
1790405127.1427,flamesafe,200,1,124,0,1,0,
1790405127.1678,flamesafe,200,1,125,0,1,0,
1790405127.1929,flamesafe,200,1,126,0,1,0,
1790405127.2179,flamesafe,200,1,127,0,1,0,
1790405127.2427,flamesafe,200,1,128,0,1,0,
1790405127.2678,flamesafe,200,1,129,0,1,0,
1790405127.2927,flamesafe,200,1,130,0,1,0,
1790405127.3176,flamesafe,200,1,131,0,1,0,
1790405127.3428,flamesafe,200,1,132,0,1,0,
1790405127.3678,flamesafe,200,1,133,0,1,0,
1790405127.3933,flamesafe,200,1,134,0,1,0,
1790405127.4179,flamesafe,200,1,135,0,1,0,
1790405127.4428,flamesafe,200,1,136,0,1,0,
1790405127.4678,flamesafe,200,1,137,0,1,0,
1790405127.4927,flamesafe,200,1,138,0,1,0,
1790405127.5177,flamesafe,200,1,139,0,1,0,
1790405127.5429,flamesafe,200,1,140,0,1,0,
1790405127.5680,flamesafe,200,1,141,0,1,0,
1790405127.5927,flamesafe,200,1,142,0,1,0,
1790405127.6180,flamesafe,200,1,143,0,1,0,
1790405127.6428,flamesafe,200,1,144,0,1,0,
1790405127.6680,flamesafe,200,1,145,0,1,0,
1790405127.6931,flamesafe,200,1,146,0,1,0,
1790405127.7177,flamesafe,200,1,147,0,1,0,
1790405127.7429,flamesafe,200,1,148,0,1,0,
1790405127.7676,flamesafe,200,1,149,0,1,0,
1790405127.7927,flamesafe,200,1,150,0,1,0,
1790405127.8177,flamesafe,200,1,151,0,1,0,
1790405127.8430,flamesafe,200,1,152,0,1,0,
1790405127.8681,flamesafe,200,1,153,0,1,0,
1790405127.8929,flamesafe,200,1,154,0,1,0,
1790405127.9178,flamesafe,200,1,155,0,1,0,
1790405127.9433,flamesafe,200,1,156,0,1,0,
1790405127.9678,flamesafe,200,1,157,0,1,0,
1790405127.9930,flamesafe,200,1,158,0,1,0,
1790405128.0179,flamesafe,200,1,159,0,1,0,
1790405128.0429,flamesafe,200,1,160,0,1,0,
1790405128.0678,flamesafe,200,1,161,0,1,0,
1790405128.0927,flamesafe,200,1,162,0,1,0,
1790405128.1176,flamesafe,200,1,163,0,1,0,
1790405128.1427,flamesafe,200,1,164,0,1,0,
1790405128.1677,flamesafe,200,1,165,0,1,0,
1790405128.1929,flamesafe,200,1,166,0,1,0,
1790405128.2180,flamesafe,200,1,167,0,1,0,
1790405128.2427,flamesafe,200,1,168,0,1,0,
1790405128.2679,flamesafe,200,1,169,0,1,0,
1790405128.2931,flamesafe,200,1,170,0,1,0,
1790405128.3178,flamesafe,200,1,171,0,1,0,
1790405128.3432,flamesafe,200,1,172,0,1,0,
1790405128.3679,flamesafe,200,1,173,0,1,0,
1790405128.3927,flamesafe,200,1,174,0,1,0,
1790405128.4178,flamesafe,200,1,175,0,1,0,
1790405128.4426,flamesafe,200,1,176,0,1,0,
1790405128.4677,flamesafe,200,1,177,0,1,0,
1790405128.4929,flamesafe,200,1,178,0,1,0,
1790405128.5180,flamesafe,200,1,179,0,1,0,
1790405128.5430,flamesafe,200,1,180,0,1,0,
1790405128.5677,flamesafe,200,1,181,0,1,0,
1790405128.5927,flamesafe,200,1,182,0,1,0,
1790405128.6177,flamesafe,200,1,183,0,1,0,
1790405128.6426,flamesafe,200,1,184,0,1,0,
1790405128.6681,flamesafe,200,1,185,0,1,0,
1790405128.6928,flamesafe,200,1,186,0,1,0,
1790405128.7181,flamesafe,200,1,187,0,1,0,
1790405128.7430,flamesafe,200,1,188,0,1,0,
1790405128.7677,flamesafe,200,1,189,0,1,0,
1790405128.7930,flamesafe,200,1,190,0,1,0,
1790405128.8176,flamesafe,200,1,191,0,1,0,
1790405128.8427,flamesafe,200,1,192,0,1,0,
1790405128.8681,flamesafe,200,1,193,0,1,0,
1790405128.8929,flamesafe,200,1,194,0,1,0,
1790405128.9178,flamesafe,200,1,195,0,1,0,
1790405128.9429,flamesafe,200,1,196,0,1,0,
1790405128.9676,flamesafe,200,1,197,0,1,0,
1790405128.9927,flamesafe,200,1,198,0,1,0,
1790405129.0176,flamesafe,200,1,199,0,1,0,
1790405129.0432,flamesafe,200,1,200,0,1,0,
1790405129.0679,flamesafe,200,1,201,0,1,0,
1790405129.0931,flamesafe,200,1,202,0,1,0,
1790405129.1179,flamesafe,200,1,203,0,1,0,
1790405129.1430,flamesafe,200,1,204,0,1,0,
1790405129.1681,flamesafe,200,1,205,0,1,0,
1790405129.1926,flamesafe,200,1,206,0,1,0,
1790405129.2177,flamesafe,200,1,207,0,1,0,
1790405129.2426,flamesafe,200,1,208,0,1,0,
1790405129.2676,flamesafe,200,1,209,0,1,0,
1790405129.2927,flamesafe,200,1,210,0,1,0,
1790405129.3177,flamesafe,200,1,211,0,1,0,
1790405129.3428,flamesafe,200,1,212,0,1,0,
1790405129.3679,flamesafe,200,1,213,0,1,0,
1790405129.3931,flamesafe,200,1,214,0,1,0,
1790405129.4177,flamesafe,200,1,215,0,1,0,
1790405129.4426,flamesafe,200,1,216,0,1,0,
1790405129.4677,flamesafe,200,1,217,0,1,0,
1790405129.4927,flamesafe,200,1,218,0,1,0,
1790405129.5177,flamesafe,200,1,219,0,1,0,
1790405129.5430,flamesafe,200,1,220,0,1,0,
1790405129.5680,flamesafe,200,1,221,0,1,0,
1790405129.5928,flamesafe,200,1,222,0,1,0,
1790405129.6177,flamesafe,200,1,223,0,1,0,
1790405129.6428,flamesafe,200,1,224,0,1,0,
1790405129.6676,flamesafe,200,1,225,0,1,0,
1790405129.6929,flamesafe,200,1,226,0,1,0,
1790405129.7177,flamesafe,200,1,227,0,1,0,
1790405129.7427,flamesafe,200,1,228,0,1,0,
1790405129.7679,flamesafe,200,1,229,0,1,0,
1790405129.7929,flamesafe,200,1,230,0,1,0,
1790405129.8176,flamesafe,200,1,231,0,1,0,
1790405129.8428,flamesafe,200,1,232,0,1,0,
1790405129.8678,flamesafe,200,1,233,0,1,0,
1790405129.8929,flamesafe,200,1,234,0,1,0,
1790405129.9177,flamesafe,200,1,235,0,1,0,
1790405129.9429,flamesafe,200,1,236,0,1,0,
1790405129.9676,flamesafe,200,1,237,0,1,0,
1790405129.9928,flamesafe,200,1,238,0,1,0,
1790405130.0177,flamesafe,200,1,239,0,1,0,
1790405130.0429,flamesafe,200,1,240,0,1,0,
1790405130.0676,flamesafe,200,1,241,0,1,0,
1790405130.0930,flamesafe,200,1,242,0,1,0,
1790405130.1179,flamesafe,200,1,243,0,1,0,
1790405130.1426,flamesafe,200,1,244,0,1,0,
1790405130.1681,flamesafe,200,1,245,0,1,0,
1790405130.1931,flamesafe,200,1,246,0,1,0,
1790405130.2178,flamesafe,200,1,247,0,1,0,
1790405130.2429,flamesafe,200,1,248,0,1,0,
1790405130.2676,flamesafe,200,1,249,0,1,0,
1790405130.2927,flamesafe,200,1,250,0,1,0,
1790405130.3178,flamesafe,200,1,251,0,1,0,
1790405130.3426,flamesafe,200,1,252,0,1,0,
1790405130.3677,flamesafe,200,1,253,0,1,0,
1790405130.3928,flamesafe,200,1,254,0,1,0,
1790405130.4179,flamesafe,200,1,255,0,1,0,
1790405130.4427,flamesafe,200,1,0,0,1,0,
1790405130.4678,flamesafe,200,1,1,0,1,0,
1790405130.4930,flamesafe,200,1,2,0,1,0,
1790405130.5176,flamesafe,200,1,3,0,1,0,
1790405130.5426,flamesafe,200,1,4,0,1,0,
1790405130.5679,flamesafe,200,1,5,0,1,0,
1790405130.5930,flamesafe,200,1,6,0,1,0,
1790405130.6177,flamesafe,200,1,7,0,1,0,
1790405130.6428,flamesafe,200,1,8,0,1,0,
1790405130.6676,flamesafe,200,1,9,0,1,0,
1790405130.6930,flamesafe,200,1,10,0,1,0,
1790405130.7181,flamesafe,200,1,11,0,1,0,
1790405130.7427,flamesafe,200,1,12,0,1,0,
1790405130.7678,flamesafe,200,1,13,0,1,0,
1790405130.7931,flamesafe,200,1,14,0,1,0,
1790405130.8181,flamesafe,200,1,15,0,1,0,
1790405130.8426,flamesafe,200,1,16,0,1,0,
1790405130.8680,flamesafe,200,1,17,0,1,0,
1790405130.8929,flamesafe,200,1,18,0,1,0,
1790405130.9179,flamesafe,200,1,19,0,1,0,
1790405130.9431,flamesafe,200,1,20,0,1,0,
1790405130.9678,flamesafe,200,1,21,0,1,0,
1790405130.9928,flamesafe,200,1,22,0,1,0,
1790405131.0180,flamesafe,200,1,23,0,1,0,
1790405131.0429,flamesafe,200,1,24,0,1,0,
1790405131.0678,flamesafe,200,1,25,0,1,0,
1790405131.0929,flamesafe,200,1,26,0,1,0,
1790405131.1180,flamesafe,200,1,27,0,1,0,
1790405131.1433,flamesafe,200,1,28,0,1,0,
1790405131.1679,flamesafe,200,1,29,0,1,0,
1790405131.1927,flamesafe,200,1,30,0,1,0,
1790405131.2181,flamesafe,200,1,31,0,1,0,
1790405131.2428,flamesafe,200,1,32,0,1,0,
1790405131.2680,flamesafe,200,1,33,0,1,0,
1790405131.2928,flamesafe,200,1,34,0,1,0,
1790405131.3181,flamesafe,200,1,35,0,1,0,
1790405131.3428,flamesafe,200,1,36,0,1,0,
1790405131.3677,flamesafe,200,1,37,0,1,0,
1790405131.3926,flamesafe,200,1,38,0,1,0,
1790405131.4181,flamesafe,200,1,39,0,1,0,
1790405131.4428,flamesafe,200,1,40,0,1,0,
1790405131.4680,flamesafe,200,1,41,0,1,0,
1790405131.4928,flamesafe,200,1,42,0,1,0,
1790405131.5176,flamesafe,200,1,43,0,1,0,
1790405131.5429,flamesafe,200,1,44,0,1,0,
1790405131.5679,flamesafe,200,1,45,0,1,0,
1790405131.5927,flamesafe,200,1,46,0,1,0,
1790405131.6178,flamesafe,200,1,47,0,1,0,
1790405131.6430,flamesafe,200,1,48,0,1,0,
1790405131.6677,flamesafe,200,1,49,0,1,0,
1790405131.6928,flamesafe,200,1,50,0,1,0,
1790405131.7176,flamesafe,200,1,51,0,1,0,
1790405131.7431,flamesafe,200,1,52,0,1,0,
1790405131.7676,flamesafe,200,1,53,0,1,0,
1790405131.7931,flamesafe,200,1,54,0,1,0,
1790405131.8176,flamesafe,200,1,55,0,1,0,
1790405131.8430,flamesafe,200,1,56,0,1,0,
1790405131.8678,flamesafe,200,1,57,0,1,0,
1790405131.8929,flamesafe,200,1,58,0,1,0,
1790405131.9178,flamesafe,200,1,59,0,1,0,
1790405131.9428,flamesafe,200,1,60,0,1,0,
1790405131.9679,flamesafe,200,1,61,0,1,0,
1790405131.9929,flamesafe,200,1,62,0,1,0,
1790405132.0177,flamesafe,200,1,63,0,1,0,
1790405132.0427,flamesafe,200,1,64,0,1,0,
1790405132.0680,flamesafe,200,1,65,0,1,0,
1790405132.0929,flamesafe,200,1,66,0,1,0,
1790405132.1179,flamesafe,200,1,67,0,1,0,
1790405132.1431,flamesafe,200,1,68,0,1,0,
1790405132.1679,flamesafe,200,1,69,0,1,0,
1790405132.1930,flamesafe,200,1,70,0,1,0,
1790405132.2178,flamesafe,200,1,71,0,1,0,
1790405132.2427,flamesafe,200,1,72,0,1,0,
1790405132.2679,flamesafe,200,1,73,0,1,0,
1790405132.2927,flamesafe,200,1,74,0,1,0,
1790405132.3180,flamesafe,200,1,75,0,1,0,
1790405132.3428,flamesafe,200,1,76,0,1,0,
1790405132.3680,flamesafe,200,1,77,0,1,0,
1790405132.3930,flamesafe,200,1,78,0,1,0,
1790405132.4178,flamesafe,200,1,79,0,1,0,
1790405132.4430,flamesafe,200,1,80,0,1,0,
1790405132.4681,flamesafe,200,1,81,0,1,0,
1790405132.4927,flamesafe,200,1,82,0,1,0,
1790405132.5178,flamesafe,200,1,83,0,1,0,
1790405132.5431,flamesafe,200,1,84,0,1,0,
1790405132.5677,flamesafe,200,1,85,0,1,0,
1790405132.5927,flamesafe,200,1,86,0,1,0,
1790405132.6179,flamesafe,200,1,87,0,1,0,
1790405132.6431,flamesafe,200,1,88,0,1,0,
1790405132.6679,flamesafe,200,1,89,0,1,0,
1790405132.6929,flamesafe,200,1,90,0,1,0,
1790405132.7179,flamesafe,200,1,91,0,1,0,
1790405132.7429,flamesafe,200,1,92,0,1,0,
1790405132.7680,flamesafe,200,1,93,0,1,0,
1790405132.7927,flamesafe,200,1,94,0,1,0,
1790405132.8179,flamesafe,200,1,95,0,1,0,
1790405132.8428,flamesafe,200,1,96,0,1,0,
1790405132.8677,flamesafe,200,1,97,0,1,0,
1790405132.8929,flamesafe,200,1,98,0,1,0,
1790405132.9180,flamesafe,200,1,99,0,1,0,
1790405132.9430,flamesafe,200,1,100,0,1,0,
1790405132.9680,flamesafe,200,1,101,0,1,0,
1790405132.9926,flamesafe,200,1,102,0,1,0,
1790405133.0177,flamesafe,200,1,103,0,1,0,
1790405133.0429,flamesafe,200,1,104,0,1,0,
1790405133.0680,flamesafe,200,1,105,0,1,0,
1790405133.0930,flamesafe,200,1,106,0,1,0,
1790405133.1177,flamesafe,200,1,107,0,1,0,
1790405133.1430,flamesafe,200,1,108,0,1,0,
1790405133.1677,flamesafe,200,1,109,0,1,0,
1790405133.1929,flamesafe,200,1,110,0,1,0,
1790405133.2177,flamesafe,200,1,111,0,1,0,
1790405133.2433,flamesafe,200,1,112,0,1,0,
1790405133.2681,flamesafe,200,1,113,0,1,0,
1790405133.2928,flamesafe,200,1,114,0,1,0,
1790405133.3177,flamesafe,200,1,115,0,1,0,
1790405133.3430,flamesafe,200,1,116,0,1,0,
1790405133.3681,flamesafe,200,1,117,0,1,0,
1790405133.3930,flamesafe,200,1,118,0,1,0,
1790405133.4181,flamesafe,200,1,119,0,1,0,
1790405133.4430,flamesafe,200,1,120,0,1,0,
1790405133.4681,flamesafe,200,1,121,0,1,0,
1790405133.4929,flamesafe,200,1,122,0,1,0,
1790405133.5181,flamesafe,200,1,123,0,1,0,
1790405133.5431,flamesafe,200,1,124,0,1,0,
1790405133.5679,flamesafe,200,1,125,0,1,0,
1790405133.5929,flamesafe,200,1,126,0,1,0,
1790405133.6178,flamesafe,200,1,127,0,1,0,
1790405133.6426,flamesafe,200,1,128,0,1,0,
1790405133.6678,flamesafe,200,1,129,0,1,0,
1790405133.6928,flamesafe,200,1,130,0,1,0,
1790405133.7180,flamesafe,200,1,131,0,1,0,
1790405133.7429,flamesafe,200,1,132,0,1,0,
1790405133.7678,flamesafe,200,1,133,0,1,0,
1790405133.7930,flamesafe,200,1,134,0,1,0,
1790405133.8181,flamesafe,200,1,135,0,1,0,
1790405133.8432,flamesafe,200,1,136,0,1,0,
1790405133.8679,flamesafe,200,1,137,0,1,0,
1790405133.8931,flamesafe,200,1,138,0,1,0,
1790405133.9180,flamesafe,200,1,139,0,1,0,
1790405133.9434,flamesafe,200,1,140,0,1,0,
1790405133.9676,flamesafe,200,1,141,0,1,0,
1790405133.9928,flamesafe,200,1,142,0,1,0,
1790405134.0181,flamesafe,200,1,143,0,1,0,
1790405134.0430,flamesafe,200,1,144,0,1,0,
1790405134.0679,flamesafe,200,1,145,0,1,0,
1790405134.0929,flamesafe,200,1,146,0,1,0,
1790405134.1179,flamesafe,200,1,147,0,1,0,
1790405134.1430,flamesafe,200,1,148,0,1,0,
1790405134.1681,flamesafe,200,1,149,0,1,0,
1790405134.1928,flamesafe,200,1,150,0,1,0,
1790405134.2180,flamesafe,200,1,151,0,1,0,
1790405134.2426,flamesafe,200,1,152,0,1,0,
1790405134.2676,flamesafe,200,1,153,0,1,0,
1790405134.2928,flamesafe,200,1,154,0,1,0,
1790405134.3180,flamesafe,200,1,155,0,1,0,
1790405134.3430,flamesafe,200,1,156,0,1,0,
1790405134.3679,flamesafe,200,1,157,0,1,0,
1790405134.3930,flamesafe,200,1,158,0,1,0,
1790405134.4179,flamesafe,200,1,159,0,1,0,
1790405134.4430,flamesafe,200,1,160,0,1,0,
1790405134.4679,flamesafe,200,1,161,0,1,0,
1790405134.4928,flamesafe,200,1,162,0,1,0,
1790405134.5178,flamesafe,200,1,163,0,1,0,
1790405134.5426,flamesafe,200,1,164,0,1,0,
1790405134.5680,flamesafe,200,1,165,0,1,0,
1790405134.5931,flamesafe,200,1,166,0,1,0,
1790405134.6178,flamesafe,200,1,167,0,1,0,
1790405134.6428,flamesafe,200,1,168,0,1,0,
1790405134.6679,flamesafe,200,1,169,0,1,0,
1790405134.6928,flamesafe,200,1,170,0,1,0,
1790405134.7178,flamesafe,200,1,171,0,1,0,
1790405134.7426,flamesafe,200,1,172,0,1,0,
1790405134.7679,flamesafe,200,1,173,0,1,0,
1790405134.7928,flamesafe,200,1,174,0,1,0,
1790405134.8178,flamesafe,200,1,175,0,1,0,
1790405134.8431,flamesafe,200,1,176,0,1,0,
1790405134.8679,flamesafe,200,1,177,0,1,0,
1790405134.8928,flamesafe,200,1,178,0,1,0,
1790405134.9178,flamesafe,200,1,179,0,1,0,
1790405134.9430,flamesafe,200,1,180,0,1,0,
1790405134.9676,flamesafe,200,1,181,0,1,0,
1790405134.9927,flamesafe,200,1,182,0,1,0,
1790405135.0180,flamesafe,200,1,183,0,1,0,
1790405135.0427,flamesafe,200,1,184,0,1,0,
1790405135.0678,flamesafe,200,1,185,0,1,0,
1790405135.0929,flamesafe,200,1,186,0,1,0,
1790405135.1181,flamesafe,200,1,187,0,1,0,
1790405135.1430,flamesafe,200,1,188,0,1,0,
1790405135.1680,flamesafe,200,1,189,0,1,0,
1790405135.1930,flamesafe,200,1,190,0,1,0,
1790405135.2178,flamesafe,200,1,191,0,1,0,
1790405135.2430,flamesafe,200,1,192,0,1,0,
1790405135.2676,flamesafe,200,1,193,0,1,0,
1790405135.2928,flamesafe,200,1,194,0,1,0,
1790405135.3179,flamesafe,200,1,195,0,1,0,
1790405135.3428,flamesafe,200,1,196,0,1,0,
1790405135.3679,flamesafe,200,1,197,0,1,0,
1790405135.3930,flamesafe,200,1,198,0,1,0,
1790405135.4180,flamesafe,200,1,199,0,1,0,
1790405135.4426,flamesafe,200,1,200,0,1,0,
1790405135.4677,flamesafe,200,1,201,0,1,0,
1790405135.4929,flamesafe,200,1,202,0,1,0,
1790405135.5176,flamesafe,200,1,203,0,1,0,
1790405135.5431,flamesafe,200,1,204,0,1,0,
1790405135.5677,flamesafe,200,1,205,0,1,0,
1790405135.5929,flamesafe,200,1,206,0,1,0,
1790405135.6179,flamesafe,200,1,207,0,1,0,
1790405135.6428,flamesafe,200,1,208,0,1,0,
1790405135.6676,flamesafe,200,1,209,0,1,0,
1790405135.6928,flamesafe,200,1,210,0,1,0,
1790405135.7176,flamesafe,200,1,211,0,1,0,
1790405135.7427,flamesafe,200,1,212,0,1,0,
1790405135.7678,flamesafe,200,1,213,0,1,0,
1790405135.7927,flamesafe,200,1,214,0,1,0,
1790405135.8180,flamesafe,200,1,215,0,1,0,
1790405135.8430,flamesafe,200,1,216,0,1,0,
1790405135.8678,flamesafe,200,1,217,0,1,0,
1790405135.8929,flamesafe,200,1,218,0,1,0,
1790405135.9178,flamesafe,200,1,219,0,1,0,
1790405135.9428,flamesafe,200,1,220,0,1,0,
1790405135.9677,flamesafe,200,1,221,0,1,0,
1790405135.9928,flamesafe,200,1,222,0,1,0,
1790405136.0178,flamesafe,200,1,223,0,1,0,
1790405136.0430,flamesafe,200,1,224,0,1,0,
1790405136.0676,flamesafe,200,1,225,0,1,0,
1790405136.0927,flamesafe,200,1,226,0,1,0,
1790405136.1176,flamesafe,200,1,227,0,1,0,
1790405136.1426,flamesafe,200,1,228,0,1,0,
1790405136.1680,flamesafe,200,1,229,0,1,0,
1790405136.1929,flamesafe,200,1,230,0,1,0,
1790405136.2179,flamesafe,200,1,231,0,1,0,
1790405136.2429,flamesafe,200,1,232,0,1,0,
1790405136.2681,flamesafe,200,1,233,0,1,0,
1790405136.2928,flamesafe,200,1,234,0,1,0,
1790405136.3179,flamesafe,200,1,235,0,1,0,
1790405136.3430,flamesafe,200,1,236,0,1,0,
1790405136.3680,flamesafe,200,1,237,0,1,0,
1790405136.3927,flamesafe,200,1,238,0,1,0,
1790405136.4177,flamesafe,200,1,239,0,1,0,
1790405136.4430,flamesafe,200,1,240,0,1,0,
1790405136.4677,flamesafe,200,1,241,0,1,0,
1790405136.4931,flamesafe,200,1,242,0,1,0,
1790405136.5177,flamesafe,200,1,243,0,1,0,
1790405136.5430,flamesafe,200,1,244,0,1,0,
1790405136.5678,flamesafe,200,1,245,0,1,0,
1790405136.5930,flamesafe,200,1,246,0,1,0,
1790405136.6181,flamesafe,200,1,247,0,1,0,
1790405136.6427,flamesafe,200,1,248,0,1,0,
1790405136.6678,flamesafe,200,1,249,0,1,0,
1790405136.6929,flamesafe,200,1,250,0,1,0,
1790405136.7176,flamesafe,200,1,251,0,1,0,
1790405136.7432,flamesafe,200,1,252,0,1,0,
1790405136.7680,flamesafe,200,1,253,0,1,0,
1790405136.7929,flamesafe,200,1,254,0,1,0,
1790405136.8181,flamesafe,200,1,255,0,1,0,
1790405136.8430,flamesafe,200,1,0,0,1,0,
1790405136.8677,flamesafe,200,1,1,0,1,0,
1790405136.8929,flamesafe,200,1,2,0,1,0,
1790405136.9178,flamesafe,200,1,3,0,1,0,
1790405136.9430,flamesafe,200,1,4,0,1,0,
1790405136.9680,flamesafe,200,1,5,0,1,0,
1790405136.9932,flamesafe,200,1,6,0,1,0,
1790405137.0177,flamesafe,200,1,7,0,1,0,
1790405137.0431,flamesafe,200,1,8,0,1,0,
1790405137.0678,flamesafe,200,1,9,0,1,0,
1790405137.0930,flamesafe,200,1,10,0,1,0,
1790405137.1180,flamesafe,200,1,11,0,1,0,
1790405137.1431,flamesafe,200,1,12,0,1,0,
1790405137.1678,flamesafe,200,1,13,0,1,0,
1790405137.1929,flamesafe,200,1,14,0,1,0,
1790405137.2176,flamesafe,200,1,15,0,1,0,
1790405137.2428,flamesafe,200,1,16,0,1,0,
1790405137.2678,flamesafe,200,1,17,0,1,0,
1790405137.2929,flamesafe,200,1,18,0,1,0,
1790405137.3179,flamesafe,200,1,19,0,1,0,
1790405137.3429,flamesafe,200,1,20,0,1,0,
1790405137.3679,flamesafe,200,1,21,0,1,0,
1790405137.3930,flamesafe,200,1,22,0,1,0,
1790405137.4181,flamesafe,200,1,23,0,1,0,
1790405137.4431,flamesafe,200,1,24,0,1,0,
1790405137.4678,flamesafe,200,1,25,0,1,0,
1790405137.4927,flamesafe,200,1,26,0,1,0,
1790405137.5181,flamesafe,200,1,27,0,1,0,
1790405137.5430,flamesafe,200,1,28,0,1,0,
1790405137.5680,flamesafe,200,1,29,0,1,0,
1790405137.5930,flamesafe,200,1,30,0,1,0,
1790405137.6177,flamesafe,200,1,31,0,1,0,
1790405137.6429,flamesafe,200,1,32,0,1,0,
1790405137.6680,flamesafe,200,1,33,0,1,0,
1790405137.6931,flamesafe,200,1,34,0,1,0,
1790405137.7178,flamesafe,200,1,35,0,1,0,
1790405137.7431,flamesafe,200,1,36,0,1,0,
1790405137.7677,flamesafe,200,1,37,0,1,0,
1790405137.7930,flamesafe,200,1,38,0,1,0,
1790405137.8176,flamesafe,200,1,39,0,1,0,
1790405137.8429,flamesafe,200,1,40,0,1,0,
1790405137.8678,flamesafe,200,1,41,0,1,0,
1790405137.8930,flamesafe,200,1,42,0,1,0,
1790405137.9176,flamesafe,200,1,43,0,1,0,
1790405137.9428,flamesafe,200,1,44,0,1,0,
1790405137.9681,flamesafe,200,1,45,0,1,0,
1790405137.9927,flamesafe,200,1,46,0,1,0,
1790405138.0180,flamesafe,200,1,47,0,1,0,
1790405138.0431,flamesafe,200,1,48,0,1,0,
1790405138.0681,flamesafe,200,1,49,0,1,0,
1790405138.0929,flamesafe,200,1,50,0,1,0,
1790405138.1176,flamesafe,200,1,51,0,1,0,
1790405138.1427,flamesafe,200,1,52,0,1,0,
1790405138.1678,flamesafe,200,1,53,0,1,0,
1790405138.1927,flamesafe,200,1,54,0,1,0,
1790405138.2178,flamesafe,200,1,55,0,1,0,
1790405138.2427,flamesafe,200,1,56,0,1,0,
1790405138.2680,flamesafe,200,1,57,0,1,0,
1790405138.2929,flamesafe,200,1,58,0,1,0,
1790405138.3179,flamesafe,200,1,59,0,1,0,
1790405138.3429,flamesafe,200,1,60,0,1,0,
1790405138.3680,flamesafe,200,1,61,0,1,0,
1790405138.3931,flamesafe,200,1,62,0,1,0,
1790405138.4180,flamesafe,200,1,63,0,1,0,
1790405138.4427,flamesafe,200,1,64,0,1,0,
1790405138.4677,flamesafe,200,1,65,0,1,0,
1790405138.4927,flamesafe,200,1,66,0,1,0,
1790405138.5176,flamesafe,200,1,67,0,1,0,
1790405138.5428,flamesafe,200,1,68,0,1,0,
1790405138.5681,flamesafe,200,1,69,0,1,0,
1790405138.5927,flamesafe,200,1,70,0,1,0,
1790405138.6178,flamesafe,200,1,71,0,1,0,
1790405138.6427,flamesafe,200,1,72,0,1,0,
1790405138.6681,flamesafe,200,1,73,0,1,0,
1790405138.6930,flamesafe,200,1,74,0,1,0,
1790405138.7178,flamesafe,200,1,75,0,1,0,
1790405138.7426,flamesafe,200,1,76,0,1,0,
1790405138.7677,flamesafe,200,1,77,0,1,0,
1790405138.7930,flamesafe,200,1,78,0,1,0,
1790405138.8179,flamesafe,200,1,79,0,1,0,
1790405138.8429,flamesafe,200,1,80,0,1,0,
1790405138.8677,flamesafe,200,1,81,0,1,0,
1790405138.8929,flamesafe,200,1,82,0,1,0,
1790405138.9176,flamesafe,200,1,83,0,1,0,
1790405138.9428,flamesafe,200,1,84,0,1,0,
1790405138.9680,flamesafe,200,1,85,0,1,0,
1790405138.9931,flamesafe,200,1,86,0,1,0,
1790405139.0180,flamesafe,200,1,87,0,1,0,
1790405139.0430,flamesafe,200,1,88,0,1,0,
1790405139.0680,flamesafe,200,1,89,0,1,0,
1790405139.0930,flamesafe,200,1,90,0,1,0,
1790405139.1177,flamesafe,200,1,91,0,1,0,
1790405139.1431,flamesafe,200,1,92,0,1,0,
1790405139.1680,flamesafe,200,1,93,0,1,0,
1790405139.1931,flamesafe,200,1,94,0,1,0,
1790405139.2177,flamesafe,200,1,95,0,1,0,
1790405139.2428,flamesafe,200,1,96,0,1,0,
1790405139.2679,flamesafe,200,1,97,0,1,0,
1790405139.2929,flamesafe,200,1,98,0,1,0,
1790405139.3178,flamesafe,200,1,99,0,1,0,
1790405139.3431,flamesafe,200,1,100,0,1,0,
1790405139.3681,flamesafe,200,1,101,0,1,0,
1790405139.3930,flamesafe,200,1,102,0,1,0,
1790405139.4179,flamesafe,200,1,103,0,1,0,
1790405139.4430,flamesafe,200,1,104,0,1,0,
1790405139.4679,flamesafe,200,1,105,0,1,0,
1790405139.4927,flamesafe,200,1,106,0,1,0,
1790405139.5178,flamesafe,200,1,107,0,1,0,
1790405139.5429,flamesafe,200,1,108,0,1,0,
1790405139.5679,flamesafe,200,1,109,0,1,0,
1790405139.5931,flamesafe,200,1,110,0,1,0,
1790405139.6178,flamesafe,200,1,111,0,1,0,
1790405139.6426,flamesafe,200,1,112,0,1,0,
1790405139.6677,flamesafe,200,1,113,0,1,0,
1790405139.6929,flamesafe,200,1,114,0,1,0,
1790405139.7178,flamesafe,200,1,115,0,1,0,
1790405139.7431,flamesafe,200,1,116,0,1,0,
1790405139.7680,flamesafe,200,1,117,0,1,0,
1790405139.7927,flamesafe,200,1,118,0,1,0,
1790405139.8179,flamesafe,200,1,119,0,1,0,
1790405139.8427,flamesafe,200,1,120,0,1,0,
1790405139.8681,flamesafe,200,1,121,0,1,0,
1790405139.8928,flamesafe,200,1,122,0,1,0,
1790405139.9181,flamesafe,200,1,123,0,1,0,
1790405139.9430,flamesafe,200,1,124,0,1,0,
1790405139.9677,flamesafe,200,1,125,0,1,0,
1790405139.9926,flamesafe,200,1,126,0,1,0,
1790405140.0180,flamesafe,200,1,127,0,1,0,
1790405140.0427,flamesafe,200,1,128,0,1,0,
1790405140.0677,flamesafe,200,1,129,0,1,0,
1790405140.0928,flamesafe,200,1,130,0,1,0,
1790405140.1180,flamesafe,200,1,131,0,1,0,
1790405140.1426,flamesafe,200,1,132,0,1,0,
1790405140.1680,flamesafe,200,1,133,0,1,0,
1790405140.1926,flamesafe,200,1,134,0,1,0,
1790405140.2178,flamesafe,200,1,135,0,1,0,
1790405140.2428,flamesafe,200,1,136,0,1,0,
1790405140.2679,flamesafe,200,1,137,0,1,0,
1790405140.2929,flamesafe,200,1,138,0,1,0,
1790405140.3178,flamesafe,200,1,139,0,1,0,
1790405140.3429,flamesafe,200,1,140,0,1,0,
1790405140.3680,flamesafe,200,1,141,0,1,0,
1790405140.3932,flamesafe,200,1,142,0,1,0,
1790405140.4180,flamesafe,200,1,143,0,1,0,
1790405140.4428,flamesafe,200,1,144,0,1,0,
1790405140.4680,flamesafe,200,1,145,0,1,0,
1790405140.4930,flamesafe,200,1,146,0,1,0,
1790405140.5178,flamesafe,200,1,147,0,1,0,
1790405140.5427,flamesafe,200,1,148,0,1,0,
1790405140.5676,flamesafe,200,1,149,0,1,0,
1790405140.5928,flamesafe,200,1,150,0,1,0,
1790405140.6178,flamesafe,200,1,151,0,1,0,
1790405140.6430,flamesafe,200,1,152,0,1,0,
1790405140.6681,flamesafe,200,1,153,0,1,0,
1790405140.6927,flamesafe,200,1,154,0,1,0,
1790405140.7180,flamesafe,200,1,155,0,1,0,
1790405140.7428,flamesafe,200,1,156,0,1,0,
1790405140.7676,flamesafe,200,1,157,0,1,0,
1790405140.7928,flamesafe,200,1,158,0,1,0,
1790405140.8180,flamesafe,200,1,159,0,1,0,
1790405140.8426,flamesafe,200,1,160,0,1,0,
1790405140.8680,flamesafe,200,1,161,0,1,0,
1790405140.8930,flamesafe,200,1,162,0,1,0,
1790405140.9177,flamesafe,200,1,163,0,1,0,
1790405140.9426,flamesafe,200,1,164,0,1,0,
1790405140.9679,flamesafe,200,1,165,0,1,0,
1790405140.9929,flamesafe,200,1,166,0,1,0,
1790405141.0177,flamesafe,200,1,167,0,1,0,
1790405141.0430,flamesafe,200,1,168,0,1,0,
1790405141.0677,flamesafe,200,1,169,0,1,0,
1790405141.0926,flamesafe,200,1,170,0,1,0,
1790405141.1180,flamesafe,200,1,171,0,1,0,
1790405141.1429,flamesafe,200,1,172,0,1,0,
1790405141.1677,flamesafe,200,1,173,0,1,0,
1790405141.1928,flamesafe,200,1,174,0,1,0,
1790405141.2176,flamesafe,200,1,175,0,1,0,
1790405141.2430,flamesafe,200,1,176,0,1,0,
1790405141.2679,flamesafe,200,1,177,0,1,0,
1790405141.2929,flamesafe,200,1,178,0,1,0,
1790405141.3177,flamesafe,200,1,179,0,1,0,
1790405141.3428,flamesafe,200,1,180,0,1,0,
1790405141.3677,flamesafe,200,1,181,0,1,0,
1790405141.3930,flamesafe,200,1,182,0,1,0,
1790405141.4181,flamesafe,200,1,183,0,1,0,
1790405141.4426,flamesafe,200,1,184,0,1,0,
1790405141.4679,flamesafe,200,1,185,0,1,0,
1790405141.4926,flamesafe,200,1,186,0,1,0,
1790405141.5178,flamesafe,200,1,187,0,1,0,
1790405141.5429,flamesafe,200,1,188,0,1,0,
1790405141.5678,flamesafe,200,1,189,0,1,0,
1790405141.5928,flamesafe,200,1,190,0,1,0,
1790405141.6177,flamesafe,200,1,191,0,1,0,
1790405141.6428,flamesafe,200,1,192,0,1,0,
1790405141.6677,flamesafe,200,1,193,0,1,0,
1790405141.6932,flamesafe,200,1,194,0,1,0,
1790405141.7178,flamesafe,200,1,195,0,1,0,
1790405141.7426,flamesafe,200,1,196,0,1,0,
1790405141.7677,flamesafe,200,1,197,0,1,0,
1790405141.7927,flamesafe,200,1,198,0,1,0,
1790405141.8179,flamesafe,200,1,199,0,1,0,
1790405141.8429,flamesafe,200,1,200,0,1,0,
1790405141.8677,flamesafe,200,1,201,0,1,0,
1790405141.8929,flamesafe,200,1,202,0,1,0,
1790405141.9179,flamesafe,200,1,203,0,1,0,
1790405141.9428,flamesafe,200,1,204,0,1,0,
1790405141.9680,flamesafe,200,1,205,0,1,0,
1790405141.9930,flamesafe,200,1,206,0,1,0,
1790405142.0180,flamesafe,200,1,207,0,1,0,
1790405142.0427,flamesafe,200,1,208,0,1,0,
1790405142.0677,flamesafe,200,1,209,0,1,0,
1790405142.0928,flamesafe,200,1,210,0,1,0,
1790405142.1179,flamesafe,200,1,211,0,1,0,
1790405142.1429,flamesafe,200,1,212,0,1,0,
1790405142.1678,flamesafe,200,1,213,0,1,0,
1790405142.1926,flamesafe,200,1,214,0,1,0,
1790405142.2180,flamesafe,200,1,215,0,1,0,
1790405142.2431,flamesafe,200,1,216,0,1,0,
1790405142.2678,flamesafe,200,1,217,0,1,0,
1790405142.2930,flamesafe,200,1,218,0,1,0,
1790405142.3179,flamesafe,200,1,219,0,1,0,
1790405142.3428,flamesafe,200,1,220,0,1,0,
1790405142.3677,flamesafe,200,1,221,0,1,0,
1790405142.3928,flamesafe,200,1,222,0,1,0,
1790405142.4179,flamesafe,200,1,223,0,1,0,
1790405142.4428,flamesafe,200,1,224,0,1,0,
1790405142.4681,flamesafe,200,1,225,0,1,0,
1790405142.4928,flamesafe,200,1,226,0,1,0,
1790405142.5177,flamesafe,200,1,227,0,1,0,
1790405142.5427,flamesafe,200,1,228,0,1,0,
1790405142.5676,flamesafe,200,1,229,0,1,0,
1790405142.5930,flamesafe,200,1,230,0,1,0,
1790405142.6181,flamesafe,200,1,231,0,1,0,
1790405142.6430,flamesafe,200,1,232,0,1,0,
1790405142.6679,flamesafe,200,1,233,0,1,0,
1790405142.6932,flamesafe,200,1,234,0,1,0,
1790405142.7180,flamesafe,200,1,235,0,1,0,
1790405142.7431,flamesafe,200,1,236,0,1,0,
1790405142.7679,flamesafe,200,1,237,0,1,0,
1790405142.7929,flamesafe,200,1,238,0,1,0,
1790405142.8178,flamesafe,200,1,239,0,1,0,
1790405142.8428,flamesafe,200,1,240,0,1,0,
1790405142.8680,flamesafe,200,1,241,0,1,0,
1790405142.8929,flamesafe,200,1,242,0,1,0,
1790405142.9181,flamesafe,200,1,243,0,1,0,
1790405142.9428,flamesafe,200,1,244,0,1,0,
1790405142.9681,flamesafe,200,1,245,0,1,0,
1790405142.9926,flamesafe,200,1,246,0,1,0,
1790405143.0176,flamesafe,200,1,247,0,1,0,
1790405143.0426,flamesafe,200,1,248,0,1,0,
1790405143.0677,flamesafe,200,1,249,0,1,0,
1790405143.0927,flamesafe,200,1,250,0,1,0,
1790405143.1180,flamesafe,200,1,251,0,1,0,
1790405143.1428,flamesafe,200,1,252,0,1,0,
1790405143.1677,flamesafe,200,1,253,0,1,0,
1790405143.1927,flamesafe,200,1,254,0,1,0,
1790405143.2180,flamesafe,200,1,255,0,1,0,
1790405143.2430,flamesafe,200,1,0,0,1,0,
1790405143.2678,flamesafe,200,1,1,0,1,0,
1790405143.2927,flamesafe,200,1,2,0,1,0,
1790405143.3177,flamesafe,200,1,3,0,1,0,
1790405143.3428,flamesafe,200,1,4,0,1,0,
1790405143.3680,flamesafe,200,1,5,0,1,0,
1790405143.3926,flamesafe,200,1,6,0,1,0,
1790405143.4176,flamesafe,200,1,7,0,1,0,
1790405143.4428,flamesafe,200,1,8,0,1,0,
1790405143.4676,flamesafe,200,1,9,0,1,0,
1790405143.4927,flamesafe,200,1,10,0,1,0,
1790405143.5177,flamesafe,200,1,11,0,1,0,
1790405143.5427,flamesafe,200,1,12,0,1,0,
1790405143.5679,flamesafe,200,1,13,0,1,0,
1790405143.5928,flamesafe,200,1,14,0,1,0,
1790405143.6180,flamesafe,200,1,15,0,1,0,
1790405143.6428,flamesafe,200,1,16,0,1,0,
1790405143.6681,flamesafe,200,1,17,0,1,0,
1790405143.6927,flamesafe,200,1,18,0,1,0,
1790405143.7178,flamesafe,200,1,19,0,1,0,
1790405143.7428,flamesafe,200,1,20,0,1,0,
1790405143.7677,flamesafe,200,1,21,0,1,0,
1790405143.7926,flamesafe,200,1,22,0,1,0,
1790405143.8177,flamesafe,200,1,23,0,1,0,
1790405143.8428,flamesafe,200,1,24,0,1,0,
1790405143.8678,flamesafe,200,1,25,0,1,0,
1790405143.8927,flamesafe,200,1,26,0,1,0,
1790405143.9180,flamesafe,200,1,27,0,1,0,
1790405143.9427,flamesafe,200,1,28,0,1,0,
1790405143.9676,flamesafe,200,1,29,0,1,0,
1790405143.9929,flamesafe,200,1,30,0,1,0,
1790405144.0179,flamesafe,200,1,31,0,1,0,
1790405144.0426,flamesafe,200,1,32,0,1,0,
1790405144.0677,flamesafe,200,1,33,0,1,0,
1790405144.0928,flamesafe,200,1,34,0,1,0,
1790405144.1177,flamesafe,200,1,35,0,1,0,
1790405144.1429,flamesafe,200,1,36,0,1,0,
1790405144.1676,flamesafe,200,1,37,0,1,0,
1790405144.1930,flamesafe,200,1,38,0,1,0,
1790405144.2176,flamesafe,200,1,39,0,1,0,
1790405144.2431,flamesafe,200,1,40,0,1,0,
1790405144.2680,flamesafe,200,1,41,0,1,0,
1790405144.2928,flamesafe,200,1,42,0,1,0,
1790405144.3178,flamesafe,200,1,43,0,1,0,
1790405144.3428,flamesafe,200,1,44,0,1,0,
1790405144.3680,flamesafe,200,1,45,0,1,0,
1790405144.3929,flamesafe,200,1,46,0,1,0,
1790405144.4177,flamesafe,200,1,47,0,1,0,
1790405144.4429,flamesafe,200,1,48,0,1,0,
1790405144.4679,flamesafe,200,1,49,0,1,0,
1790405144.4928,flamesafe,200,1,50,0,1,0,
1790405144.5177,flamesafe,200,1,51,0,1,0,
1790405144.5427,flamesafe,200,1,52,0,1,0,
1790405144.5677,flamesafe,200,1,53,0,1,0,
1790405144.5929,flamesafe,200,1,54,0,1,0,
1790405144.6180,flamesafe,200,1,55,0,1,0,
1790405144.6427,flamesafe,200,1,56,0,1,0,
1790405144.6681,flamesafe,200,1,57,0,1,0,
1790405144.6929,flamesafe,200,1,58,0,1,0,
1790405144.7180,flamesafe,200,1,59,0,1,0,
1790405144.7429,flamesafe,200,1,60,0,1,0,
1790405144.7681,flamesafe,200,1,61,0,1,0,
1790405144.7929,flamesafe,200,1,62,0,1,0,
1790405144.8181,flamesafe,200,1,63,0,1,0,
1790405144.8429,flamesafe,200,1,64,0,1,0,
1790405144.8678,flamesafe,200,1,65,0,1,0,
1790405144.8927,flamesafe,200,1,66,0,1,0,
1790405144.9177,flamesafe,200,1,67,0,1,0,
1790405144.9430,flamesafe,200,1,68,0,1,0,
1790405144.9679,flamesafe,200,1,69,0,1,0,
1790405144.9931,flamesafe,200,1,70,0,1,0,
1790405145.0181,flamesafe,200,1,71,0,1,0,
1790405145.0429,flamesafe,200,1,72,0,1,0,
1790405145.0678,flamesafe,200,1,73,0,1,0,
1790405145.0929,flamesafe,200,1,74,0,1,0,
1790405145.1178,flamesafe,200,1,75,0,1,0,
1790405145.1428,flamesafe,200,1,76,0,1,0,
1790405145.1680,flamesafe,200,1,77,0,1,0,
1790405145.1929,flamesafe,200,1,78,0,1,0,
1790405145.2177,flamesafe,200,1,79,0,1,0,
1790405145.2429,flamesafe,200,1,80,0,1,0,
1790405145.2680,flamesafe,200,1,81,0,1,0,
1790405145.2926,flamesafe,200,1,82,0,1,0,
1790405145.3177,flamesafe,200,1,83,0,1,0,
1790405145.3429,flamesafe,200,1,84,0,1,0,
1790405145.3677,flamesafe,200,1,85,0,1,0,
1790405145.3927,flamesafe,200,1,86,0,1,0,
1790405145.4177,flamesafe,200,1,87,0,1,0,
1790405145.4429,flamesafe,200,1,88,0,1,0,
1790405145.4679,flamesafe,200,1,89,0,1,0,
1790405145.4929,flamesafe,200,1,90,0,1,0,
1790405145.5180,flamesafe,200,1,91,0,1,0,
1790405145.5428,flamesafe,200,1,92,0,1,0,
1790405145.5680,flamesafe,200,1,93,0,1,0,
1790405145.5927,flamesafe,200,1,94,0,1,0,
1790405145.6177,flamesafe,200,1,95,0,1,0,
1790405145.6429,flamesafe,200,1,96,0,1,0,
1790405145.6680,flamesafe,200,1,97,0,1,0,
1790405145.6928,flamesafe,200,1,98,0,1,0,
1790405145.7181,flamesafe,200,1,99,0,1,0,
1790405145.7430,flamesafe,200,1,100,0,1,0,
1790405145.7679,flamesafe,200,1,101,0,1,0,
1790405145.7930,flamesafe,200,1,102,0,1,0,
1790405145.8177,flamesafe,200,1,103,0,1,0,
1790405145.8430,flamesafe,200,1,104,0,1,0,
1790405145.8678,flamesafe,200,1,105,0,1,0,
1790405145.8930,flamesafe,200,1,106,0,1,0,
1790405145.9177,flamesafe,200,1,107,0,1,0,
1790405145.9430,flamesafe,200,1,108,0,1,0,
1790405145.9678,flamesafe,200,1,109,0,1,0,
1790405145.9928,flamesafe,200,1,110,0,1,0,
1790405146.0179,flamesafe,200,1,111,0,1,0,
1790405146.0430,flamesafe,200,1,112,0,1,0,
1790405146.0679,flamesafe,200,1,113,0,1,0,
1790405146.0931,flamesafe,200,1,114,0,1,0,
1790405146.1177,flamesafe,200,1,115,0,1,0,
1790405146.1429,flamesafe,200,1,116,0,1,0,
1790405146.1681,flamesafe,200,1,117,0,1,0,
1790405146.1929,flamesafe,200,1,118,0,1,0,
1790405146.2176,flamesafe,200,1,119,0,1,0,
1790405146.2431,flamesafe,200,1,120,0,1,0,
1790405146.2678,flamesafe,200,1,121,0,1,0,
1790405146.2931,flamesafe,200,1,122,0,1,0,
1790405146.3177,flamesafe,200,1,123,0,1,0,
1790405146.3428,flamesafe,200,1,124,0,1,0,
1790405146.3680,flamesafe,200,1,125,0,1,0,
1790405146.3929,flamesafe,200,1,126,0,1,0,
1790405146.4176,flamesafe,200,1,127,0,1,0,
1790405146.4427,flamesafe,200,1,128,0,1,0,
1790405146.4679,flamesafe,200,1,129,0,1,0,
1790405146.4930,flamesafe,200,1,130,0,1,0,
1790405146.5178,flamesafe,200,1,131,0,1,0,
1790405146.5430,flamesafe,200,1,132,0,1,0,
1790405146.5676,flamesafe,200,1,133,0,1,0,
1790405146.5926,flamesafe,200,1,134,0,1,0,
1790405146.6181,flamesafe,200,1,135,0,1,0,
1790405146.6431,flamesafe,200,1,136,0,1,0,
1790405146.6681,flamesafe,200,1,137,0,1,0,
1790405146.6926,flamesafe,200,1,138,0,1,0,
1790405146.7181,flamesafe,200,1,139,0,1,0,
1790405146.7430,flamesafe,200,1,140,0,1,0,
1790405146.7679,flamesafe,200,1,141,0,1,0,
1790405146.7931,flamesafe,200,1,142,0,1,0,
1790405146.8177,flamesafe,200,1,143,0,1,0,
1790405146.8430,flamesafe,200,1,144,0,1,0,
1790405146.8678,flamesafe,200,1,145,0,1,0,
1790405146.8930,flamesafe,200,1,146,0,1,0,
1790405146.9180,flamesafe,200,1,147,0,1,0,
1790405146.9427,flamesafe,200,1,148,0,1,0,
1790405146.9680,flamesafe,200,1,149,0,1,0,
1790405146.9927,flamesafe,200,1,150,0,1,0,
1790405147.0181,flamesafe,200,1,151,0,1,0,
1790405147.0431,flamesafe,200,1,152,0,1,0,
1790405147.0677,flamesafe,200,1,153,0,1,0,
1790405147.0929,flamesafe,200,1,154,0,1,0,
1790405147.1179,flamesafe,200,1,155,0,1,0,
1790405147.1427,flamesafe,200,1,156,0,1,0,
1790405147.1676,flamesafe,200,1,157,0,1,0,
1790405147.1926,flamesafe,200,1,158,0,1,0,
1790405147.2179,flamesafe,200,1,159,0,1,0,
1790405147.2430,flamesafe,200,1,160,0,1,0,
1790405147.2680,flamesafe,200,1,161,0,1,0,
1790405147.2928,flamesafe,200,1,162,0,1,0,
1790405147.3177,flamesafe,200,1,163,0,1,0,
1790405147.3426,flamesafe,200,1,164,0,1,0,
1790405147.3681,flamesafe,200,1,165,0,1,0,
1790405147.3928,flamesafe,200,1,166,0,1,0,
1790405147.4177,flamesafe,200,1,167,0,1,0,
1790405147.4429,flamesafe,200,1,168,0,1,0,
1790405147.4678,flamesafe,200,1,169,0,1,0,
1790405147.4928,flamesafe,200,1,170,0,1,0,
1790405147.5178,flamesafe,200,1,171,0,1,0,
1790405147.5431,flamesafe,200,1,172,0,1,0,
1790405147.5680,flamesafe,200,1,173,0,1,0,
1790405147.5929,flamesafe,200,1,174,0,1,0,
1790405147.6178,flamesafe,200,1,175,0,1,0,
1790405147.6426,flamesafe,200,1,176,0,1,0,
1790405147.6677,flamesafe,200,1,177,0,1,0,
1790405147.6930,flamesafe,200,1,178,0,1,0,
1790405147.7176,flamesafe,200,1,179,0,1,0,
1790405147.7429,flamesafe,200,1,180,0,1,0,
1790405147.7677,flamesafe,200,1,181,0,1,0,
1790405147.7926,flamesafe,200,1,182,0,1,0,
1790405147.8181,flamesafe,200,1,183,0,1,0,
1790405147.8430,flamesafe,200,1,184,0,1,0,
1790405147.8678,flamesafe,200,1,185,0,1,0,
1790405147.8931,flamesafe,200,1,186,0,1,0,
1790405147.9177,flamesafe,200,1,187,0,1,0,
1790405147.9432,flamesafe,200,1,188,0,1,0,
1790405147.9681,flamesafe,200,1,189,0,1,0,
1790405147.9926,flamesafe,200,1,190,0,1,0,
1790405148.0181,flamesafe,200,1,191,0,1,0,
1790405148.0427,flamesafe,200,1,192,0,1,0,
1790405148.0679,flamesafe,200,1,193,0,1,0,
1790405148.0927,flamesafe,200,1,194,0,1,0,
1790405148.1181,flamesafe,200,1,195,0,1,0,
1790405148.1430,flamesafe,200,1,196,0,1,0,
1790405148.1677,flamesafe,200,1,197,0,1,0,
1790405148.1929,flamesafe,200,1,198,0,1,0,
1790405148.2179,flamesafe,200,1,199,0,1,0,
1790405148.2431,flamesafe,200,1,200,0,1,0,
1790405148.2677,flamesafe,200,1,201,0,1,0,
1790405148.2928,flamesafe,200,1,202,0,1,0,
1790405148.3177,flamesafe,200,1,203,0,1,0,
1790405148.3430,flamesafe,200,1,204,0,1,0,
1790405148.3680,flamesafe,200,1,205,0,1,0,
1790405148.3929,flamesafe,200,1,206,0,1,0,
1790405148.4177,flamesafe,200,1,207,0,1,0,
1790405148.4427,flamesafe,200,1,208,0,1,0,
1790405148.4676,flamesafe,200,1,209,0,1,0,
1790405148.4931,flamesafe,200,1,210,0,1,0,
1790405148.5177,flamesafe,200,1,211,0,1,0,
1790405148.5431,flamesafe,200,1,212,0,1,0,
1790405148.5676,flamesafe,200,1,213,0,1,0,
1790405148.5930,flamesafe,200,1,214,0,1,0,
1790405148.6180,flamesafe,200,1,215,0,1,0,
1790405148.6427,flamesafe,200,1,216,0,1,0,
1790405148.6680,flamesafe,200,1,217,0,1,0,
1790405148.6929,flamesafe,200,1,218,0,1,0,
1790405148.7179,flamesafe,200,1,219,0,1,0,
1790405148.7430,flamesafe,200,1,220,0,1,0,
1790405148.7680,flamesafe,200,1,221,0,1,0,
1790405148.7928,flamesafe,200,1,222,0,1,0,
1790405148.8178,flamesafe,200,1,223,0,1,0,
1790405148.8426,flamesafe,200,1,224,0,1,0,
1790405148.8681,flamesafe,200,1,225,0,1,0,
1790405148.8928,flamesafe,200,1,226,0,1,0,
1790405148.9178,flamesafe,200,1,227,0,1,0,
1790405148.9428,flamesafe,200,1,228,0,1,0,
1790405148.9676,flamesafe,200,1,229,0,1,0,
1790405148.9927,flamesafe,200,1,230,0,1,0,
1790405149.0177,flamesafe,200,1,231,0,1,0,
1790405149.0430,flamesafe,200,1,232,0,1,0,
1790405149.0678,flamesafe,200,1,233,0,1,0,
1790405149.0927,flamesafe,200,1,234,0,1,0,
1790405149.1181,flamesafe,200,1,235,0,1,0,
1790405149.1430,flamesafe,200,1,236,0,1,0,
1790405149.1679,flamesafe,200,1,237,0,1,0,
1790405149.1931,flamesafe,200,1,238,0,1,0,
1790405149.2177,flamesafe,200,1,239,0,1,0,
1790405149.2429,flamesafe,200,1,240,0,1,0,
1790405149.2680,flamesafe,200,1,241,0,1,0,
1790405149.2927,flamesafe,200,1,242,0,1,0,
1790405149.3176,flamesafe,200,1,243,0,1,0,
1790405149.3428,flamesafe,200,1,244,0,1,0,
1790405149.3679,flamesafe,200,1,245,0,1,0,
1790405149.3930,flamesafe,200,1,246,0,1,0,
1790405149.4177,flamesafe,200,1,247,0,1,0,
1790405149.4426,flamesafe,200,1,248,0,1,0,
1790405149.4677,flamesafe,200,1,249,0,1,0,
1790405149.4929,flamesafe,200,1,250,0,1,0,
1790405149.5179,flamesafe,200,1,251,0,1,0,
1790405149.5427,flamesafe,200,1,252,0,1,0,
1790405149.5678,flamesafe,200,1,253,0,1,0,
1790405149.5930,flamesafe,200,1,254,0,1,0,
1790405149.6178,flamesafe,200,1,255,0,1,0,
1790405149.6429,flamesafe,200,1,0,0,1,0,
1790405149.6676,flamesafe,200,1,1,0,1,0,
1790405149.6927,flamesafe,200,1,2,0,1,0,
1790405149.7181,flamesafe,200,1,3,0,1,0,
1790405149.7426,flamesafe,200,1,4,0,1,0,
1790405149.7679,flamesafe,200,1,5,0,1,0,
1790405149.7930,flamesafe,200,1,6,0,1,0,
1790405149.8181,flamesafe,200,1,7,0,1,0,
1790405149.8428,flamesafe,200,1,8,0,1,0,
1790405149.8677,flamesafe,200,1,9,0,1,0,
1790405149.8926,flamesafe,200,1,10,0,1,0,
1790405149.9176,flamesafe,200,1,11,0,1,0,
1790405149.9429,flamesafe,200,1,12,0,1,0,
1790405149.9681,flamesafe,200,1,13,0,1,0,
1790405149.9929,flamesafe,200,1,14,0,1,0,
1790405150.0179,flamesafe,200,1,15,0,1,0,
1790405150.0429,flamesafe,200,1,16,0,1,0,
1790405150.0680,flamesafe,200,1,17,0,1,0,
1790405150.0927,flamesafe,200,1,18,0,1,0,
1790405150.1177,flamesafe,200,1,19,0,1,0,
1790405150.1428,flamesafe,200,1,20,0,1,0,
1790405150.1680,flamesafe,200,1,21,0,1,0,
1790405150.1930,flamesafe,200,1,22,0,1,0,
1790405150.2180,flamesafe,200,1,23,0,1,0,
1790405150.2427,flamesafe,200,1,24,0,1,0,
1790405150.2677,flamesafe,200,1,25,0,1,0,
1790405150.2931,flamesafe,200,1,26,0,1,0,
1790405150.3177,flamesafe,200,1,27,0,1,0,
1790405150.3429,flamesafe,200,1,28,0,1,0,
1790405150.3676,flamesafe,200,1,29,0,1,0,
1790405150.3927,flamesafe,200,1,30,0,1,0,
1790405150.4179,flamesafe,200,1,31,0,1,0,
1790405150.4428,flamesafe,200,1,32,0,1,0,
1790405150.4681,flamesafe,200,1,33,0,1,0,
1790405150.4928,flamesafe,200,1,34,0,1,0,
1790405150.5178,flamesafe,200,1,35,0,1,0,
1790405150.5428,flamesafe,200,1,36,0,1,0,
1790405150.5677,flamesafe,200,1,37,0,1,0,
1790405150.5928,flamesafe,200,1,38,0,1,0,
1790405150.6178,flamesafe,200,1,39,0,1,0,
1790405150.6431,flamesafe,200,1,40,0,1,0,
1790405150.6677,flamesafe,200,1,41,0,1,0,
1790405150.6929,flamesafe,200,1,42,0,1,0,
1790405150.7177,flamesafe,200,1,43,0,1,0,
1790405150.7429,flamesafe,200,1,44,0,1,0,
1790405150.7680,flamesafe,200,1,45,0,1,0,
1790405150.7931,flamesafe,200,1,46,0,1,0,
1790405150.8177,flamesafe,200,1,47,0,1,0,
1790405150.8427,flamesafe,200,1,48,0,1,0,
1790405150.8681,flamesafe,200,1,49,0,1,0,
1790405150.8932,flamesafe,200,1,50,0,1,0,
1790405150.9180,flamesafe,200,1,51,0,1,0,
1790405150.9428,flamesafe,200,1,52,0,1,0,
1790405150.9677,flamesafe,200,1,53,0,1,0,
1790405150.9930,flamesafe,200,1,54,0,1,0,
1790405151.0179,flamesafe,200,1,55,0,1,0,
1790405151.0433,flamesafe,200,1,56,0,1,0,
1790405151.0678,flamesafe,200,1,57,0,1,0,
1790405151.0928,flamesafe,200,1,58,0,1,0,
1790405151.1177,flamesafe,200,1,59,0,1,0,
1790405151.1429,flamesafe,200,1,60,0,1,0,
1790405151.1676,flamesafe,200,1,61,0,1,0,
1790405151.1931,flamesafe,200,1,62,0,1,0,
1790405151.2178,flamesafe,200,1,63,0,1,0,
1790405151.2430,flamesafe,200,1,64,0,1,0,
1790405151.2679,flamesafe,200,1,65,0,1,0,
1790405151.2930,flamesafe,200,1,66,0,1,0,
1790405151.3179,flamesafe,200,1,67,0,1,0,
1790405151.3429,flamesafe,200,1,68,0,1,0,
1790405151.3677,flamesafe,200,1,69,0,1,0,
1790405151.3927,flamesafe,200,1,70,0,1,0,
1790405151.4180,flamesafe,200,1,71,0,1,0,
1790405151.4429,flamesafe,200,1,72,0,1,0,
1790405151.4676,flamesafe,200,1,73,0,1,0,
1790405151.4926,flamesafe,200,1,74,0,1,0,
1790405151.5179,flamesafe,200,1,75,0,1,0,
1790405151.5431,flamesafe,200,1,76,0,1,0,
1790405151.5681,flamesafe,200,1,77,0,1,0,
1790405151.5930,flamesafe,200,1,78,0,1,0,
1790405151.6179,flamesafe,200,1,79,0,1,0,
1790405151.6430,flamesafe,200,1,80,0,1,0,
1790405151.6679,flamesafe,200,1,81,0,1,0,
1790405151.6930,flamesafe,200,1,82,0,1,0,
1790405151.7178,flamesafe,200,1,83,0,1,0,
1790405151.7428,flamesafe,200,1,84,0,1,0,
1790405151.7679,flamesafe,200,1,85,0,1,0,
1790405151.7926,flamesafe,200,1,86,0,1,0,
1790405151.8176,flamesafe,200,1,87,0,1,0,
1790405151.8431,flamesafe,200,1,88,0,1,0,
1790405151.8678,flamesafe,200,1,89,0,1,0,
1790405151.8930,flamesafe,200,1,90,0,1,0,
1790405151.9177,flamesafe,200,1,91,0,1,0,
1790405151.9426,flamesafe,200,1,92,0,1,0,
1790405151.9676,flamesafe,200,1,93,0,1,0,
1790405151.9927,flamesafe,200,1,94,0,1,0,
1790405152.0177,flamesafe,200,1,95,0,1,0,
1790405152.0430,flamesafe,200,1,96,0,1,0,
1790405152.0677,flamesafe,200,1,97,0,1,0,
1790405152.0929,flamesafe,200,1,98,0,1,0,
1790405152.1178,flamesafe,200,1,99,0,1,0,
1790405152.1427,flamesafe,200,1,100,0,1,0,
1790405152.1680,flamesafe,200,1,101,0,1,0,
1790405152.1927,flamesafe,200,1,102,0,1,0,
1790405152.2181,flamesafe,200,1,103,0,1,0,
1790405152.2427,flamesafe,200,1,104,0,1,0,
1790405152.2680,flamesafe,200,1,105,0,1,0,
1790405152.2928,flamesafe,200,1,106,0,1,0,
1790405152.3180,flamesafe,200,1,107,0,1,0,
1790405152.3426,flamesafe,200,1,108,0,1,0,
1790405152.3680,flamesafe,200,1,109,0,1,0,
1790405152.3928,flamesafe,200,1,110,0,1,0,
1790405152.4181,flamesafe,200,1,111,0,1,0,
1790405152.4432,flamesafe,200,1,112,0,1,0,
1790405152.4676,flamesafe,200,1,113,0,1,0,
1790405152.4931,flamesafe,200,1,114,0,1,0,
1790405152.5180,flamesafe,200,1,115,0,1,0,
1790405152.5430,flamesafe,200,1,116,0,1,0,
1790405152.5680,flamesafe,200,1,117,0,1,0,
1790405152.5927,flamesafe,200,1,118,0,1,0,
1790405152.6177,flamesafe,200,1,119,0,1,0,
1790405152.6428,flamesafe,200,1,120,0,1,0,
1790405152.6677,flamesafe,200,1,121,0,1,0,
1790405152.6927,flamesafe,200,1,122,0,1,0,
1790405152.7179,flamesafe,200,1,123,0,1,0,
1790405152.7430,flamesafe,200,1,124,0,1,0,
1790405152.7678,flamesafe,200,1,125,0,1,0,
1790405152.7926,flamesafe,200,1,126,0,1,0,
1790405152.8179,flamesafe,200,1,127,0,1,0,
1790405152.8430,flamesafe,200,1,128,0,1,0,
1790405152.8680,flamesafe,200,1,129,0,1,0,
1790405152.8930,flamesafe,200,1,130,0,1,0,
1790405152.9180,flamesafe,200,1,131,0,1,0,
1790405152.9431,flamesafe,200,1,132,0,1,0,
1790405152.9679,flamesafe,200,1,133,0,1,0,
1790405152.9930,flamesafe,200,1,134,0,1,0,
1790405153.0180,flamesafe,200,1,135,0,1,0,
1790405153.0429,flamesafe,200,1,136,0,1,0,
1790405153.0681,flamesafe,200,1,137,0,1,0,
1790405153.0933,flamesafe,200,1,138,0,1,0,
1790405153.1179,flamesafe,200,1,139,0,1,0,
1790405153.1428,flamesafe,200,1,140,0,1,0,
1790405153.1677,flamesafe,200,1,141,0,1,0,
1790405153.1931,flamesafe,200,1,142,0,1,0,
1790405153.2177,flamesafe,200,1,143,0,1,0,
1790405153.2429,flamesafe,200,1,144,0,1,0,
1790405153.2677,flamesafe,200,1,145,0,1,0,
1790405153.2930,flamesafe,200,1,146,0,1,0,
1790405153.3178,flamesafe,200,1,147,0,1,0,
1790405153.3431,flamesafe,200,1,148,0,1,0,
1790405153.3680,flamesafe,200,1,149,0,1,0,
1790405153.3931,flamesafe,200,1,150,0,1,0,
1790405153.4179,flamesafe,200,1,151,0,1,0,
1790405153.4427,flamesafe,200,1,152,0,1,0,
1790405153.4681,flamesafe,200,1,153,0,1,0,
1790405153.4930,flamesafe,200,1,154,0,1,0,
1790405153.5176,flamesafe,200,1,155,0,1,0,
1790405153.5427,flamesafe,200,1,156,0,1,0,
1790405153.5676,flamesafe,200,1,157,0,1,0,
1790405153.5929,flamesafe,200,1,158,0,1,0,
1790405153.6180,flamesafe,200,1,159,0,1,0,
1790405153.6431,flamesafe,200,1,160,0,1,0,
1790405153.6677,flamesafe,200,1,161,0,1,0,
1790405153.6933,flamesafe,200,1,162,0,1,0,
1790405153.7179,flamesafe,200,1,163,0,1,0,
1790405153.7427,flamesafe,200,1,164,0,1,0,
1790405153.7678,flamesafe,200,1,165,0,1,0,
1790405153.7927,flamesafe,200,1,166,0,1,0,
1790405153.8180,flamesafe,200,1,167,0,1,0,
1790405153.8427,flamesafe,200,1,168,0,1,0,
1790405153.8681,flamesafe,200,1,169,0,1,0,
1790405153.8928,flamesafe,200,1,170,0,1,0,
1790405153.9180,flamesafe,200,1,171,0,1,0,
1790405153.9429,flamesafe,200,1,172,0,1,0,
1790405153.9679,flamesafe,200,1,173,0,1,0,
1790405153.9930,flamesafe,200,1,174,0,1,0,
1790405154.0176,flamesafe,200,1,175,0,1,0,
1790405154.0427,flamesafe,200,1,176,0,1,0,
1790405154.0677,flamesafe,200,1,177,0,1,0,
1790405154.0929,flamesafe,200,1,178,0,1,0,
1790405154.1177,flamesafe,200,1,179,0,1,0,
1790405154.1427,flamesafe,200,1,180,0,1,0,
1790405154.1678,flamesafe,200,1,181,0,1,0,
1790405154.1929,flamesafe,200,1,182,0,1,0,
1790405154.2176,flamesafe,200,1,183,0,1,0,
1790405154.2429,flamesafe,200,1,184,0,1,0,
1790405154.2676,flamesafe,200,1,185,0,1,0,
1790405154.2930,flamesafe,200,1,186,0,1,0,
1790405154.3179,flamesafe,200,1,187,0,1,0,
1790405154.3427,flamesafe,200,1,188,0,1,0,
1790405154.3681,flamesafe,200,1,189,0,1,0,
1790405154.3930,flamesafe,200,1,190,0,1,0,
1790405154.4178,flamesafe,200,1,191,0,1,0,
1790405154.4430,flamesafe,200,1,192,0,1,0,
1790405154.4678,flamesafe,200,1,193,0,1,0,
1790405154.4933,flamesafe,200,1,194,0,1,0,
1790405154.5176,flamesafe,200,1,195,0,1,0,
1790405154.5429,flamesafe,200,1,196,0,1,0,
1790405154.5677,flamesafe,200,1,197,0,1,0,
1790405154.5927,flamesafe,200,1,198,0,1,0,
1790405154.6177,flamesafe,200,1,199,0,1,0,
1790405154.6427,flamesafe,200,1,200,0,1,0,
1790405154.6679,flamesafe,200,1,201,0,1,0,
1790405154.6929,flamesafe,200,1,202,0,1,0,
1790405154.7179,flamesafe,200,1,203,0,1,0,
1790405154.7429,flamesafe,200,1,204,0,1,0,
1790405154.7676,flamesafe,200,1,205,0,1,0,
1790405154.7928,flamesafe,200,1,206,0,1,0,
1790405154.8178,flamesafe,200,1,207,0,1,0,
1790405154.8430,flamesafe,200,1,208,0,1,0,
1790405154.8680,flamesafe,200,1,209,0,1,0,
1790405154.8931,flamesafe,200,1,210,0,1,0,
1790405154.9179,flamesafe,200,1,211,0,1,0,
1790405154.9430,flamesafe,200,1,212,0,1,0,
1790405154.9680,flamesafe,200,1,213,0,1,0,
1790405154.9931,flamesafe,200,1,214,0,1,0,
1790405155.0178,flamesafe,200,1,215,0,1,0,
1790405155.0430,flamesafe,200,1,216,0,1,0,
1790405155.0677,flamesafe,200,1,217,0,1,0,
1790405155.0927,flamesafe,200,1,218,0,1,0,
1790405155.1178,flamesafe,200,1,219,0,1,0,
1790405155.1427,flamesafe,200,1,220,0,1,0,
1790405155.1680,flamesafe,200,1,221,0,1,0,
1790405155.1929,flamesafe,200,1,222,0,1,0,
1790405155.2178,flamesafe,200,1,223,0,1,0,
1790405155.2429,flamesafe,200,1,224,0,1,0,
1790405155.2678,flamesafe,200,1,225,0,1,0,
1790405155.2929,flamesafe,200,1,226,0,1,0,
1790405155.3178,flamesafe,200,1,227,0,1,0,
1790405155.3430,flamesafe,200,1,228,0,1,0,
1790405155.3681,flamesafe,200,1,229,0,1,0,
1790405155.3930,flamesafe,200,1,230,0,1,0,
1790405155.4177,flamesafe,200,1,231,0,1,0,
1790405155.4427,flamesafe,200,1,232,0,1,0,
1790405155.4680,flamesafe,200,1,233,0,1,0,
1790405155.4928,flamesafe,200,1,234,0,1,0,
1790405155.5177,flamesafe,200,1,235,0,1,0,
1790405155.5429,flamesafe,200,1,236,0,1,0,
1790405155.5680,flamesafe,200,1,237,0,1,0,
1790405155.5929,flamesafe,200,1,238,0,1,0,
1790405155.6176,flamesafe,200,1,239,0,1,0,
1790405155.6427,flamesafe,200,1,240,0,1,0,
1790405155.6679,flamesafe,200,1,241,0,1,0,
1790405155.6928,flamesafe,200,1,242,0,1,0,
1790405155.7181,flamesafe,200,1,243,0,1,0,
1790405155.7427,flamesafe,200,1,244,0,1,0,
1790405155.7679,flamesafe,200,1,245,0,1,0,
1790405155.7931,flamesafe,200,1,246,0,1,0,
1790405155.8179,flamesafe,200,1,247,0,1,0,
1790405155.8427,flamesafe,200,1,248,0,1,0,
1790405155.8677,flamesafe,200,1,249,0,1,0,
1790405155.8928,flamesafe,200,1,250,0,1,0,
1790405155.9178,flamesafe,200,1,251,0,1,0,
1790405155.9427,flamesafe,200,1,252,0,1,0,
1790405155.9678,flamesafe,200,1,253,0,1,0,
1790405155.9930,flamesafe,200,1,254,0,1,0,
1790405156.0178,flamesafe,200,1,255,0,1,0,
1790405156.0429,flamesafe,200,1,0,0,1,0,
1790405156.0677,flamesafe,200,1,1,0,1,0,
1790405156.0931,flamesafe,200,1,2,0,1,0,
1790405156.1177,flamesafe,200,1,3,0,1,0,
1790405156.1431,flamesafe,200,1,4,0,1,0,
1790405156.1680,flamesafe,200,1,5,0,1,0,
1790405156.1928,flamesafe,200,1,6,0,1,0,
1790405156.2177,flamesafe,200,1,7,0,1,0,
1790405156.2429,flamesafe,200,1,8,0,1,0,
1790405156.2679,flamesafe,200,1,9,0,1,0,
1790405156.2930,flamesafe,200,1,10,0,1,0,
1790405156.3178,flamesafe,200,1,11,0,1,0,
1790405156.3428,flamesafe,200,1,12,0,1,0,
1790405156.3677,flamesafe,200,1,13,0,1,0,
1790405156.3926,flamesafe,200,1,14,0,1,0,
1790405156.4180,flamesafe,200,1,15,0,1,0,
1790405156.4431,flamesafe,200,1,16,0,1,0,
1790405156.4680,flamesafe,200,1,17,0,1,0,
1790405156.4929,flamesafe,200,1,18,0,1,0,
1790405156.5178,flamesafe,200,1,19,0,1,0,
1790405156.5430,flamesafe,200,1,20,0,1,0,
1790405156.5676,flamesafe,200,1,21,0,1,0,
1790405156.5929,flamesafe,200,1,22,0,1,0,
1790405156.6177,flamesafe,200,1,23,0,1,0,
1790405156.6430,flamesafe,200,1,24,0,1,0,
1790405156.6679,flamesafe,200,1,25,0,1,0,
1790405156.6929,flamesafe,200,1,26,0,1,0,
1790405156.7178,flamesafe,200,1,27,0,1,0,
1790405156.7428,flamesafe,200,1,28,0,1,0,
1790405156.7680,flamesafe,200,1,29,0,1,0,
1790405156.7929,flamesafe,200,1,30,0,1,0,
1790405156.8178,flamesafe,200,1,31,0,1,0,
1790405156.8428,flamesafe,200,1,32,0,1,0,
1790405156.8678,flamesafe,200,1,33,0,1,0,
1790405156.8927,flamesafe,200,1,34,0,1,0,
1790405156.9180,flamesafe,200,1,35,0,1,0,
1790405156.9430,flamesafe,200,1,36,0,1,0,
1790405156.9677,flamesafe,200,1,37,0,1,0,
1790405156.9927,flamesafe,200,1,38,0,1,0,
1790405157.0177,flamesafe,200,1,39,0,1,0,
1790405157.0428,flamesafe,200,1,40,0,1,0,
1790405157.0680,flamesafe,200,1,41,0,1,0,
1790405157.0931,flamesafe,200,1,42,0,1,0,
1790405157.1178,flamesafe,200,1,43,0,1,0,
1790405157.1427,flamesafe,200,1,44,0,1,0,
1790405157.1680,flamesafe,200,1,45,0,1,0,
1790405157.1930,flamesafe,200,1,46,0,1,0,
1790405157.2178,flamesafe,200,1,47,0,1,0,
1790405157.2431,flamesafe,200,1,48,0,1,0,
1790405157.2678,flamesafe,200,1,49,0,1,0,
1790405157.2926,flamesafe,200,1,50,0,1,0,
1790405157.3180,flamesafe,200,1,51,0,1,0,
1790405157.3430,flamesafe,200,1,52,0,1,0,
1790405157.3677,flamesafe,200,1,53,0,1,0,
1790405157.3926,flamesafe,200,1,54,0,1,0,
1790405157.4177,flamesafe,200,1,55,0,1,0,
1790405157.4427,flamesafe,200,1,56,0,1,0,
1790405157.4678,flamesafe,200,1,57,0,1,0,
1790405157.4929,flamesafe,200,1,58,0,1,0,
1790405157.5178,flamesafe,200,1,59,0,1,0,
1790405157.5430,flamesafe,200,1,60,0,1,0,
1790405157.5676,flamesafe,200,1,61,0,1,0,
1790405157.5928,flamesafe,200,1,62,0,1,0,
1790405157.6180,flamesafe,200,1,63,0,1,0,
1790405157.6432,flamesafe,200,1,64,0,1,0,
1790405157.6681,flamesafe,200,1,65,0,1,0,
1790405157.6929,flamesafe,200,1,66,0,1,0,
1790405157.7176,flamesafe,200,1,67,0,1,0,
1790405157.7429,flamesafe,200,1,68,0,1,0,
1790405157.7677,flamesafe,200,1,69,0,1,0,
1790405157.7930,flamesafe,200,1,70,0,1,0,
1790405157.8178,flamesafe,200,1,71,0,1,0,
1790405157.8429,flamesafe,200,1,72,0,1,0,
1790405157.8677,flamesafe,200,1,73,0,1,0,
1790405157.8929,flamesafe,200,1,74,0,1,0,
1790405157.9180,flamesafe,200,1,75,0,1,0,
1790405157.9429,flamesafe,200,1,76,0,1,0,
1790405157.9676,flamesafe,200,1,77,0,1,0,
1790405157.9926,flamesafe,200,1,78,0,1,0,
1790405158.0177,flamesafe,200,1,79,0,1,0,
1790405158.0427,flamesafe,200,1,80,0,1,0,
1790405158.0680,flamesafe,200,1,81,0,1,0,
1790405158.0926,flamesafe,200,1,82,0,1,0,
1790405158.1179,flamesafe,200,1,83,0,1,0,
1790405158.1429,flamesafe,200,1,84,0,1,0,
1790405158.1681,flamesafe,200,1,85,0,1,0,
1790405158.1929,flamesafe,200,1,86,0,1,0,
1790405158.2178,flamesafe,200,1,87,0,1,0,
1790405158.2431,flamesafe,200,1,88,0,1,0,
1790405158.2680,flamesafe,200,1,89,0,1,0,
1790405158.2932,flamesafe,200,1,90,0,1,0,
1790405158.3180,flamesafe,200,1,91,0,1,0,
1790405158.3428,flamesafe,200,1,92,0,1,0,
1790405158.3680,flamesafe,200,1,93,0,1,0,
1790405158.3929,flamesafe,200,1,94,0,1,0,
1790405158.4181,flamesafe,200,1,95,0,1,0,
1790405158.4431,flamesafe,200,1,96,0,1,0,
1790405158.4678,flamesafe,200,1,97,0,1,0,
1790405158.4929,flamesafe,200,1,98,0,1,0,
1790405158.5178,flamesafe,200,1,99,0,1,0,
1790405158.5426,flamesafe,200,1,100,0,1,0,
1790405158.5680,flamesafe,200,1,101,0,1,0,
1790405158.5929,flamesafe,200,1,102,0,1,0,
1790405158.6181,flamesafe,200,1,103,0,1,0,
1790405158.6426,flamesafe,200,1,104,0,1,0,
1790405158.6677,flamesafe,200,1,105,0,1,0,
1790405158.6931,flamesafe,200,1,106,0,1,0,
1790405158.7181,flamesafe,200,1,107,0,1,0,
1790405158.7428,flamesafe,200,1,108,0,1,0,
1790405158.7680,flamesafe,200,1,109,0,1,0,
1790405158.7927,flamesafe,200,1,110,0,1,0,
1790405158.8178,flamesafe,200,1,111,0,1,0,
1790405158.8431,flamesafe,200,1,112,0,1,0,
1790405158.8676,flamesafe,200,1,113,0,1,0,
1790405158.8928,flamesafe,200,1,114,0,1,0,
1790405158.9181,flamesafe,200,1,115,0,1,0,
1790405158.9428,flamesafe,200,1,116,0,1,0,
1790405158.9677,flamesafe,200,1,117,0,1,0,
1790405158.9929,flamesafe,200,1,118,0,1,0,
1790405159.0177,flamesafe,200,1,119,0,1,0,
1790405159.0432,flamesafe,200,1,120,0,1,0,
1790405159.0680,flamesafe,200,1,121,0,1,0,
1790405159.0929,flamesafe,200,1,122,0,1,0,
1790405159.1178,flamesafe,200,1,123,0,1,0,
1790405159.1426,flamesafe,200,1,124,0,1,0,
1790405159.1680,flamesafe,200,1,125,0,1,0,
1790405159.1932,flamesafe,200,1,126,0,1,0,
1790405159.2177,flamesafe,200,1,127,0,1,0,
1790405159.2431,flamesafe,200,1,128,0,1,0,
1790405159.2678,flamesafe,200,1,129,0,1,0,
1790405159.2930,flamesafe,200,1,130,0,1,0,
1790405159.3178,flamesafe,200,1,131,0,1,0,
1790405159.3427,flamesafe,200,1,132,0,1,0,
1790405159.3679,flamesafe,200,1,133,0,1,0,
1790405159.3927,flamesafe,200,1,134,0,1,0,
1790405159.4178,flamesafe,200,1,135,0,1,0,
1790405159.4431,flamesafe,200,1,136,0,1,0,
1790405159.4677,flamesafe,200,1,137,0,1,0,
1790405159.4936,flamesafe,200,1,138,0,1,0,
1790405159.5180,flamesafe,200,1,139,0,1,0,
1790405159.5427,flamesafe,200,1,140,0,1,0,
1790405159.5679,flamesafe,200,1,141,0,1,0,
1790405159.5930,flamesafe,200,1,142,0,1,0,
1790405159.6181,flamesafe,200,1,143,0,1,0,
1790405159.6428,flamesafe,200,1,144,0,1,0,
1790405159.6680,flamesafe,200,1,145,0,1,0,
1790405159.6927,flamesafe,200,1,146,0,1,0,
1790405159.7177,flamesafe,200,1,147,0,1,0,
1790405159.7428,flamesafe,200,1,148,0,1,0,
1790405159.7679,flamesafe,200,1,149,0,1,0,
1790405159.7930,flamesafe,200,1,150,0,1,0,
1790405159.8179,flamesafe,200,1,151,0,1,0,
1790405159.8430,flamesafe,200,1,152,0,1,0,
1790405159.8678,flamesafe,200,1,153,0,1,0,
1790405159.8930,flamesafe,200,1,154,0,1,0,
1790405159.9178,flamesafe,200,1,155,0,1,0,
1790405159.9429,flamesafe,200,1,156,0,1,0,
1790405159.9676,flamesafe,200,1,157,0,1,0,
1790405159.9927,flamesafe,200,1,158,0,1,0,
1790405160.0179,flamesafe,200,1,159,0,1,0,
1790405160.0430,flamesafe,200,1,160,0,1,0,
1790405160.0680,flamesafe,200,1,161,0,1,0,
1790405160.0928,flamesafe,200,1,162,0,1,0,
1790405160.1179,flamesafe,200,1,163,0,1,0,
1790405160.1428,flamesafe,200,1,164,0,1,0,
1790405160.1677,flamesafe,200,1,165,0,1,0,
1790405160.1930,flamesafe,200,1,166,0,1,0,
1790405160.2180,flamesafe,200,1,167,0,1,0,
1790405160.2430,flamesafe,200,1,168,0,1,0,
1790405160.2677,flamesafe,200,1,169,0,1,0,
1790405160.2928,flamesafe,200,1,170,0,1,0,
1790405160.3181,flamesafe,200,1,171,0,1,0,
1790405160.3428,flamesafe,200,1,172,0,1,0,
1790405160.3678,flamesafe,200,1,173,0,1,0,
1790405160.3928,flamesafe,200,1,174,0,1,0,
1790405160.4180,flamesafe,200,1,175,0,1,0,
1790405160.4428,flamesafe,200,1,176,0,1,0,
1790405160.4678,flamesafe,200,1,177,0,1,0,
1790405160.4926,flamesafe,200,1,178,0,1,0,
1790405160.5179,flamesafe,200,1,179,0,1,0,
1790405160.5426,flamesafe,200,1,180,0,1,0,
1790405160.5679,flamesafe,200,1,181,0,1,0,
1790405160.5930,flamesafe,200,1,182,0,1,0,
1790405160.6179,flamesafe,200,1,183,0,1,0,
1790405160.6431,flamesafe,200,1,184,0,1,0,
1790405160.6678,flamesafe,200,1,185,0,1,0,
1790405160.6930,flamesafe,200,1,186,0,1,0,
1790405160.7177,flamesafe,200,1,187,0,1,0,
1790405160.7428,flamesafe,200,1,188,0,1,0,
1790405160.7681,flamesafe,200,1,189,0,1,0,
1790405160.7928,flamesafe,200,1,190,0,1,0,
1790405160.8178,flamesafe,200,1,191,0,1,0,
1790405160.8427,flamesafe,200,1,192,0,1,0,
1790405160.8679,flamesafe,200,1,193,0,1,0,
1790405160.8928,flamesafe,200,1,194,0,1,0,
1790405160.9179,flamesafe,200,1,195,0,1,0,
1790405160.9429,flamesafe,200,1,196,0,1,0,
1790405160.9677,flamesafe,200,1,197,0,1,0,
1790405160.9927,flamesafe,200,1,198,0,1,0,
1790405161.0180,flamesafe,200,1,199,0,1,0,
1790405161.0430,flamesafe,200,1,200,0,1,0,
1790405161.0678,flamesafe,200,1,201,0,1,0,
1790405161.0928,flamesafe,200,1,202,0,1,0,
1790405161.1181,flamesafe,200,1,203,0,1,0,
1790405161.1428,flamesafe,200,1,204,0,1,0,
1790405161.1677,flamesafe,200,1,205,0,1,0,
1790405161.1930,flamesafe,200,1,206,0,1,0,
1790405161.2180,flamesafe,200,1,207,0,1,0,
1790405161.2426,flamesafe,200,1,208,0,1,0,
1790405161.2680,flamesafe,200,1,209,0,1,0,
1790405161.2931,flamesafe,200,1,210,0,1,0,
1790405161.3181,flamesafe,200,1,211,0,1,0,
1790405161.3427,flamesafe,200,1,212,0,1,0,
1790405161.3676,flamesafe,200,1,213,0,1,0,
1790405161.3927,flamesafe,200,1,214,0,1,0,
1790405161.4180,flamesafe,200,1,215,0,1,0,
1790405161.4431,flamesafe,200,1,216,0,1,0,
1790405161.4680,flamesafe,200,1,217,0,1,0,
1790405161.4929,flamesafe,200,1,218,0,1,0,
1790405161.5181,flamesafe,200,1,219,0,1,0,
1790405161.5427,flamesafe,200,1,220,0,1,0,
1790405161.5680,flamesafe,200,1,221,0,1,0,
1790405161.5927,flamesafe,200,1,222,0,1,0,
1790405161.6179,flamesafe,200,1,223,0,1,0,
1790405161.6428,flamesafe,200,1,224,0,1,0,
1790405161.6677,flamesafe,200,1,225,0,1,0,
1790405161.6930,flamesafe,200,1,226,0,1,0,
1790405161.7178,flamesafe,200,1,227,0,1,0,
1790405161.7427,flamesafe,200,1,228,0,1,0,
1790405161.7680,flamesafe,200,1,229,0,1,0,
1790405161.7931,flamesafe,200,1,230,0,1,0,
1790405161.8179,flamesafe,200,1,231,0,1,0,
1790405161.8429,flamesafe,200,1,232,0,1,0,
1790405161.8681,flamesafe,200,1,233,0,1,0,
1790405161.8929,flamesafe,200,1,234,0,1,0,
1790405161.9180,flamesafe,200,1,235,0,1,0,
1790405161.9427,flamesafe,200,1,236,0,1,0,
1790405161.9678,flamesafe,200,1,237,0,1,0,
1790405161.9929,flamesafe,200,1,238,0,1,0,
1790405162.0177,flamesafe,200,1,239,0,1,0,
1790405162.0431,flamesafe,200,1,240,0,1,0,
1790405162.0680,flamesafe,200,1,241,0,1,0,
1790405162.0928,flamesafe,200,1,242,0,1,0,
1790405162.1178,flamesafe,200,1,243,0,1,0,
1790405162.1429,flamesafe,200,1,244,0,1,0,
1790405162.1677,flamesafe,200,1,245,0,1,0,
1790405162.1927,flamesafe,200,1,246,0,1,0,
1790405162.2177,flamesafe,200,1,247,0,1,0,
1790405162.2430,flamesafe,200,1,248,0,1,0,
1790405162.2681,flamesafe,200,1,249,0,1,0,
1790405162.2931,flamesafe,200,1,250,0,1,0,
1790405162.3178,flamesafe,200,1,251,0,1,0,
1790405162.3430,flamesafe,200,1,252,0,1,0,
1790405162.3676,flamesafe,200,1,253,0,1,0,
1790405162.3930,flamesafe,200,1,254,0,1,0,
1790405162.4181,flamesafe,200,1,255,0,1,0,
1790405162.4429,flamesafe,200,1,0,0,1,0,
1790405162.4679,flamesafe,200,1,1,0,1,0,
1790405162.4932,flamesafe,200,1,2,0,1,0,
1790405162.5178,flamesafe,200,1,3,0,1,0,
1790405162.5427,flamesafe,200,1,4,0,1,0,
1790405162.5678,flamesafe,200,1,5,0,1,0,
1790405162.5929,flamesafe,200,1,6,0,1,0,
1790405162.6181,flamesafe,200,1,7,0,1,0,
1790405162.6428,flamesafe,200,1,8,0,1,0,
1790405162.6678,flamesafe,200,1,9,0,1,0,
1790405162.6931,flamesafe,200,1,10,0,1,0,
1790405162.7180,flamesafe,200,1,11,0,1,0,
1790405162.7428,flamesafe,200,1,12,0,1,0,
1790405162.7680,flamesafe,200,1,13,0,1,0,
1790405162.7932,flamesafe,200,1,14,0,1,0,
1790405162.8177,flamesafe,200,1,15,0,1,0,
1790405162.8426,flamesafe,200,1,16,0,1,0,
1790405162.8680,flamesafe,200,1,17,0,1,0,
1790405162.8929,flamesafe,200,1,18,0,1,0,
1790405162.9177,flamesafe,200,1,19,0,1,0,
1790405162.9427,flamesafe,200,1,20,0,1,0,
1790405162.9680,flamesafe,200,1,21,0,1,0,
1790405162.9929,flamesafe,200,1,22,0,1,0,
1790405163.0180,flamesafe,200,1,23,0,1,0,
1790405163.0431,flamesafe,200,1,24,0,1,0,
1790405163.0677,flamesafe,200,1,25,0,1,0,
1790405163.0929,flamesafe,200,1,26,0,1,0,
1790405163.1176,flamesafe,200,1,27,0,1,0,
1790405163.1430,flamesafe,200,1,28,0,1,0,
1790405163.1677,flamesafe,200,1,29,0,1,0,
1790405163.1929,flamesafe,200,1,30,0,1,0,
1790405163.2176,flamesafe,200,1,31,0,1,0,
1790405163.2429,flamesafe,200,1,32,0,1,0,
1790405163.2678,flamesafe,200,1,33,0,1,0,
1790405163.2931,flamesafe,200,1,34,0,1,0,
1790405163.3180,flamesafe,200,1,35,0,1,0,
1790405163.3429,flamesafe,200,1,36,0,1,0,
1790405163.3679,flamesafe,200,1,37,0,1,0,
1790405163.3930,flamesafe,200,1,38,0,1,0,
1790405163.4179,flamesafe,200,1,39,0,1,0,
1790405163.4427,flamesafe,200,1,40,0,1,0,
1790405163.4678,flamesafe,200,1,41,0,1,0,
1790405163.4928,flamesafe,200,1,42,0,1,0,
1790405163.5178,flamesafe,200,1,43,0,1,0,
1790405163.5430,flamesafe,200,1,44,0,1,0,
1790405163.5678,flamesafe,200,1,45,0,1,0,
1790405163.5929,flamesafe,200,1,46,0,1,0,
1790405163.6179,flamesafe,200,1,47,0,1,0,
1790405163.6429,flamesafe,200,1,48,0,1,0,
1790405163.6678,flamesafe,200,1,49,0,1,0,
1790405163.6928,flamesafe,200,1,50,0,1,0,
1790405163.7176,flamesafe,200,1,51,0,1,0,
1790405163.7431,flamesafe,200,1,52,0,1,0,
1790405163.7678,flamesafe,200,1,53,0,1,0,
1790405163.7929,flamesafe,200,1,54,0,1,0,
1790405163.8178,flamesafe,200,1,55,0,1,0,
1790405163.8427,flamesafe,200,1,56,0,1,0,
1790405163.8678,flamesafe,200,1,57,0,1,0,
1790405163.8927,flamesafe,200,1,58,0,1,0,
1790405163.9177,flamesafe,200,1,59,0,1,0,
1790405163.9426,flamesafe,200,1,60,0,1,0,
1790405163.9680,flamesafe,200,1,61,0,1,0,
1790405163.9930,flamesafe,200,1,62,0,1,0,
1790405164.0178,flamesafe,200,1,63,0,1,0,
1790405164.0426,flamesafe,200,1,64,0,1,0,
1790405164.0680,flamesafe,200,1,65,0,1,0,
1790405164.0930,flamesafe,200,1,66,0,1,0,
1790405164.1180,flamesafe,200,1,67,0,1,0,
1790405164.1427,flamesafe,200,1,68,0,1,0,
1790405164.1677,flamesafe,200,1,69,0,1,0,
1790405164.1928,flamesafe,200,1,70,0,1,0,
1790405164.2180,flamesafe,200,1,71,0,1,0,
1790405164.2426,flamesafe,200,1,72,0,1,0,
1790405164.2680,flamesafe,200,1,73,0,1,0,
1790405164.2928,flamesafe,200,1,74,0,1,0,
1790405164.3177,flamesafe,200,1,75,0,1,0,
1790405164.3427,flamesafe,200,1,76,0,1,0,
1790405164.3680,flamesafe,200,1,77,0,1,0,
1790405164.3929,flamesafe,200,1,78,0,1,0,
1790405164.4181,flamesafe,200,1,79,0,1,0,
1790405164.4429,flamesafe,200,1,80,0,1,0,
1790405164.4679,flamesafe,200,1,81,0,1,0,
1790405164.4930,flamesafe,200,1,82,0,1,0,
1790405164.5179,flamesafe,200,1,83,0,1,0,
1790405164.5429,flamesafe,200,1,84,0,1,0,
1790405164.5679,flamesafe,200,1,85,0,1,0,
1790405164.5929,flamesafe,200,1,86,0,1,0,
1790405164.6177,flamesafe,200,1,87,0,1,0,
1790405164.6428,flamesafe,200,1,88,0,1,0,
1790405164.6678,flamesafe,200,1,89,0,1,0,
1790405164.6927,flamesafe,200,1,90,0,1,0,
1790405164.7179,flamesafe,200,1,91,0,1,0,
1790405164.7429,flamesafe,200,1,92,0,1,0,
1790405164.7678,flamesafe,200,1,93,0,1,0,
1790405164.7930,flamesafe,200,1,94,0,1,0,
1790405164.8177,flamesafe,200,1,95,0,1,0,
1790405164.8428,flamesafe,200,1,96,0,1,0,
1790405164.8679,flamesafe,200,1,97,0,1,0,
1790405164.8929,flamesafe,200,1,98,0,1,0,
1790405164.9181,flamesafe,200,1,99,0,1,0,
1790405164.9429,flamesafe,200,1,100,0,1,0,
1790405164.9679,flamesafe,200,1,101,0,1,0,
1790405164.9929,flamesafe,200,1,102,0,1,0,
1790405165.0178,flamesafe,200,1,103,0,1,0,
1790405165.0431,flamesafe,200,1,104,0,1,0,
1790405165.0679,flamesafe,200,1,105,0,1,0,
1790405165.0926,flamesafe,200,1,106,0,1,0,
1790405165.1180,flamesafe,200,1,107,0,1,0,
1790405165.1430,flamesafe,200,1,108,0,1,0,
1790405165.1676,flamesafe,200,1,109,0,1,0,
1790405165.1929,flamesafe,200,1,110,0,1,0,
1790405165.2178,flamesafe,200,1,111,0,1,0,
1790405165.2427,flamesafe,200,1,112,0,1,0,
1790405165.2678,flamesafe,200,1,113,0,1,0,
1790405165.2928,flamesafe,200,1,114,0,1,0,
1790405165.3177,flamesafe,200,1,115,0,1,0,
1790405165.3428,flamesafe,200,1,116,0,1,0,
1790405165.3680,flamesafe,200,1,117,0,1,0,
1790405165.3930,flamesafe,200,1,118,0,1,0,
1790405165.4179,flamesafe,200,1,119,0,1,0,
1790405165.4431,flamesafe,200,1,120,0,1,0,
1790405165.4679,flamesafe,200,1,121,0,1,0,
1790405165.4927,flamesafe,200,1,122,0,1,0,
1790405165.5176,flamesafe,200,1,123,0,1,0,
1790405165.5427,flamesafe,200,1,124,0,1,0,
1790405165.5680,flamesafe,200,1,125,0,1,0,
1790405165.5927,flamesafe,200,1,126,0,1,0,
1790405165.6179,flamesafe,200,1,127,0,1,0,
1790405165.6429,flamesafe,200,1,128,0,1,0,
1790405165.6676,flamesafe,200,1,129,0,1,0,
1790405165.6930,flamesafe,200,1,130,0,1,0,
1790405165.7178,flamesafe,200,1,131,0,1,0,
1790405165.7428,flamesafe,200,1,132,0,1,0,
1790405165.7678,flamesafe,200,1,133,0,1,0,
1790405165.7930,flamesafe,200,1,134,0,1,0,
1790405165.8177,flamesafe,200,1,135,0,1,0,
1790405165.8426,flamesafe,200,1,136,0,1,0,
1790405165.8677,flamesafe,200,1,137,0,1,0,
1790405165.8930,flamesafe,200,1,138,0,1,0,
1790405165.9179,flamesafe,200,1,139,0,1,0,
1790405165.9430,flamesafe,200,1,140,0,1,0,
1790405165.9678,flamesafe,200,1,141,0,1,0,
1790405165.9931,flamesafe,200,1,142,0,1,0,
1790405166.0176,flamesafe,200,1,143,0,1,0,
1790405166.0427,flamesafe,200,1,144,0,1,0,
1790405166.0679,flamesafe,200,1,145,0,1,0,
1790405166.0928,flamesafe,200,1,146,0,1,0,
1790405166.1181,flamesafe,200,1,147,0,1,0,
1790405166.1429,flamesafe,200,1,148,0,1,0,
1790405166.1678,flamesafe,200,1,149,0,1,0,
1790405166.1927,flamesafe,200,1,150,0,1,0,
1790405166.2178,flamesafe,200,1,151,0,1,0,
1790405166.2431,flamesafe,200,1,152,0,1,0,
1790405166.2679,flamesafe,200,1,153,0,1,0,
1790405166.2930,flamesafe,200,1,154,0,1,0,
1790405166.3177,flamesafe,200,1,155,0,1,0,
1790405166.3427,flamesafe,200,1,156,0,1,0,
1790405166.3677,flamesafe,200,1,157,0,1,0,
1790405166.3929,flamesafe,200,1,158,0,1,0,
1790405166.4181,flamesafe,200,1,159,0,1,0,
1790405166.4429,flamesafe,200,1,160,0,1,0,
1790405166.4680,flamesafe,200,1,161,0,1,0,
1790405166.4926,flamesafe,200,1,162,0,1,0,
1790405166.5181,flamesafe,200,1,163,0,1,0,
1790405166.5431,flamesafe,200,1,164,0,1,0,
1790405166.5676,flamesafe,200,1,165,0,1,0,
1790405166.5926,flamesafe,200,1,166,0,1,0,
1790405166.6180,flamesafe,200,1,167,0,1,0,
1790405166.6430,flamesafe,200,1,168,0,1,0,
1790405166.6681,flamesafe,200,1,169,0,1,0,
1790405166.6926,flamesafe,200,1,170,0,1,0,
1790405166.7179,flamesafe,200,1,171,0,1,0,
1790405166.7428,flamesafe,200,1,172,0,1,0,
1790405166.7680,flamesafe,200,1,173,0,1,0,
1790405166.7928,flamesafe,200,1,174,0,1,0,
1790405166.8178,flamesafe,200,1,175,0,1,0,
1790405166.8428,flamesafe,200,1,176,0,1,0,
1790405166.8679,flamesafe,200,1,177,0,1,0,
1790405166.8928,flamesafe,200,1,178,0,1,0,
1790405166.9176,flamesafe,200,1,179,0,1,0,
1790405166.9426,flamesafe,200,1,180,0,1,0,
1790405166.9677,flamesafe,200,1,181,0,1,0,
1790405166.9927,flamesafe,200,1,182,0,1,0,
1790405167.0181,flamesafe,200,1,183,0,1,0,
1790405167.0431,flamesafe,200,1,184,0,1,0,
1790405167.0677,flamesafe,200,1,185,0,1,0,
1790405167.0928,flamesafe,200,1,186,0,1,0,
1790405167.1181,flamesafe,200,1,187,0,1,0,
1790405167.1429,flamesafe,200,1,188,0,1,0,
1790405167.1679,flamesafe,200,1,189,0,1,0,
1790405167.1930,flamesafe,200,1,190,0,1,0,
1790405167.2177,flamesafe,200,1,191,0,1,0,
1790405167.2426,flamesafe,200,1,192,0,1,0,
1790405167.2677,flamesafe,200,1,193,0,1,0,
1790405167.2928,flamesafe,200,1,194,0,1,0,
1790405167.3179,flamesafe,200,1,195,0,1,0,
1790405167.3427,flamesafe,200,1,196,0,1,0,
1790405167.3680,flamesafe,200,1,197,0,1,0,
1790405167.3926,flamesafe,200,1,198,0,1,0,
1790405167.4179,flamesafe,200,1,199,0,1,0,
1790405167.4426,flamesafe,200,1,200,0,1,0,
1790405167.4676,flamesafe,200,1,201,0,1,0,
1790405167.4931,flamesafe,200,1,202,0,1,0,
1790405167.5179,flamesafe,200,1,203,0,1,0,
1790405167.5429,flamesafe,200,1,204,0,1,0,
1790405167.5679,flamesafe,200,1,205,0,1,0,
1790405167.5930,flamesafe,200,1,206,0,1,0,
1790405167.6181,flamesafe,200,1,207,0,1,0,
1790405167.6430,flamesafe,200,1,208,0,1,0,
1790405167.6677,flamesafe,200,1,209,0,1,0,
1790405167.6928,flamesafe,200,1,210,0,1,0,
1790405167.7180,flamesafe,200,1,211,0,1,0,
1790405167.7427,flamesafe,200,1,212,0,1,0,
1790405167.7677,flamesafe,200,1,213,0,1,0,
1790405167.7929,flamesafe,200,1,214,0,1,0,
1790405167.8181,flamesafe,200,1,215,0,1,0,
1790405167.8426,flamesafe,200,1,216,0,1,0,
1790405167.8676,flamesafe,200,1,217,0,1,0,
1790405167.8928,flamesafe,200,1,218,0,1,0,
1790405167.9178,flamesafe,200,1,219,0,1,0,
1790405167.9428,flamesafe,200,1,220,0,1,0,
1790405167.9681,flamesafe,200,1,221,0,1,0,
1790405167.9929,flamesafe,200,1,222,0,1,0,
1790405168.0178,flamesafe,200,1,223,0,1,0,
1790405168.0430,flamesafe,200,1,224,0,1,0,
1790405168.0679,flamesafe,200,1,225,0,1,0,
1790405168.0928,flamesafe,200,1,226,0,1,0,
1790405168.1177,flamesafe,200,1,227,0,1,0,
1790405168.1428,flamesafe,200,1,228,0,1,0,
1790405168.1677,flamesafe,200,1,229,0,1,0,
1790405168.1927,flamesafe,200,1,230,0,1,0,
1790405168.2179,flamesafe,200,1,231,0,1,0,
1790405168.2431,flamesafe,200,1,232,0,1,0,
1790405168.2680,flamesafe,200,1,233,0,1,0,
1790405168.2932,flamesafe,200,1,234,0,1,0,
1790405168.3179,flamesafe,200,1,235,0,1,0,
1790405168.3426,flamesafe,200,1,236,0,1,0,
1790405168.3680,flamesafe,200,1,237,0,1,0,
1790405168.3933,flamesafe,200,1,238,0,1,0,
1790405168.4180,flamesafe,200,1,239,0,1,0,
1790405168.4428,flamesafe,200,1,240,0,1,0,
1790405168.4680,flamesafe,200,1,241,0,1,0,
1790405168.4931,flamesafe,200,1,242,0,1,0,
1790405168.5178,flamesafe,200,1,243,0,1,0,
1790405168.5426,flamesafe,200,1,244,0,1,0,
1790405168.5679,flamesafe,200,1,245,0,1,0,
1790405168.5927,flamesafe,200,1,246,0,1,0,
1790405168.6181,flamesafe,200,1,247,0,1,0,
1790405168.6428,flamesafe,200,1,248,0,1,0,
1790405168.6680,flamesafe,200,1,249,0,1,0,
1790405168.6926,flamesafe,200,1,250,0,1,0,
1790405168.7180,flamesafe,200,1,251,0,1,0,
1790405168.7428,flamesafe,200,1,252,0,1,0,
1790405168.7679,flamesafe,200,1,253,0,1,0,
1790405168.7928,flamesafe,200,1,254,0,1,0,
1790405168.8179,flamesafe,200,1,255,0,1,0,
1790405168.8426,flamesafe,200,1,0,0,1,0,
1790405168.8677,flamesafe,200,1,1,0,1,0,
1790405168.8927,flamesafe,200,1,2,0,1,0,
1790405168.9179,flamesafe,200,1,3,0,1,0,
1790405168.9429,flamesafe,200,1,4,0,1,0,
1790405168.9676,flamesafe,200,1,5,0,1,0,
1790405168.9926,flamesafe,200,1,6,0,1,0,
1790405169.0179,flamesafe,200,1,7,0,1,0,
1790405169.0427,flamesafe,200,1,8,0,1,0,
1790405169.0679,flamesafe,200,1,9,0,1,0,
1790405169.0926,flamesafe,200,1,10,0,1,0,
1790405169.1177,flamesafe,200,1,11,0,1,0,
1790405169.1428,flamesafe,200,1,12,0,1,0,
1790405169.1676,flamesafe,200,1,13,0,1,0,
1790405169.1929,flamesafe,200,1,14,0,1,0,
1790405169.2179,flamesafe,200,1,15,0,1,0,
1790405169.2429,flamesafe,200,1,16,0,1,0,
1790405169.2676,flamesafe,200,1,17,0,1,0,
1790405169.2928,flamesafe,200,1,18,0,1,0,
1790405169.3176,flamesafe,200,1,19,0,1,0,
1790405169.3428,flamesafe,200,1,20,0,1,0,
1790405169.3678,flamesafe,200,1,21,0,1,0,
1790405169.3927,flamesafe,200,1,22,0,1,0,
1790405169.4176,flamesafe,200,1,23,0,1,0,
1790405169.4430,flamesafe,200,1,24,0,1,0,
1790405169.4676,flamesafe,200,1,25,0,1,0,
1790405169.4928,flamesafe,200,1,26,0,1,0,
1790405169.5179,flamesafe,200,1,27,0,1,0,
1790405169.5430,flamesafe,200,1,28,0,1,0,
1790405169.5679,flamesafe,200,1,29,0,1,0,
1790405169.5930,flamesafe,200,1,30,0,1,0,
1790405169.6181,flamesafe,200,1,31,0,1,0,
1790405169.6430,flamesafe,200,1,32,0,1,0,
1790405169.6676,flamesafe,200,1,33,0,1,0,
1790405169.6927,flamesafe,200,1,34,0,1,0,
1790405169.7178,flamesafe,200,1,35,0,1,0,
1790405169.7428,flamesafe,200,1,36,0,1,0,
1790405169.7677,flamesafe,200,1,37,0,1,0,
1790405169.7928,flamesafe,200,1,38,0,1,0,
1790405169.8177,flamesafe,200,1,39,0,1,0,
1790405169.8429,flamesafe,200,1,40,0,1,0,
1790405169.8679,flamesafe,200,1,41,0,1,0,
1790405169.8929,flamesafe,200,1,42,0,1,0,
1790405169.9177,flamesafe,200,1,43,0,1,0,
1790405169.9430,flamesafe,200,1,44,0,1,0,
1790405169.9681,flamesafe,200,1,45,0,1,0,
1790405169.9927,flamesafe,200,1,46,0,1,0,
1790405170.0177,flamesafe,200,1,47,0,1,0,
1790405170.0426,flamesafe,200,1,48,0,1,0,
1790405170.0680,flamesafe,200,1,49,0,1,0,
1790405170.0932,flamesafe,200,1,50,0,1,0,
1790405170.1180,flamesafe,200,1,51,0,1,0,
1790405170.1426,flamesafe,200,1,52,0,1,0,
1790405170.1680,flamesafe,200,1,53,0,1,0,
1790405170.1928,flamesafe,200,1,54,0,1,0,
1790405170.2176,flamesafe,200,1,55,0,1,0,
1790405170.2433,flamesafe,200,1,56,0,1,0,
1790405170.2676,flamesafe,200,1,57,0,1,0,
1790405170.2930,flamesafe,200,1,58,0,1,0,
1790405170.3179,flamesafe,200,1,59,0,1,0,
1790405170.3429,flamesafe,200,1,60,0,1,0,
1790405170.3679,flamesafe,200,1,61,0,1,0,
1790405170.3929,flamesafe,200,1,62,0,1,0,
1790405170.4178,flamesafe,200,1,63,0,1,0,
1790405170.4429,flamesafe,200,1,64,0,1,0,
1790405170.4677,flamesafe,200,1,65,0,1,0,
1790405170.4928,flamesafe,200,1,66,0,1,0,
1790405170.5178,flamesafe,200,1,67,0,1,0,
1790405170.5426,flamesafe,200,1,68,0,1,0,
1790405170.5680,flamesafe,200,1,69,0,1,0,
1790405170.5929,flamesafe,200,1,70,0,1,0,
1790405170.6178,flamesafe,200,1,71,0,1,0,
1790405170.6432,flamesafe,200,1,72,0,1,0,
1790405170.6677,flamesafe,200,1,73,0,1,0,
1790405170.6927,flamesafe,200,1,74,0,1,0,
1790405170.7179,flamesafe,200,1,75,0,1,0,
1790405170.7427,flamesafe,200,1,76,0,1,0,
1790405170.7678,flamesafe,200,1,77,0,1,0,
1790405170.7927,flamesafe,200,1,78,0,1,0,
1790405170.8177,flamesafe,200,1,79,0,1,0,
1790405170.8428,flamesafe,200,1,80,0,1,0,
1790405170.8680,flamesafe,200,1,81,0,1,0,
1790405170.8927,flamesafe,200,1,82,0,1,0,
1790405170.9180,flamesafe,200,1,83,0,1,0,
1790405170.9431,flamesafe,200,1,84,0,1,0,
1790405170.9677,flamesafe,200,1,85,0,1,0,
1790405170.9927,flamesafe,200,1,86,0,1,0,
1790405171.0181,flamesafe,200,1,87,0,1,0,
1790405171.0430,flamesafe,200,1,88,0,1,0,
1790405171.0680,flamesafe,200,1,89,0,1,0,
1790405171.0929,flamesafe,200,1,90,0,1,0,
1790405171.1178,flamesafe,200,1,91,0,1,0,
1790405171.1427,flamesafe,200,1,92,0,1,0,
1790405171.1679,flamesafe,200,1,93,0,1,0,
1790405171.1927,flamesafe,200,1,94,0,1,0,
1790405171.2181,flamesafe,200,1,95,0,1,0,
1790405171.2430,flamesafe,200,1,96,0,1,0,
1790405171.2678,flamesafe,200,1,97,0,1,0,
1790405171.2930,flamesafe,200,1,98,0,1,0,
1790405171.3179,flamesafe,200,1,99,0,1,0,
1790405171.3429,flamesafe,200,1,100,0,1,0,
1790405171.3676,flamesafe,200,1,101,0,1,0,
1790405171.3929,flamesafe,200,1,102,0,1,0,
1790405171.4177,flamesafe,200,1,103,0,1,0,
1790405171.4431,flamesafe,200,1,104,0,1,0,
1790405171.4681,flamesafe,200,1,105,0,1,0,
1790405171.4928,flamesafe,200,1,106,0,1,0,
1790405171.5177,flamesafe,200,1,107,0,1,0,
1790405171.5429,flamesafe,200,1,108,0,1,0,
1790405171.5680,flamesafe,200,1,109,0,1,0,
1790405171.5929,flamesafe,200,1,110,0,1,0,
1790405171.6179,flamesafe,200,1,111,0,1,0,
1790405171.6428,flamesafe,200,1,112,0,1,0,
1790405171.6678,flamesafe,200,1,113,0,1,0,
1790405171.6929,flamesafe,200,1,114,0,1,0,
1790405171.7181,flamesafe,200,1,115,0,1,0,
1790405171.7430,flamesafe,200,1,116,0,1,0,
1790405171.7678,flamesafe,200,1,117,0,1,0,
1790405171.7929,flamesafe,200,1,118,0,1,0,
1790405171.8177,flamesafe,200,1,119,0,1,0,
1790405171.8429,flamesafe,200,1,120,0,1,0,
1790405171.8680,flamesafe,200,1,121,0,1,0,
1790405171.8934,flamesafe,200,1,122,0,1,0,
1790405171.9177,flamesafe,200,1,123,0,1,0,
1790405171.9429,flamesafe,200,1,124,0,1,0,
1790405171.9679,flamesafe,200,1,125,0,1,0,
1790405171.9930,flamesafe,200,1,126,0,1,0,
1790405172.0180,flamesafe,200,1,127,0,1,0,
1790405172.0429,flamesafe,200,1,128,0,1,0,
1790405172.0678,flamesafe,200,1,129,0,1,0,
1790405172.0930,flamesafe,200,1,130,0,1,0,
1790405172.1180,flamesafe,200,1,131,0,1,0,
1790405172.1431,flamesafe,200,1,132,0,1,0,
1790405172.1681,flamesafe,200,1,133,0,1,0,
1790405172.1931,flamesafe,200,1,134,0,1,0,
1790405172.2178,flamesafe,200,1,135,0,1,0,
1790405172.2427,flamesafe,200,1,136,0,1,0,
1790405172.2680,flamesafe,200,1,137,0,1,0,
1790405172.2931,flamesafe,200,1,138,0,1,0,
1790405172.3176,flamesafe,200,1,139,0,1,0,
1790405172.3430,flamesafe,200,1,140,0,1,0,
1790405172.3679,flamesafe,200,1,141,0,1,0,
1790405172.3929,flamesafe,200,1,142,0,1,0,
1790405172.4178,flamesafe,200,1,143,0,1,0,
1790405172.4427,flamesafe,200,1,144,0,1,0,
1790405172.4676,flamesafe,200,1,145,0,1,0,
1790405172.4930,flamesafe,200,1,146,0,1,0,
1790405172.5177,flamesafe,200,1,147,0,1,0,
1790405172.5430,flamesafe,200,1,148,0,1,0,
1790405172.5678,flamesafe,200,1,149,0,1,0,
1790405172.5927,flamesafe,200,1,150,0,1,0,
1790405172.6176,flamesafe,200,1,151,0,1,0,
1790405172.6429,flamesafe,200,1,152,0,1,0,
1790405172.6676,flamesafe,200,1,153,0,1,0,
1790405172.6928,flamesafe,200,1,154,0,1,0,
1790405172.7179,flamesafe,200,1,155,0,1,0,
1790405172.7427,flamesafe,200,1,156,0,1,0,
1790405172.7678,flamesafe,200,1,157,0,1,0,
1790405172.7930,flamesafe,200,1,158,0,1,0,
1790405172.8179,flamesafe,200,1,159,0,1,0,
1790405172.8428,flamesafe,200,1,160,0,1,0,
1790405172.8679,flamesafe,200,1,161,0,1,0,
1790405172.8929,flamesafe,200,1,162,0,1,0,
1790405172.9179,flamesafe,200,1,163,0,1,0,
1790405172.9428,flamesafe,200,1,164,0,1,0,
1790405172.9679,flamesafe,200,1,165,0,1,0,
1790405172.9929,flamesafe,200,1,166,0,1,0,
1790405173.0178,flamesafe,200,1,167,0,1,0,
1790405173.0430,flamesafe,200,1,168,0,1,0,
1790405173.0676,flamesafe,200,1,169,0,1,0,
1790405173.0930,flamesafe,200,1,170,0,1,0,
1790405173.1180,flamesafe,200,1,171,0,1,0,
1790405173.1426,flamesafe,200,1,172,0,1,0,
1790405173.1677,flamesafe,200,1,173,0,1,0,
1790405173.1931,flamesafe,200,1,174,0,1,0,
1790405173.2177,flamesafe,200,1,175,0,1,0,
1790405173.2429,flamesafe,200,1,176,0,1,0,
1790405173.2681,flamesafe,200,1,177,0,1,0,
1790405173.2928,flamesafe,200,1,178,0,1,0,
1790405173.3179,flamesafe,200,1,179,0,1,0,
1790405173.3427,flamesafe,200,1,180,0,1,0,
1790405173.3677,flamesafe,200,1,181,0,1,0,
1790405173.3928,flamesafe,200,1,182,0,1,0,
1790405173.4178,flamesafe,200,1,183,0,1,0,
1790405173.4430,flamesafe,200,1,184,0,1,0,
1790405173.4678,flamesafe,200,1,185,0,1,0,
1790405173.4929,flamesafe,200,1,186,0,1,0,
1790405173.5177,flamesafe,200,1,187,0,1,0,
1790405173.5430,flamesafe,200,1,188,0,1,0,
1790405173.5680,flamesafe,200,1,189,0,1,0,
1790405173.5928,flamesafe,200,1,190,0,1,0,
1790405173.6179,flamesafe,200,1,191,0,1,0,
1790405173.6428,flamesafe,200,1,192,0,1,0,
1790405173.6680,flamesafe,200,1,193,0,1,0,
1790405173.6927,flamesafe,200,1,194,0,1,0,
1790405173.7181,flamesafe,200,1,195,0,1,0,
1790405173.7427,flamesafe,200,1,196,0,1,0,
1790405173.7679,flamesafe,200,1,197,0,1,0,
1790405173.7928,flamesafe,200,1,198,0,1,0,
1790405173.8179,flamesafe,200,1,199,0,1,0,
1790405173.8427,flamesafe,200,1,200,0,1,0,
1790405173.8677,flamesafe,200,1,201,0,1,0,
1790405173.8928,flamesafe,200,1,202,0,1,0,
1790405173.9176,flamesafe,200,1,203,0,1,0,
1790405173.9431,flamesafe,200,1,204,0,1,0,
1790405173.9679,flamesafe,200,1,205,0,1,0,
1790405173.9929,flamesafe,200,1,206,0,1,0,
1790405174.0179,flamesafe,200,1,207,0,1,0,
1790405174.0427,flamesafe,200,1,208,0,1,0,
1790405174.0680,flamesafe,200,1,209,0,1,0,
1790405174.0928,flamesafe,200,1,210,0,1,0,
1790405174.1178,flamesafe,200,1,211,0,1,0,
1790405174.1427,flamesafe,200,1,212,0,1,0,
1790405174.1680,flamesafe,200,1,213,0,1,0,
1790405174.1928,flamesafe,200,1,214,0,1,0,
1790405174.2176,flamesafe,200,1,215,0,1,0,
1790405174.2427,flamesafe,200,1,216,0,1,0,
1790405174.2676,flamesafe,200,1,217,0,1,0,
1790405174.2927,flamesafe,200,1,218,0,1,0,
1790405174.3180,flamesafe,200,1,219,0,1,0,
1790405174.3429,flamesafe,200,1,220,0,1,0,
1790405174.3681,flamesafe,200,1,221,0,1,0,
1790405174.3927,flamesafe,200,1,222,0,1,0,
1790405174.4179,flamesafe,200,1,223,0,1,0,
1790405174.4426,flamesafe,200,1,224,0,1,0,
1790405174.4676,flamesafe,200,1,225,0,1,0,
1790405174.4931,flamesafe,200,1,226,0,1,0,
1790405174.5177,flamesafe,200,1,227,0,1,0,
1790405174.5430,flamesafe,200,1,228,0,1,0,
1790405174.5677,flamesafe,200,1,229,0,1,0,
1790405174.5929,flamesafe,200,1,230,0,1,0,
1790405174.6178,flamesafe,200,1,231,0,1,0,
1790405174.6429,flamesafe,200,1,232,0,1,0,
1790405174.6681,flamesafe,200,1,233,0,1,0,
1790405174.6931,flamesafe,200,1,234,0,1,0,
1790405174.7177,flamesafe,200,1,235,0,1,0,
1790405174.7426,flamesafe,200,1,236,0,1,0,
1790405174.7676,flamesafe,200,1,237,0,1,0,
1790405174.7926,flamesafe,200,1,238,0,1,0,
1790405174.8180,flamesafe,200,1,239,0,1,0,
1790405174.8428,flamesafe,200,1,240,0,1,0,
1790405174.8676,flamesafe,200,1,241,0,1,0,
1790405174.8929,flamesafe,200,1,242,0,1,0,
1790405174.9181,flamesafe,200,1,243,0,1,0,
1790405174.9429,flamesafe,200,1,244,0,1,0,
1790405174.9677,flamesafe,200,1,245,0,1,0,
1790405174.9929,flamesafe,200,1,246,0,1,0,
1790405175.0180,flamesafe,200,1,247,0,1,0,
1790405175.0429,flamesafe,200,1,248,0,1,0,
1790405175.0677,flamesafe,200,1,249,0,1,0,
1790405175.0930,flamesafe,200,1,250,0,1,0,
1790405175.1179,flamesafe,200,1,251,0,1,0,
1790405175.1430,flamesafe,200,1,252,0,1,0,
1790405175.1678,flamesafe,200,1,253,0,1,0,
1790405175.1928,flamesafe,200,1,254,0,1,0,
1790405175.2179,flamesafe,200,1,255,0,1,0,
1790405175.2429,flamesafe,200,1,0,0,1,0,
1790405175.2680,flamesafe,200,1,1,0,1,0,
1790405175.2931,flamesafe,200,1,2,0,1,0,
1790405175.3177,flamesafe,200,1,3,0,1,0,
1790405175.3427,flamesafe,200,1,4,0,1,0,
1790405175.3679,flamesafe,200,1,5,0,1,0,
1790405175.3927,flamesafe,200,1,6,0,1,0,
1790405175.4179,flamesafe,200,1,7,0,1,0,
1790405175.4430,flamesafe,200,1,8,0,1,0,
1790405175.4678,flamesafe,200,1,9,0,1,0,
1790405175.4929,flamesafe,200,1,10,0,1,0,
1790405175.5178,flamesafe,200,1,11,0,1,0,
1790405175.5426,flamesafe,200,1,12,0,1,0,
1790405175.5680,flamesafe,200,1,13,0,1,0,
1790405175.5929,flamesafe,200,1,14,0,1,0,
1790405175.6179,flamesafe,200,1,15,0,1,0,
1790405175.6427,flamesafe,200,1,16,0,1,0,
1790405175.6680,flamesafe,200,1,17,0,1,0,
1790405175.6928,flamesafe,200,1,18,0,1,0,
1790405175.7181,flamesafe,200,1,19,0,1,0,
1790405175.7428,flamesafe,200,1,20,0,1,0,
1790405175.7677,flamesafe,200,1,21,0,1,0,
1790405175.7929,flamesafe,200,1,22,0,1,0,
1790405175.8177,flamesafe,200,1,23,0,1,0,
1790405175.8428,flamesafe,200,1,24,0,1,0,
1790405175.8678,flamesafe,200,1,25,0,1,0,
1790405175.8929,flamesafe,200,1,26,0,1,0,
1790405175.9179,flamesafe,200,1,27,0,1,0,
1790405175.9430,flamesafe,200,1,28,0,1,0,
1790405175.9678,flamesafe,200,1,29,0,1,0,
1790405175.9930,flamesafe,200,1,30,0,1,0,
1790405176.0180,flamesafe,200,1,31,0,1,0,
1790405176.0427,flamesafe,200,1,32,0,1,0,
1790405176.0677,flamesafe,200,1,33,0,1,0,
1790405176.0927,flamesafe,200,1,34,0,1,0,
1790405176.1177,flamesafe,200,1,35,0,1,0,
1790405176.1427,flamesafe,200,1,36,0,1,0,
1790405176.1678,flamesafe,200,1,37,0,1,0,
1790405176.1928,flamesafe,200,1,38,0,1,0,
1790405176.2176,flamesafe,200,1,39,0,1,0,
1790405176.2431,flamesafe,200,1,40,0,1,0,
1790405176.2680,flamesafe,200,1,41,0,1,0,
1790405176.2927,flamesafe,200,1,42,0,1,0,
1790405176.3179,flamesafe,200,1,43,0,1,0,
1790405176.3427,flamesafe,200,1,44,0,1,0,
1790405176.3679,flamesafe,200,1,45,0,1,0,
1790405176.3929,flamesafe,200,1,46,0,1,0,
1790405176.4176,flamesafe,200,1,47,0,1,0,
1790405176.4429,flamesafe,200,1,48,0,1,0,
1790405176.4677,flamesafe,200,1,49,0,1,0,
1790405176.4928,flamesafe,200,1,50,0,1,0,
1790405176.5179,flamesafe,200,1,51,0,1,0,
1790405176.5428,flamesafe,200,1,52,0,1,0,
1790405176.5681,flamesafe,200,1,53,0,1,0,
1790405176.5928,flamesafe,200,1,54,0,1,0,
1790405176.6177,flamesafe,200,1,55,0,1,0,
1790405176.6430,flamesafe,200,1,56,0,1,0,
1790405176.6678,flamesafe,200,1,57,0,1,0,
1790405176.6927,flamesafe,200,1,58,0,1,0,
1790405176.7178,flamesafe,200,1,59,0,1,0,
1790405176.7429,flamesafe,200,1,60,0,1,0,
1790405176.7680,flamesafe,200,1,61,0,1,0,
1790405176.7927,flamesafe,200,1,62,0,1,0,
1790405176.8178,flamesafe,200,1,63,0,1,0,
1790405176.8428,flamesafe,200,1,64,0,1,0,
1790405176.8678,flamesafe,200,1,65,0,1,0,
1790405176.8929,flamesafe,200,1,66,0,1,0,
1790405176.9181,flamesafe,200,1,67,0,1,0,
1790405176.9427,flamesafe,200,1,68,0,1,0,
1790405176.9681,flamesafe,200,1,69,0,1,0,
1790405176.9930,flamesafe,200,1,70,0,1,0,
1790405177.0178,flamesafe,200,1,71,0,1,0,
1790405177.0427,flamesafe,200,1,72,0,1,0,
1790405177.0680,flamesafe,200,1,73,0,1,0,
1790405177.0927,flamesafe,200,1,74,0,1,0,
1790405177.1180,flamesafe,200,1,75,0,1,0,
1790405177.1426,flamesafe,200,1,76,0,1,0,
1790405177.1681,flamesafe,200,1,77,0,1,0,
1790405177.1930,flamesafe,200,1,78,0,1,0,
1790405177.2178,flamesafe,200,1,79,0,1,0,
1790405177.2429,flamesafe,200,1,80,0,1,0,
1790405177.2680,flamesafe,200,1,81,0,1,0,
1790405177.2930,flamesafe,200,1,82,0,1,0,
1790405177.3181,flamesafe,200,1,83,0,1,0,
1790405177.3431,flamesafe,200,1,84,0,1,0,
1790405177.3680,flamesafe,200,1,85,0,1,0,
1790405177.3680,flamesafe,200,1,86,0,1,0,
1790405177.3680,flamesafe,200,1,87,0,1,0,
1790405177.3680,flamesafe,200,1,88,64,1,0,
1790405177.3680,flamesafe,200,1,89,64,1,0,
1790405177.3680,flamesafe,200,1,90,64,1,0,
