time,name,cpu_pct,user_pct,kernel_pct,page_faults,wset_mb,interrupt_pct,dpc_pct,dpc_worst_cpu_pct,avail_mb,disk_read_mb_s
2026-10-05 12:00:21,system,37,19,18,,,0.8,0.0,2,8401,
2026-10-05 12:00:22,flamesafe,0,0,0,5654,21
2026-10-05 12:00:22,engine,2,2,0,48658,36
2026-10-05 12:00:22,deck,5,5,0,9477,36
2026-10-05 12:00:22,soak,6,3,3,55959,48
2026-10-05 12:00:22,BEYOND,15,3,12,825238,1377
2026-10-05 12:00:22,MadMapper,3,2,2,206571,568
2026-10-05 12:00:22,system,10,7,3,,,0.2,0.0,2,8411,0.2
2026-10-05 12:00:23,flamesafe,2,2,0,5655,21
2026-10-05 12:00:23,engine,5,5,0,48873,36
2026-10-05 12:00:23,deck,9,6,3,9480,36
2026-10-05 12:00:23,soak,2,2,0,55963,48
2026-10-05 12:00:23,BEYOND,6,2,5,825366,1377
2026-10-05 12:00:23,MadMapper,20,8,12,207266,569
2026-10-05 12:00:23,system,12,7,5,,,0.2,0.0,2,8416,0.0
2026-10-05 12:00:24,flamesafe,0,0,0,5655,21
2026-10-05 12:00:24,engine,6,5,2,49093,36
2026-10-05 12:00:24,deck,3,2,2,9483,36
2026-10-05 12:00:24,soak,2,0,2,55967,48
2026-10-05 12:00:24,BEYOND,11,0,11,825495,1377
2026-10-05 12:00:24,MadMapper,12,3,9,207384,569
2026-10-05 12:00:24,system,10,5,4,,,0.4,0.2,3,8423,0.0
2026-10-05 12:00:25,flamesafe,3,2,2,5657,21
2026-10-05 12:00:25,engine,5,3,2,49304,36
2026-10-05 12:00:25,deck,6,5,2,9486,36
2026-10-05 12:00:25,soak,0,0,0,55971,48
2026-10-05 12:00:25,BEYOND,16,0,16,825623,1377
2026-10-05 12:00:25,MadMapper,77,61,16,259665,605
2026-10-05 12:00:25,system,21,15,7,,,0.2,0.0,2,8401,0.1
2026-10-05 12:00:26,flamesafe,2,2,0,5657,21
2026-10-05 12:00:26,engine,8,3,5,61893,37
2026-10-05 12:00:26,deck,8,8,0,9487,36
2026-10-05 12:00:26,soak,3,0,3,56000,48
2026-10-05 12:00:26,BEYOND,14,5,9,825759,1377
2026-10-05 12:00:26,MadMapper,45,42,3,282588,592
2026-10-05 12:00:26,system,21,12,8,,,0.4,0.0,2,8403,0.0
2026-10-05 12:00:27,flamesafe,0,0,0,5658,21
2026-10-05 12:00:27,engine,5,5,0,62115,37
2026-10-05 12:00:27,deck,6,5,2,9490,36
2026-10-05 12:00:27,soak,0,0,0,56004,48
2026-10-05 12:00:27,BEYOND,15,0,16,825886,1377
2026-10-05 12:00:27,MadMapper,11,2,9,282592,592
2026-10-05 12:00:27,system,9,4,4,,,0.2,0.2,2,8412,0.0
2026-10-05 12:00:28,flamesafe,0,0,0,5659,21
2026-10-05 12:00:28,engine,2,2,0,62312,37
2026-10-05 12:00:28,deck,0,0,0,9491,36
2026-10-05 12:00:28,soak,0,0,0,56008,48
2026-10-05 12:00:28,BEYOND,8,3,5,826014,1377
2026-10-05 12:00:28,MadMapper,6,0,6,282620,592
2026-10-05 12:00:28,system,7,4,2,,,0.2,0.4,2,8417,0.2
2026-10-05 12:00:29,flamesafe,2,2,0,5659,21
2026-10-05 12:00:29,engine,9,2,8,62560,37
2026-10-05 12:00:29,deck,5,3,2,9494,36
2026-10-05 12:00:29,soak,2,2,0,56012,48
2026-10-05 12:00:29,BEYOND,14,3,11,826141,1377
2026-10-05 12:00:29,MadMapper,6,2,5,282626,592
2026-10-05 12:00:29,system,8,5,4,,,0.6,0.0,3,8424,4.2
2026-10-05 12:00:30,flamesafe,0,0,0,5660,21
2026-10-05 12:00:30,engine,5,3,2,62777,37
2026-10-05 12:00:30,deck,3,3,0,9496,36
2026-10-05 12:00:30,soak,3,3,0,56016,48
2026-10-05 12:00:30,BEYOND,22,3,19,826269,1377
2026-10-05 12:00:30,MadMapper,2,0,2,282630,592
2026-10-05 12:00:30,system,10,6,3,,,0.0,0.0,0,8432,4.2
2026-10-05 12:00:31,flamesafe,2,2,0,5661,21
2026-10-05 12:00:31,engine,5,3,2,75365,37
2026-10-05 12:00:31,deck,2,0,2,9498,36
2026-10-05 12:00:31,soak,0,0,0,56044,48
2026-10-05 12:00:31,BEYOND,5,0,5,826404,1377
2026-10-05 12:00:31,MadMapper,12,9,3,282634,592
2026-10-05 12:00:31,system,10,5,4,,,0.2,0.0,2,8437,0.0
2026-10-05 12:00:32,flamesafe,0,0,0,5661,21
2026-10-05 12:00:32,engine,5,2,3,75574,37
2026-10-05 12:00:32,deck,2,2,0,9499,36
2026-10-05 12:00:32,soak,2,0,2,56048,48
2026-10-05 12:00:32,BEYOND,14,5,9,826534,1377
2026-10-05 12:00:32,MadMapper,12,3,9,282638,592
2026-10-05 12:00:32,system,8,5,4,,,0.4,0.2,3,8444,4.2
2026-10-05 12:00:33,flamesafe,0,0,0,5662,21
2026-10-05 12:00:33,engine,6,5,2,75791,37
2026-10-05 12:00:33,deck,2,2,0,9500,36
2026-10-05 12:00:33,soak,2,0,2,56052,48
2026-10-05 12:00:33,BEYOND,12,3,9,826661,1377
2026-10-05 12:00:33,MadMapper,3,2,2,282666,592
2026-10-05 12:00:33,system,11,6,4,,,0.4,0.4,3,8445,1.9
2026-10-05 12:00:34,flamesafe,0,0,0,5662,21
2026-10-05 12:00:34,engine,2,0,2,76008,37
2026-10-05 12:00:34,deck,0,0,0,9501,36
2026-10-05 12:00:34,soak,0,0,0,56056,48
2026-10-05 12:00:34,BEYOND,6,0,6,826789,1377
2026-10-05 12:00:34,MadMapper,8,2,6,282712,592
2026-10-05 12:00:34,system,10,6,4,,,0.2,0.0,2,8446,0.0
2026-10-05 12:00:35,flamesafe,3,3,0,5663,21
2026-10-05 12:00:35,engine,3,0,3,76303,37
2026-10-05 12:00:35,deck,3,3,0,9503,36
2026-10-05 12:00:35,soak,2,2,0,56060,48
2026-10-05 12:00:35,BEYOND,14,2,12,826916,1377
2026-10-05 12:00:35,MadMapper,39,34,5,309963,699
2026-10-05 12:00:35,system,21,13,8,,,0.4,0.8,4,8342,0.0
2026-10-05 12:00:36,flamesafe,2,2,0,5664,21
2026-10-05 12:00:36,engine,9,3,6,88914,37
2026-10-05 12:00:36,deck,6,5,2,9505,36
2026-10-05 12:00:36,soak,5,3,2,56088,48
2026-10-05 12:00:36,BEYOND,22,5,17,827054,1377
2026-10-05 12:00:36,MadMapper,88,77,11,333911,797
2026-10-05 12:00:36,system,35,21,14,,,1.0,0.4,7,8238,0.0
2026-10-05 12:00:37,flamesafe,2,2,0,5664,21
2026-10-05 12:00:37,engine,8,5,3,89157,38
2026-10-05 12:00:37,deck,5,5,0,9509,36
2026-10-05 12:00:37,soak,3,3,0,56092,48
2026-10-05 12:00:37,BEYOND,28,8,20,827183,1377
2026-10-05 12:00:37,MadMapper,71,54,17,357229,892
2026-10-05 12:00:37,system,27,17,10,,,1.0,0.6,8,8160,0.1
2026-10-05 12:00:38,flamesafe,2,2,0,5665,21
2026-10-05 12:00:38,engine,9,9,0,89384,38
2026-10-05 12:00:38,deck,8,8,0,9511,36
2026-10-05 12:00:38,soak,3,3,0,56096,48
2026-10-05 12:00:38,BEYOND,19,2,17,827311,1377
2026-10-05 12:00:38,MadMapper,50,39,11,380479,987
2026-10-05 12:00:38,system,26,16,10,,,1.0,0.4,3,8042,0.0
2026-10-05 12:00:39,flamesafe,3,3,0,5666,21
2026-10-05 12:00:39,engine,6,2,5,89614,38
2026-10-05 12:00:39,deck,3,2,2,9513,36
2026-10-05 12:00:39,soak,0,0,0,56100,48
2026-10-05 12:00:39,BEYOND,22,8,14,827438,1377
2026-10-05 12:00:39,MadMapper,50,37,12,384526,1004
2026-10-05 12:00:39,system,20,12,7,,,1.0,0.2,4,8045,0.0
2026-10-05 12:00:40,flamesafe,0,0,0,5666,21
2026-10-05 12:00:40,engine,11,8,3,89830,38
2026-10-05 12:00:40,deck,8,6,2,9513,36
2026-10-05 12:00:40,soak,2,0,2,56104,48
2026-10-05 12:00:40,BEYOND,28,8,20,827574,1377
2026-10-05 12:00:40,MadMapper,86,79,8,384683,1004
2026-10-05 12:00:40,system,34,23,11,,,0.4,0.6,4,8057,0.3
2026-10-05 12:00:41,flamesafe,3,2,2,5667,21
2026-10-05 12:00:41,engine,8,3,5,102442,38
2026-10-05 12:00:41,deck,8,5,3,9515,36
2026-10-05 12:00:41,soak,3,2,2,56132,48
2026-10-05 12:00:41,BEYOND,19,3,15,827704,1377
2026-10-05 12:00:41,MadMapper,92,79,12,384694,1005
2026-10-05 12:00:41,system,39,22,17,,,1.0,0.4,3,8032,0.0
2026-10-05 12:00:42,flamesafe,3,3,0,5667,21
2026-10-05 12:00:42,engine,2,2,0,102661,38
2026-10-05 12:00:42,deck,5,3,2,9518,36
2026-10-05 12:00:42,soak,5,5,0,56136,48
2026-10-05 12:00:42,BEYOND,14,3,11,827831,1377
2026-10-05 12:00:42,MadMapper,63,54,9,384719,1005
2026-10-05 12:00:42,system,22,16,6,,,0.2,0.4,3,8051,0.0
2026-10-05 12:00:43,flamesafe,2,2,0,5668,21
2026-10-05 12:00:43,engine,5,5,0,102878,38
2026-10-05 12:00:43,deck,3,3,0,9519,36
2026-10-05 12:00:43,soak,6,3,3,56140,48
2026-10-05 12:00:43,BEYOND,12,3,9,827959,1377
2026-10-05 12:00:43,MadMapper,51,39,12,384968,1005
2026-10-05 12:00:43,system,26,17,9,,,0.4,0.4,3,8060,0.0
2026-10-05 12:00:45,flamesafe,2,2,0,5669,21
2026-10-05 12:00:45,engine,5,5,0,103097,38
2026-10-05 12:00:45,deck,8,6,2,9520,36
2026-10-05 12:00:45,soak,0,0,0,56144,48
2026-10-05 12:00:45,BEYOND,14,0,14,828086,1377
2026-10-05 12:00:45,MadMapper,50,39,11,385217,1006
2026-10-05 12:00:45,system,20,12,8,,,0.6,0.8,4,8056,0.0
2026-10-05 12:00:46,flamesafe,0,0,0,5669,21
2026-10-05 12:00:46,engine,9,6,3,103313,38
2026-10-05 12:00:46,deck,6,6,0,9522,36
2026-10-05 12:00:46,soak,3,0,3,56148,48
2026-10-05 12:00:46,BEYOND,22,5,17,828224,1377
2026-10-05 12:00:46,MadMapper,66,63,3,386521,1012
2026-10-05 12:00:46,system,25,19,6,,,0.4,0.6,3,8056,0.0
2026-10-05 12:00:47,flamesafe,2,2,0,5670,21
2026-10-05 12:00:47,engine,3,2,2,115929,38
2026-10-05 12:00:47,deck,6,3,3,9524,36
2026-10-05 12:00:47,soak,6,0,6,56177,48
2026-10-05 12:00:47,BEYOND,17,5,12,828351,1377
2026-10-05 12:00:47,MadMapper,48,37,11,386535,1012
2026-10-05 12:00:47,system,18,10,8,,,1.5,0.2,4,8050,0.0
2026-10-05 12:00:48,flamesafe,2,2,0,5671,21
2026-10-05 12:00:48,engine,5,3,2,116141,38
2026-10-05 12:00:48,deck,2,2,0,9526,36
2026-10-05 12:00:48,soak,2,0,2,56181,48
2026-10-05 12:00:48,BEYOND,12,5,8,828479,1377
2026-10-05 12:00:48,MadMapper,28,25,3,387424,1015
2026-10-05 12:00:48,system,18,12,6,,,0.8,0.4,4,8002,0.1
2026-10-05 12:00:49,flamesafe,2,0,2,5671,21
2026-10-05 12:00:49,engine,3,2,2,116338,38
2026-10-05 12:00:49,deck,5,5,0,9527,36
2026-10-05 12:00:49,soak,0,0,0,56185,48
2026-10-05 12:00:49,BEYOND,12,3,9,828606,1377
2026-10-05 12:00:49,MadMapper,47,42,5,390182,1026
2026-10-05 12:00:49,system,15,11,4,,,0.2,0.2,3,8040,0.0
2026-10-05 12:00:50,flamesafe,0,0,0,5672,21
2026-10-05 12:00:50,engine,3,3,0,116623,39
2026-10-05 12:00:50,deck,6,5,2,9528,36
2026-10-05 12:00:50,soak,5,5,0,56189,48
2026-10-05 12:00:50,BEYOND,11,2,9,828734,1377
2026-10-05 12:00:50,MadMapper,38,31,6,390186,1026
2026-10-05 12:00:50,system,12,9,4,,,0.2,0.0,2,8041,0.0
2026-10-05 12:00:51,flamesafe,0,0,0,5672,21
2026-10-05 12:00:51,engine,9,9,0,116877,39
2026-10-05 12:00:51,deck,3,3,0,9530,36
2026-10-05 12:00:51,soak,2,0,2,56205,48
2026-10-05 12:00:51,BEYOND,22,2,20,828869,1377
2026-10-05 12:00:51,MadMapper,49,45,5,390240,1027
2026-10-05 12:00:51,system,26,17,10,,,0.6,0.6,7,8034,0.0
2026-10-05 12:00:52,flamesafe,2,2,0,5673,21
2026-10-05 12:00:52,engine,9,5,5,129478,39
2026-10-05 12:00:52,deck,3,3,0,9532,36
2026-10-05 12:00:52,soak,6,2,5,56221,48
2026-10-05 12:00:52,BEYOND,19,6,12,828997,1377
2026-10-05 12:00:52,MadMapper,47,42,5,390274,1027
2026-10-05 12:00:52,system,26,17,9,,,0.8,0.4,4,8020,0.0
2026-10-05 12:00:53,flamesafe,3,2,2,5674,21
2026-10-05 12:00:53,engine,11,11,0,129697,39
2026-10-05 12:00:53,deck,17,9,8,9534,36
2026-10-05 12:00:53,soak,5,5,0,56226,48
2026-10-05 12:00:53,BEYOND,26,2,25,829126,1377
2026-10-05 12:00:53,MadMapper,37,34,3,394908,1045
2026-10-05 12:00:53,system,21,13,8,,,0.6,0.6,3,8021,0.0
2026-10-05 12:00:54,flamesafe,5,5,0,5674,21
2026-10-05 12:00:54,engine,8,5,3,129914,39
2026-10-05 12:00:54,deck,5,5,0,9536,36
2026-10-05 12:00:54,soak,5,3,2,56230,48
2026-10-05 12:00:54,BEYOND,25,5,20,829254,1377
2026-10-05 12:00:54,MadMapper,52,43,8,394998,1045
2026-10-05 12:00:54,system,26,16,10,,,0.8,0.2,3,8022,0.2
2026-10-05 12:00:55,flamesafe,3,3,0,5675,21
2026-10-05 12:00:55,engine,2,0,2,130136,39
2026-10-05 12:00:55,deck,3,2,2,9537,36
2026-10-05 12:00:55,soak,5,5,0,56234,48
2026-10-05 12:00:55,BEYOND,20,5,16,829381,1377
2026-10-05 12:00:55,MadMapper,32,30,3,395140,1046
2026-10-05 12:00:55,system,22,15,7,,,0.4,0.2,2,8004,0.0
2026-10-05 12:00:56,flamesafe,2,2,0,5675,21
2026-10-05 12:00:56,engine,12,8,5,130420,39
2026-10-05 12:00:56,deck,8,3,5,9538,36
2026-10-05 12:00:56,soak,3,3,0,56238,48
2026-10-05 12:00:56,BEYOND,23,6,17,829517,1377
2026-10-05 12:00:56,MadMapper,39,34,5,395187,1046
2026-10-05 12:00:56,system,16,10,6,,,0.2,0.2,2,8024,0.0
2026-10-05 12:00:57,flamesafe,0,0,0,5676,21
2026-10-05 12:00:57,engine,16,8,8,143013,39
2026-10-05 12:00:57,deck,9,5,5,9541,36
2026-10-05 12:00:57,soak,8,3,5,56267,48
2026-10-05 12:00:57,BEYOND,14,6,8,829645,1377
2026-10-05 12:00:57,MadMapper,27,23,3,395243,1046
2026-10-05 12:00:57,system,42,26,16,,,1.3,0.6,6,8018,0.0
2026-10-05 12:00:58,flamesafe,0,0,0,5677,21
2026-10-05 12:00:58,engine,5,3,2,143227,39
2026-10-05 12:00:58,deck,6,5,2,9543,36
2026-10-05 12:00:58,soak,2,0,2,56271,48
2026-10-05 12:00:58,BEYOND,17,5,12,829772,1377
2026-10-05 12:00:58,MadMapper,37,34,3,395481,1047
2026-10-05 12:00:58,system,20,13,7,,,0.8,1.0,10,8003,0.0
2026-10-05 12:00:59,flamesafe,3,3,0,5677,21
2026-10-05 12:00:59,engine,8,8,0,143439,39
2026-10-05 12:00:59,deck,8,6,2,9544,36
2026-10-05 12:00:59,soak,3,3,0,56275,48
2026-10-05 12:00:59,BEYOND,14,0,14,829902,1377
2026-10-05 12:00:59,MadMapper,41,39,2,395565,1047
2026-10-05 12:00:59,system,21,14,6,,,1.0,0.8,10,8030,0.2
2026-10-05 12:01:00,flamesafe,5,5,0,5693,21
2026-10-05 12:01:00,engine,6,2,5,143655,39
2026-10-05 12:01:00,deck,11,11,0,9546,36
2026-10-05 12:01:00,soak,2,0,2,56279,48
2026-10-05 12:01:00,BEYOND,18,3,16,830029,1377
2026-10-05 12:01:00,MadMapper,54,53,2,395619,1047
2026-10-05 12:01:00,system,27,19,8,,,0.4,0.0,2,8043,0.0
2026-10-05 12:01:01,flamesafe,3,2,2,5693,21
2026-10-05 12:01:01,engine,8,6,2,143876,39
2026-10-05 12:01:01,deck,9,6,3,9546,36
2026-10-05 12:01:01,soak,2,0,2,56283,48
2026-10-05 12:01:01,BEYOND,14,5,9,830165,1377
2026-10-05 12:01:01,MadMapper,70,68,2,395623,1047
2026-10-05 12:01:01,system,23,17,6,,,0.0,0.4,3,8046,0.0
2026-10-05 12:01:02,flamesafe,2,0,2,5693,21
2026-10-05 12:01:02,engine,5,3,2,156479,40
2026-10-05 12:01:02,deck,9,6,3,9548,36
2026-10-05 12:01:02,soak,9,6,3,56313,48
2026-10-05 12:01:02,BEYOND,28,12,16,830292,1377
2026-10-05 12:01:02,MadMapper,73,65,8,395695,1047
2026-10-05 12:01:02,system,34,22,12,,,0.4,0.4,3,8050,0.0
2026-10-05 12:01:03,flamesafe,2,2,0,5693,21
2026-10-05 12:01:03,engine,9,8,2,156689,40
2026-10-05 12:01:03,deck,9,9,0,9549,36
2026-10-05 12:01:03,soak,0,0,0,56317,48
2026-10-05 12:01:03,BEYOND,18,5,14,830420,1377
2026-10-05 12:01:03,MadMapper,57,45,12,395699,1047
2026-10-05 12:01:03,system,28,18,10,,,0.6,0.0,2,8032,0.1
2026-10-05 12:01:04,flamesafe,0,0,0,5693,21
2026-10-05 12:01:04,engine,3,3,0,156967,40
2026-10-05 12:01:04,deck,6,6,0,9552,36
2026-10-05 12:01:04,soak,2,2,0,56321,48
2026-10-05 12:01:04,BEYOND,25,3,22,830547,1377
2026-10-05 12:01:04,MadMapper,31,28,3,395924,1047
2026-10-05 12:01:04,system,18,12,6,,,0.4,0.4,3,8047,0.0
2026-10-05 12:01:05,flamesafe,2,2,0,5693,21
2026-10-05 12:01:05,engine,3,3,0,157175,40
2026-10-05 12:01:05,deck,8,3,5,9552,36
2026-10-05 12:01:05,soak,0,0,0,56325,48
2026-10-05 12:01:05,BEYOND,23,8,16,830685,1377
2026-10-05 12:01:05,MadMapper,40,31,9,396548,1050
2026-10-05 12:01:05,system,23,15,8,,,0.2,0.0,2,8053,0.0
2026-10-05 12:01:06,flamesafe,0,0,0,5693,21
2026-10-05 12:01:06,engine,5,3,2,157400,40
2026-10-05 12:01:06,deck,6,3,3,9553,36
2026-10-05 12:01:06,soak,0,0,0,56341,48
2026-10-05 12:01:06,BEYOND,17,2,16,830812,1377
2026-10-05 12:01:06,MadMapper,31,28,3,396838,1051
2026-10-05 12:01:06,system,21,12,10,,,0.8,0.2,7,8014,0.3
2026-10-05 12:01:07,flamesafe,0,0,0,5693,21
2026-10-05 12:01:07,engine,12,8,5,169985,40
2026-10-05 12:01:07,deck,8,8,0,9553,36
2026-10-05 12:01:07,soak,6,3,3,56360,48
2026-10-05 12:01:07,BEYOND,14,6,8,830940,1377
2026-10-05 12:01:07,MadMapper,50,37,12,397175,1052
2026-10-05 12:01:07,system,25,15,10,,,1.5,0.0,4,8043,0.0
2026-10-05 12:01:08,flamesafe,2,2,0,5693,21
2026-10-05 12:01:08,engine,9,6,3,170203,40
2026-10-05 12:01:08,deck,5,5,0,9553,36
2026-10-05 12:01:08,soak,2,2,0,56364,48
2026-10-05 12:01:08,BEYOND,8,3,5,831067,1377
2026-10-05 12:01:08,MadMapper,55,47,9,397205,1052
2026-10-05 12:01:08,system,25,18,7,,,1.0,0.0,3,8048,0.0
2026-10-05 12:01:09,flamesafe,3,3,0,5693,21
2026-10-05 12:01:09,engine,9,2,8,170427,40
2026-10-05 12:01:09,deck,3,2,2,9554,36
2026-10-05 12:01:09,soak,3,2,2,56368,48
2026-10-05 12:01:09,BEYOND,28,3,25,831195,1377
2026-10-05 12:01:09,MadMapper,44,31,12,397245,1052
2026-10-05 12:01:09,system,26,13,13,,,0.6,0.4,3,8023,0.0
2026-10-05 12:01:10,flamesafe,2,0,2,5693,21
2026-10-05 12:01:10,engine,6,3,3,170642,40
2026-10-05 12:01:10,deck,3,2,2,9555,36
2026-10-05 12:01:10,soak,0,0,0,56372,48
2026-10-05 12:01:10,BEYOND,11,0,11,831335,1377
2026-10-05 12:01:10,MadMapper,32,29,3,397431,1052
2026-10-05 12:01:10,system,13,9,4,,,0.6,0.2,4,8041,0.1
2026-10-05 12:01:11,flamesafe,0,0,0,5693,21
2026-10-05 12:01:11,engine,3,3,0,170856,40
2026-10-05 12:01:11,deck,0,0,0,9555,36
2026-10-05 12:01:11,soak,5,3,2,56400,48
2026-10-05 12:01:11,BEYOND,12,8,5,831464,1377
2026-10-05 12:01:11,MadMapper,30,28,2,397737,1053
2026-10-05 12:01:11,system,16,11,5,,,0.6,0.2,6,8053,0.0
2026-10-05 12:01:12,flamesafe,0,0,0,5693,21
2026-10-05 12:01:12,engine,11,8,3,183427,40
2026-10-05 12:01:12,deck,5,2,3,9557,36
2026-10-05 12:01:12,soak,2,2,0,56404,48
2026-10-05 12:01:12,BEYOND,11,2,9,831592,1377
2026-10-05 12:01:12,MadMapper,42,28,14,397741,1053
2026-10-05 12:01:12,system,15,9,6,,,0.8,0.8,7,8049,0.0
2026-10-05 12:01:13,flamesafe,2,2,0,5693,21
2026-10-05 12:01:13,engine,3,3,0,183702,41
2026-10-05 12:01:13,deck,11,11,0,9557,36
2026-10-05 12:01:13,soak,3,3,0,56408,48
2026-10-05 12:01:13,BEYOND,12,3,9,831719,1377
2026-10-05 12:01:13,MadMapper,38,34,3,397761,1053
2026-10-05 12:01:13,system,12,9,3,,,0.2,0.8,7,8048,0.0
2026-10-05 12:01:14,flamesafe,0,0,0,5693,21
2026-10-05 12:01:14,engine,2,0,2,183917,41
2026-10-05 12:01:14,deck,9,5,5,9558,36
2026-10-05 12:01:14,soak,2,0,2,56412,48
2026-10-05 12:01:14,BEYOND,11,0,11,831847,1377
2026-10-05 12:01:14,MadMapper,34,33,2,397789,1053
2026-10-05 12:01:14,system,13,9,4,,,0.4,0.0,2,8047,0.0
2026-10-05 12:01:15,flamesafe,0,0,0,5693,21
2026-10-05 12:01:15,engine,6,3,3,184130,41
2026-10-05 12:01:15,deck,6,5,2,9558,36
2026-10-05 12:01:15,soak,2,0,2,56416,48
2026-10-05 12:01:15,BEYOND,14,6,8,831982,1377
2026-10-05 12:01:15,MadMapper,52,50,3,397824,1053
2026-10-05 12:01:15,system,22,15,6,,,0.0,0.0,0,8055,0.1
2026-10-05 12:01:16,flamesafe,2,2,0,5693,21
2026-10-05 12:01:16,engine,2,2,0,184345,41
2026-10-05 12:01:16,deck,3,2,2,9559,36
2026-10-05 12:01:16,soak,2,2,0,56420,48
2026-10-05 12:01:16,BEYOND,14,3,11,832110,1377
2026-10-05 12:01:16,MadMapper,38,34,3,397828,1053
2026-10-05 12:01:16,system,15,9,6,,,0.6,0.0,2,8026,0.0
2026-10-05 12:01:17,flamesafe,5,5,0,5693,21
2026-10-05 12:01:17,engine,14,14,0,196942,41
2026-10-05 12:01:17,deck,6,6,0,9559,36
2026-10-05 12:01:17,soak,8,3,5,56452,48
2026-10-05 12:01:17,BEYOND,9,0,9,832237,1377
2026-10-05 12:01:17,MadMapper,42,36,6,397832,1053
2026-10-05 12:01:17,system,22,14,8,,,0.6,0.2,3,8049,0.0
2026-10-05 12:01:18,flamesafe,3,3,0,5693,21
2026-10-05 12:01:18,engine,6,6,0,197219,41
2026-10-05 12:01:18,deck,6,6,0,9560,36
2026-10-05 12:01:18,soak,0,0,0,56456,48
2026-10-05 12:01:18,BEYOND,12,5,8,832367,1377
2026-10-05 12:01:18,MadMapper,37,26,11,397872,1053
2026-10-05 12:01:18,system,17,12,5,,,0.2,0.0,2,8057,0.1
2026-10-05 12:01:19,flamesafe,2,2,0,5693,21
2026-10-05 12:01:19,engine,2,2,0,197436,41
2026-10-05 12:01:19,deck,6,5,2,9560,36
2026-10-05 12:01:19,soak,2,2,0,56460,48
2026-10-05 12:01:19,BEYOND,23,6,17,832494,1377
2026-10-05 12:01:19,MadMapper,42,37,5,397925,1052
2026-10-05 12:01:19,system,16,10,5,,,0.4,0.0,2,8047,0.0
2026-10-05 12:01:20,flamesafe,0,0,0,5693,21
2026-10-05 12:01:20,engine,0,0,0,197654,41
2026-10-05 12:01:20,deck,0,0,0,9596,36
2026-10-05 12:01:20,soak,0,0,0,56464,48
2026-10-05 12:01:20,BEYOND,11,0,11,832630,1377
2026-10-05 12:01:20,MadMapper,38,29,9,398224,1053
2026-10-05 12:01:20,system,15,9,5,,,0.4,0.2,2,8047,0.0
2026-10-05 12:01:21,flamesafe,0,0,0,5693,21
2026-10-05 12:01:21,engine,6,3,3,197881,41
2026-10-05 12:01:21,deck,8,8,0,9598,36
2026-10-05 12:01:21,soak,5,3,2,56513,48
2026-10-05 12:01:21,BEYOND,17,5,12,832757,1377
2026-10-05 12:01:21,MadMapper,53,40,12,398402,1054
2026-10-05 12:01:21,system,33,21,12,,,0.2,0.6,4,7957,0.0
2026-10-05 12:01:22,flamesafe,2,2,0,5693,21
2026-10-05 12:01:22,engine,23,12,11,210487,41
2026-10-05 12:01:22,deck,3,3,0,9598,36
2026-10-05 12:01:22,soak,6,3,3,56536,48
2026-10-05 12:01:22,BEYOND,22,5,17,832885,1377
2026-10-05 12:01:22,MadMapper,68,59,9,403495,1061
2026-10-05 12:01:22,system,43,28,15,,,1.1,0.2,4,7888,0.0
2026-10-05 12:01:23,flamesafe,3,2,2,5693,21
2026-10-05 12:01:23,engine,8,5,3,210697,41
2026-10-05 12:01:23,deck,5,5,0,9599,36
2026-10-05 12:01:23,soak,5,3,2,56547,48
2026-10-05 12:01:23,BEYOND,12,5,8,833014,1377
2026-10-05 12:01:23,MadMapper,47,40,6,403518,1061
2026-10-05 12:01:23,system,20,14,7,,,0.0,0.0,0,7872,0.0
2026-10-05 12:01:24,flamesafe,2,2,0,5693,21
2026-10-05 12:01:24,engine,8,6,2,210916,41
2026-10-05 12:01:24,deck,6,3,3,9599,36
2026-10-05 12:01:24,soak,2,2,0,56593,48
2026-10-05 12:01:24,BEYOND,14,8,6,833142,1377
2026-10-05 12:01:24,MadMapper,34,29,5,403852,1061
2026-10-05 12:01:24,system,24,17,6,,,0.4,0.4,3,8004,0.0
2026-10-05 12:01:25,flamesafe,0,0,0,5693,21
2026-10-05 12:01:25,engine,6,2,5,211133,41
2026-10-05 12:01:25,deck,5,5,0,9600,36
2026-10-05 12:01:25,soak,3,2,2,56613,48
2026-10-05 12:01:25,BEYOND,18,5,14,833278,1377
2026-10-05 12:01:25,MadMapper,49,40,9,403882,1061
2026-10-05 12:01:25,system,24,15,9,,,0.4,0.2,2,7995,0.0
2026-10-05 12:01:26,flamesafe,3,2,2,5693,21
2026-10-05 12:01:26,engine,9,8,2,211346,41
2026-10-05 12:01:26,deck,5,3,2,9600,36
2026-10-05 12:01:26,soak,2,2,0,56641,48
2026-10-05 12:01:26,BEYOND,20,3,17,833405,1377
2026-10-05 12:01:26,MadMapper,28,25,3,403888,1061
2026-10-05 12:01:26,system,20,12,8,,,0.2,0.4,2,7976,0.0
2026-10-05 12:01:27,flamesafe,2,0,2,5693,21
2026-10-05 12:01:27,engine,3,0,3,223935,41
2026-10-05 12:01:27,deck,5,2,3,9600,36
2026-10-05 12:01:27,soak,5,3,2,56658,48
2026-10-05 12:01:27,BEYOND,26,2,25,833533,1377
2026-10-05 12:01:27,MadMapper,51,48,3,403894,1061
2026-10-05 12:01:27,system,29,17,12,,,0.4,0.4,2,8019,0.0
2026-10-05 12:01:28,flamesafe,0,0,0,5693,21
2026-10-05 12:01:28,engine,2,0,2,224151,41
2026-10-05 12:01:28,deck,0,0,0,9600,36
2026-10-05 12:01:28,soak,0,0,0,56662,48
2026-10-05 12:01:28,BEYOND,12,6,6,833662,1377
2026-10-05 12:01:28,MadMapper,33,28,5,403898,1061
2026-10-05 12:01:28,system,16,11,6,,,0.0,0.2,2,8007,0.0
2026-10-05 12:01:29,flamesafe,2,2,0,5693,21
2026-10-05 12:01:29,engine,6,5,2,224356,41
2026-10-05 12:01:29,deck,8,6,2,9600,36
2026-10-05 12:01:29,soak,0,0,0,56666,48
2026-10-05 12:01:29,BEYOND,17,6,11,833790,1377
2026-10-05 12:01:29,MadMapper,53,42,11,403999,1060
2026-10-05 12:01:29,system,16,12,5,,,0.4,0.0,2,8003,0.0
2026-10-05 12:01:30,flamesafe,0,0,0,5693,21
2026-10-05 12:01:30,engine,3,2,2,224574,41
2026-10-05 12:01:30,deck,6,6,0,9600,36
2026-10-05 12:01:30,soak,8,5,3,56671,48
2026-10-05 12:01:30,BEYOND,11,0,11,833925,1377
2026-10-05 12:01:30,MadMapper,51,43,8,408548,1065
2026-10-05 12:01:30,system,17,10,7,,,1.2,0.2,4,8020,0.0
2026-10-05 12:01:31,flamesafe,0,0,0,5693,21
2026-10-05 12:01:31,engine,5,3,2,237268,42
2026-10-05 12:01:31,deck,3,3,0,9600,36
2026-10-05 12:01:31,soak,8,6,2,56699,48
2026-10-05 12:01:31,BEYOND,14,3,11,834053,1377
2026-10-05 12:01:31,MadMapper,27,25,2,408680,1065
2026-10-05 12:01:31,system,16,10,6,,,0.0,0.2,2,8019,0.0
2026-10-05 12:01:32,flamesafe,0,0,0,5693,21
2026-10-05 12:01:32,engine,3,3,0,237491,42
2026-10-05 12:01:32,deck,5,5,0,9600,36
2026-10-05 12:01:32,soak,3,3,0,56703,48
2026-10-05 12:01:32,BEYOND,9,2,8,834180,1377
2026-10-05 12:01:32,MadMapper,30,22,8,408684,1065
2026-10-05 12:01:32,system,12,8,3,,,0.0,0.2,2,8021,0.0
2026-10-05 12:01:33,flamesafe,0,0,0,5693,21
2026-10-05 12:01:33,engine,3,3,0,237717,42
2026-10-05 12:01:33,deck,2,2,0,9600,36
2026-10-05 12:01:33,soak,2,0,2,56707,48
2026-10-05 12:01:33,BEYOND,3,0,3,834308,1377
2026-10-05 12:01:33,MadMapper,49,42,8,408706,1065
2026-10-05 12:01:33,system,20,14,6,,,0.0,0.4,2,8029,0.0
2026-10-05 12:01:34,flamesafe,3,3,0,5693,21
2026-10-05 12:01:34,engine,5,3,2,237932,42
2026-10-05 12:01:34,deck,6,5,2,9600,36
2026-10-05 12:01:34,soak,2,2,0,56711,48
2026-10-05 12:01:34,BEYOND,12,2,11,834435,1377
2026-10-05 12:01:34,MadMapper,44,39,5,408782,1065
2026-10-05 12:01:34,system,20,14,6,,,0.0,0.2,2,8005,0.1
2026-10-05 12:01:35,flamesafe,3,2,2,5693,21
2026-10-05 12:01:35,engine,8,6,2,238154,42
2026-10-05 12:01:35,deck,5,2,3,9600,36
2026-10-05 12:01:35,soak,0,0,0,56715,48
2026-10-05 12:01:35,BEYOND,9,2,8,834573,1377
2026-10-05 12:01:35,MadMapper,34,29,5,408786,1065
2026-10-05 12:01:35,system,13,8,4,,,0.6,0.0,4,8029,0.1
2026-10-05 12:01:36,flamesafe,3,3,0,5693,21
2026-10-05 12:01:36,engine,5,2,3,238389,42
2026-10-05 12:01:36,deck,3,2,2,9600,36
2026-10-05 12:01:36,soak,3,0,3,56743,48
2026-10-05 12:01:36,BEYOND,9,3,6,834700,1377
2026-10-05 12:01:36,MadMapper,52,48,3,408794,1065
2026-10-05 12:01:36,system,24,16,8,,,0.0,0.0,0,7997,0.1
2026-10-05 12:01:37,flamesafe,0,0,0,5693,21
2026-10-05 12:01:37,engine,9,6,3,251004,42
2026-10-05 12:01:37,deck,11,9,2,9600,36
2026-10-05 12:01:37,soak,5,2,3,56749,48
2026-10-05 12:01:37,BEYOND,12,0,12,834828,1377
2026-10-05 12:01:37,MadMapper,65,53,12,413293,1072
2026-10-05 12:01:37,system,21,14,7,,,0.6,0.4,3,8013,0.0
2026-10-05 12:01:38,flamesafe,0,0,0,5693,21
2026-10-05 12:01:38,engine,5,2,3,251216,42
2026-10-05 12:01:38,deck,5,2,3,9600,36
2026-10-05 12:01:38,soak,3,3,0,56753,48
2026-10-05 12:01:38,BEYOND,9,0,9,834955,1377
2026-10-05 12:01:38,MadMapper,42,34,8,413344,1070
2026-10-05 12:01:38,system,12,9,4,,,0.2,0.0,2,8016,0.0
2026-10-05 12:01:39,flamesafe,3,3,0,5693,21
2026-10-05 12:01:39,engine,5,2,3,251466,42
2026-10-05 12:01:39,deck,9,6,3,9600,36
2026-10-05 12:01:39,soak,3,2,2,56757,48
2026-10-05 12:01:39,BEYOND,6,0,6,835091,1377
2026-10-05 12:01:39,MadMapper,38,28,11,413372,1070
2026-10-05 12:01:39,system,12,8,4,,,0.2,0.0,2,8016,0.0
2026-10-05 12:01:40,flamesafe,2,2,0,5693,21
2026-10-05 12:01:40,engine,2,2,0,251682,42
2026-10-05 12:01:40,deck,5,5,0,9600,36
2026-10-05 12:01:40,soak,2,2,0,56761,48
2026-10-05 12:01:40,BEYOND,20,5,16,835221,1377
2026-10-05 12:01:40,MadMapper,39,36,3,413376,1070
2026-10-05 12:01:40,system,17,11,5,,,0.2,0.2,2,8007,0.0
2026-10-05 12:01:41,flamesafe,2,2,0,5693,21
2026-10-05 12:01:41,engine,11,8,3,264301,43
2026-10-05 12:01:41,deck,6,5,2,9600,36
2026-10-05 12:01:41,soak,6,2,5,56791,48
2026-10-05 12:01:41,BEYOND,23,5,19,835348,1377
2026-10-05 12:01:41,MadMapper,48,45,3,413398,1070
2026-10-05 12:01:41,system,24,14,10,,,0.2,0.0,2,8014,0.1
2026-10-05 12:01:42,flamesafe,2,0,2,5693,21
2026-10-05 12:01:42,engine,3,3,0,264519,43
2026-10-05 12:01:42,deck,3,3,0,9600,36
2026-10-05 12:01:42,soak,5,0,5,56795,48
2026-10-05 12:01:42,BEYOND,11,3,8,835476,1377
2026-10-05 12:01:42,MadMapper,38,39,0,413530,1070
2026-10-05 12:01:42,system,18,12,6,,,0.4,0.0,2,7999,0.0
2026-10-05 12:01:43,flamesafe,2,0,2,5693,21
2026-10-05 12:01:43,engine,11,8,3,264734,43
2026-10-05 12:01:43,deck,2,2,0,9600,36
2026-10-05 12:01:43,soak,3,3,0,56799,48
2026-10-05 12:01:43,BEYOND,22,11,11,835603,1377
2026-10-05 12:01:43,MadMapper,56,53,3,413534,1070
2026-10-05 12:01:43,system,16,12,4,,,0.2,0.0,2,8017,0.0
2026-10-05 12:01:44,flamesafe,0,0,0,5693,21
2026-10-05 12:01:44,engine,6,6,0,264953,43
2026-10-05 12:01:44,deck,8,6,2,9600,36
2026-10-05 12:01:44,soak,5,3,2,56805,48
2026-10-05 12:01:44,BEYOND,11,3,8,835739,1377
2026-10-05 12:01:44,MadMapper,57,53,5,413596,1070
2026-10-05 12:01:44,system,23,16,7,,,0.8,0.0,3,7998,0.1
2026-10-05 12:01:45,flamesafe,0,0,0,5693,21
2026-10-05 12:01:45,engine,2,2,0,265172,43
2026-10-05 12:01:45,deck,11,8,3,9600,36
2026-10-05 12:01:45,soak,3,0,3,56810,48
2026-10-05 12:01:45,BEYOND,12,3,9,835866,1377
2026-10-05 12:01:45,MadMapper,77,59,17,418138,1075
2026-10-05 12:01:45,system,21,15,7,,,0.4,0.4,4,8012,0.0
2026-10-05 12:01:46,flamesafe,0,0,0,5693,21
2026-10-05 12:01:46,engine,2,0,2,265395,43
2026-10-05 12:01:46,deck,5,5,0,9600,36
2026-10-05 12:01:46,soak,3,3,0,56828,48
2026-10-05 12:01:46,BEYOND,8,0,8,835996,1377
2026-10-05 12:01:46,MadMapper,40,39,2,418142,1075
2026-10-05 12:01:46,system,12,8,4,,,0.2,0.4,3,8015,0.0
2026-10-05 12:01:47,flamesafe,0,0,0,5693,21
2026-10-05 12:01:47,engine,8,5,3,278001,43
2026-10-05 12:01:47,deck,5,2,3,9600,36
2026-10-05 12:01:47,soak,3,0,3,56845,48
2026-10-05 12:01:47,BEYOND,20,3,17,836123,1377
2026-10-05 12:01:47,MadMapper,42,42,0,418146,1075
2026-10-05 12:01:47,system,15,9,6,,,0.2,0.2,3,8014,0.0
2026-10-05 12:01:48,flamesafe,0,0,0,5701,21
2026-10-05 12:01:48,engine,9,8,2,278269,43
2026-10-05 12:01:48,deck,2,2,0,9600,36
2026-10-05 12:01:48,soak,3,2,2,56849,48
2026-10-05 12:01:48,BEYOND,9,5,5,836251,1377
2026-10-05 12:01:48,MadMapper,48,43,5,418150,1075
2026-10-05 12:01:48,system,19,13,6,,,0.0,0.0,0,7994,0.0
2026-10-05 12:01:49,flamesafe,2,2,0,5701,21
2026-10-05 12:01:49,engine,3,2,2,278491,43
2026-10-05 12:01:49,deck,5,3,2,9601,36
2026-10-05 12:01:49,soak,5,3,2,56853,48
2026-10-05 12:01:49,BEYOND,12,6,6,836386,1377
2026-10-05 12:01:49,MadMapper,52,50,3,418204,1075
2026-10-05 12:01:49,system,15,12,3,,,0.2,0.0,2,8018,0.0
2026-10-05 12:01:50,flamesafe,2,2,0,5701,21
2026-10-05 12:01:50,engine,3,0,3,278696,43
2026-10-05 12:01:50,deck,3,2,2,9601,36
2026-10-05 12:01:50,soak,2,2,0,56857,48
2026-10-05 12:01:50,BEYOND,9,0,9,836514,1377
2026-10-05 12:01:50,MadMapper,56,39,17,418208,1075
2026-10-05 12:01:50,system,22,14,8,,,0.0,0.0,0,8018,0.0
2026-10-05 12:01:51,flamesafe,0,0,0,5701,21
2026-10-05 12:01:51,engine,5,3,2,291324,43
2026-10-05 12:01:51,deck,8,6,2,9601,36
2026-10-05 12:01:51,soak,6,3,3,56885,48
2026-10-05 12:01:51,BEYOND,6,2,5,836641,1377
2026-10-05 12:01:51,MadMapper,42,37,5,418212,1075
2026-10-05 12:01:51,system,25,16,9,,,0.0,0.2,2,7986,0.0
2026-10-05 12:01:52,flamesafe,0,0,0,5701,21
2026-10-05 12:01:52,engine,6,3,3,291537,43
2026-10-05 12:01:52,deck,2,2,0,9601,36
2026-10-05 12:01:52,soak,2,0,2,56889,48
2026-10-05 12:01:52,BEYOND,20,3,17,836771,1377
2026-10-05 12:01:52,MadMapper,69,56,12,418251,1075
2026-10-05 12:01:52,system,21,14,8,,,0.4,0.2,4,7983,0.0
2026-10-05 12:01:53,flamesafe,0,0,0,5701,21
2026-10-05 12:01:53,engine,5,5,0,291824,44
2026-10-05 12:01:53,deck,3,3,0,9601,36
2026-10-05 12:01:53,soak,2,0,2,56894,48
2026-10-05 12:01:53,BEYOND,18,2,17,836898,1377
2026-10-05 12:01:53,MadMapper,71,71,0,422774,1080
2026-10-05 12:01:53,system,21,15,5,,,0.4,0.0,2,8005,0.0
2026-10-05 12:01:54,flamesafe,0,0,0,5701,21
2026-10-05 12:01:54,engine,5,3,2,292031,44
2026-10-05 12:01:54,deck,9,6,3,9601,36
2026-10-05 12:01:54,soak,0,0,0,56898,48
2026-10-05 12:01:54,BEYOND,6,2,5,837034,1377
2026-10-05 12:01:54,MadMapper,33,28,5,422802,1080
2026-10-05 12:01:54,system,11,8,3,,,0.0,0.0,0,8006,0.0
2026-10-05 12:01:55,flamesafe,0,0,0,5701,21
2026-10-05 12:01:55,engine,6,3,3,292247,44
2026-10-05 12:01:55,deck,3,3,0,9601,36
2026-10-05 12:01:55,soak,2,2,0,56902,48
2026-10-05 12:01:55,BEYOND,11,2,9,837162,1377
2026-10-05 12:01:55,MadMapper,50,42,8,422806,1080
2026-10-05 12:01:55,system,14,10,4,,,0.2,0.4,3,8007,0.0
2026-10-05 12:01:56,flamesafe,0,0,0,5701,21
2026-10-05 12:01:56,engine,14,9,5,304852,44
2026-10-05 12:01:56,deck,12,8,5,9601,36
2026-10-05 12:01:56,soak,5,3,2,56933,48
2026-10-05 12:01:56,BEYOND,18,3,16,837289,1377
2026-10-05 12:01:56,MadMapper,58,56,3,422828,1079
2026-10-05 12:01:56,system,30,19,11,,,1.2,0.0,3,8002,0.0
2026-10-05 12:01:57,flamesafe,0,0,0,5701,21
2026-10-05 12:01:57,engine,9,8,2,305060,44
2026-10-05 12:01:57,deck,8,3,5,9601,36
2026-10-05 12:01:57,soak,5,3,2,56937,48
2026-10-05 12:01:57,BEYOND,20,5,16,837417,1377
2026-10-05 12:01:57,MadMapper,61,51,9,422832,1079
2026-10-05 12:01:57,system,22,14,8,,,0.2,0.0,2,7991,0.0
2026-10-05 12:01:58,flamesafe,2,2,0,5701,21
2026-10-05 12:01:58,engine,5,5,0,305277,44
2026-10-05 12:01:58,deck,5,5,0,9601,36
2026-10-05 12:01:58,soak,2,0,2,56941,48
2026-10-05 12:01:58,BEYOND,17,9,8,837544,1377
2026-10-05 12:01:58,MadMapper,48,45,3,422836,1079
2026-10-05 12:01:58,system,18,15,3,,,0.0,0.2,2,8006,0.0
2026-10-05 12:01:59,flamesafe,5,5,0,5701,21
2026-10-05 12:01:59,engine,6,6,0,305492,44
2026-10-05 12:01:59,deck,5,0,5,9601,36
2026-10-05 12:01:59,soak,5,5,0,56945,48
2026-10-05 12:01:59,BEYOND,20,2,19,837682,1377
2026-10-05 12:01:59,MadMapper,38,32,5,422864,1079
2026-10-05 12:01:59,system,22,15,6,,,0.2,0.4,3,7980,0.1
2026-10-05 12:02:00,flamesafe,3,2,2,5701,21
2026-10-05 12:02:00,engine,5,3,2,305710,44
2026-10-05 12:02:00,deck,6,6,0,9601,36
2026-10-05 12:02:00,soak,0,0,0,56949,48
2026-10-05 12:02:00,BEYOND,14,8,6,837809,1377
2026-10-05 12:02:00,MadMapper,60,50,11,422900,1080
2026-10-05 12:02:00,system,19,13,5,,,0.2,0.6,6,7978,0.0
2026-10-05 12:02:01,flamesafe,2,2,0,5701,21
2026-10-05 12:02:01,engine,2,2,0,318274,44
2026-10-05 12:02:01,deck,5,3,2,9601,36
2026-10-05 12:02:01,soak,3,3,0,56979,48
2026-10-05 12:02:01,BEYOND,20,2,19,837939,1377
2026-10-05 12:02:01,MadMapper,45,43,2,423137,1080
2026-10-05 12:02:01,system,21,12,9,,,0.4,0.8,3,8005,0.0
2026-10-05 12:02:02,flamesafe,0,0,0,5701,21
2026-10-05 12:02:02,engine,2,2,0,318514,44
2026-10-05 12:02:02,deck,5,5,0,9601,36
2026-10-05 12:02:02,soak,2,2,0,56983,48
2026-10-05 12:02:02,BEYOND,11,3,8,838066,1377
2026-10-05 12:02:02,MadMapper,65,59,6,423141,1079
2026-10-05 12:02:02,system,15,12,3,,,0.4,0.0,3,8007,0.0
2026-10-05 12:02:03,flamesafe,5,2,3,5701,21
2026-10-05 12:02:03,engine,5,5,0,318721,44
2026-10-05 12:02:03,deck,3,3,0,9601,36
2026-10-05 12:02:03,soak,0,0,0,56987,48
2026-10-05 12:02:03,BEYOND,9,3,6,838194,1377
2026-10-05 12:02:03,MadMapper,55,45,9,423273,1080
2026-10-05 12:02:03,system,13,10,3,,,0.2,0.0,2,8007,0.0
2026-10-05 12:02:04,flamesafe,2,2,0,5701,21
2026-10-05 12:02:04,engine,6,5,2,318933,44
2026-10-05 12:02:04,deck,3,3,0,9601,36
2026-10-05 12:02:04,soak,2,2,0,56991,48
2026-10-05 12:02:04,BEYOND,9,0,9,838331,1377
2026-10-05 12:02:04,MadMapper,59,53,6,423370,1080
2026-10-05 12:02:04,system,24,17,7,,,0.2,0.0,2,7999,0.0
2026-10-05 12:02:05,flamesafe,2,2,0,5701,21
2026-10-05 12:02:05,engine,6,5,2,319153,44
2026-10-05 12:02:05,deck,3,2,2,9601,36
2026-10-05 12:02:05,soak,5,5,0,56995,48
2026-10-05 12:02:05,BEYOND,22,11,11,838459,1377
2026-10-05 12:02:05,MadMapper,40,36,5,423375,1080
2026-10-05 12:02:05,system,20,15,5,,,0.8,0.2,3,7984,0.0
2026-10-05 12:02:06,flamesafe,2,2,0,5701,21
2026-10-05 12:02:06,engine,11,5,6,331828,44
2026-10-05 12:02:06,deck,5,5,0,9601,36
2026-10-05 12:02:06,soak,2,0,2,57025,48
2026-10-05 12:02:06,BEYOND,11,0,11,838586,1377
2026-10-05 12:02:06,MadMapper,39,31,8,423379,1080
2026-10-05 12:02:06,system,20,11,9,,,0.4,0.0,2,8001,0.0
2026-10-05 12:02:07,flamesafe,2,2,0,5701,21
2026-10-05 12:02:07,engine,8,8,0,332035,45
2026-10-05 12:02:07,deck,3,2,2,9601,36
2026-10-05 12:02:07,soak,3,3,0,57029,48
2026-10-05 12:02:07,BEYOND,12,5,8,838714,1377
2026-10-05 12:02:07,MadMapper,40,29,11,423927,1082
2026-10-05 12:02:07,system,23,15,8,,,0.2,0.2,2,7998,0.0
2026-10-05 12:02:08,flamesafe,5,3,2,5701,21
2026-10-05 12:02:08,engine,5,3,2,332250,45
2026-10-05 12:02:08,deck,5,3,2,9601,36
2026-10-05 12:02:08,soak,2,0,2,57033,48
2026-10-05 12:02:08,BEYOND,5,2,3,838841,1377
2026-10-05 12:02:08,MadMapper,36,31,5,424477,1084
2026-10-05 12:02:08,system,11,8,3,,,0.0,0.0,0,7996,0.0
2026-10-05 12:02:09,flamesafe,0,0,0,5701,21
2026-10-05 12:02:09,engine,9,6,3,332463,45
2026-10-05 12:02:09,deck,6,2,5,9601,36
2026-10-05 12:02:09,soak,3,3,0,57037,48
2026-10-05 12:02:09,BEYOND,12,6,6,838977,1377
2026-10-05 12:02:09,MadMapper,46,47,0,428701,1090
2026-10-05 12:02:09,system,18,14,5,,,0.4,0.0,2,7986,0.0
2026-10-05 12:02:10,flamesafe,2,2,0,5701,21
2026-10-05 12:02:10,engine,6,3,3,332680,45
2026-10-05 12:02:10,deck,3,0,3,9601,36
2026-10-05 12:02:10,soak,2,2,0,57041,48
2026-10-05 12:02:10,BEYOND,9,2,8,839107,1377
2026-10-05 12:02:10,MadMapper,44,28,16,428982,1090
2026-10-05 12:02:10,system,18,10,8,,,0.2,0.2,2,7995,0.1
2026-10-05 12:02:11,flamesafe,0,0,0,5701,21
2026-10-05 12:02:11,engine,2,0,2,345258,45
2026-10-05 12:02:11,deck,3,2,2,9601,36
2026-10-05 12:02:11,soak,6,2,5,57072,48
2026-10-05 12:02:11,BEYOND,17,3,14,839234,1377
2026-10-05 12:02:11,MadMapper,34,28,6,429288,1091
2026-10-05 12:02:11,system,18,11,8,,,0.2,0.0,2,7988,0.0
2026-10-05 12:02:12,flamesafe,3,3,0,5701,21
2026-10-05 12:02:12,engine,5,3,2,345499,45
2026-10-05 12:02:12,deck,2,2,0,9601,36
2026-10-05 12:02:12,soak,2,2,0,57076,48
2026-10-05 12:02:12,BEYOND,17,3,14,839362,1377
2026-10-05 12:02:12,MadMapper,31,20,11,429293,1090
2026-10-05 12:02:12,system,19,12,7,,,0.2,0.2,2,7985,0.1
2026-10-05 12:02:13,flamesafe,0,0,0,5701,21
2026-10-05 12:02:13,engine,3,2,2,345784,45
2026-10-05 12:02:13,deck,5,5,0,9601,36
2026-10-05 12:02:13,soak,5,2,3,57080,48
2026-10-05 12:02:13,BEYOND,8,2,6,839489,1377
2026-10-05 12:02:13,MadMapper,34,26,8,429473,1091
2026-10-05 12:02:13,system,18,12,6,,,0.2,0.0,2,7997,0.0
2026-10-05 12:02:14,flamesafe,3,3,0,5701,21
2026-10-05 12:02:14,engine,8,5,3,346003,45
2026-10-05 12:02:14,deck,5,3,2,9601,36
2026-10-05 12:02:14,soak,2,0,2,57084,48
2026-10-05 12:02:14,BEYOND,12,3,9,839627,1377
2026-10-05 12:02:14,MadMapper,41,34,6,430036,1091
2026-10-05 12:02:14,system,17,10,7,,,0.2,0.0,2,7994,0.0
2026-10-05 12:02:15,flamesafe,2,2,0,5701,21
2026-10-05 12:02:15,engine,6,5,2,346217,45
2026-10-05 12:02:15,deck,6,5,2,9601,36
2026-10-05 12:02:15,soak,3,0,3,57088,48
2026-10-05 12:02:15,BEYOND,18,5,14,839754,1377
2026-10-05 12:02:15,MadMapper,40,39,2,430040,1091
2026-10-05 12:02:15,system,29,17,12,,,0.8,0.4,3,7977,0.0
2026-10-05 12:02:16,flamesafe,0,0,0,5701,21
2026-10-05 12:02:16,engine,14,6,8,358806,45
2026-10-05 12:02:16,deck,5,5,0,9601,36
2026-10-05 12:02:16,soak,0,0,0,57139,48
2026-10-05 12:02:16,BEYOND,11,3,8,839882,1377
2026-10-05 12:02:16,MadMapper,39,30,9,430066,1091
2026-10-05 12:02:16,system,24,14,10,,,0.6,0.2,2,7979,0.0
2026-10-05 12:02:17,flamesafe,0,0,0,5701,21
2026-10-05 12:02:17,engine,8,8,0,359017,45
2026-10-05 12:02:17,deck,0,0,0,9601,36
2026-10-05 12:02:17,soak,2,2,0,57143,48
2026-10-05 12:02:17,BEYOND,8,5,3,840009,1377
2026-10-05 12:02:17,MadMapper,36,31,5,430070,1091
2026-10-05 12:02:17,system,11,8,3,,,0.4,0.4,3,7983,0.0
2026-10-05 12:02:18,flamesafe,0,0,0,5701,21
2026-10-05 12:02:18,engine,2,2,0,359233,45
2026-10-05 12:02:18,deck,0,0,0,9601,36
2026-10-05 12:02:18,soak,6,3,3,57147,48
2026-10-05 12:02:18,BEYOND,8,3,5,840145,1377
2026-10-05 12:02:18,MadMapper,43,33,11,430410,1088
2026-10-05 12:02:18,system,19,12,6,,,0.4,0.2,2,7992,0.1
2026-10-05 12:02:19,flamesafe,0,0,0,5701,21
2026-10-05 12:02:19,engine,11,5,6,359455,45
2026-10-05 12:02:19,deck,5,2,3,9601,36
2026-10-05 12:02:19,soak,2,0,2,57153,48
2026-10-05 12:02:19,BEYOND,14,2,12,840272,1377
2026-10-05 12:02:19,MadMapper,58,48,9,434037,1095
2026-10-05 12:02:19,system,19,11,8,,,1.0,0.0,3,7983,0.0
2026-10-05 12:02:20,flamesafe,2,2,0,5701,21
2026-10-05 12:02:20,engine,12,9,3,359685,45
2026-10-05 12:02:20,deck,5,3,2,9601,36
2026-10-05 12:02:20,soak,5,2,3,57157,48
2026-10-05 12:02:20,BEYOND,12,3,9,840402,1377
2026-10-05 12:02:20,MadMapper,58,50,9,441807,1120
2026-10-05 12:02:20,system,30,20,9,,,0.8,0.4,4,7946,0.0
2026-10-05 12:02:21,flamesafe,2,2,0,5701,21
2026-10-05 12:02:21,engine,5,3,2,372285,46
2026-10-05 12:02:21,deck,5,5,0,9601,36
2026-10-05 12:02:21,soak,11,6,5,57205,49
2026-10-05 12:02:21,BEYOND,20,6,14,840529,1377
2026-10-05 12:02:21,MadMapper,52,42,9,441811,1120
2026-10-05 12:02:21,system,27,15,12,,,1.0,0.4,6,7947,0.0
2026-10-05 12:02:22,flamesafe,0,0,0,5701,21
2026-10-05 12:02:22,engine,3,2,2,372501,46
2026-10-05 12:02:22,deck,3,3,0,9601,36
2026-10-05 12:02:22,soak,5,2,3,57209,49
2026-10-05 12:02:22,BEYOND,15,2,14,840657,1377
2026-10-05 12:02:22,MadMapper,57,51,6,441815,1120
2026-10-05 12:02:22,system,24,16,9,,,0.0,0.6,3,7925,0.0
2026-10-05 12:02:23,flamesafe,2,0,2,5701,21
2026-10-05 12:02:23,engine,11,6,5,372710,46
2026-10-05 12:02:23,deck,6,0,6,9601,36
2026-10-05 12:02:23,soak,3,3,0,57213,49
2026-10-05 12:02:23,BEYOND,20,2,19,840793,1377
2026-10-05 12:02:23,MadMapper,42,37,5,442337,1120
2026-10-05 12:02:23,system,18,11,8,,,0.6,0.4,4,7952,0.0
2026-10-05 12:02:24,flamesafe,0,0,0,5701,21
2026-10-05 12:02:24,engine,6,6,0,372940,46
2026-10-05 12:02:24,deck,3,2,2,9601,36
2026-10-05 12:02:24,soak,3,3,0,57217,49
2026-10-05 12:02:24,BEYOND,20,6,14,840920,1377
2026-10-05 12:02:24,MadMapper,48,37,11,442365,1118
2026-10-05 12:02:24,system,20,12,8,,,1.3,0.4,6,7952,0.0
2026-10-05 12:02:25,flamesafe,2,2,0,5701,21
2026-10-05 12:02:25,engine,6,6,0,373159,46
2026-10-05 12:02:25,deck,14,9,5,9601,36
2026-10-05 12:02:25,soak,0,0,0,57221,49
2026-10-05 12:02:25,BEYOND,19,6,12,841048,1377
2026-10-05 12:02:25,MadMapper,42,40,2,442378,1117
2026-10-05 12:02:25,system,16,13,4,,,0.0,0.0,0,7949,0.0
2026-10-05 12:02:26,flamesafe,3,3,0,5701,21
2026-10-05 12:02:26,engine,8,5,3,385765,46
2026-10-05 12:02:26,deck,5,3,2,9601,36
2026-10-05 12:02:26,soak,5,3,2,57251,49
2026-10-05 12:02:26,BEYOND,34,8,26,841177,1377
2026-10-05 12:02:26,MadMapper,48,34,14,442407,1116
2026-10-05 12:02:26,system,38,19,19,,,2.1,0.9,7,7943,0.0
2026-10-05 12:02:27,flamesafe,0,0,0,5701,21
2026-10-05 12:02:27,engine,8,6,2,385988,46
2026-10-05 12:02:27,deck,6,6,0,9601,36
2026-10-05 12:02:27,soak,3,3,0,57255,49
2026-10-05 12:02:27,BEYOND,20,2,19,841305,1377
2026-10-05 12:02:27,MadMapper,55,51,3,442411,1116
2026-10-05 12:02:27,system,25,16,10,,,1.1,0.2,4,7936,0.0
2026-10-05 12:02:28,flamesafe,3,2,2,5701,21
2026-10-05 12:02:28,engine,5,5,0,386200,46
2026-10-05 12:02:28,deck,11,8,3,9601,36
2026-10-05 12:02:28,soak,5,2,3,57275,49
2026-10-05 12:02:28,BEYOND,32,8,25,841438,1377
2026-10-05 12:02:28,MadMapper,112,92,20,459296,1173
2026-10-05 12:02:28,system,46,32,14,,,0.9,0.6,4,7778,0.0
2026-10-05 12:02:29,flamesafe,3,3,0,5701,21
2026-10-05 12:02:29,engine,12,8,5,386415,46
2026-10-05 12:02:29,deck,11,6,5,9601,36
2026-10-05 12:02:29,soak,5,0,5,57283,49
2026-10-05 12:02:29,BEYOND,23,6,17,841566,1377
2026-10-05 12:02:29,MadMapper,88,74,14,460216,1173
2026-10-05 12:02:29,system,44,31,13,,,1.3,0.0,4,7754,0.0
2026-10-05 12:02:30,flamesafe,3,3,0,5701,21
2026-10-05 12:02:30,engine,5,3,2,386629,46
2026-10-05 12:02:30,deck,11,9,2,9601,36
2026-10-05 12:02:30,soak,2,0,2,57291,49
2026-10-05 12:02:30,BEYOND,22,3,19,841695,1377
2026-10-05 12:02:30,MadMapper,58,48,9,460327,1166
2026-10-05 12:02:30,system,24,15,9,,,0.4,0.2,2,7748,0.0
2026-10-05 12:02:31,flamesafe,3,3,0,5701,21
2026-10-05 12:02:31,engine,18,15,3,399244,46
2026-10-05 12:02:31,deck,9,9,0,9601,36
2026-10-05 12:02:31,soak,9,3,6,57323,49
2026-10-05 12:02:31,BEYOND,22,6,15,841823,1377
2026-10-05 12:02:31,MadMapper,82,63,19,460331,1161
2026-10-05 12:02:31,system,53,35,18,,,1.5,0.6,8,7736,0.0
2026-10-05 12:02:32,flamesafe,2,2,0,5701,21
2026-10-05 12:02:32,engine,12,8,5,399457,46
2026-10-05 12:02:32,deck,8,8,0,9601,36
2026-10-05 12:02:32,soak,2,0,2,57343,49
2026-10-05 12:02:32,BEYOND,31,2,29,841958,1377
2026-10-05 12:02:32,MadMapper,80,76,5,460895,1161
2026-10-05 12:02:32,system,40,24,16,,,1.9,0.8,8,7880,0.0
2026-10-05 12:02:33,flamesafe,3,3,0,5701,21
2026-10-05 12:02:33,engine,11,8,3,399673,46
2026-10-05 12:02:33,deck,5,5,0,9601,36
2026-10-05 12:02:33,soak,3,2,2,57351,49
2026-10-05 12:02:33,BEYOND,30,9,20,842086,1377
2026-10-05 12:02:33,MadMapper,117,90,26,480578,1239
2026-10-05 12:02:33,system,40,25,15,,,1.0,0.4,4,7779,0.0
2026-10-05 12:02:34,flamesafe,2,2,0,5701,21
2026-10-05 12:02:34,engine,8,5,3,399957,47
2026-10-05 12:02:34,deck,8,8,0,9601,36
2026-10-05 12:02:34,soak,5,2,3,57371,49
2026-10-05 12:02:34,BEYOND,18,3,15,842215,1377
2026-10-05 12:02:34,MadMapper,74,64,11,481237,1238
2026-10-05 12:02:34,system,29,18,11,,,1.0,0.0,4,7849,0.0
2026-10-05 12:02:35,flamesafe,0,0,0,5701,21
2026-10-05 12:02:35,engine,5,3,2,400197,47
2026-10-05 12:02:35,deck,8,6,2,9601,36
2026-10-05 12:02:35,soak,2,0,2,57379,49
2026-10-05 12:02:35,BEYOND,27,6,20,842343,1377
2026-10-05 12:02:35,MadMapper,47,39,8,481242,1238
2026-10-05 12:02:35,system,21,13,8,,,1.0,0.4,4,7838,0.0
2026-10-05 12:02:36,flamesafe,0,0,0,5701,21
2026-10-05 12:02:36,engine,9,6,3,412812,47
2026-10-05 12:02:36,deck,6,3,3,9601,36
2026-10-05 12:02:36,soak,8,8,0,57409,49
2026-10-05 12:02:36,BEYOND,28,9,19,842479,1377
2026-10-05 12:02:36,MadMapper,57,46,11,481246,1236
2026-10-05 12:02:36,system,34,19,15,,,1.7,0.9,11,7821,0.0
2026-10-05 12:02:37,flamesafe,5,5,0,5701,21
2026-10-05 12:02:37,engine,5,3,2,413027,47
2026-10-05 12:02:37,deck,2,2,0,9601,36
2026-10-05 12:02:37,soak,2,2,0,57413,49
2026-10-05 12:02:37,BEYOND,29,5,25,842606,1377
2026-10-05 12:02:37,MadMapper,69,56,14,481800,1236
2026-10-05 12:02:37,system,26,16,10,,,0.6,0.2,4,7843,0.1
2026-10-05 12:02:38,flamesafe,2,0,2,5701,21
2026-10-05 12:02:38,engine,4,5,0,413248,47
2026-10-05 12:02:38,deck,9,6,3,9601,36
2026-10-05 12:02:38,soak,3,3,0,57417,49
2026-10-05 12:02:38,BEYOND,12,2,11,842741,1377
2026-10-05 12:02:38,MadMapper,108,89,18,502478,1319
2026-10-05 12:02:38,system,33,24,10,,,0.4,0.6,6,7737,0.0
2026-10-05 12:02:39,flamesafe,2,0,2,5701,21
2026-10-05 12:02:39,engine,6,6,0,413468,47
2026-10-05 12:02:39,deck,9,3,6,9601,36
2026-10-05 12:02:39,soak,2,2,0,57421,49
2026-10-05 12:02:39,BEYOND,20,6,14,842868,1377
2026-10-05 12:02:39,MadMapper,81,70,11,503123,1319
2026-10-05 12:02:39,system,23,16,8,,,1.1,0.2,6,7768,0.0
2026-10-05 12:02:40,flamesafe,0,0,0,5701,21
2026-10-05 12:02:40,engine,8,6,2,413687,47
2026-10-05 12:02:40,deck,3,3,0,9601,36
2026-10-05 12:02:40,soak,3,3,0,57425,49
2026-10-05 12:02:40,BEYOND,11,5,6,843006,1377
2026-10-05 12:02:40,MadMapper,66,53,14,503129,1319
2026-10-05 12:02:40,system,19,13,6,,,0.8,0.6,7,7759,0.0
2026-10-05 12:02:41,flamesafe,2,0,2,5701,21
2026-10-05 12:02:41,engine,8,3,5,426394,47
2026-10-05 12:02:41,deck,8,8,0,9601,36
2026-10-05 12:02:41,soak,5,3,2,57455,49
2026-10-05 12:02:41,BEYOND,19,3,15,843133,1377
2026-10-05 12:02:41,MadMapper,69,67,3,503133,1319
2026-10-05 12:02:41,system,27,18,9,,,0.8,0.4,6,7759,0.0
2026-10-05 12:02:42,flamesafe,0,0,0,5701,21
2026-10-05 12:02:42,engine,6,5,2,426607,47
2026-10-05 12:02:42,deck,8,8,0,9601,36
2026-10-05 12:02:42,soak,5,5,0,57459,49
2026-10-05 12:02:42,BEYOND,9,2,8,843261,1377
2026-10-05 12:02:42,MadMapper,67,54,12,503687,1319
2026-10-05 12:02:42,system,29,20,9,,,0.8,0.6,7,7762,0.0
2026-10-05 12:02:43,flamesafe,2,2,0,5701,21
2026-10-05 12:02:43,engine,9,6,3,426823,47
2026-10-05 12:02:43,deck,3,3,0,9601,36
2026-10-05 12:02:43,soak,0,0,0,57463,49
2026-10-05 12:02:43,BEYOND,14,3,11,843388,1377
2026-10-05 12:02:43,MadMapper,54,46,8,503715,1318
2026-10-05 12:02:43,system,25,16,9,,,1.0,0.2,4,7741,0.1
2026-10-05 12:02:44,flamesafe,2,2,0,5701,21
2026-10-05 12:02:44,engine,14,9,5,427032,47
2026-10-05 12:02:44,deck,6,5,2,9601,36
2026-10-05 12:02:44,soak,5,3,2,57467,49
2026-10-05 12:02:44,BEYOND,17,6,11,843526,1377
2026-10-05 12:02:44,MadMapper,102,88,12,524361,1401
2026-10-05 12:02:44,system,26,20,6,,,1.0,0.0,3,7656,0.5
2026-10-05 12:02:45,flamesafe,0,0,0,5701,21
2026-10-05 12:02:45,engine,11,8,3,427247,48
2026-10-05 12:02:45,deck,6,5,2,9601,36
2026-10-05 12:02:45,soak,6,2,5,57471,49
2026-10-05 12:02:45,BEYOND,8,2,6,843653,1377
2026-10-05 12:02:45,MadMapper,68,57,11,525012,1401
2026-10-05 12:02:45,system,21,15,6,,,0.2,0.0,2,7683,0.0
2026-10-05 12:02:46,flamesafe,3,3,0,5701,21
2026-10-05 12:02:46,engine,8,6,2,439867,48
2026-10-05 12:02:46,deck,8,5,3,9601,36
2026-10-05 12:02:46,soak,6,3,3,57501,49
2026-10-05 12:02:46,BEYOND,14,8,6,843781,1377
2026-10-05 12:02:46,MadMapper,64,59,5,525260,1402
2026-10-05 12:02:46,system,23,15,8,,,0.2,0.2,2,7682,0.0
2026-10-05 12:02:47,flamesafe,0,0,0,5701,21
2026-10-05 12:02:47,engine,5,5,0,440078,48
2026-10-05 12:02:47,deck,5,3,2,9601,36
2026-10-05 12:02:47,soak,5,3,2,57505,49
2026-10-05 12:02:47,BEYOND,20,5,16,843908,1377
2026-10-05 12:02:47,MadMapper,69,57,12,525289,1402
2026-10-05 12:02:47,system,27,19,9,,,0.2,0.2,2,7692,0.1
2026-10-05 12:02:48,flamesafe,2,2,0,5701,21
2026-10-05 12:02:48,engine,6,5,2,440301,48
2026-10-05 12:02:48,deck,9,9,0,9601,36
2026-10-05 12:02:48,soak,6,3,3,57509,49
2026-10-05 12:02:48,BEYOND,11,0,11,844036,1377
2026-10-05 12:02:48,MadMapper,47,39,8,525322,1402
2026-10-05 12:02:48,system,22,14,7,,,0.6,0.2,3,7683,0.0
2026-10-05 12:02:49,flamesafe,2,2,0,5701,21
2026-10-05 12:02:49,engine,6,6,0,440516,48
2026-10-05 12:02:49,deck,3,2,2,9601,36
2026-10-05 12:02:49,soak,3,2,2,57513,49
2026-10-05 12:02:49,BEYOND,14,3,11,844172,1377
2026-10-05 12:02:49,MadMapper,72,62,11,525892,1402
2026-10-05 12:02:49,system,26,19,7,,,0.8,0.6,3,7690,0.0
2026-10-05 12:02:50,flamesafe,3,2,2,5701,21
2026-10-05 12:02:50,engine,6,6,0,440744,48
2026-10-05 12:02:50,deck,9,9,0,9601,36
2026-10-05 12:02:50,soak,5,3,2,57517,49
2026-10-05 12:02:50,BEYOND,17,2,15,844301,1377
2026-10-05 12:02:50,MadMapper,69,60,8,526007,1403
2026-10-05 12:02:50,system,42,32,10,,,0.6,0.0,3,7664,0.1
2026-10-05 12:02:51,flamesafe,2,2,0,5701,21
2026-10-05 12:02:51,engine,17,11,6,453325,48
2026-10-05 12:02:51,deck,11,6,5,9601,36
2026-10-05 12:02:51,soak,11,5,6,57548,49
2026-10-05 12:02:51,BEYOND,22,3,19,844427,1377
2026-10-05 12:02:51,MadMapper,128,106,22,546495,1484
2026-10-05 12:02:51,system,38,25,14,,,1.1,0.0,4,7582,0.0
2026-10-05 12:02:52,flamesafe,0,0,0,5701,21
2026-10-05 12:02:52,engine,9,5,5,453543,48
2026-10-05 12:02:52,deck,9,8,2,9601,36
2026-10-05 12:02:52,soak,2,2,0,57552,49
2026-10-05 12:02:52,BEYOND,28,11,17,844556,1377
2026-10-05 12:02:52,MadMapper,88,74,14,547049,1484
2026-10-05 12:02:52,system,24,16,8,,,0.2,0.6,3,7607,0.0
2026-10-05 12:02:53,flamesafe,0,0,0,5701,21
2026-10-05 12:02:53,engine,11,8,3,453755,48
2026-10-05 12:02:53,deck,5,5,0,9601,36
2026-10-05 12:02:53,soak,3,3,0,57558,49
2026-10-05 12:02:53,BEYOND,25,3,22,844692,1377
2026-10-05 12:02:53,MadMapper,89,73,16,547077,1484
2026-10-05 12:02:53,system,23,15,8,,,1.0,0.2,3,7607,0.0
2026-10-05 12:02:54,flamesafe,2,2,0,5701,21
2026-10-05 12:02:54,engine,8,5,3,453956,48
2026-10-05 12:02:54,deck,2,2,0,9601,36
2026-10-05 12:02:54,soak,3,3,0,57562,49
2026-10-05 12:02:54,BEYOND,28,0,28,844819,1377
2026-10-05 12:02:54,MadMapper,58,48,11,547643,1484
2026-10-05 12:02:54,system,29,16,13,,,0.8,0.2,3,7616,0.1
2026-10-05 12:02:55,flamesafe,2,2,0,5701,21
2026-10-05 12:02:55,engine,6,6,0,454171,48
2026-10-05 12:02:55,deck,6,5,2,9601,36
2026-10-05 12:02:55,soak,5,3,2,57566,49
2026-10-05 12:02:55,BEYOND,11,5,6,844947,1377
2026-10-05 12:02:55,MadMapper,39,36,3,547906,1485
2026-10-05 12:02:55,system,19,13,6,,,1.2,0.0,6,7600,0.0
2026-10-05 12:02:56,flamesafe,2,2,0,5701,21
2026-10-05 12:02:56,engine,9,3,6,466755,48
2026-10-05 12:02:56,deck,11,11,0,9601,36
2026-10-05 12:02:56,soak,5,5,0,57596,49
2026-10-05 12:02:56,BEYOND,17,3,14,845074,1377
2026-10-05 12:02:56,MadMapper,122,95,28,568724,1568
2026-10-05 12:02:56,system,39,25,14,,,1.0,0.4,3,7505,0.1
2026-10-05 12:02:58,flamesafe,0,0,0,5701,21
2026-10-05 12:02:58,engine,9,8,2,466978,48
2026-10-05 12:02:58,deck,11,11,0,9601,36
2026-10-05 12:02:58,soak,2,2,0,57600,49
2026-10-05 12:02:58,BEYOND,8,0,8,845204,1377
2026-10-05 12:02:58,MadMapper,59,46,12,569423,1180
2026-10-05 12:02:58,system,21,14,7,,,0.8,0.0,3,7914,0.0
2026-10-05 12:02:59,flamesafe,0,0,0,5701,21
2026-10-05 12:02:59,engine,8,5,3,467198,48
2026-10-05 12:02:59,deck,6,5,2,9601,36
2026-10-05 12:02:59,soak,2,2,0,57604,49
2026-10-05 12:02:59,BEYOND,11,2,9,845339,1377
2026-10-05 12:02:59,MadMapper,9,3,6,569451,1180
2026-10-05 12:02:59,system,8,4,4,,,0.0,0.0,0,7916,0.0
2026-10-05 12:03:00,flamesafe,5,5,0,5701,21
2026-10-05 12:03:00,engine,6,6,0,467483,49
2026-10-05 12:03:00,deck,0,0,0,9601,36
2026-10-05 12:03:00,soak,2,0,2,57608,49
2026-10-05 12:03:00,BEYOND,5,0,5,845467,1377
2026-10-05 12:03:00,MadMapper,6,5,2,570005,1180
2026-10-05 12:03:00,system,13,7,6,,,0.4,0.2,2,7920,0.0
2026-10-05 12:03:01,flamesafe,9,8,2,5706,21
2026-10-05 12:03:01,engine,18,11,8,468122,50
2026-10-05 12:03:01,deck,9,8,2,9603,36
2026-10-05 12:03:01,soak,0,0,0,57612,49
2026-10-05 12:03:01,BEYOND,49,22,28,845649,1377
2026-10-05 12:03:01,MadMapper,385,348,39,685513,1653
2026-10-05 12:03:01,system,69,56,13,,,0.0,0.4,3,7444,2.6
2026-10-05 12:03:02,flamesafe,3,1,1,5706,21
2026-10-05 12:03:02,engine,15,13,1,468268,50
2026-10-05 12:03:02,deck,13,10,3,9603,36
2026-10-05 12:03:02,soak,13,13,0,57632,49
2026-10-05 12:03:02,BEYOND,28,10,18,845733,1377
2026-10-05 12:03:02,MadMapper,552,503,51,833812,2259
2026-10-05 12:03:02,system,97,77,20,,,1.1,0.4,8,6831,2.0
2026-10-05 12:03:03,flamesafe,8,8,0,5706,21
2026-10-05 12:03:03,engine,11,8,3,468517,51
2026-10-05 12:03:03,deck,10,10,0,9604,36
2026-10-05 12:03:03,soak,9,6,3,57746,48
2026-10-05 12:03:03,BEYOND,33,6,27,845833,1377
2026-10-05 12:03:03,MadMapper,551,484,65,982471,2866
2026-10-05 12:03:03,system,94,72,21,,,1.1,0.4,6,6217,2.2
2026-10-05 12:03:04,flamesafe,4,4,0,5706,21
2026-10-05 12:03:04,engine,15,13,1,468694,51
2026-10-05 12:03:04,deck,20,18,2,9604,36
2026-10-05 12:03:04,soak,12,9,3,57779,48
2026-10-05 12:03:04,BEYOND,31,12,18,845936,1377
2026-10-05 12:03:04,MadMapper,492,451,40,1043556,3116
2026-10-05 12:03:04,system,95,75,20,,,0.8,0.0,3,5961,2.1
2026-10-05 12:03:05,flamesafe,2,2,0,5706,21
2026-10-05 12:03:05,engine,17,8,9,481093,51
2026-10-05 12:03:05,deck,5,3,2,9604,36
2026-10-05 12:03:05,soak,8,6,2,57818,48
2026-10-05 12:03:05,BEYOND,6,5,2,845967,1377
2026-10-05 12:03:05,MadMapper,684,651,31,1044535,3120
2026-10-05 12:03:05,system,99,89,10,,,0.2,0.4,3,5963,3.9
2026-10-05 12:03:06,flamesafe,3,3,0,5706,21
2026-10-05 12:03:06,engine,13,9,4,481233,51
2026-10-05 12:03:06,deck,13,7,6,9607,36
2026-10-05 12:03:06,soak,4,4,0,57842,48
2026-10-05 12:03:06,BEYOND,24,10,13,846042,1377
2026-10-05 12:03:06,MadMapper,588,570,16,1044564,3120
2026-10-05 12:03:06,system,94,83,11,,,0.7,1.3,8,5964,2.9
2026-10-05 12:03:07,flamesafe,3,0,3,5706,21
2026-10-05 12:03:07,engine,17,10,7,481442,51
2026-10-05 12:03:07,deck,10,4,6,9607,36
2026-10-05 12:03:07,soak,7,4,3,57851,48
2026-10-05 12:03:07,BEYOND,33,7,26,846165,1377
2026-10-05 12:03:07,MadMapper,502,491,13,1045126,3120
2026-10-05 12:03:07,system,92,73,19,,,0.7,0.2,4,5965,3.6
2026-10-05 12:03:08,flamesafe,2,1,0,5714,21
2026-10-05 12:03:08,engine,21,15,6,494001,51
2026-10-05 12:03:08,deck,9,6,3,9608,36
2026-10-05 12:03:08,soak,10,4,6,57882,48
2026-10-05 12:03:08,BEYOND,52,13,39,846293,1377
2026-10-05 12:03:08,MadMapper,467,453,15,1046025,3115
2026-10-05 12:03:08,system,88,68,20,,,0.7,0.6,4,5998,4.2
2026-10-05 12:03:09,flamesafe,0,0,0,5714,21
2026-10-05 12:03:09,engine,51,29,21,555984,51
2026-10-05 12:03:09,deck,28,25,3,9609,36
2026-10-05 12:03:09,soak,3,3,0,57898,48
2026-10-05 12:03:09,BEYOND,43,9,34,846421,1377
2026-10-05 12:03:09,MadMapper,421,395,25,1047545,3121
2026-10-05 12:03:09,system,91,70,21,,,1.3,0.2,4,5960,3.6
2026-10-05 12:03:10,flamesafe,2,2,0,5714,21
2026-10-05 12:03:10,engine,32,14,18,605695,51
2026-10-05 12:03:10,deck,25,18,6,9609,36
2026-10-05 12:03:10,soak,3,3,0,57902,48
2026-10-05 12:03:10,BEYOND,31,5,26,846519,1377
2026-10-05 12:03:10,MadMapper,483,468,12,1047553,3121
2026-10-05 12:03:10,system,90,74,16,,,1.5,0.8,11,5971,5.4
2026-10-05 12:03:11,flamesafe,3,3,0,5714,21
2026-10-05 12:03:11,engine,18,13,4,618238,51
2026-10-05 12:03:11,deck,12,9,3,9610,36
2026-10-05 12:03:11,soak,8,6,1,57918,48
2026-10-05 12:03:11,BEYOND,39,3,36,846599,1377
2026-10-05 12:03:11,MadMapper,530,502,28,1047578,3118
2026-10-05 12:03:11,system,93,76,17,,,0.7,0.6,3,5962,5.3
2026-10-05 12:03:12,flamesafe,5,5,0,5714,21
2026-10-05 12:03:12,engine,12,12,0,618438,51
2026-10-05 12:03:12,deck,21,18,3,9610,36
2026-10-05 12:03:12,soak,2,2,0,57939,48
2026-10-05 12:03:12,BEYOND,38,5,34,846739,1377
2026-10-05 12:03:12,MadMapper,369,365,9,1048956,3124
2026-10-05 12:03:12,system,83,64,19,,,1.9,0.7,10,5946,4.8
2026-10-05 12:03:13,flamesafe,3,3,0,5714,21
2026-10-05 12:03:13,engine,13,7,6,630962,51
2026-10-05 12:03:13,deck,6,6,0,9610,36
2026-10-05 12:03:13,soak,6,4,1,57947,48
2026-10-05 12:03:13,BEYOND,20,7,12,846821,1377
2026-10-05 12:03:13,MadMapper,559,532,21,1049511,3124
2026-10-05 12:03:13,system,89,77,12,,,0.6,1.1,6,5981,10.6
2026-10-05 12:03:14,flamesafe,3,3,0,5714,21
2026-10-05 12:03:14,engine,14,11,3,631129,51
2026-10-05 12:03:14,deck,14,14,0,9610,36
2026-10-05 12:03:14,soak,4,2,3,57951,48
2026-10-05 12:03:14,BEYOND,30,14,17,846919,1377
2026-10-05 12:03:14,MadMapper,552,545,12,1049550,3124
2026-10-05 12:03:14,system,93,82,11,,,0.6,0.9,7,5960,10.1
2026-10-05 12:03:15,flamesafe,6,6,0,5714,21
2026-10-05 12:03:15,engine,13,8,4,631293,51
2026-10-05 12:03:15,deck,16,13,3,9610,36
2026-10-05 12:03:15,soak,4,3,1,57959,48
2026-10-05 12:03:15,BEYOND,17,8,8,846978,1377
2026-10-05 12:03:15,MadMapper,633,612,23,1049588,3124
2026-10-05 12:03:15,system,96,87,9,,,0.3,0.5,5,5950,11.2
2026-10-05 12:03:16,flamesafe,3,3,0,5714,21
2026-10-05 12:03:16,engine,15,10,4,631504,51
2026-10-05 12:03:16,deck,10,6,4,9610,36
2026-10-05 12:03:16,soak,4,1,3,57982,48
2026-10-05 12:03:16,BEYOND,37,7,30,847085,1377
2026-10-05 12:03:16,MadMapper,512,488,22,1050122,3126
2026-10-05 12:03:16,system,91,72,19,,,0.9,1.3,7,5950,6.9
2026-10-05 12:03:17,flamesafe,3,2,2,5714,21
2026-10-05 12:03:17,engine,17,12,5,633027,53
2026-10-05 12:03:17,deck,17,14,3,9610,36
2026-10-05 12:03:17,soak,6,2,5,58002,48
2026-10-05 12:03:17,BEYOND,41,6,35,847231,1377
2026-10-05 12:03:17,MadMapper,369,351,17,1050126,3126
2026-10-05 12:03:17,system,86,63,22,,,1.5,0.7,10,5937,4.3
2026-10-05 12:03:18,flamesafe,5,5,0,5714,21
2026-10-05 12:03:18,engine,18,14,5,644313,52
2026-10-05 12:03:18,deck,11,8,3,9610,36
2026-10-05 12:03:18,soak,9,6,3,58007,48
2026-10-05 12:03:18,BEYOND,28,12,15,847372,1377
2026-10-05 12:03:18,MadMapper,405,396,9,1050705,3126
2026-10-05 12:03:18,system,71,62,10,,,0.8,0.4,4,5957,5.9
2026-10-05 12:03:19,flamesafe,8,7,0,5714,21
2026-10-05 12:03:19,engine,6,4,1,644510,52
2026-10-05 12:03:19,deck,13,10,3,9610,36
2026-10-05 12:03:19,soak,6,6,0,58011,48
2026-10-05 12:03:19,BEYOND,34,6,28,847504,1377
2026-10-05 12:03:19,MadMapper,476,460,16,1050776,3126
2026-10-05 12:03:19,system,81,68,13,,,0.4,0.7,4,5963,9.3
2026-10-05 12:03:20,flamesafe,3,0,3,5714,21
2026-10-05 12:03:20,engine,15,9,6,644912,52
2026-10-05 12:03:20,deck,15,13,1,9610,36
2026-10-05 12:03:20,soak,9,7,1,58015,48
2026-10-05 12:03:20,BEYOND,39,12,27,847647,1377
2026-10-05 12:03:20,MadMapper,430,418,13,1050781,3126
2026-10-05 12:03:20,system,83,68,15,,,1.5,0.5,7,5971,6.7
2026-10-05 12:03:21,flamesafe,8,8,0,5714,21
2026-10-05 12:03:21,engine,22,20,2,645135,52
2026-10-05 12:03:21,deck,12,9,3,9610,36
2026-10-05 12:03:21,soak,12,5,8,58033,48
2026-10-05 12:03:21,BEYOND,42,15,26,847794,1377
2026-10-05 12:03:21,MadMapper,283,270,14,1051060,3127
2026-10-05 12:03:21,system,75,56,19,,,1.9,0.6,7,5939,7.6
2026-10-05 12:03:22,flamesafe,3,3,0,5714,21
2026-10-05 12:03:22,engine,15,8,8,657783,52
2026-10-05 12:03:22,deck,12,9,3,9610,36
2026-10-05 12:03:22,soak,8,6,2,58087,48
2026-10-05 12:03:22,BEYOND,41,12,29,847931,1377
2026-10-05 12:03:22,MadMapper,292,270,23,1053064,3133
2026-10-05 12:03:22,system,62,45,17,,,1.7,0.9,6,5951,5.1
2026-10-05 12:03:24,flamesafe,1,1,0,5714,21
2026-10-05 12:03:24,engine,15,10,5,657912,52
2026-10-05 12:03:24,deck,9,6,3,9611,36
2026-10-05 12:03:24,soak,8,6,1,58091,48
2026-10-05 12:03:24,BEYOND,19,6,13,847996,1377
2026-10-05 12:03:24,MadMapper,626,594,26,1053849,3136
2026-10-05 12:03:24,system,93,84,10,,,0.5,0.6,2,5966,11.8
2026-10-05 12:03:25,flamesafe,6,6,0,5715,21
2026-10-05 12:03:25,engine,12,8,5,658063,52
2026-10-05 12:03:25,deck,9,6,3,9611,36
2026-10-05 12:03:25,soak,2,2,0,58095,48
2026-10-05 12:03:25,BEYOND,22,8,14,848044,1377
2026-10-05 12:03:25,MadMapper,628,631,6,1053862,3136
2026-10-05 12:03:25,system,97,90,7,,,0.2,0.6,4,5949,13.5
2026-10-05 12:03:26,flamesafe,6,6,0,5715,21
2026-10-05 12:03:26,engine,13,6,7,658197,53
2026-10-05 12:03:26,deck,12,10,1,9612,36
2026-10-05 12:03:26,soak,3,1,1,58101,48
2026-10-05 12:03:26,BEYOND,18,6,12,848112,1377
2026-10-05 12:03:26,MadMapper,636,614,15,1053866,3136
2026-10-05 12:03:26,system,95,87,8,,,0.6,0.2,6,5946,13.2
2026-10-05 12:03:27,flamesafe,8,8,0,5715,21
2026-10-05 12:03:27,engine,6,6,0,658359,53
2026-10-05 12:03:27,deck,9,5,5,9612,36
2026-10-05 12:03:27,soak,6,6,0,58121,48
2026-10-05 12:03:27,BEYOND,15,6,9,848173,1377
2026-10-05 12:03:27,MadMapper,608,600,8,1054382,3138
2026-10-05 12:03:27,system,95,86,9,,,1.1,0.6,8,5950,12.7
2026-10-05 12:03:28,flamesafe,5,5,0,5715,21
2026-10-05 12:03:28,engine,17,15,2,658552,53
2026-10-05 12:03:28,deck,15,14,2,9612,36
2026-10-05 12:03:28,soak,11,8,3,58129,48
2026-10-05 12:03:28,BEYOND,37,15,22,848299,1377
2026-10-05 12:03:28,MadMapper,449,425,23,1054813,3140
2026-10-05 12:03:28,system,90,72,18,,,1.1,0.8,7,5933,8.9
2026-10-05 12:03:29,flamesafe,6,5,2,5715,21
2026-10-05 12:03:29,engine,9,3,6,671149,53
2026-10-05 12:03:29,deck,17,14,3,9612,36
2026-10-05 12:03:29,soak,12,6,6,58146,48
2026-10-05 12:03:29,BEYOND,45,15,29,848422,1377
2026-10-05 12:03:29,MadMapper,357,344,14,1057028,3147
2026-10-05 12:03:29,system,75,58,17,,,0.6,1.1,7,5942,5.6
2026-10-05 12:03:30,flamesafe,5,3,2,5715,21
2026-10-05 12:03:30,engine,11,8,3,681679,53
2026-10-05 12:03:30,deck,3,3,0,9612,36
2026-10-05 12:03:30,soak,3,2,2,58150,48
2026-10-05 12:03:30,BEYOND,34,12,22,848557,1377
2026-10-05 12:03:30,MadMapper,355,339,17,1058800,3154
2026-10-05 12:03:30,system,65,52,12,,,1.3,0.2,4,5950,0.7
2026-10-05 12:03:31,flamesafe,2,2,0,5715,21
2026-10-05 12:03:31,engine,14,8,6,683996,53
2026-10-05 12:03:31,deck,6,3,3,9691,36
2026-10-05 12:03:31,soak,6,5,2,58171,48
2026-10-05 12:03:31,BEYOND,29,5,25,848691,1377
2026-10-05 12:03:31,MadMapper,208,193,15,1058827,3154
2026-10-05 12:03:31,system,61,41,20,,,1.0,0.0,2,5932,0.1
2026-10-05 12:03:32,flamesafe,2,2,0,5715,21
2026-10-05 12:03:32,engine,2,2,0,696613,53
2026-10-05 12:03:32,deck,3,3,0,9691,36
2026-10-05 12:03:32,soak,6,3,3,58188,48
2026-10-05 12:03:32,BEYOND,17,3,14,848819,1377
2026-10-05 12:03:32,MadMapper,16,11,5,1058831,3154
2026-10-05 12:03:32,system,35,21,14,,,1.5,0.4,9,5877,0.1
2026-10-05 12:03:33,flamesafe,2,2,0,5715,21
2026-10-05 12:03:33,engine,3,3,0,696851,53
2026-10-05 12:03:33,deck,2,2,0,9691,36
2026-10-05 12:03:33,soak,0,0,0,58192,48
2026-10-05 12:03:33,BEYOND,15,3,12,848946,1377
2026-10-05 12:03:33,MadMapper,12,3,9,1058835,3154
2026-10-05 12:03:33,system,14,10,4,,,0.2,0.0,2,5880,0.0
2026-10-05 12:03:34,flamesafe,2,0,2,5715,21
2026-10-05 12:03:34,engine,3,2,2,697091,53
2026-10-05 12:03:34,deck,2,0,2,9691,36
2026-10-05 12:03:34,soak,3,3,0,58196,48
2026-10-05 12:03:34,BEYOND,6,0,6,849082,1377
2026-10-05 12:03:34,MadMapper,5,3,2,1058912,3154
2026-10-05 12:03:34,system,7,3,4,,,0.4,0.2,4,5875,0.0
2026-10-05 12:03:35,flamesafe,0,0,0,5715,21
2026-10-05 12:03:35,engine,3,3,0,697330,53
2026-10-05 12:03:35,deck,3,3,0,9691,36
2026-10-05 12:03:35,soak,2,0,2,58200,48
2026-10-05 12:03:35,BEYOND,11,3,8,849210,1377
2026-10-05 12:03:35,MadMapper,3,3,0,1058916,3154
2026-10-05 12:03:35,system,7,4,2,,,0.2,0.2,3,5875,0.0
2026-10-05 12:03:36,flamesafe,0,0,0,5715,21
2026-10-05 12:03:36,engine,14,14,0,709981,53
2026-10-05 12:03:36,deck,9,8,2,9691,36
2026-10-05 12:03:36,soak,2,2,0,58243,49
2026-10-05 12:03:36,BEYOND,38,15,23,849396,1377
2026-10-05 12:03:36,MadMapper,221,204,20,1060988,3163
2026-10-05 12:03:36,system,54,41,12,,,0.9,0.2,6,5845,0.0
2026-10-05 12:03:37,flamesafe,5,3,2,5715,21
2026-10-05 12:03:37,engine,25,20,5,710157,53
2026-10-05 12:03:37,deck,18,17,2,9691,36
2026-10-05 12:03:37,soak,8,5,3,58263,49
2026-10-05 12:03:37,BEYOND,37,9,28,849499,1377
2026-10-05 12:03:37,MadMapper,475,447,26,1061033,3163
2026-10-05 12:03:37,system,91,77,15,,,1.5,0.2,4,5832,0.9
2026-10-05 12:03:38,flamesafe,3,3,0,5715,21
2026-10-05 12:03:38,engine,23,14,9,722695,53
2026-10-05 12:03:38,deck,20,18,2,9691,36
2026-10-05 12:03:38,soak,9,6,3,58282,49
2026-10-05 12:03:38,BEYOND,50,11,40,849615,1377
2026-10-05 12:03:38,MadMapper,440,435,8,1061050,3163
2026-10-05 12:03:38,system,90,74,16,,,1.1,0.9,8,5805,2.8
2026-10-05 12:03:39,flamesafe,2,2,0,5715,21
2026-10-05 12:03:39,engine,12,12,0,722827,53
2026-10-05 12:03:39,deck,8,8,0,9691,36
2026-10-05 12:03:39,soak,6,6,0,58290,49
2026-10-05 12:03:39,BEYOND,26,12,14,849702,1377
2026-10-05 12:03:39,MadMapper,503,465,33,1061079,3163
2026-10-05 12:03:39,system,96,81,14,,,0.7,0.0,4,5780,6.9
2026-10-05 12:03:40,flamesafe,3,3,0,5715,21
2026-10-05 12:03:40,engine,6,5,2,722987,53
2026-10-05 12:03:40,deck,9,6,3,9691,36
2026-10-05 12:03:40,soak,8,8,0,58298,49
2026-10-05 12:03:40,BEYOND,45,21,23,849831,1377
2026-10-05 12:03:40,MadMapper,349,328,20,1063440,3166
2026-10-05 12:03:40,system,84,69,15,,,0.2,0.8,6,5769,7.0
2026-10-05 12:03:41,flamesafe,4,5,0,5715,21
2026-10-05 12:03:41,engine,15,12,3,723144,53
2026-10-05 12:03:41,deck,8,8,0,9691,36
2026-10-05 12:03:41,soak,9,6,3,58316,49
2026-10-05 12:03:41,BEYOND,42,8,35,849921,1377
2026-10-05 12:03:41,MadMapper,407,393,18,1063444,3166
2026-10-05 12:03:41,system,89,73,16,,,0.9,0.2,6,5726,6.5
2026-10-05 12:03:42,flamesafe,1,1,0,5715,21
2026-10-05 12:03:42,engine,16,12,4,723285,53
2026-10-05 12:03:42,deck,10,6,4,9691,36
2026-10-05 12:03:42,soak,9,3,6,58337,49
2026-10-05 12:03:42,BEYOND,36,10,26,850020,1377
2026-10-05 12:03:42,MadMapper,472,442,32,1063454,3166
2026-10-05 12:03:42,system,93,75,18,,,1.3,0.4,4,5755,10.6
2026-10-05 12:03:43,flamesafe,4,5,0,5715,21
2026-10-05 12:03:43,engine,21,14,8,735798,54
2026-10-05 12:03:43,deck,15,14,2,9691,36
2026-10-05 12:03:43,soak,6,5,2,58342,49
2026-10-05 12:03:43,BEYOND,32,5,27,850120,1377
2026-10-05 12:03:43,MadMapper,468,444,24,1063458,3166
2026-10-05 12:03:43,system,92,75,17,,,1.1,0.2,4,5736,9.3
2026-10-05 12:03:44,flamesafe,2,0,1,5715,21
2026-10-05 12:03:44,engine,6,6,0,735932,54
2026-10-05 12:03:44,deck,9,9,0,9691,36
2026-10-05 12:03:44,soak,12,9,3,58350,49
2026-10-05 12:03:44,BEYOND,28,6,22,850218,1377
2026-10-05 12:03:44,MadMapper,488,466,19,1063493,3166
2026-10-05 12:03:44,system,85,73,12,,,1.8,0.2,8,5718,9.8
2026-10-05 12:03:45,flamesafe,3,3,0,5715,21
2026-10-05 12:03:45,engine,12,9,3,736218,54
2026-10-05 12:03:45,deck,9,8,2,9691,36
2026-10-05 12:03:45,soak,10,5,6,58358,49
2026-10-05 12:03:45,BEYOND,39,20,20,850316,1377
2026-10-05 12:03:45,MadMapper,475,463,15,1063497,3166
2026-10-05 12:03:45,system,80,70,10,,,0.7,0.7,10,5714,8.5
2026-10-05 12:03:46,flamesafe,4,0,4,5715,21
2026-10-05 12:03:46,engine,15,12,3,736382,54
2026-10-05 12:03:46,deck,18,15,3,9691,36
2026-10-05 12:03:46,soak,6,4,1,58377,49
2026-10-05 12:03:46,BEYOND,33,10,22,850412,1377
2026-10-05 12:03:46,MadMapper,457,439,18,1063501,3166
2026-10-05 12:03:46,system,82,68,14,,,1.6,1.4,11,5718,11.7
2026-10-05 12:03:47,flamesafe,4,5,0,5715,21
2026-10-05 12:03:47,engine,14,3,11,748887,54
2026-10-05 12:03:47,deck,11,9,2,9691,36
2026-10-05 12:03:47,soak,9,8,2,58401,49
2026-10-05 12:03:47,BEYOND,35,9,26,850522,1377
2026-10-05 12:03:47,MadMapper,482,458,21,1063507,3166
2026-10-05 12:03:47,system,88,74,14,,,1.1,0.2,3,5754,12.2
2026-10-05 12:03:49,flamesafe,7,6,1,5715,21
2026-10-05 12:03:49,engine,11,8,2,749006,54
2026-10-05 12:03:49,deck,5,2,2,9691,36
2026-10-05 12:03:49,soak,5,1,4,58409,49
2026-10-05 12:03:49,BEYOND,28,1,26,850609,1377
2026-10-05 12:03:49,MadMapper,548,517,28,1063535,3166
2026-10-05 12:03:49,system,91,79,12,,,0.6,0.3,6,5724,11.0
2026-10-05 12:03:50,flamesafe,4,5,0,5715,21
2026-10-05 12:03:50,engine,14,8,6,749155,54
2026-10-05 12:03:50,deck,12,12,0,9692,36
2026-10-05 12:03:50,soak,9,8,2,58417,49
2026-10-05 12:03:50,BEYOND,35,5,31,850711,1377
2026-10-05 12:03:50,MadMapper,430,410,24,1063550,3166
2026-10-05 12:03:50,system,86,72,15,,,0.9,0.6,7,5648,14.6
2026-10-05 12:03:51,flamesafe,4,4,0,5715,21
2026-10-05 12:03:51,engine,9,9,0,749307,54
2026-10-05 12:03:51,deck,16,9,7,9692,36
2026-10-05 12:03:51,soak,6,4,1,58439,49
2026-10-05 12:03:51,BEYOND,34,12,22,850807,1377
2026-10-05 12:03:51,MadMapper,428,408,21,1066080,3169
2026-10-05 12:03:51,system,92,76,16,,,0.6,0.6,3,5780,7.6
2026-10-05 12:03:52,flamesafe,5,5,0,5715,21
2026-10-05 12:03:52,engine,5,3,2,749456,54
2026-10-05 12:03:52,deck,12,12,0,9692,36
2026-10-05 12:03:52,soak,3,2,2,58458,49
2026-10-05 12:03:52,BEYOND,45,9,35,850913,1377
2026-10-05 12:03:52,MadMapper,414,402,11,1066084,3169
2026-10-05 12:03:52,system,87,70,16,,,1.1,0.8,7,5792,12.4
2026-10-05 12:03:53,flamesafe,8,6,2,5715,21
2026-10-05 12:03:53,engine,14,11,3,761976,54
2026-10-05 12:03:53,deck,9,6,3,9693,36
2026-10-05 12:03:53,soak,6,5,2,58504,49
2026-10-05 12:03:53,BEYOND,31,9,22,851019,1377
2026-10-05 12:03:53,MadMapper,435,418,19,1067907,3170
2026-10-05 12:03:53,system,83,67,16,,,1.3,0.4,6,5795,5.7
2026-10-05 12:03:54,flamesafe,2,2,0,5716,21
2026-10-05 12:03:54,engine,8,5,3,762116,54
2026-10-05 12:03:54,deck,14,11,3,9693,36
2026-10-05 12:03:54,soak,8,8,0,58512,49
2026-10-05 12:03:54,BEYOND,40,15,25,851122,1377
2026-10-05 12:03:54,MadMapper,476,437,37,1067939,3170
2026-10-05 12:03:54,system,79,63,16,,,0.8,0.8,6,5798,11.3
2026-10-05 12:03:55,flamesafe,2,2,0,5716,21
2026-10-05 12:03:55,engine,25,20,5,762433,53
2026-10-05 12:03:55,deck,8,5,3,9693,36
2026-10-05 12:03:55,soak,9,5,5,58531,49
2026-10-05 12:03:55,BEYOND,45,18,26,851220,1377
2026-10-05 12:03:55,MadMapper,423,404,18,1067949,3170
2026-10-05 12:03:55,system,76,63,13,,,0.8,1.1,7,5835,8.3
2026-10-05 12:03:56,flamesafe,5,2,3,5716,21
2026-10-05 12:03:56,engine,14,9,5,762656,54
2026-10-05 12:03:56,deck,6,5,2,9693,36
2026-10-05 12:03:56,soak,9,5,5,58540,49
2026-10-05 12:03:56,BEYOND,40,11,29,851331,1377
2026-10-05 12:03:56,MadMapper,436,408,26,1067953,3170
2026-10-05 12:03:56,system,81,64,18,,,0.8,0.8,3,5829,8.9
2026-10-05 12:03:57,flamesafe,5,5,0,5716,21
2026-10-05 12:03:57,engine,8,8,0,762816,54
2026-10-05 12:03:57,deck,9,8,2,9693,36
2026-10-05 12:03:57,soak,12,6,6,58559,49
2026-10-05 12:03:57,BEYOND,27,12,15,851428,1377
2026-10-05 12:03:57,MadMapper,439,429,12,1067957,3170
2026-10-05 12:03:57,system,80,66,14,,,0.6,0.4,3,5820,11.5
2026-10-05 12:03:58,flamesafe,4,1,3,5716,21
2026-10-05 12:03:58,engine,16,10,6,775340,54
2026-10-05 12:03:58,deck,13,12,1,9693,36
2026-10-05 12:03:58,soak,13,7,6,58577,49
2026-10-05 12:03:58,BEYOND,33,7,25,851540,1377
2026-10-05 12:03:58,MadMapper,463,435,28,1067962,3170
2026-10-05 12:03:58,system,86,71,15,,,1.3,0.4,6,5814,6.0
2026-10-05 12:03:59,flamesafe,3,3,0,5716,21
2026-10-05 12:03:59,engine,6,0,6,775487,54
2026-10-05 12:03:59,deck,8,6,2,9693,36
2026-10-05 12:03:59,soak,3,3,0,58596,49
2026-10-05 12:03:59,BEYOND,37,14,23,851647,1377
2026-10-05 12:03:59,MadMapper,396,379,17,1067990,3170
2026-10-05 12:03:59,system,67,55,12,,,1.0,0.4,7,5837,7.3
2026-10-05 12:04:00,flamesafe,2,2,0,5716,21
2026-10-05 12:04:00,engine,5,3,2,775665,54
2026-10-05 12:04:00,deck,16,12,3,9693,36
2026-10-05 12:04:00,soak,2,2,0,58600,49
2026-10-05 12:04:00,BEYOND,33,11,22,851753,1377
2026-10-05 12:04:00,MadMapper,408,384,18,1068467,3172
2026-10-05 12:04:00,system,67,58,10,,,0.6,0.6,7,5835,6.5
2026-10-05 12:04:01,flamesafe,2,2,0,5716,21
2026-10-05 12:04:01,engine,11,5,6,775880,54
2026-10-05 12:04:01,deck,11,8,3,9693,36
2026-10-05 12:04:01,soak,8,6,2,58618,49
2026-10-05 12:04:01,BEYOND,35,12,23,851860,1377
2026-10-05 12:04:01,MadMapper,396,384,15,1069182,3174
2026-10-05 12:04:01,system,72,60,12,,,1.7,0.4,12,5914,6.3
2026-10-05 12:04:02,flamesafe,2,0,2,5716,21
2026-10-05 12:04:02,engine,8,6,2,776043,54
2026-10-05 12:04:02,deck,6,6,0,9693,36
2026-10-05 12:04:02,soak,11,6,5,58640,49
2026-10-05 12:04:02,BEYOND,38,17,21,851953,1377
2026-10-05 12:04:02,MadMapper,417,388,24,1069409,3175
2026-10-05 12:04:02,system,82,66,16,,,1.5,0.0,6,5904,7.7
2026-10-05 12:04:03,flamesafe,3,3,0,5716,21
2026-10-05 12:04:03,engine,14,9,5,788557,54
2026-10-05 12:04:03,deck,11,8,3,9693,36
2026-10-05 12:04:03,soak,8,6,2,58644,49
2026-10-05 12:04:03,BEYOND,15,5,11,852044,1377
2026-10-05 12:04:03,MadMapper,484,456,29,1070356,3179
2026-10-05 12:04:03,system,79,68,12,,,0.8,1.1,7,5898,8.3
2026-10-05 12:04:04,flamesafe,0,0,0,5716,21
2026-10-05 12:04:04,engine,12,11,2,788702,54
2026-10-05 12:04:04,deck,6,6,0,9693,36
2026-10-05 12:04:04,soak,5,2,3,58648,49
2026-10-05 12:04:04,BEYOND,18,9,9,852139,1377
2026-10-05 12:04:04,MadMapper,486,464,23,1070433,3178
2026-10-05 12:04:04,system,78,69,9,,,0.4,0.6,4,5900,11.5
2026-10-05 12:04:05,flamesafe,0,0,0,5716,21
2026-10-05 12:04:05,engine,20,14,6,789028,55
2026-10-05 12:04:05,deck,14,12,2,9693,36
2026-10-05 12:04:05,soak,2,2,0,58652,49
2026-10-05 12:04:05,BEYOND,26,5,21,852194,1377
2026-10-05 12:04:05,MadMapper,516,478,41,1070439,3178
2026-10-05 12:04:05,system,94,79,14,,,0.9,0.2,4,5912,7.8
2026-10-05 12:04:06,flamesafe,3,3,0,5716,21
2026-10-05 12:04:06,engine,17,12,5,789155,55
2026-10-05 12:04:06,deck,11,9,2,9722,37
2026-10-05 12:04:06,soak,6,6,0,58670,49
2026-10-05 12:04:06,BEYOND,17,6,11,852255,1377
2026-10-05 12:04:06,MadMapper,517,497,18,1070456,3178
2026-10-05 12:04:06,system,96,84,12,,,2.1,0.2,7,5910,12.7
2026-10-05 12:04:07,flamesafe,2,2,0,5716,21
2026-10-05 12:04:07,engine,18,12,6,789312,55
2026-10-05 12:04:07,deck,9,9,0,9722,37
2026-10-05 12:04:07,soak,5,0,5,58678,49
2026-10-05 12:04:07,BEYOND,35,5,31,852342,1377
2026-10-05 12:04:07,MadMapper,461,438,23,1070509,3178
2026-10-05 12:04:07,system,89,67,22,,,1.9,0.4,10,5820,6.1
2026-10-05 12:04:08,flamesafe,0,0,0,5716,21
2026-10-05 12:04:08,engine,20,13,7,801826,55
2026-10-05 12:04:08,deck,7,4,3,9722,37
2026-10-05 12:04:08,soak,10,7,3,58696,49
2026-10-05 12:04:08,BEYOND,37,10,27,852416,1377
2026-10-05 12:04:08,MadMapper,535,518,17,1070717,3179
2026-10-05 12:04:08,system,91,78,13,,,0.5,0.5,5,5824,5.6
2026-10-05 12:04:09,flamesafe,2,1,0,5716,21
2026-10-05 12:04:09,engine,9,7,1,801989,55
2026-10-05 12:04:09,deck,7,4,3,9722,37
2026-10-05 12:04:09,soak,9,3,6,58700,49
2026-10-05 12:04:09,BEYOND,29,13,16,852509,1377
2026-10-05 12:04:09,MadMapper,516,498,24,1070746,3179
2026-10-05 12:04:09,system,88,76,12,,,1.1,0.7,6,5827,7.2
2026-10-05 12:04:10,flamesafe,5,4,1,5716,21
2026-10-05 12:04:10,engine,16,12,4,802162,55
2026-10-05 12:04:10,deck,8,6,1,9722,37
2026-10-05 12:04:10,soak,8,6,1,58706,49
2026-10-05 12:04:10,BEYOND,30,14,16,852606,1377
2026-10-05 12:04:10,MadMapper,531,509,19,1070752,3179
2026-10-05 12:04:10,system,87,78,10,,,0.9,0.5,6,5823,0.5
2026-10-05 12:04:12,flamesafe,2,2,0,5716,21
2026-10-05 12:04:12,engine,19,15,4,802344,55
2026-10-05 12:04:12,deck,13,12,1,9722,37
2026-10-05 12:04:12,soak,5,5,0,58726,49
2026-10-05 12:04:12,BEYOND,29,7,22,852714,1377
2026-10-05 12:04:12,MadMapper,538,520,21,1070759,3179
2026-10-05 12:04:12,system,89,76,13,,,1.2,0.4,6,5818,1.6
2026-10-05 12:04:13,flamesafe,6,3,3,5716,21
2026-10-05 12:04:13,engine,4,3,1,802450,55
2026-10-05 12:04:13,deck,15,15,0,9722,37
2026-10-05 12:04:13,soak,7,3,4,58747,49
2026-10-05 12:04:13,BEYOND,15,1,13,852753,1377
2026-10-05 12:04:13,MadMapper,644,623,19,1070768,3179
2026-10-05 12:04:13,system,96,85,11,,,0.9,0.2,4,5825,0.1
2026-10-05 12:04:14,flamesafe,4,5,0,5716,21
2026-10-05 12:04:14,engine,20,12,8,815065,55
2026-10-05 12:04:14,deck,14,11,3,9726,37
2026-10-05 12:04:14,soak,9,5,5,58754,49
2026-10-05 12:04:14,BEYOND,44,12,32,852884,1377
2026-10-05 12:04:14,MadMapper,500,481,17,1070828,3179
2026-10-05 12:04:14,system,86,72,14,,,0.7,0.7,4,5828,0.9
2026-10-05 12:04:15,flamesafe,10,9,1,5716,21
2026-10-05 12:04:15,engine,16,12,4,815370,56
2026-10-05 12:04:15,deck,4,4,0,9727,37
2026-10-05 12:04:15,soak,6,3,3,58758,49
2026-10-05 12:04:15,BEYOND,21,4,16,852945,1377
2026-10-05 12:04:15,MadMapper,597,576,21,1070859,3179
2026-10-05 12:04:15,system,93,82,11,,,0.9,0.6,6,5827,0.1
2026-10-05 12:04:16,flamesafe,6,6,0,5716,21
2026-10-05 12:04:16,engine,23,15,8,815562,56
2026-10-05 12:04:16,deck,4,3,2,9731,37
2026-10-05 12:04:16,soak,6,5,2,58773,49
2026-10-05 12:04:16,BEYOND,32,20,12,855958,1387
2026-10-05 12:04:16,MadMapper,579,571,11,1070863,3179
2026-10-05 12:04:16,system,97,87,10,,,1.1,0.2,4,5844,4.1
2026-10-05 12:04:17,flamesafe,0,0,0,5716,21
2026-10-05 12:04:17,engine,13,7,6,815734,56
2026-10-05 12:04:17,deck,8,6,1,9732,37
2026-10-05 12:04:17,soak,4,3,1,58777,49
2026-10-05 12:04:17,BEYOND,36,22,13,856027,1387
2026-10-05 12:04:17,MadMapper,609,582,28,1070867,3179
2026-10-05 12:04:17,system,98,86,12,,,1.1,1.1,11,5833,0.9
2026-10-05 12:04:18,flamesafe,3,2,2,5716,21
2026-10-05 12:04:18,engine,18,14,5,815910,56
2026-10-05 12:04:18,deck,11,8,3,9732,37
2026-10-05 12:04:18,soak,5,2,3,58781,49
2026-10-05 12:04:18,BEYOND,48,30,17,859472,1401
2026-10-05 12:04:18,MadMapper,588,578,5,1070871,3179
2026-10-05 12:04:18,system,98,90,8,,,0.8,0.2,4,5822,0.1
2026-10-05 12:04:19,flamesafe,6,6,0,5716,21
2026-10-05 12:04:19,engine,14,11,3,816113,56
2026-10-05 12:04:19,deck,11,11,0,9732,37
2026-10-05 12:04:19,soak,0,0,0,58785,49
2026-10-05 12:04:19,BEYOND,59,44,14,860101,1404
2026-10-05 12:04:19,MadMapper,587,565,20,1070899,3179
2026-10-05 12:04:19,system,97,89,9,,,1.0,0.3,5,5817,0.0
2026-10-05 12:04:20,flamesafe,3,3,0,5716,21
2026-10-05 12:04:20,engine,13,7,6,816311,56
2026-10-05 12:04:20,deck,9,6,3,9732,37
2026-10-05 12:04:20,soak,9,6,3,58789,49
2026-10-05 12:04:20,BEYOND,78,53,25,860222,1404
2026-10-05 12:04:20,MadMapper,565,549,19,1070903,3179
2026-10-05 12:04:20,system,97,85,12,,,0.9,0.6,6,5746,6.3
2026-10-05 12:04:21,flamesafe,7,4,3,5716,21
2026-10-05 12:04:21,engine,7,4,3,816477,56
2026-10-05 12:04:21,deck,14,10,4,9732,37
2026-10-05 12:04:21,soak,14,12,3,58793,49
2026-10-05 12:04:21,BEYOND,54,41,13,860429,1401
2026-10-05 12:04:21,MadMapper,577,567,10,1070907,3179
2026-10-05 12:04:21,system,97,86,11,,,1.2,0.5,7,5707,11.7
2026-10-05 12:04:22,flamesafe,1,1,0,5716,21
2026-10-05 12:04:22,engine,12,9,3,816658,56
2026-10-05 12:04:22,deck,13,10,3,9732,37
2026-10-05 12:04:22,soak,9,6,3,58812,49
2026-10-05 12:04:22,BEYOND,44,31,13,860592,1401
2026-10-05 12:04:22,MadMapper,584,564,18,1070913,3179
2026-10-05 12:04:22,system,96,86,11,,,1.6,0.8,11,5706,11.3
2026-10-05 12:04:23,flamesafe,4,4,0,5716,21
2026-10-05 12:04:23,engine,13,7,6,816834,57
2026-10-05 12:04:23,deck,6,3,3,9732,37
2026-10-05 12:04:23,soak,6,6,0,58816,49
2026-10-05 12:04:23,BEYOND,50,32,19,860825,1402
2026-10-05 12:04:23,MadMapper,578,559,21,1070941,3179
2026-10-05 12:04:23,system,97,84,13,,,0.9,0.7,8,5785,8.4
2026-10-05 12:04:24,flamesafe,0,0,0,5716,21
2026-10-05 12:04:24,engine,13,4,9,829498,57
2026-10-05 12:04:24,deck,4,3,1,9732,37
2026-10-05 12:04:24,soak,6,3,3,58842,49
2026-10-05 12:04:24,BEYOND,30,19,10,860860,1402
2026-10-05 12:04:24,MadMapper,612,608,4,1070945,3179
2026-10-05 12:04:24,system,97,89,8,,,0.9,0.9,6,5771,10.8
2026-10-05 12:04:26,flamesafe,4,4,0,5716,21
2026-10-05 12:04:26,engine,19,14,5,829638,57
2026-10-05 12:04:26,deck,15,15,0,9732,37
2026-10-05 12:04:26,soak,8,3,5,58858,49
2026-10-05 12:04:26,BEYOND,41,29,12,861045,1401
2026-10-05 12:04:26,MadMapper,616,595,19,1070949,3179
2026-10-05 12:04:26,system,98,87,11,,,0.5,0.8,10,5764,8.5
2026-10-05 12:04:27,flamesafe,1,1,0,5716,21
2026-10-05 12:04:27,engine,20,16,4,829783,55
2026-10-05 12:04:27,deck,7,7,0,9732,37
2026-10-05 12:04:27,soak,6,3,3,58862,49
2026-10-05 12:04:27,BEYOND,48,37,11,861211,1401
2026-10-05 12:04:27,MadMapper,645,632,14,1070953,3179
2026-10-05 12:04:27,system,98,90,8,,,0.3,0.7,7,5783,11.4
2026-10-05 12:04:28,flamesafe,4,3,1,5716,21
2026-10-05 12:04:28,engine,15,13,1,830055,56
2026-10-05 12:04:28,deck,9,9,0,9732,37
2026-10-05 12:04:28,soak,8,3,4,58866,49
2026-10-05 12:04:28,BEYOND,57,45,12,861603,1400
2026-10-05 12:04:28,MadMapper,586,566,21,1070957,3179
2026-10-05 12:04:28,system,98,87,11,,,0.7,0.7,7,5791,8.3
2026-10-05 12:04:29,flamesafe,7,6,1,5717,21
2026-10-05 12:04:29,engine,12,10,1,830199,56
2026-10-05 12:04:29,deck,16,13,3,9732,37
2026-10-05 12:04:29,soak,10,6,4,58870,49
2026-10-05 12:04:29,BEYOND,50,28,22,861926,1401
2026-10-05 12:04:29,MadMapper,547,539,7,1070987,3179
2026-10-05 12:04:29,system,96,84,11,,,0.7,0.9,7,5775,10.8
2026-10-05 12:04:30,flamesafe,3,3,0,5717,21
2026-10-05 12:04:30,engine,23,15,8,830373,56
2026-10-05 12:04:30,deck,8,8,0,9732,37
2026-10-05 12:04:30,soak,6,4,1,58890,49
2026-10-05 12:04:30,BEYOND,38,26,12,862012,1401
2026-10-05 12:04:30,MadMapper,612,589,23,1070991,3179
2026-10-05 12:04:30,system,98,86,11,,,0.7,0.2,3,5788,9.8
2026-10-05 12:04:31,flamesafe,1,1,0,5718,21
2026-10-05 12:04:31,engine,13,10,3,843047,57
2026-10-05 12:04:31,deck,13,12,1,9732,37
2026-10-05 12:04:31,soak,5,5,0,58896,49
2026-10-05 12:04:31,BEYOND,35,23,12,862156,1400
2026-10-05 12:04:31,MadMapper,626,615,14,1070998,3179
2026-10-05 12:04:31,system,97,88,9,,,0.8,0.6,8,5801,11.6
2026-10-05 12:04:33,flamesafe,1,1,0,5718,21
2026-10-05 12:04:33,engine,14,13,1,843200,57
2026-10-05 12:04:33,deck,10,8,1,9732,37
2026-10-05 12:04:33,soak,6,3,3,58911,49
2026-10-05 12:04:33,BEYOND,37,24,13,862396,1401
2026-10-05 12:04:33,MadMapper,607,589,21,1071002,3179
2026-10-05 12:04:33,system,98,89,9,,,0.2,0.7,1,5801,7.4
2026-10-05 12:04:34,flamesafe,3,1,1,5718,21
2026-10-05 12:04:34,engine,15,12,3,843341,57
2026-10-05 12:04:34,deck,19,13,6,9732,37
2026-10-05 12:04:34,soak,4,1,3,58915,49
2026-10-05 12:04:34,BEYOND,31,21,10,862482,1401
2026-10-05 12:04:34,MadMapper,636,613,15,1071031,3179
2026-10-05 12:04:34,system,98,90,8,,,0.0,0.9,6,5798,9.9
2026-10-05 12:04:35,flamesafe,3,3,0,5718,21
2026-10-05 12:04:35,engine,14,11,3,843763,58
2026-10-05 12:04:35,deck,12,8,5,9732,37
2026-10-05 12:04:35,soak,4,3,2,58919,49
2026-10-05 12:04:35,BEYOND,80,50,31,862620,1398
2026-10-05 12:04:35,MadMapper,523,513,15,1071083,3179
2026-10-05 12:04:35,system,93,79,15,,,1.7,0.9,11,5805,6.2
2026-10-05 12:04:36,flamesafe,2,0,2,5718,21
2026-10-05 12:04:36,engine,18,12,6,856320,58
2026-10-05 12:04:36,deck,18,17,2,9732,37
2026-10-05 12:04:36,soak,15,9,6,58937,49
2026-10-05 12:04:36,BEYOND,140,100,40,862972,1396
2026-10-05 12:04:36,MadMapper,349,334,14,1071087,3179
2026-10-05 12:04:36,system,91,74,17,,,1.1,0.6,10,5825,4.7
2026-10-05 12:04:37,flamesafe,4,5,0,5718,21
2026-10-05 12:04:37,engine,12,11,2,856507,58
2026-10-05 12:04:37,deck,9,6,3,9732,37
2026-10-05 12:04:37,soak,8,3,5,58953,49
2026-10-05 12:04:37,BEYOND,106,72,33,863381,1398
2026-10-05 12:04:37,MadMapper,378,355,21,1071091,3179
2026-10-05 12:04:37,system,88,71,16,,,1.5,0.4,8,5811,5.1
2026-10-05 12:04:38,flamesafe,6,2,5,5718,21
2026-10-05 12:04:38,engine,8,5,3,856675,58
2026-10-05 12:04:38,deck,12,11,2,9732,37
2026-10-05 12:04:38,soak,8,6,2,58957,49
2026-10-05 12:04:38,BEYOND,95,49,46,863513,1395
2026-10-05 12:04:38,MadMapper,377,365,12,1071095,3179
2026-10-05 12:04:38,system,95,79,17,,,0.9,1.1,6,5775,4.5
2026-10-05 12:04:39,flamesafe,8,5,3,5718,21
2026-10-05 12:04:39,engine,17,12,5,869229,58
2026-10-05 12:04:39,deck,14,12,2,9732,37
2026-10-05 12:04:39,soak,8,5,3,58973,49
2026-10-05 12:04:39,BEYOND,80,50,30,863980,1394
2026-10-05 12:04:39,MadMapper,397,379,18,1071123,3179
2026-10-05 12:04:39,system,88,71,16,,,0.7,0.6,6,5701,6.4
2026-10-05 12:04:40,flamesafe,0,0,0,5718,21
2026-10-05 12:04:40,engine,17,12,5,869419,58
2026-10-05 12:04:40,deck,14,14,0,9732,37
2026-10-05 12:04:40,soak,4,3,2,58988,49
2026-10-05 12:04:40,BEYOND,105,63,43,864617,1395
2026-10-05 12:04:40,MadMapper,371,365,11,1071127,3179
2026-10-05 12:04:40,system,89,73,17,,,1.5,0.4,6,5783,7.5
2026-10-05 12:04:41,flamesafe,4,5,0,5718,21
2026-10-05 12:04:41,engine,9,6,3,869588,58
2026-10-05 12:04:41,deck,17,15,2,9732,37
2026-10-05 12:04:41,soak,9,8,2,59005,49
2026-10-05 12:04:41,BEYOND,105,71,33,865099,1394
2026-10-05 12:04:41,MadMapper,390,366,21,1071131,3179
2026-10-05 12:04:41,system,90,72,18,,,0.2,0.9,6,5784,7.0
2026-10-05 12:04:42,flamesafe,5,5,0,5718,21
2026-10-05 12:04:42,engine,15,9,6,882114,58
2026-10-05 12:04:42,deck,6,6,0,9732,37
2026-10-05 12:04:42,soak,12,11,2,59021,49
2026-10-05 12:04:42,BEYOND,105,61,43,865406,1394
2026-10-05 12:04:42,MadMapper,406,389,15,1071135,3179
2026-10-05 12:04:42,system,84,69,15,,,0.4,0.8,6,5769,6.2
2026-10-05 12:04:43,flamesafe,5,5,0,5718,21
2026-10-05 12:04:43,engine,18,12,6,882287,58
2026-10-05 12:04:43,deck,9,9,0,9732,37
2026-10-05 12:04:43,soak,3,3,0,59037,49
2026-10-05 12:04:43,BEYOND,109,60,49,865702,1395
2026-10-05 12:04:43,MadMapper,399,378,20,1071139,3179
2026-10-05 12:04:43,system,86,67,19,,,2.1,0.6,12,5774,6.6
2026-10-05 12:04:44,flamesafe,3,1,1,5718,21
2026-10-05 12:04:44,engine,28,21,7,894858,58
2026-10-05 12:04:44,deck,12,9,3,9732,37
2026-10-05 12:04:44,soak,9,6,3,59041,49
2026-10-05 12:04:44,BEYOND,82,51,31,865938,1395
2026-10-05 12:04:44,MadMapper,421,409,12,1071169,3179
2026-10-05 12:04:44,system,80,68,12,,,1.1,0.5,8,5775,8.8
2026-10-05 12:04:45,flamesafe,3,3,0,5718,21
2026-10-05 12:04:45,engine,19,9,11,895201,59
2026-10-05 12:04:45,deck,10,8,3,9732,37
2026-10-05 12:04:45,soak,2,2,0,59045,49
2026-10-05 12:04:45,BEYOND,103,62,42,866293,1393
2026-10-05 12:04:45,MadMapper,404,391,18,1071173,3179
2026-10-05 12:04:45,system,79,65,14,,,0.6,0.9,6,5806,6.2
2026-10-05 12:04:46,flamesafe,3,1,1,5718,21
2026-10-05 12:04:46,engine,13,10,3,895373,59
2026-10-05 12:04:46,deck,10,9,1,9732,37
2026-10-05 12:04:46,soak,10,7,3,59060,49
2026-10-05 12:04:46,BEYOND,91,49,42,866740,1393
2026-10-05 12:04:46,MadMapper,421,408,12,1071177,3179
2026-10-05 12:04:46,system,80,64,16,,,2.0,0.9,13,5807,7.6
2026-10-05 12:04:47,flamesafe,2,0,1,5718,21
2026-10-05 12:04:47,engine,18,10,7,895553,59
2026-10-05 12:04:47,deck,6,4,1,9732,37
2026-10-05 12:04:47,soak,3,3,0,59078,49
2026-10-05 12:04:47,BEYOND,79,47,31,866897,1393
2026-10-05 12:04:47,MadMapper,445,427,16,1071181,3179
2026-10-05 12:04:47,system,86,68,18,,,1.8,0.2,7,5810,7.5
2026-10-05 12:04:48,flamesafe,5,5,0,5718,21
2026-10-05 12:04:48,engine,22,11,11,908112,59
2026-10-05 12:04:48,deck,8,8,0,9732,37
2026-10-05 12:04:48,soak,12,11,2,59084,49
2026-10-05 12:04:48,BEYOND,86,55,31,867211,1392
2026-10-05 12:04:48,MadMapper,411,385,23,1071185,3179
2026-10-05 12:04:48,system,81,66,15,,,2.6,0.6,13,5813,8.6
2026-10-05 12:04:49,flamesafe,8,5,3,5718,21
2026-10-05 12:04:49,engine,18,14,5,908290,59
2026-10-05 12:04:49,deck,15,12,3,9732,37
2026-10-05 12:04:49,soak,6,3,3,59088,49
2026-10-05 12:04:49,BEYOND,74,46,28,867426,1392
2026-10-05 12:04:49,MadMapper,415,396,20,1071213,3179
2026-10-05 12:04:49,system,78,65,14,,,1.3,1.3,6,5824,7.0
2026-10-05 12:04:50,flamesafe,2,2,0,5718,21
2026-10-05 12:04:50,engine,21,12,9,908483,59
2026-10-05 12:04:50,deck,15,12,3,9732,37
2026-10-05 12:04:50,soak,6,3,3,59092,49
2026-10-05 12:04:50,BEYOND,88,57,31,867587,1392
2026-10-05 12:04:50,MadMapper,439,427,13,1071217,3179
2026-10-05 12:04:50,system,82,71,11,,,0.2,0.9,6,5817,4.8
2026-10-05 12:04:51,flamesafe,3,1,1,5718,21
2026-10-05 12:04:51,engine,12,10,1,908662,59
2026-10-05 12:04:51,deck,10,10,0,9732,37
2026-10-05 12:04:51,soak,10,9,1,59107,49
2026-10-05 12:04:51,BEYOND,85,52,33,868017,1391
2026-10-05 12:04:51,MadMapper,461,444,15,1071221,3179
2026-10-05 12:04:51,system,88,73,15,,,1.1,0.9,13,5824,4.4
2026-10-05 12:04:52,flamesafe,6,6,0,5718,21
2026-10-05 12:04:52,engine,11,5,6,915005,59
2026-10-05 12:04:52,deck,11,8,3,9732,37
2026-10-05 12:04:52,soak,12,6,6,59124,49
2026-10-05 12:04:52,BEYOND,79,60,20,868378,1392
2026-10-05 12:04:52,MadMapper,440,417,26,1071225,3179
2026-10-05 12:04:52,system,86,70,16,,,1.3,0.4,7,5838,7.3
2026-10-05 12:04:53,flamesafe,8,6,1,5718,21
2026-10-05 12:04:53,engine,18,10,7,921351,59
2026-10-05 12:04:53,deck,10,9,1,9732,37
2026-10-05 12:04:53,soak,10,7,3,59128,49
2026-10-05 12:04:53,BEYOND,75,40,34,868766,1391
2026-10-05 12:04:53,MadMapper,451,438,9,1071229,3179
2026-10-05 12:04:53,system,79,66,13,,,1.3,0.7,10,5834,6.1
2026-10-05 12:04:54,flamesafe,4,3,2,5718,21
2026-10-05 12:04:54,engine,20,8,12,921539,59
2026-10-05 12:04:54,deck,18,18,0,9732,37
2026-10-05 12:04:54,soak,3,2,2,59132,49
2026-10-05 12:04:54,BEYOND,68,51,18,869383,1393
2026-10-05 12:04:54,MadMapper,438,423,20,1071257,3179
2026-10-05 12:04:54,system,80,69,12,,,1.1,0.2,4,5840,6.6
2026-10-05 12:04:55,flamesafe,5,3,2,5718,21
2026-10-05 12:04:55,engine,23,15,8,921765,59
2026-10-05 12:04:55,deck,6,5,2,9732,37
2026-10-05 12:04:55,soak,3,2,2,59136,49
2026-10-05 12:04:55,BEYOND,72,43,29,870327,1394
2026-10-05 12:04:55,MadMapper,438,420,18,1071261,3179
2026-10-05 12:04:55,system,79,66,13,,,1.5,0.4,3,5843,4.0
2026-10-05 12:04:56,flamesafe,6,6,0,5720,21
2026-10-05 12:04:56,engine,11,8,3,921914,59
2026-10-05 12:04:56,deck,11,11,0,9732,37
2026-10-05 12:04:56,soak,3,1,1,59152,49
2026-10-05 12:04:56,BEYOND,86,52,34,870888,1396
2026-10-05 12:04:56,MadMapper,482,451,28,1071265,3179
2026-10-05 12:04:56,system,89,74,15,,,1.7,0.3,7,5920,6.3
2026-10-05 12:04:57,flamesafe,6,6,0,5720,21
2026-10-05 12:04:57,engine,10,7,3,922089,59
2026-10-05 12:04:57,deck,10,10,0,9732,37
2026-10-05 12:04:57,soak,4,3,1,59167,49
2026-10-05 12:04:57,BEYOND,67,39,28,871146,1396
2026-10-05 12:04:57,MadMapper,488,465,27,1071271,3179
2026-10-05 12:04:57,system,95,79,16,,,1.1,0.5,8,5918,6.3
2026-10-05 12:04:59,flamesafe,3,3,0,5720,21
2026-10-05 12:04:59,engine,12,11,1,922239,59
2026-10-05 12:04:59,deck,17,17,0,9732,37
2026-10-05 12:04:59,soak,8,4,4,59171,49
2026-10-05 12:04:59,BEYOND,49,36,12,871327,1397
2026-10-05 12:04:59,MadMapper,541,519,14,1071299,3179
2026-10-05 12:04:59,system,98,88,9,,,0.8,1.4,11,5897,6.2
2026-10-05 12:05:00,flamesafe,0,0,0,5720,21
2026-10-05 12:05:00,engine,12,11,2,934799,59
2026-10-05 12:05:00,deck,12,11,2,9732,37
2026-10-05 12:05:00,soak,12,9,3,59261,48
2026-10-05 12:05:00,BEYOND,65,37,29,871584,1397
2026-10-05 12:05:00,MadMapper,444,428,21,1071303,3179
2026-10-05 12:05:00,system,95,77,18,,,0.8,0.4,6,5901,0.0
2026-10-05 12:05:01,flamesafe,5,3,2,5720,21
2026-10-05 12:05:01,engine,11,9,2,934977,59
2026-10-05 12:05:01,deck,15,11,5,9732,37
2026-10-05 12:05:01,soak,6,3,3,59289,48
2026-10-05 12:05:01,BEYOND,65,37,28,871801,1398
2026-10-05 12:05:01,MadMapper,484,459,23,1071307,3179
2026-10-05 12:05:01,system,87,74,12,,,0.6,0.4,7,5887,0.0
2026-10-05 12:05:02,flamesafe,4,4,0,5720,21
2026-10-05 12:05:02,engine,9,6,3,935103,59
2026-10-05 12:05:02,deck,10,9,1,9732,37
2026-10-05 12:05:02,soak,6,4,1,59294,48
2026-10-05 12:05:02,BEYOND,75,42,33,871914,1398
2026-10-05 12:05:02,MadMapper,542,528,13,1071311,3179
2026-10-05 12:05:02,system,92,80,12,,,0.7,0.7,7,5846,0.0
2026-10-05 12:05:03,flamesafe,5,3,2,5720,21
2026-10-05 12:05:03,engine,17,14,3,935268,59
2026-10-05 12:05:03,deck,11,11,0,9732,37
2026-10-05 12:05:03,soak,3,2,2,59383,48
2026-10-05 12:05:03,BEYOND,51,26,25,872033,1398
2026-10-05 12:05:03,MadMapper,482,463,17,1071315,3179
2026-10-05 12:05:03,system,91,75,16,,,2.3,0.2,4,5838,0.0
2026-10-05 12:05:04,flamesafe,2,1,0,5720,21
2026-10-05 12:05:04,engine,19,12,7,947811,59
2026-10-05 12:05:04,deck,12,9,3,9732,37
2026-10-05 12:05:04,soak,9,7,1,59499,48
2026-10-05 12:05:04,BEYOND,54,31,22,872146,1398
2026-10-05 12:05:04,MadMapper,491,471,21,1071343,3179
2026-10-05 12:05:04,system,89,76,12,,,1.3,0.4,6,5847,0.0
2026-10-05 12:05:05,flamesafe,2,2,0,5720,21
2026-10-05 12:05:05,engine,11,9,2,948028,59
2026-10-05 12:05:05,deck,15,14,2,9732,37
2026-10-05 12:05:05,soak,3,2,2,59507,48
2026-10-05 12:05:05,BEYOND,66,40,26,872269,1398
2026-10-05 12:05:05,MadMapper,484,466,17,1071395,3179
2026-10-05 12:05:05,system,89,77,12,,,0.9,0.9,6,5837,0.0
2026-10-05 12:05:06,flamesafe,4,4,0,5720,21
2026-10-05 12:05:06,engine,13,12,1,948219,60
2026-10-05 12:05:06,deck,12,9,3,9732,37
2026-10-05 12:05:06,soak,8,4,3,59517,48
2026-10-05 12:05:06,BEYOND,88,46,42,872467,1398
2026-10-05 12:05:06,MadMapper,490,472,16,1071399,3179
2026-10-05 12:05:06,system,90,77,13,,,0.6,0.6,4,5838,0.1
2026-10-05 12:05:07,flamesafe,6,5,2,5720,21
2026-10-05 12:05:07,engine,12,9,3,948384,60
2026-10-05 12:05:07,deck,12,11,2,9732,37
2026-10-05 12:05:07,soak,8,6,2,59534,48
2026-10-05 12:05:07,BEYOND,82,52,31,872767,1397
2026-10-05 12:05:07,MadMapper,490,472,25,1071403,3179
2026-10-05 12:05:07,system,93,75,17,,,1.5,0.9,12,5839,0.0
2026-10-05 12:05:08,flamesafe,3,3,0,5720,21
2026-10-05 12:05:08,engine,10,7,3,948524,60
2026-10-05 12:05:08,deck,13,12,1,9732,37
2026-10-05 12:05:08,soak,6,3,3,59637,48
2026-10-05 12:05:08,BEYOND,77,57,19,873310,1396
2026-10-05 12:05:08,MadMapper,518,495,18,1071407,3179
2026-10-05 12:05:08,system,93,81,12,,,1.5,0.0,8,5841,0.0
2026-10-05 12:05:09,flamesafe,3,1,1,5720,21
2026-10-05 12:05:09,engine,23,12,12,961007,60
2026-10-05 12:05:09,deck,7,7,0,9732,37
2026-10-05 12:05:09,soak,9,4,4,59643,48
2026-10-05 12:05:09,BEYOND,68,45,23,874040,1396
2026-10-05 12:05:09,MadMapper,539,523,22,1071435,3179
2026-10-05 12:05:09,system,95,79,16,,,1.1,0.5,6,5844,0.0
2026-10-05 12:05:10,flamesafe,3,3,0,5720,21
2026-10-05 12:05:10,engine,15,11,5,961283,60
2026-10-05 12:05:10,deck,9,9,0,9732,37
2026-10-05 12:05:10,soak,9,8,2,59647,48
2026-10-05 12:05:10,BEYOND,91,59,30,874575,1396
2026-10-05 12:05:10,MadMapper,504,482,18,1071439,3179
2026-10-05 12:05:10,system,90,77,12,,,0.4,0.4,3,5837,0.0
2026-10-05 12:05:11,flamesafe,3,1,1,5720,21
2026-10-05 12:05:11,engine,10,7,3,961437,60
2026-10-05 12:05:11,deck,10,10,0,9732,37
2026-10-05 12:05:11,soak,6,4,1,59664,48
2026-10-05 12:05:11,BEYOND,67,42,25,874862,1397
2026-10-05 12:05:11,MadMapper,566,537,28,1071445,3179
2026-10-05 12:05:11,system,94,81,13,,,0.4,0.6,6,5839,0.0
2026-10-05 12:05:12,flamesafe,5,3,2,5720,21
2026-10-05 12:05:12,engine,6,5,2,961631,60
2026-10-05 12:05:12,deck,12,11,2,9732,37
2026-10-05 12:05:12,soak,8,5,3,59733,49
2026-10-05 12:05:12,BEYOND,66,35,31,875000,1397
2026-10-05 12:05:12,MadMapper,501,489,11,1071449,3179
2026-10-05 12:05:12,system,94,80,15,,,0.8,0.8,6,5839,0.0
2026-10-05 12:05:13,flamesafe,12,8,5,5721,21
2026-10-05 12:05:13,engine,12,9,3,961778,60
2026-10-05 12:05:13,deck,12,11,2,9732,37
2026-10-05 12:05:13,soak,12,5,8,59763,49
2026-10-05 12:05:13,BEYOND,82,52,31,875152,1397
2026-10-05 12:05:13,MadMapper,470,453,23,1071453,3179
2026-10-05 12:05:13,system,93,77,16,,,1.3,0.7,7,5833,0.0
2026-10-05 12:05:14,flamesafe,6,6,0,5721,21
2026-10-05 12:05:14,engine,18,14,5,974323,60
2026-10-05 12:05:14,deck,12,12,0,9732,37
2026-10-05 12:05:14,soak,11,6,5,59767,49
2026-10-05 12:05:14,BEYOND,73,36,36,875636,1396
2026-10-05 12:05:14,MadMapper,494,479,11,1071481,3179
2026-10-05 12:05:14,system,90,81,9,,,0.6,0.4,4,5846,0.0
2026-10-05 12:05:15,flamesafe,6,6,0,5721,21
2026-10-05 12:05:15,engine,12,11,2,974694,61
2026-10-05 12:05:15,deck,11,5,6,9732,37
2026-10-05 12:05:15,soak,2,2,0,59771,49
2026-10-05 12:05:15,BEYOND,68,52,15,875923,1397
2026-10-05 12:05:15,MadMapper,569,540,26,1071488,3179
2026-10-05 12:05:15,system,94,85,10,,,0.4,0.4,3,5832,0.0
2026-10-05 12:05:16,flamesafe,7,4,3,5721,21
2026-10-05 12:05:16,engine,16,10,6,974870,61
2026-10-05 12:05:16,deck,9,6,3,9732,37
2026-10-05 12:05:16,soak,6,4,1,59838,49
2026-10-05 12:05:16,BEYOND,71,52,19,876441,1399
2026-10-05 12:05:16,MadMapper,481,482,4,1071492,3179
2026-10-05 12:05:16,system,94,80,14,,,1.5,0.4,8,5907,0.0
2026-10-05 12:05:17,flamesafe,9,6,3,5722,21
2026-10-05 12:05:17,engine,14,12,2,975031,61
2026-10-05 12:05:17,deck,6,5,2,9732,37
2026-10-05 12:05:17,soak,20,6,14,59842,49
2026-10-05 12:05:17,BEYOND,89,48,41,876915,1400
2026-10-05 12:05:17,MadMapper,484,466,14,1071496,3179
2026-10-05 12:05:17,system,94,77,17,,,0.7,0.9,7,5901,0.0
2026-10-05 12:05:18,flamesafe,4,3,1,5733,21
2026-10-05 12:05:18,engine,13,4,9,976478,62
2026-10-05 12:05:18,deck,10,9,1,9732,37
2026-10-05 12:05:18,soak,6,4,1,59858,49
2026-10-05 12:05:18,BEYOND,91,47,44,877449,1402
2026-10-05 12:05:18,MadMapper,476,466,15,1071500,3179
2026-10-05 12:05:18,system,90,75,15,,,0.9,0.4,6,5891,0.0
2026-10-05 12:05:19,flamesafe,3,3,0,5734,21
2026-10-05 12:05:19,engine,21,12,9,987726,61
2026-10-05 12:05:19,deck,7,4,3,9732,37
2026-10-05 12:05:19,soak,6,4,1,59864,49
2026-10-05 12:05:19,BEYOND,35,26,9,877517,1402
2026-10-05 12:05:19,MadMapper,611,589,19,1071528,3179
2026-10-05 12:05:19,system,94,84,10,,,0.7,0.5,3,5887,0.0
2026-10-05 12:05:20,flamesafe,6,6,0,5734,21
2026-10-05 12:05:20,engine,20,10,10,987915,61
2026-10-05 12:05:20,deck,14,7,7,9743,37
2026-10-05 12:05:20,soak,4,3,1,59868,49
2026-10-05 12:05:20,BEYOND,73,38,34,877624,1402
2026-10-05 12:05:20,MadMapper,494,483,9,1071534,3179
2026-10-05 12:05:20,system,92,77,14,,,0.7,0.5,4,5884,0.0
2026-10-05 12:05:22,flamesafe,2,1,1,5737,21
2026-10-05 12:05:22,engine,9,6,3,988058,61
2026-10-05 12:05:22,deck,6,5,1,9743,37
2026-10-05 12:05:22,soak,2,2,0,59885,49
2026-10-05 12:05:22,BEYOND,36,27,9,877678,1399
2026-10-05 12:05:22,MadMapper,660,644,15,1071540,3179
2026-10-05 12:05:22,system,97,89,8,,,0.3,0.3,2,5881,0.0
2026-10-05 12:05:23,flamesafe,3,0,3,5737,21
2026-10-05 12:05:23,engine,8,7,0,988187,61
2026-10-05 12:05:23,deck,9,6,3,9743,37
2026-10-05 12:05:23,soak,4,3,1,59898,49
2026-10-05 12:05:23,BEYOND,31,16,16,877773,1399
2026-10-05 12:05:23,MadMapper,634,627,12,1071562,3180
2026-10-05 12:05:23,system,97,88,9,,,1.3,0.4,6,5887,0.0
2026-10-05 12:05:24,flamesafe,4,4,0,5737,21
2026-10-05 12:05:24,engine,13,12,1,988365,61
2026-10-05 12:05:24,deck,17,15,2,9743,37
2026-10-05 12:05:24,soak,6,3,3,59926,49
2026-10-05 12:05:24,BEYOND,66,43,23,877900,1399
2026-10-05 12:05:24,MadMapper,431,412,18,1071590,3180
2026-10-05 12:05:24,system,90,72,18,,,0.8,0.2,4,5921,0.1
2026-10-05 12:05:25,flamesafe,2,2,0,5737,21
2026-10-05 12:05:25,engine,17,11,6,1001088,62
2026-10-05 12:05:25,deck,9,8,2,9743,37
2026-10-05 12:05:25,soak,11,9,2,60076,48
2026-10-05 12:05:25,BEYOND,120,73,47,878058,1395
2026-10-05 12:05:25,MadMapper,342,323,20,1071594,3180
2026-10-05 12:05:25,system,82,64,17,,,1.1,0.7,7,5917,0.0
2026-10-05 12:05:26,flamesafe,5,3,2,5737,21
2026-10-05 12:05:26,engine,6,5,2,1001254,62
2026-10-05 12:05:26,deck,17,12,5,9743,37
2026-10-05 12:05:26,soak,8,5,3,60095,48
2026-10-05 12:05:26,BEYOND,82,56,24,878154,1392
2026-10-05 12:05:26,MadMapper,408,385,20,1071598,3180
2026-10-05 12:05:26,system,79,64,16,,,1.7,0.9,8,5927,0.0
2026-10-05 12:05:27,flamesafe,3,2,2,5737,21
2026-10-05 12:05:27,engine,8,5,3,1001413,62
2026-10-05 12:05:27,deck,4,3,2,9743,37
2026-10-05 12:05:27,soak,6,3,3,60110,48
2026-10-05 12:05:27,BEYOND,52,41,12,878276,1390
2026-10-05 12:05:27,MadMapper,510,484,32,1071602,3180
2026-10-05 12:05:27,system,89,75,15,,,0.4,0.6,7,5926,1.4
2026-10-05 12:05:28,flamesafe,0,0,0,5737,21
2026-10-05 12:05:28,engine,12,8,5,1013929,62
2026-10-05 12:05:28,deck,14,11,3,9743,37
2026-10-05 12:05:28,soak,12,9,3,60213,49
2026-10-05 12:05:28,BEYOND,78,48,31,878402,1389
2026-10-05 12:05:28,MadMapper,468,447,20,1071606,3180
2026-10-05 12:05:28,system,87,73,14,,,0.2,0.9,6,5923,3.3
2026-10-05 12:05:29,flamesafe,8,6,2,5737,21
2026-10-05 12:05:29,engine,11,8,3,1014064,62
2026-10-05 12:05:29,deck,18,14,5,9743,37
2026-10-05 12:05:29,soak,4,3,2,60217,49
2026-10-05 12:05:29,BEYOND,74,48,26,878532,1389
2026-10-05 12:05:29,MadMapper,497,471,23,1071634,3180
2026-10-05 12:05:29,system,84,74,10,,,0.9,0.6,6,5925,2.0
2026-10-05 12:05:30,flamesafe,3,3,0,5737,21
2026-10-05 12:05:30,engine,21,12,9,1024041,62
2026-10-05 12:05:30,deck,20,15,5,9743,37
2026-10-05 12:05:30,soak,3,3,0,60221,49
2026-10-05 12:05:30,BEYOND,56,31,26,878653,1388
2026-10-05 12:05:30,MadMapper,462,446,21,1071639,3180
2026-10-05 12:05:30,system,80,68,12,,,0.9,0.7,8,5924,0.0
2026-10-05 12:05:31,flamesafe,2,2,0,5737,21
2026-10-05 12:05:31,engine,9,8,2,1026818,62
2026-10-05 12:05:31,deck,9,8,2,9743,37
2026-10-05 12:05:31,soak,3,2,2,60250,49
2026-10-05 12:05:31,BEYOND,38,14,25,878770,1388
2026-10-05 12:05:31,MadMapper,349,337,12,1072458,3183
2026-10-05 12:05:31,system,67,54,12,,,0.8,0.8,6,5938,0.0
2026-10-05 12:05:32,flamesafe,2,0,2,5737,21
2026-10-05 12:05:32,engine,6,5,2,1039397,62
2026-10-05 12:05:32,deck,6,3,3,9743,37
2026-10-05 12:05:32,soak,3,3,0,60256,49
2026-10-05 12:05:32,BEYOND,12,5,8,878905,1388
2026-10-05 12:05:32,MadMapper,2,0,2,1072462,3183
2026-10-05 12:05:32,system,9,5,4,,,0.4,0.0,3,5932,0.0
2026-10-05 12:05:33,flamesafe,0,0,0,5737,21
2026-10-05 12:05:33,engine,6,6,0,1039613,62
2026-10-05 12:05:33,deck,6,5,2,9743,37
2026-10-05 12:05:33,soak,2,2,0,60260,49
2026-10-05 12:05:33,BEYOND,11,3,8,879033,1388
2026-10-05 12:05:33,MadMapper,5,2,3,1072466,3183
2026-10-05 12:05:33,system,6,4,3,,,0.2,0.4,3,5934,0.0
2026-10-05 12:05:34,flamesafe,0,0,0,5737,21
2026-10-05 12:05:34,engine,0,0,0,1039828,62
2026-10-05 12:05:34,deck,2,2,0,9743,37
2026-10-05 12:05:34,soak,2,2,0,60264,49
2026-10-05 12:05:34,BEYOND,15,6,9,879160,1388
2026-10-05 12:05:34,MadMapper,2,2,0,1072542,3183
2026-10-05 12:05:34,system,5,3,2,,,0.0,0.2,2,5934,0.0
2026-10-05 12:05:35,flamesafe,2,2,0,5737,21
2026-10-05 12:05:35,engine,3,3,0,1040044,62
2026-10-05 12:05:35,deck,3,0,3,9743,37
2026-10-05 12:05:35,soak,0,0,0,60268,49
2026-10-05 12:05:35,BEYOND,17,5,12,879288,1388
2026-10-05 12:05:35,MadMapper,6,2,5,1072546,3183
2026-10-05 12:05:35,system,9,5,4,,,0.6,0.0,4,5924,0.0
2026-10-05 12:05:36,flamesafe,0,0,0,5737,21
2026-10-05 12:05:36,engine,11,8,3,1052636,62
2026-10-05 12:05:36,deck,5,3,2,9743,37
2026-10-05 12:05:36,soak,5,3,2,60299,49
2026-10-05 12:05:36,BEYOND,35,11,25,879673,1377
2026-10-05 12:05:36,MadMapper,186,178,9,1073574,3187
2026-10-05 12:05:36,system,43,32,11,,,0.8,0.2,6,5925,0.0
2026-10-05 12:05:37,flamesafe,3,2,2,5737,21
2026-10-05 12:05:37,engine,20,9,11,1065159,62
2026-10-05 12:05:37,deck,12,12,0,9743,37
2026-10-05 12:05:37,soak,9,5,5,60303,49
2026-10-05 12:05:37,BEYOND,66,36,29,879803,1377
2026-10-05 12:05:37,MadMapper,448,413,29,1073578,3187
2026-10-05 12:05:37,system,79,66,14,,,0.4,0.6,6,5931,0.0
2026-10-05 12:05:38,flamesafe,3,3,0,5737,21
2026-10-05 12:05:38,engine,20,16,4,1065318,62
2026-10-05 12:05:38,deck,4,3,1,9743,37
2026-10-05 12:05:38,soak,1,0,1,60307,49
2026-10-05 12:05:38,BEYOND,47,22,26,880078,1377
2026-10-05 12:05:38,MadMapper,506,479,30,1073876,3188
2026-10-05 12:05:38,system,83,70,14,,,1.1,0.7,9,5926,0.0
2026-10-05 12:05:39,flamesafe,9,6,3,5737,21
2026-10-05 12:05:39,engine,11,9,2,1065662,63
2026-10-05 12:05:39,deck,12,12,0,9743,37
2026-10-05 12:05:39,soak,6,6,0,60311,49
2026-10-05 12:05:39,BEYOND,54,33,21,880904,1380
2026-10-05 12:05:39,MadMapper,507,483,21,1074084,3189
2026-10-05 12:05:39,system,83,72,10,,,0.7,0.4,4,5929,0.1
2026-10-05 12:05:40,flamesafe,6,6,0,5738,21
2026-10-05 12:05:40,engine,10,10,0,1065960,61
2026-10-05 12:05:40,deck,12,10,1,9743,37
2026-10-05 12:05:40,soak,6,4,1,60315,49
2026-10-05 12:05:40,BEYOND,59,25,35,882049,1385
2026-10-05 12:05:40,MadMapper,490,466,28,1074103,3189
2026-10-05 12:05:40,system,82,69,13,,,2.0,0.0,4,5926,0.0
2026-10-05 12:05:41,flamesafe,6,3,3,5738,21
2026-10-05 12:05:41,engine,12,9,3,1066183,62
2026-10-05 12:05:41,deck,12,9,3,9743,37
2026-10-05 12:05:41,soak,6,4,1,60332,49
2026-10-05 12:05:41,BEYOND,62,38,23,883172,1389
2026-10-05 12:05:41,MadMapper,464,445,15,1074112,3185
2026-10-05 12:05:41,system,84,70,14,,,1.3,0.2,7,5924,0.0
2026-10-05 12:05:42,flamesafe,3,3,0,5738,21
2026-10-05 12:05:42,engine,21,17,5,1066350,62
2026-10-05 12:05:42,deck,15,14,2,9743,37
2026-10-05 12:05:42,soak,6,2,5,60336,49
2026-10-05 12:05:42,BEYOND,68,35,34,886195,1401
2026-10-05 12:05:42,MadMapper,486,465,26,1074116,3185
2026-10-05 12:05:42,system,91,75,16,,,2.1,0.2,10,5921,0.0
2026-10-05 12:05:43,flamesafe,6,3,3,5738,21
2026-10-05 12:05:43,engine,11,5,6,1078096,63
2026-10-05 12:05:43,deck,9,9,0,9743,37
2026-10-05 12:05:43,soak,9,3,6,60385,49
2026-10-05 12:05:43,BEYOND,47,23,23,886317,1401
2026-10-05 12:05:43,MadMapper,484,455,23,1074122,3185
2026-10-05 12:05:43,system,89,72,17,,,1.3,0.8,6,5920,0.0
2026-10-05 12:05:44,flamesafe,2,0,2,5738,21
2026-10-05 12:05:44,engine,14,8,6,1079037,62
2026-10-05 12:05:44,deck,11,11,0,9743,37
2026-10-05 12:05:44,soak,4,5,0,60392,49
2026-10-05 12:05:44,BEYOND,94,65,31,886433,1397
2026-10-05 12:05:44,MadMapper,500,483,25,1074150,3185
2026-10-05 12:05:44,system,87,75,12,,,0.8,0.4,8,5921,0.0
2026-10-05 12:05:45,flamesafe,8,6,2,5738,21
2026-10-05 12:05:45,engine,12,5,8,1079233,62
2026-10-05 12:05:45,deck,15,12,3,9743,37
2026-10-05 12:05:45,soak,8,6,2,60396,49
2026-10-05 12:05:45,BEYOND,97,75,22,886550,1393
2026-10-05 12:05:45,MadMapper,451,426,25,1074154,3185
2026-10-05 12:05:45,system,84,70,14,,,0.8,0.9,6,5926,0.0
2026-10-05 12:05:46,flamesafe,5,3,2,5738,21
2026-10-05 12:05:46,engine,5,5,0,1079382,62
2026-10-05 12:05:46,deck,8,6,2,9743,37
2026-10-05 12:05:46,soak,3,2,2,60412,49
2026-10-05 12:05:46,BEYOND,88,62,25,886714,1389
2026-10-05 12:05:46,MadMapper,492,461,25,1074158,3185
2026-10-05 12:05:46,system,86,72,14,,,1.3,0.9,10,5932,0.0
2026-10-05 12:05:47,flamesafe,8,6,2,5738,21
2026-10-05 12:05:47,engine,17,9,8,1079548,62
2026-10-05 12:05:47,deck,26,25,2,9743,37
2026-10-05 12:05:47,soak,2,0,2,60429,49
2026-10-05 12:05:47,BEYOND,70,55,15,887072,1387
2026-10-05 12:05:47,MadMapper,457,452,11,1074162,3185
2026-10-05 12:05:47,system,90,77,12,,,0.9,0.6,6,5932,0.0
2026-10-05 12:05:48,flamesafe,5,5,0,5738,21
2026-10-05 12:05:48,engine,12,8,5,1092094,62
2026-10-05 12:05:48,deck,3,3,0,9743,37
2026-10-05 12:05:48,soak,3,3,0,60435,49
2026-10-05 12:05:48,BEYOND,91,72,18,887521,1384
2026-10-05 12:05:48,MadMapper,508,476,27,1074190,3185
2026-10-05 12:05:48,system,87,78,9,,,0.4,0.2,3,5937,0.0
2026-10-05 12:05:49,flamesafe,2,0,2,5738,21
2026-10-05 12:05:49,engine,8,5,3,1092514,63
2026-10-05 12:05:49,deck,9,8,2,9743,37
2026-10-05 12:05:49,soak,8,8,0,60439,49
2026-10-05 12:05:49,BEYOND,85,57,28,887756,1382
2026-10-05 12:05:49,MadMapper,495,466,29,1074194,3185
2026-10-05 12:05:49,system,85,72,13,,,1.3,0.4,10,5959,0.0
2026-10-05 12:05:50,flamesafe,5,5,0,5738,21
2026-10-05 12:05:50,engine,6,6,0,1092686,63
2026-10-05 12:05:50,deck,8,6,2,9743,37
2026-10-05 12:05:50,soak,8,8,0,60443,49
2026-10-05 12:05:50,BEYOND,60,37,23,888408,1384
2026-10-05 12:05:50,MadMapper,461,440,22,1074198,3185
2026-10-05 12:05:50,system,77,69,9,,,0.6,0.4,4,5962,0.0
2026-10-05 12:05:52,flamesafe,3,3,0,5738,21
2026-10-05 12:05:52,engine,8,5,3,1092858,63
2026-10-05 12:05:52,deck,15,15,0,9743,37
2026-10-05 12:05:52,soak,6,5,2,60460,49
2026-10-05 12:05:52,BEYOND,61,39,23,888967,1386
2026-10-05 12:05:52,MadMapper,497,472,29,1074211,3185
2026-10-05 12:05:52,system,88,75,13,,,0.2,0.7,3,5951,0.0
2026-10-05 12:05:53,flamesafe,4,4,0,5738,21
2026-10-05 12:05:53,engine,9,7,1,1093002,64
2026-10-05 12:05:53,deck,13,13,0,9743,37
2026-10-05 12:05:53,soak,12,10,1,60476,49
2026-10-05 12:05:53,BEYOND,70,33,37,889246,1387
2026-10-05 12:05:53,MadMapper,484,461,22,1074216,3185
2026-10-05 12:05:53,system,87,72,15,,,1.3,0.2,3,5950,0.0
2026-10-05 12:05:54,flamesafe,2,2,0,5738,21
2026-10-05 12:05:54,engine,3,2,2,1105526,64
2026-10-05 12:05:54,deck,12,6,6,9743,37
2026-10-05 12:05:54,soak,9,6,3,60480,49
2026-10-05 12:05:54,BEYOND,62,34,27,889387,1387
2026-10-05 12:05:54,MadMapper,517,487,24,1074244,3185
2026-10-05 12:05:54,system,83,71,12,,,1.3,0.6,8,5942,0.0
2026-10-05 12:05:55,flamesafe,3,3,0,5738,21
2026-10-05 12:05:55,engine,15,14,2,1105688,64
2026-10-05 12:05:55,deck,18,14,5,9743,37
2026-10-05 12:05:55,soak,9,6,3,60484,49
2026-10-05 12:05:55,BEYOND,71,49,23,889491,1387
2026-10-05 12:05:55,MadMapper,477,465,15,1074248,3185
2026-10-05 12:05:55,system,82,74,9,,,0.6,0.4,2,5941,0.0
2026-10-05 12:05:56,flamesafe,4,2,3,5738,21
2026-10-05 12:05:56,engine,15,12,3,1105875,64
2026-10-05 12:05:56,deck,13,9,5,9743,37
2026-10-05 12:05:56,soak,9,5,5,60488,49
2026-10-05 12:05:56,BEYOND,54,39,15,889597,1387
2026-10-05 12:05:56,MadMapper,476,446,33,1074254,3185
2026-10-05 12:05:56,system,82,69,13,,,1.6,0.5,4,5950,0.0
2026-10-05 12:05:57,flamesafe,6,4,1,5738,21
2026-10-05 12:05:57,engine,12,4,7,1106030,64
2026-10-05 12:05:57,deck,14,13,0,9743,37
2026-10-05 12:05:57,soak,6,4,1,60504,49
2026-10-05 12:05:57,BEYOND,76,36,39,889706,1385
2026-10-05 12:05:57,MadMapper,484,463,15,1074258,3185
2026-10-05 12:05:57,system,87,73,14,,,0.2,0.4,4,5939,0.0
2026-10-05 12:05:58,flamesafe,4,4,0,5738,21
2026-10-05 12:05:58,engine,15,7,7,1114976,64
2026-10-05 12:05:58,deck,10,7,3,9743,37
2026-10-05 12:05:58,soak,10,6,4,60520,49
2026-10-05 12:05:58,BEYOND,76,40,36,889851,1383
2026-10-05 12:05:58,MadMapper,485,475,12,1074264,3185
2026-10-05 12:05:58,system,88,72,17,,,0.6,0.6,4,5948,0.0
2026-10-05 12:05:59,flamesafe,8,5,3,5738,21
2026-10-05 12:05:59,engine,12,9,3,1118764,64
2026-10-05 12:05:59,deck,15,14,2,9743,37
2026-10-05 12:05:59,soak,3,2,2,60524,49
2026-10-05 12:05:59,BEYOND,78,54,24,889986,1382
2026-10-05 12:05:59,MadMapper,479,468,15,1074292,3185
2026-10-05 12:05:59,system,84,73,11,,,1.5,0.7,7,5945,0.0
2026-10-05 12:06:00,flamesafe,6,6,0,5738,21
2026-10-05 12:06:00,engine,8,6,1,1119088,64
2026-10-05 12:06:00,deck,9,6,3,9743,37
2026-10-05 12:06:00,soak,4,5,0,60528,49
2026-10-05 12:06:00,BEYOND,67,44,23,890128,1380
2026-10-05 12:06:00,MadMapper,485,455,26,1074296,3185
2026-10-05 12:06:00,system,84,73,11,,,0.6,0.2,6,5936,0.0
2026-10-05 12:06:01,flamesafe,2,2,0,5738,21
2026-10-05 12:06:01,engine,14,9,5,1119250,65
2026-10-05 12:06:01,deck,20,14,6,9743,37
2026-10-05 12:06:01,soak,2,0,2,60544,49
2026-10-05 12:06:01,BEYOND,71,42,29,890238,1378
2026-10-05 12:06:01,MadMapper,507,478,29,1074300,3185
2026-10-05 12:06:01,system,86,73,13,,,0.6,0.6,4,5945,0.0
2026-10-05 12:06:02,flamesafe,3,3,0,5738,21
2026-10-05 12:06:02,engine,15,12,3,1119425,65
2026-10-05 12:06:02,deck,12,12,0,9743,37
2026-10-05 12:06:02,soak,8,8,0,60548,49
2026-10-05 12:06:02,BEYOND,56,30,26,890340,1378
2026-10-05 12:06:02,MadMapper,491,470,21,1074304,3185
2026-10-05 12:06:02,system,89,76,13,,,0.6,0.0,2,5938,0.1
2026-10-05 12:06:03,flamesafe,5,2,3,5738,21
2026-10-05 12:06:03,engine,11,9,2,1119580,65
2026-10-05 12:06:03,deck,14,11,3,9743,37
2026-10-05 12:06:03,soak,5,3,2,60566,49
2026-10-05 12:06:03,BEYOND,63,31,32,890429,1377
2026-10-05 12:06:03,MadMapper,488,466,28,1074310,3185
2026-10-05 12:06:03,system,87,72,14,,,1.3,0.2,3,5939,0.0
2026-10-05 12:06:04,flamesafe,3,3,0,5738,21
2026-10-05 12:06:04,engine,21,11,11,1132125,65
2026-10-05 12:06:04,deck,15,12,3,9743,37
2026-10-05 12:06:04,soak,6,2,5,60570,49
2026-10-05 12:06:04,BEYOND,47,26,21,890522,1377
2026-10-05 12:06:04,MadMapper,475,467,6,1074350,3185
2026-10-05 12:06:04,system,83,72,11,,,0.8,0.4,3,5940,0.0
2026-10-05 12:06:05,flamesafe,5,3,2,5738,21
2026-10-05 12:06:05,engine,12,11,2,1132273,65
2026-10-05 12:06:05,deck,5,3,2,9743,37
2026-10-05 12:06:05,soak,5,5,0,60574,49
2026-10-05 12:06:05,BEYOND,54,35,18,890633,1376
2026-10-05 12:06:05,MadMapper,483,446,35,1074390,3185
2026-10-05 12:06:05,system,80,68,11,,,0.6,0.9,8,5937,0.0
2026-10-05 12:06:06,flamesafe,8,6,2,5738,21
2026-10-05 12:06:06,engine,9,9,0,1132458,65
2026-10-05 12:06:06,deck,6,6,0,9743,37
2026-10-05 12:06:06,soak,9,8,2,60590,49
2026-10-05 12:06:06,BEYOND,47,18,29,890728,1376
2026-10-05 12:06:06,MadMapper,500,494,5,1074394,3185
2026-10-05 12:06:06,system,83,73,10,,,0.7,0.6,6,5940,0.0
2026-10-05 12:06:07,flamesafe,9,6,3,5738,21
2026-10-05 12:06:07,engine,12,10,1,1132600,65
2026-10-05 12:06:07,deck,7,7,0,9743,37
2026-10-05 12:06:07,soak,12,4,7,60599,49
2026-10-05 12:06:07,BEYOND,34,13,21,890850,1376
2026-10-05 12:06:07,MadMapper,480,459,22,1074398,3185
2026-10-05 12:06:07,system,82,69,12,,,1.1,0.4,4,5941,0.0
2026-10-05 12:06:08,flamesafe,3,2,2,5738,21
2026-10-05 12:06:08,engine,17,11,6,1145146,65
2026-10-05 12:06:08,deck,8,6,2,9743,37
2026-10-05 12:06:08,soak,11,9,2,60610,49
2026-10-05 12:06:08,BEYOND,26,12,14,890948,1376
2026-10-05 12:06:08,MadMapper,475,450,24,1074402,3185
2026-10-05 12:06:08,system,83,71,12,,,0.7,0.6,6,5946,0.0
2026-10-05 12:06:09,flamesafe,0,0,0,5739,21
2026-10-05 12:06:09,engine,11,9,2,1145311,65
2026-10-05 12:06:09,deck,15,14,2,9744,37
2026-10-05 12:06:09,soak,8,3,5,60614,49
2026-10-05 12:06:09,BEYOND,35,15,20,891064,1376
2026-10-05 12:06:09,MadMapper,496,458,39,1074430,3185
2026-10-05 12:06:09,system,81,68,12,,,1.3,0.4,7,5949,0.0
2026-10-05 12:06:10,flamesafe,0,0,0,5739,21
2026-10-05 12:06:10,engine,6,5,2,1145646,65
2026-10-05 12:06:10,deck,8,8,0,9744,37
2026-10-05 12:06:10,soak,9,5,5,60618,49
2026-10-05 12:06:10,BEYOND,32,8,25,891186,1376
2026-10-05 12:06:10,MadMapper,495,472,25,1074434,3185
2026-10-05 12:06:10,system,78,67,11,,,0.6,0.6,6,5947,0.0
2026-10-05 12:06:11,flamesafe,3,3,0,5739,21
2026-10-05 12:06:11,engine,15,11,5,1145844,65
2026-10-05 12:06:11,deck,6,5,2,9744,37
2026-10-05 12:06:11,soak,5,0,5,60634,49
2026-10-05 12:06:11,BEYOND,32,6,26,891305,1376
2026-10-05 12:06:11,MadMapper,468,447,22,1074438,3185
2026-10-05 12:06:11,system,80,65,15,,,1.7,0.8,12,5950,0.0
2026-10-05 12:06:12,flamesafe,2,2,0,5739,21
2026-10-05 12:06:12,engine,18,12,6,1145995,65
2026-10-05 12:06:12,deck,22,17,5,9744,37
2026-10-05 12:06:12,soak,15,12,3,60650,49
2026-10-05 12:06:12,BEYOND,31,9,22,891410,1376
2026-10-05 12:06:12,MadMapper,480,468,12,1074442,3185
2026-10-05 12:06:12,system,85,73,12,,,0.6,0.2,2,5949,0.0
2026-10-05 12:06:13,flamesafe,2,2,0,5739,21
2026-10-05 12:06:13,engine,16,11,5,1158544,65
2026-10-05 12:06:13,deck,6,6,0,9744,37
2026-10-05 12:06:13,soak,5,5,0,60654,49
2026-10-05 12:06:13,BEYOND,28,3,25,891517,1376
2026-10-05 12:06:13,MadMapper,503,468,29,1074446,3185
2026-10-05 12:06:13,system,83,69,14,,,0.6,0.8,6,5949,0.0
2026-10-05 12:06:14,flamesafe,5,4,1,5739,21
2026-10-05 12:06:14,engine,10,6,4,1158657,66
2026-10-05 12:06:14,deck,7,5,2,9744,37
2026-10-05 12:06:14,soak,5,5,0,60658,49
2026-10-05 12:06:14,BEYOND,14,5,9,891586,1376
2026-10-05 12:06:14,MadMapper,622,594,30,1074481,3185
2026-10-05 12:06:14,system,88,80,8,,,0.5,0.9,7,5951,0.0
2026-10-05 12:06:15,flamesafe,6,6,0,5739,21
2026-10-05 12:06:15,engine,15,13,1,1158869,66
2026-10-05 12:06:15,deck,12,9,3,9744,37
2026-10-05 12:06:15,soak,4,4,0,60664,49
2026-10-05 12:06:15,BEYOND,25,6,19,891705,1376
2026-10-05 12:06:15,MadMapper,490,472,18,1074485,3185
2026-10-05 12:06:15,system,80,70,10,,,1.1,0.2,6,5952,0.0
2026-10-05 12:06:16,flamesafe,6,6,0,5739,21
2026-10-05 12:06:16,engine,8,6,2,1159019,66
2026-10-05 12:06:16,deck,11,9,2,9744,37
2026-10-05 12:06:16,soak,8,5,3,60680,49
2026-10-05 12:06:16,BEYOND,35,8,27,891815,1376
2026-10-05 12:06:16,MadMapper,494,473,23,1074489,3185
2026-10-05 12:06:16,system,84,69,15,,,0.6,0.2,3,5948,0.0
2026-10-05 12:06:17,flamesafe,5,5,0,5739,21
2026-10-05 12:06:17,engine,8,5,3,1171570,66
2026-10-05 12:06:17,deck,9,9,0,9744,37
2026-10-05 12:06:17,soak,14,9,5,60696,49
2026-10-05 12:06:17,BEYOND,32,11,22,891938,1376
2026-10-05 12:06:17,MadMapper,491,461,31,1074493,3185
2026-10-05 12:06:17,system,85,70,15,,,1.7,0.6,11,5950,0.0
2026-10-05 12:06:18,flamesafe,2,2,0,5739,21
2026-10-05 12:06:18,engine,8,6,2,1171725,66
2026-10-05 12:06:18,deck,11,8,3,9744,37
2026-10-05 12:06:18,soak,6,3,3,60700,49
2026-10-05 12:06:18,BEYOND,33,5,28,892063,1376
2026-10-05 12:06:18,MadMapper,494,466,23,1074521,3185
2026-10-05 12:06:18,system,79,68,11,,,0.2,0.6,4,5953,0.0
2026-10-05 12:06:20,flamesafe,4,4,0,5739,21
2026-10-05 12:06:20,engine,9,4,4,1171930,66
2026-10-05 12:06:20,deck,12,9,3,9744,37
2026-10-05 12:06:20,soak,6,4,1,60704,49
2026-10-05 12:06:20,BEYOND,42,9,33,892179,1376
2026-10-05 12:06:20,MadMapper,521,498,22,1074525,3185
2026-10-05 12:06:20,system,86,71,15,,,1.5,0.2,7,5955,0.2
2026-10-05 12:06:21,flamesafe,0,0,0,5739,21
2026-10-05 12:06:21,engine,19,12,8,1172140,66
2026-10-05 12:06:21,deck,9,8,2,9744,37
2026-10-05 12:06:21,soak,3,3,0,60720,49
2026-10-05 12:06:21,BEYOND,49,6,44,892323,1376
2026-10-05 12:06:21,MadMapper,451,443,11,1074529,3185
2026-10-05 12:06:21,system,81,68,14,,,0.9,0.2,3,5951,0.0
2026-10-05 12:06:22,flamesafe,3,2,2,5739,21
2026-10-05 12:06:22,engine,12,11,2,1172316,66
2026-10-05 12:06:22,deck,15,11,5,9744,37
2026-10-05 12:06:22,soak,8,5,3,60736,49
2026-10-05 12:06:22,BEYOND,40,12,28,892452,1376
2026-10-05 12:06:22,MadMapper,438,421,17,1074537,3185
2026-10-05 12:06:22,system,80,64,16,,,1.7,0.2,7,5952,0.0
2026-10-05 12:06:23,flamesafe,3,3,0,5739,21
2026-10-05 12:06:23,engine,17,11,6,1184860,66
2026-10-05 12:06:23,deck,14,11,3,9744,37
2026-10-05 12:06:23,soak,5,3,2,60768,49
2026-10-05 12:06:23,BEYOND,37,12,25,892559,1376
2026-10-05 12:06:23,MadMapper,511,490,18,1074541,3185
2026-10-05 12:06:23,system,85,75,10,,,0.2,0.2,3,5951,0.0
2026-10-05 12:06:24,flamesafe,4,3,1,5739,21
2026-10-05 12:06:24,engine,18,15,3,1185027,66
2026-10-05 12:06:24,deck,8,4,3,9744,37
2026-10-05 12:06:24,soak,4,1,3,60772,49
2026-10-05 12:06:24,BEYOND,34,13,21,892673,1376
2026-10-05 12:06:24,MadMapper,539,530,9,1074569,3185
2026-10-05 12:06:24,system,86,77,9,,,1.1,0.6,7,5944,0.0
2026-10-05 12:06:25,flamesafe,5,3,2,5739,21
2026-10-05 12:06:25,engine,9,5,5,1185195,66
2026-10-05 12:06:25,deck,14,11,3,9744,37
2026-10-05 12:06:25,soak,6,6,0,60776,49
2026-10-05 12:06:25,BEYOND,38,9,29,892823,1376
2026-10-05 12:06:25,MadMapper,460,442,18,1074573,3185
2026-10-05 12:06:25,system,76,65,11,,,1.0,0.2,3,5943,0.0
2026-10-05 12:06:26,flamesafe,6,6,0,5739,21
2026-10-05 12:06:26,engine,14,8,6,1185367,66
2026-10-05 12:06:26,deck,11,9,2,9744,37
2026-10-05 12:06:26,soak,6,6,0,60806,49
2026-10-05 12:06:26,BEYOND,36,9,27,892960,1376
2026-10-05 12:06:26,MadMapper,427,411,20,1074577,3185
2026-10-05 12:06:26,system,76,64,12,,,0.9,0.4,7,5946,0.0
2026-10-05 12:06:27,flamesafe,4,2,3,5739,21
2026-10-05 12:06:27,engine,6,5,2,1185530,66
2026-10-05 12:06:27,deck,15,14,2,9744,37
2026-10-05 12:06:27,soak,6,6,0,60876,49
2026-10-05 12:06:27,BEYOND,43,12,32,893065,1376
2026-10-05 12:06:27,MadMapper,512,482,29,1074581,3185
2026-10-05 12:06:27,system,91,73,18,,,1.1,0.4,4,5930,0.0
2026-10-05 12:06:28,flamesafe,5,4,1,5739,21
2026-10-05 12:06:28,engine,12,7,5,1185682,66
2026-10-05 12:06:28,deck,5,3,2,9744,37
2026-10-05 12:06:28,soak,10,8,2,60894,49
2026-10-05 12:06:28,BEYOND,25,3,22,893158,1376
2026-10-05 12:06:28,MadMapper,632,621,7,1074587,3185
2026-10-05 12:06:28,system,96,87,9,,,1.0,0.3,5,5927,0.0
2026-10-05 12:06:29,flamesafe,2,2,0,5741,21
2026-10-05 12:06:29,engine,17,12,5,1198349,67
2026-10-05 12:06:29,deck,11,6,5,9744,37
2026-10-05 12:06:29,soak,8,6,2,60898,49
2026-10-05 12:06:29,BEYOND,21,6,15,893244,1376
2026-10-05 12:06:29,MadMapper,559,555,9,1074615,3185
2026-10-05 12:06:29,system,94,84,10,,,1.1,1.1,7,5917,0.0
2026-10-05 12:06:30,flamesafe,3,3,0,5741,21
2026-10-05 12:06:30,engine,23,23,0,1198526,67
2026-10-05 12:06:30,deck,12,12,0,9744,37
2026-10-05 12:06:30,soak,12,5,8,60988,48
2026-10-05 12:06:30,BEYOND,35,12,23,893378,1376
2026-10-05 12:06:30,MadMapper,479,465,11,1074619,3185
2026-10-05 12:06:30,system,85,75,10,,,1.1,0.7,8,5865,0.0
2026-10-05 12:06:31,flamesafe,5,5,0,5741,21
2026-10-05 12:06:31,engine,17,12,5,1198709,67
2026-10-05 12:06:31,deck,18,11,8,9744,37
2026-10-05 12:06:31,soak,8,6,2,61004,48
2026-10-05 12:06:31,BEYOND,37,9,28,893515,1376
2026-10-05 12:06:31,MadMapper,403,379,21,1074623,3185
2026-10-05 12:06:31,system,80,64,17,,,1.9,0.2,6,5852,0.0
2026-10-05 12:06:32,flamesafe,6,6,0,5741,21
2026-10-05 12:06:32,engine,22,15,6,1198881,67
2026-10-05 12:06:32,deck,11,11,0,9744,37
2026-10-05 12:06:32,soak,12,6,6,61107,49
2026-10-05 12:06:32,BEYOND,25,9,15,893647,1376
2026-10-05 12:06:32,MadMapper,472,450,21,1074627,3185
2026-10-05 12:06:32,system,86,72,15,,,1.7,0.6,4,5850,0.0
2026-10-05 12:06:33,flamesafe,6,6,0,5741,21
2026-10-05 12:06:33,engine,19,15,4,1211416,67
2026-10-05 12:06:33,deck,16,12,4,9744,37
2026-10-05 12:06:33,soak,13,10,3,61123,49
2026-10-05 12:06:33,BEYOND,25,6,19,893738,1376
2026-10-05 12:06:33,MadMapper,565,552,18,1074657,3185
2026-10-05 12:06:33,system,95,84,11,,,0.7,0.5,7,5854,0.0
2026-10-05 12:06:34,flamesafe,4,3,1,5741,21
2026-10-05 12:06:34,engine,13,9,4,1211550,67
2026-10-05 12:06:34,deck,9,9,0,9744,37
2026-10-05 12:06:34,soak,6,4,1,61127,49
2026-10-05 12:06:34,BEYOND,25,3,22,893825,1376
2026-10-05 12:06:34,MadMapper,613,600,9,1074709,3185
2026-10-05 12:06:34,system,94,86,8,,,0.4,0.0,2,5845,0.0
2026-10-05 12:06:35,flamesafe,6,5,2,5741,21
2026-10-05 12:06:35,engine,21,15,6,1211683,67
2026-10-05 12:06:35,deck,15,14,2,9744,37
2026-10-05 12:06:35,soak,11,8,3,61133,49
2026-10-05 12:06:35,BEYOND,18,9,9,893882,1376
2026-10-05 12:06:35,MadMapper,603,589,17,1074713,3185
2026-10-05 12:06:35,system,96,86,10,,,0.4,0.4,4,5840,0.0
2026-10-05 12:06:37,flamesafe,6,4,1,5741,21
2026-10-05 12:06:37,engine,12,12,0,1211820,67
2026-10-05 12:06:37,deck,12,7,4,9744,37
2026-10-05 12:06:37,soak,3,1,1,61149,49
2026-10-05 12:06:37,BEYOND,18,7,10,893954,1376
2026-10-05 12:06:37,MadMapper,607,605,9,1074717,3185
2026-10-05 12:06:37,system,96,86,9,,,1.3,0.4,7,5842,0.0
2026-10-05 12:06:38,flamesafe,2,2,0,5741,21
2026-10-05 12:06:38,engine,14,9,5,1211981,67
2026-10-05 12:06:38,deck,9,3,6,9744,37
2026-10-05 12:06:38,soak,6,6,0,61153,49
2026-10-05 12:06:38,BEYOND,12,3,9,894035,1376
2026-10-05 12:06:38,MadMapper,602,586,14,1074721,3185
2026-10-05 12:06:38,system,96,82,13,,,0.9,1.3,6,5841,0.0
2026-10-05 12:06:39,flamesafe,3,3,0,5741,21
2026-10-05 12:06:39,engine,20,12,8,1212121,67
2026-10-05 12:06:39,deck,14,6,8,9744,37
2026-10-05 12:06:39,soak,11,9,2,61157,49
2026-10-05 12:06:39,BEYOND,21,3,18,894100,1376
2026-10-05 12:06:39,MadMapper,625,602,18,1074749,3185
2026-10-05 12:06:39,system,98,84,13,,,0.9,0.2,3,5841,0.1
2026-10-05 12:06:40,flamesafe,3,3,0,5741,21
2026-10-05 12:06:40,engine,17,13,4,1212425,67
2026-10-05 12:06:40,deck,9,7,1,9744,37
2026-10-05 12:06:40,soak,9,4,4,61242,49
2026-10-05 12:06:40,BEYOND,25,6,19,894199,1376
2026-10-05 12:06:40,MadMapper,590,572,19,1074753,3185
2026-10-05 12:06:40,system,95,80,15,,,0.9,0.9,7,5840,0.0
2026-10-05 12:06:41,flamesafe,6,6,0,5741,21
2026-10-05 12:06:41,engine,18,12,6,1224941,67
2026-10-05 12:06:41,deck,10,7,3,9744,37
2026-10-05 12:06:41,soak,4,0,4,61249,49
2026-10-05 12:06:41,BEYOND,22,9,13,894300,1376
2026-10-05 12:06:41,MadMapper,582,571,7,1074757,3185
2026-10-05 12:06:41,system,90,83,7,,,0.6,0.2,4,5843,0.0
2026-10-05 12:06:42,flamesafe,8,6,2,5741,21
2026-10-05 12:06:42,engine,20,15,5,1225126,67
2026-10-05 12:06:42,deck,15,15,0,9744,37
2026-10-05 12:06:42,soak,4,3,2,61265,49
2026-10-05 12:06:42,BEYOND,20,6,14,894383,1376
2026-10-05 12:06:42,MadMapper,550,534,23,1074761,3185
2026-10-05 12:06:42,system,92,81,11,,,0.8,0.6,4,5846,0.0
2026-10-05 12:06:43,flamesafe,5,5,0,5741,21
2026-10-05 12:06:43,engine,12,11,2,1225281,68
2026-10-05 12:06:43,deck,9,8,2,9744,37
2026-10-05 12:06:43,soak,5,5,0,61269,49
2026-10-05 12:06:43,BEYOND,23,3,20,894458,1376
2026-10-05 12:06:43,MadMapper,625,612,11,1074765,3185
2026-10-05 12:06:43,system,94,85,9,,,1.1,0.6,7,5847,0.0
2026-10-05 12:06:44,flamesafe,6,4,1,5742,21
2026-10-05 12:06:44,engine,22,14,8,1225471,68
2026-10-05 12:06:44,deck,13,7,6,9744,37
2026-10-05 12:06:44,soak,7,4,3,61273,49
2026-10-05 12:06:44,BEYOND,10,1,8,894535,1376
2026-10-05 12:06:44,MadMapper,605,584,21,1074798,3185
2026-10-05 12:06:44,system,94,82,12,,,1.0,1.9,14,5839,0.0
2026-10-05 12:06:45,flamesafe,3,3,0,5742,21
2026-10-05 12:06:45,engine,9,7,1,1225630,68
2026-10-05 12:06:45,deck,7,7,0,9744,37
2026-10-05 12:06:45,soak,6,6,0,61289,49
2026-10-05 12:06:45,BEYOND,24,7,16,894617,1376
2026-10-05 12:06:45,MadMapper,603,582,16,1074802,3185
2026-10-05 12:06:45,system,94,83,10,,,1.4,0.5,7,5837,0.0
2026-10-05 12:06:46,flamesafe,11,11,0,5742,21
2026-10-05 12:06:46,engine,11,1,10,1238104,68
2026-10-05 12:06:46,deck,12,11,1,9744,37
2026-10-05 12:06:46,soak,6,0,5,61375,48
2026-10-05 12:06:46,BEYOND,11,4,7,894661,1376
2026-10-05 12:06:46,MadMapper,659,645,14,1074808,3185
2026-10-05 12:06:46,system,96,89,7,,,0.2,0.5,3,5842,0.0
2026-10-05 12:06:47,flamesafe,3,1,1,5744,21
2026-10-05 12:06:47,engine,9,9,0,1238280,68
2026-10-05 12:06:47,deck,9,7,1,9744,37
2026-10-05 12:06:47,soak,4,4,0,61488,49
2026-10-05 12:06:47,BEYOND,25,13,12,894732,1376
2026-10-05 12:06:47,MadMapper,600,587,15,1074812,3185
2026-10-05 12:06:47,system,97,88,9,,,0.4,0.9,6,5843,0.0
2026-10-05 12:06:48,flamesafe,7,6,1,5744,21
2026-10-05 12:06:48,engine,12,10,1,1238444,68
2026-10-05 12:06:48,deck,7,6,1,9744,37
2026-10-05 12:06:48,soak,9,6,3,61493,49
2026-10-05 12:06:48,BEYOND,21,3,18,894815,1376
2026-10-05 12:06:48,MadMapper,601,592,15,1074816,3185
2026-10-05 12:06:48,system,94,86,9,,,0.7,0.7,8,5842,0.0
2026-10-05 12:06:49,flamesafe,4,4,0,5744,21
2026-10-05 12:06:49,engine,14,10,4,1238784,68
2026-10-05 12:06:49,deck,12,10,1,9744,37
2026-10-05 12:06:49,soak,17,7,10,61543,49
2026-10-05 12:06:49,BEYOND,19,1,17,894890,1376
2026-10-05 12:06:49,MadMapper,623,605,11,1074844,3185
2026-10-05 12:06:49,system,97,86,11,,,0.9,0.2,4,5966,0.0
2026-10-05 12:06:50,flamesafe,3,3,0,5744,21
2026-10-05 12:06:50,engine,10,7,3,1239038,67
2026-10-05 12:06:50,deck,12,12,0,9744,37
2026-10-05 12:06:50,soak,6,6,0,61584,49
2026-10-05 12:06:50,BEYOND,6,0,6,894929,1376
2026-10-05 12:06:50,MadMapper,650,632,22,1074848,3185
2026-10-05 12:06:50,system,99,91,8,,,0.2,0.2,1,5962,0.0
2026-10-05 12:06:51,flamesafe,5,3,2,5744,21
2026-10-05 12:06:51,engine,11,6,5,1239216,67
2026-10-05 12:06:51,deck,12,11,2,9744,37
2026-10-05 12:06:51,soak,5,3,2,61600,49
2026-10-05 12:06:51,BEYOND,23,3,20,895026,1376
2026-10-05 12:06:51,MadMapper,566,559,5,1074852,3185
2026-10-05 12:06:51,system,95,84,11,,,1.1,0.8,4,5972,0.0
2026-10-05 12:06:52,flamesafe,6,4,1,5744,21
2026-10-05 12:06:52,engine,7,4,3,1251751,67
2026-10-05 12:06:52,deck,16,11,4,9744,37
2026-10-05 12:06:52,soak,6,4,1,61611,49
2026-10-05 12:06:52,BEYOND,27,3,24,895103,1376
2026-10-05 12:06:52,MadMapper,632,614,21,1074856,3185
2026-10-05 12:06:52,system,96,86,10,,,0.2,0.2,1,5956,0.0
2026-10-05 12:06:53,flamesafe,5,5,0,5744,21
2026-10-05 12:06:53,engine,20,15,5,1251940,67
2026-10-05 12:06:53,deck,17,17,0,9744,37
2026-10-05 12:06:53,soak,9,6,3,61622,49
2026-10-05 12:06:53,BEYOND,34,12,21,895194,1376
2026-10-05 12:06:53,MadMapper,580,560,18,1074884,3185
2026-10-05 12:06:53,system,94,83,12,,,0.9,0.0,4,5954,0.0
2026-10-05 12:06:55,flamesafe,6,4,1,5744,21
2026-10-05 12:06:55,engine,12,7,4,1252091,67
2026-10-05 12:06:55,deck,4,4,0,9744,37
2026-10-05 12:06:55,soak,2,0,1,61626,49
2026-10-05 12:06:55,BEYOND,18,3,15,895243,1376
2026-10-05 12:06:55,MadMapper,650,631,22,1074888,3185
2026-10-05 12:06:55,system,98,86,12,,,0.6,0.2,4,5953,0.0
2026-10-05 12:06:56,flamesafe,3,3,0,5744,21
2026-10-05 12:06:56,engine,18,14,5,1252316,68
2026-10-05 12:06:56,deck,17,15,2,9744,37
2026-10-05 12:06:56,soak,9,6,3,61630,49
2026-10-05 12:06:56,BEYOND,23,6,17,895350,1376
2026-10-05 12:06:56,MadMapper,565,547,17,1074892,3185
2026-10-05 12:06:56,system,96,80,15,,,1.1,0.6,10,5946,0.0
2026-10-05 12:06:57,flamesafe,6,6,0,5744,21
2026-10-05 12:06:57,engine,16,13,3,1252457,68
2026-10-05 12:06:57,deck,7,6,1,9744,37
2026-10-05 12:06:57,soak,4,1,3,61674,49
2026-10-05 12:06:57,BEYOND,15,1,13,895423,1376
2026-10-05 12:06:57,MadMapper,619,603,15,1074898,3185
2026-10-05 12:06:57,system,96,85,11,,,1.1,0.2,4,5947,0.0
2026-10-05 12:06:58,flamesafe,4,4,0,5744,21
2026-10-05 12:06:58,engine,15,0,15,1265090,68
2026-10-05 12:06:58,deck,4,3,1,9744,37
2026-10-05 12:06:58,soak,9,6,3,61678,49
2026-10-05 12:06:58,BEYOND,28,9,19,895511,1376
2026-10-05 12:06:58,MadMapper,606,584,19,1074902,3185
2026-10-05 12:06:58,system,93,80,13,,,1.3,0.5,7,5942,0.0
2026-10-05 12:06:59,flamesafe,6,6,0,5744,21
2026-10-05 12:06:59,engine,12,10,1,1265251,68
2026-10-05 12:06:59,deck,16,13,3,9744,37
2026-10-05 12:06:59,soak,7,4,3,61708,49
2026-10-05 12:06:59,BEYOND,16,4,12,895608,1376
2026-10-05 12:06:59,MadMapper,569,568,6,1074930,3185
2026-10-05 12:06:59,system,93,85,8,,,0.4,0.7,3,5984,0.0
2026-10-05 12:07:00,flamesafe,6,6,0,5748,21
2026-10-05 12:07:00,engine,15,8,8,1265659,69
2026-10-05 12:07:00,deck,18,17,2,9744,37
2026-10-05 12:07:00,soak,9,6,3,61712,49
2026-10-05 12:07:00,BEYOND,28,3,25,895699,1376
2026-10-05 12:07:00,MadMapper,577,554,21,1074934,3185
2026-10-05 12:07:00,system,95,82,13,,,0.8,0.0,4,5976,0.0
2026-10-05 12:07:01,flamesafe,9,9,0,5748,21
2026-10-05 12:07:01,engine,12,12,0,1265841,69
2026-10-05 12:07:01,deck,12,9,3,9744,37
2026-10-05 12:07:01,soak,12,9,3,61729,49
2026-10-05 12:07:01,BEYOND,33,4,28,895798,1376
2026-10-05 12:07:01,MadMapper,561,547,10,1074938,3185
2026-10-05 12:07:01,system,95,84,11,,,0.9,0.4,7,5963,0.0
2026-10-05 12:07:02,flamesafe,2,1,0,5748,21
2026-10-05 12:07:02,engine,22,16,6,1278392,69
2026-10-05 12:07:02,deck,9,7,1,9748,37
2026-10-05 12:07:02,soak,9,4,4,61733,49
2026-10-05 12:07:02,BEYOND,19,3,16,895920,1376
2026-10-05 12:07:02,MadMapper,548,533,18,1074942,3185
2026-10-05 12:07:02,system,86,77,10,,,0.7,0.4,4,5964,0.0
2026-10-05 12:07:03,flamesafe,3,3,0,5748,21
2026-10-05 12:07:03,engine,9,5,5,1278573,69
2026-10-05 12:07:03,deck,17,12,5,9748,37
2026-10-05 12:07:03,soak,9,6,3,61770,49
2026-10-05 12:07:03,BEYOND,25,8,17,896052,1376
2026-10-05 12:07:03,MadMapper,413,397,15,1074946,3185
2026-10-05 12:07:03,system,77,63,14,,,0.6,0.4,2,5973,0.0
2026-10-05 12:07:04,flamesafe,3,2,2,5748,21
2026-10-05 12:07:04,engine,20,11,9,1291171,69
2026-10-05 12:07:04,deck,12,9,3,9748,37
2026-10-05 12:07:04,soak,6,5,2,61775,49
2026-10-05 12:07:04,BEYOND,31,9,22,896175,1376
2026-10-05 12:07:04,MadMapper,235,216,20,1075023,3185
2026-10-05 12:07:04,system,57,41,16,,,0.9,0.0,3,5978,0.1
2026-10-05 12:07:05,flamesafe,3,0,3,5748,21
2026-10-05 12:07:05,engine,14,14,0,1291394,69
2026-10-05 12:07:05,deck,6,3,3,9748,37
2026-10-05 12:07:05,soak,11,6,5,61779,49
2026-10-05 12:07:05,BEYOND,39,9,30,896311,1376
2026-10-05 12:07:05,MadMapper,227,219,9,1075027,3185
2026-10-05 12:07:05,system,51,40,11,,,0.6,0.6,6,5969,0.0
2026-10-05 12:07:06,flamesafe,0,0,0,5748,21
2026-10-05 12:07:06,engine,9,9,0,1291615,69
2026-10-05 12:07:06,deck,8,3,5,9748,37
2026-10-05 12:07:06,soak,6,6,0,61795,49
2026-10-05 12:07:06,BEYOND,23,5,19,896438,1376
2026-10-05 12:07:06,MadMapper,258,239,15,1075031,3185
2026-10-05 12:07:06,system,52,39,13,,,0.9,0.8,11,5966,0.0
2026-10-05 12:07:07,flamesafe,3,3,0,5748,21
2026-10-05 12:07:07,engine,6,2,5,1304199,69
2026-10-05 12:07:07,deck,9,9,0,9748,37
2026-10-05 12:07:07,soak,8,8,0,61813,49
2026-10-05 12:07:07,BEYOND,34,8,26,896562,1376
2026-10-05 12:07:07,MadMapper,257,231,26,1075037,3185
2026-10-05 12:07:07,system,55,39,15,,,1.5,0.4,8,5957,0.0
2026-10-05 12:07:08,flamesafe,4,3,2,5748,21
2026-10-05 12:07:08,engine,14,9,5,1304407,69
2026-10-05 12:07:08,deck,17,14,3,9748,37
2026-10-05 12:07:08,soak,9,5,5,61817,49
2026-10-05 12:07:08,BEYOND,33,5,29,896691,1376
2026-10-05 12:07:08,MadMapper,248,226,24,1075041,3185
2026-10-05 12:07:08,system,52,40,12,,,0.6,0.4,3,5957,0.0
2026-10-05 12:07:09,flamesafe,5,3,2,5748,21
2026-10-05 12:07:09,engine,12,6,6,1304595,69
2026-10-05 12:07:09,deck,12,12,0,9748,37
2026-10-05 12:07:09,soak,2,2,0,61821,49
2026-10-05 12:07:09,BEYOND,25,6,19,896825,1376
2026-10-05 12:07:09,MadMapper,257,227,31,1075069,3185
2026-10-05 12:07:09,system,49,38,11,,,0.4,0.4,4,5953,0.0
2026-10-05 12:07:10,flamesafe,3,3,0,5748,21
2026-10-05 12:07:10,engine,8,5,3,1304955,70
2026-10-05 12:07:10,deck,6,5,2,9748,37
2026-10-05 12:07:10,soak,3,3,0,61825,49
2026-10-05 12:07:10,BEYOND,36,2,34,896953,1376
2026-10-05 12:07:10,MadMapper,269,242,23,1075073,3185
2026-10-05 12:07:10,system,48,36,12,,,1.1,0.6,8,5956,0.0
2026-10-05 12:07:11,flamesafe,5,3,2,5748,21
2026-10-05 12:07:11,engine,12,5,8,1305154,70
2026-10-05 12:07:11,deck,9,8,2,9748,37
2026-10-05 12:07:11,soak,5,2,3,61841,49
2026-10-05 12:07:11,BEYOND,31,14,17,897078,1376
2026-10-05 12:07:11,MadMapper,276,255,22,1075077,3185
2026-10-05 12:07:11,system,56,43,13,,,1.0,0.4,3,5954,0.0
2026-10-05 12:07:12,flamesafe,0,0,0,5748,21
2026-10-05 12:07:12,engine,15,12,3,1317733,70
2026-10-05 12:07:12,deck,8,8,0,9748,37
2026-10-05 12:07:12,soak,3,3,0,61860,49
2026-10-05 12:07:12,BEYOND,34,5,29,897210,1376
2026-10-05 12:07:12,MadMapper,308,281,28,1075081,3185
2026-10-05 12:07:12,system,64,47,17,,,1.7,0.0,6,5958,0.0
2026-10-05 12:07:13,flamesafe,8,6,2,5748,21
2026-10-05 12:07:13,engine,9,6,3,1317949,70
2026-10-05 12:07:13,deck,11,9,2,9748,37
2026-10-05 12:07:13,soak,2,2,0,61864,49
2026-10-05 12:07:13,BEYOND,40,9,30,897335,1376
2026-10-05 12:07:13,MadMapper,304,279,23,1075086,3185
2026-10-05 12:07:13,system,60,46,14,,,1.1,0.4,4,5958,0.0
2026-10-05 12:07:14,flamesafe,3,3,0,5748,21
2026-10-05 12:07:14,engine,12,11,2,1318139,70
2026-10-05 12:07:14,deck,6,6,0,9748,37
2026-10-05 12:07:14,soak,8,8,0,61868,49
2026-10-05 12:07:14,BEYOND,34,5,29,897457,1376
2026-10-05 12:07:14,MadMapper,312,301,12,1075114,3185
2026-10-05 12:07:14,system,58,49,9,,,0.8,0.2,2,5965,0.0
2026-10-05 12:07:15,flamesafe,8,8,0,5748,21
2026-10-05 12:07:15,engine,9,6,3,1318324,70
2026-10-05 12:07:15,deck,15,12,3,9748,37
2026-10-05 12:07:15,soak,9,8,2,61872,49
2026-10-05 12:07:15,BEYOND,31,8,23,897578,1376
2026-10-05 12:07:15,MadMapper,404,383,23,1075118,3185
2026-10-05 12:07:15,system,69,57,12,,,1.3,0.6,8,5974,0.0
2026-10-05 12:07:16,flamesafe,5,2,3,5748,21
2026-10-05 12:07:16,engine,15,11,5,1318509,70
2026-10-05 12:07:16,deck,12,11,2,9748,37
2026-10-05 12:07:16,soak,12,8,5,61888,49
2026-10-05 12:07:16,BEYOND,31,6,25,897706,1376
2026-10-05 12:07:16,MadMapper,417,400,19,1075122,3185
2026-10-05 12:07:16,system,74,58,16,,,1.1,0.6,4,5973,0.0
2026-10-05 12:07:17,flamesafe,3,2,2,5748,21
2026-10-05 12:07:17,engine,18,15,3,1331017,70
2026-10-05 12:07:17,deck,14,9,5,9748,37
2026-10-05 12:07:17,soak,9,6,3,61904,49
2026-10-05 12:07:17,BEYOND,18,6,12,897789,1376
2026-10-05 12:07:17,MadMapper,456,440,17,1075126,3185
2026-10-05 12:07:17,system,80,68,12,,,1.0,0.4,4,5975,0.0
2026-10-05 12:07:18,flamesafe,3,3,0,5748,21
2026-10-05 12:07:18,engine,14,11,3,1331173,70
2026-10-05 12:07:18,deck,7,7,0,9748,37
2026-10-05 12:07:18,soak,7,4,3,61908,49
2026-10-05 12:07:18,BEYOND,18,3,15,897874,1376
2026-10-05 12:07:18,MadMapper,500,469,30,1075133,3185
2026-10-05 12:07:18,system,76,65,11,,,1.8,0.0,5,5974,0.0
2026-10-05 12:07:19,flamesafe,2,2,0,5748,21
2026-10-05 12:07:19,engine,6,5,2,1331508,71
2026-10-05 12:07:19,deck,6,5,2,9748,37
2026-10-05 12:07:19,soak,6,6,0,61912,49
2026-10-05 12:07:19,BEYOND,20,3,17,897991,1376
2026-10-05 12:07:19,MadMapper,400,389,11,1075163,3185
2026-10-05 12:07:19,system,65,58,7,,,0.6,0.4,6,5974,0.0
2026-10-05 12:07:20,flamesafe,2,2,0,5748,21
2026-10-05 12:07:20,engine,9,8,2,1331695,71
2026-10-05 12:07:20,deck,5,5,0,9748,37
2026-10-05 12:07:20,soak,14,12,2,61916,49
2026-10-05 12:07:20,BEYOND,26,9,17,898089,1376
2026-10-05 12:07:20,MadMapper,454,438,15,1075168,3185
2026-10-05 12:07:20,system,73,64,9,,,1.1,0.0,4,5975,0.0
2026-10-05 12:07:21,flamesafe,2,2,0,5748,21
2026-10-05 12:07:21,engine,17,9,8,1331882,71
2026-10-05 12:07:21,deck,15,15,0,9748,37
2026-10-05 12:07:21,soak,6,5,2,61943,49
2026-10-05 12:07:21,BEYOND,29,2,27,898194,1376
2026-10-05 12:07:21,MadMapper,376,364,12,1075172,3185
2026-10-05 12:07:21,system,72,58,14,,,0.6,1.1,8,5978,0.0
2026-10-05 12:07:22,flamesafe,5,3,2,5748,21
2026-10-05 12:07:22,engine,17,12,5,1344434,71
2026-10-05 12:07:22,deck,11,5,6,9748,37
2026-10-05 12:07:22,soak,6,5,2,62001,49
2026-10-05 12:07:22,BEYOND,25,3,22,898295,1376
2026-10-05 12:07:22,MadMapper,474,451,25,1075176,3185
2026-10-05 12:07:22,system,80,68,13,,,0.6,0.8,4,5976,0.0
2026-10-05 12:07:23,flamesafe,8,6,2,5748,21
2026-10-05 12:07:23,engine,12,8,5,1344601,71
2026-10-05 12:07:23,deck,8,6,2,9748,37
2026-10-05 12:07:23,soak,5,5,0,62005,49
2026-10-05 12:07:23,BEYOND,20,5,15,898387,1376
2026-10-05 12:07:23,MadMapper,481,459,25,1075204,3185
2026-10-05 12:07:23,system,74,62,11,,,0.9,0.6,6,5965,0.0
2026-10-05 12:07:24,flamesafe,6,6,0,5748,21
2026-10-05 12:07:24,engine,14,9,5,1344772,71
2026-10-05 12:07:24,deck,6,5,2,9748,37
2026-10-05 12:07:24,soak,3,3,0,62009,49
2026-10-05 12:07:24,BEYOND,22,3,19,898494,1376
2026-10-05 12:07:24,MadMapper,398,366,28,1075208,3185
2026-10-05 12:07:24,system,64,55,10,,,0.0,1.1,7,5970,0.0
2026-10-05 12:07:25,flamesafe,0,0,0,5749,21
2026-10-05 12:07:25,engine,9,8,2,1344959,71
2026-10-05 12:07:25,deck,6,5,2,9748,37
2026-10-05 12:07:25,soak,4,3,2,62025,49
2026-10-05 12:07:25,BEYOND,18,2,17,898587,1376
2026-10-05 12:07:25,MadMapper,514,497,18,1075212,3185
2026-10-05 12:07:25,system,75,66,9,,,1.1,0.4,7,5966,0.0
2026-10-05 12:07:26,flamesafe,8,6,2,5749,21
2026-10-05 12:07:26,engine,9,8,2,1345106,71
2026-10-05 12:07:26,deck,8,8,0,9748,37
2026-10-05 12:07:26,soak,3,0,3,62029,49
2026-10-05 12:07:26,BEYOND,23,6,17,898670,1376
2026-10-05 12:07:26,MadMapper,449,426,23,1075216,3185
2026-10-05 12:07:26,system,78,65,12,,,0.8,0.4,6,5971,0.0
2026-10-05 12:07:27,flamesafe,5,5,0,5749,21
2026-10-05 12:07:27,engine,8,5,3,1357593,71
2026-10-05 12:07:27,deck,5,5,0,9748,37
2026-10-05 12:07:27,soak,3,3,0,62045,49
2026-10-05 12:07:27,BEYOND,25,6,19,898754,1376
2026-10-05 12:07:27,MadMapper,488,463,26,1075220,3185
2026-10-05 12:07:27,system,78,66,12,,,1.3,0.6,11,5971,0.0
2026-10-05 12:07:28,flamesafe,2,2,0,5749,21
2026-10-05 12:07:28,engine,20,15,5,1357757,71
2026-10-05 12:07:28,deck,9,9,0,9748,37
2026-10-05 12:07:28,soak,11,9,2,62049,49
2026-10-05 12:07:28,BEYOND,18,3,15,898855,1376
2026-10-05 12:07:28,MadMapper,406,385,22,1075248,3185
2026-10-05 12:07:28,system,72,60,13,,,0.6,0.6,7,5982,0.0
2026-10-05 12:07:29,flamesafe,3,3,0,5749,21
2026-10-05 12:07:29,engine,11,11,0,1358076,72
2026-10-05 12:07:29,deck,4,3,2,9748,37
2026-10-05 12:07:29,soak,4,3,2,62055,49
2026-10-05 12:07:29,BEYOND,20,9,11,898949,1376
2026-10-05 12:07:29,MadMapper,450,433,17,1075252,3185
2026-10-05 12:07:29,system,71,61,10,,,0.9,0.6,7,5975,0.0
2026-10-05 12:07:31,flamesafe,9,9,0,5749,21
2026-10-05 12:07:31,engine,20,11,9,1370612,72
2026-10-05 12:07:31,deck,5,5,0,9748,37
2026-10-05 12:07:31,soak,8,2,6,62071,49
2026-10-05 12:07:31,BEYOND,14,3,11,899040,1376
2026-10-05 12:07:31,MadMapper,431,404,28,1075256,3185
2026-10-05 12:07:31,system,73,61,12,,,0.6,0.6,4,5973,0.0
2026-10-05 12:07:32,flamesafe,0,0,0,5749,21
2026-10-05 12:07:32,engine,8,3,5,1383169,72
2026-10-05 12:07:32,deck,17,14,3,9748,37
2026-10-05 12:07:32,soak,8,3,5,62088,49
2026-10-05 12:07:32,BEYOND,12,3,9,899157,1376
2026-10-05 12:07:32,MadMapper,202,182,19,1075260,3185
2026-10-05 12:07:32,system,40,31,10,,,0.4,0.2,3,5976,0.0
2026-10-05 12:07:33,flamesafe,2,2,0,5749,21
2026-10-05 12:07:33,engine,5,5,0,1383385,72
2026-10-05 12:07:33,deck,5,3,2,9748,37
2026-10-05 12:07:33,soak,0,0,0,62092,49
2026-10-05 12:07:33,BEYOND,5,0,5,899289,1376
2026-10-05 12:07:33,MadMapper,6,5,2,1075264,3185
2026-10-05 12:07:33,system,5,4,2,,,0.2,0.6,3,5974,0.0
2026-10-05 12:07:34,flamesafe,0,0,0,5749,21
2026-10-05 12:07:34,engine,2,2,0,1383600,72
2026-10-05 12:07:34,deck,5,5,0,9748,37
2026-10-05 12:07:34,soak,0,0,0,62096,49
2026-10-05 12:07:34,BEYOND,11,3,8,899416,1376
2026-10-05 12:07:34,MadMapper,6,0,6,1075292,3185
2026-10-05 12:07:34,system,5,2,3,,,0.2,0.0,2,5976,0.0
2026-10-05 12:07:35,flamesafe,0,0,0,5749,21
2026-10-05 12:07:35,engine,5,5,0,1383816,72
2026-10-05 12:07:35,deck,3,3,0,9748,37
2026-10-05 12:07:35,soak,0,0,0,62100,49
2026-10-05 12:07:35,BEYOND,8,2,6,899544,1376
2026-10-05 12:07:35,MadMapper,8,0,8,1075344,3185
2026-10-05 12:07:35,system,6,3,3,,,0.0,0.2,2,5977,0.0
2026-10-05 12:07:36,flamesafe,0,0,0,5749,21
2026-10-05 12:07:36,engine,6,3,3,1396421,72
2026-10-05 12:07:36,deck,8,6,2,9748,37
2026-10-05 12:07:36,soak,0,0,0,62104,49
2026-10-05 12:07:36,BEYOND,14,6,8,899671,1376
2026-10-05 12:07:36,MadMapper,12,8,5,1075348,3185
2026-10-05 12:07:36,system,9,6,3,,,0.6,0.0,2,5975,0.0
2026-10-05 12:07:37,flamesafe,2,2,0,5749,21
2026-10-05 12:07:37,engine,11,2,9,1409010,72
2026-10-05 12:07:37,deck,11,9,2,9748,37
2026-10-05 12:07:37,soak,6,5,2,62132,49
2026-10-05 12:07:37,BEYOND,17,3,14,899805,1376
2026-10-05 12:07:37,MadMapper,230,211,17,1075480,3185
2026-10-05 12:07:37,system,47,36,11,,,1.3,0.2,7,5979,0.0
2026-10-05 12:07:38,flamesafe,3,2,2,5749,21
2026-10-05 12:07:38,engine,8,6,2,1409186,72
2026-10-05 12:07:38,deck,12,11,2,9748,37
2026-10-05 12:07:38,soak,5,5,0,62136,49
2026-10-05 12:07:38,BEYOND,29,3,26,899918,1376
2026-10-05 12:07:38,MadMapper,378,361,17,1075484,3185
2026-10-05 12:07:38,system,63,54,9,,,1.3,0.4,4,5976,0.0
2026-10-05 12:07:39,flamesafe,3,3,0,5749,21
2026-10-05 12:07:39,engine,21,13,7,1409360,72
2026-10-05 12:07:39,deck,4,4,0,9748,37
2026-10-05 12:07:39,soak,9,6,3,62140,49
2026-10-05 12:07:39,BEYOND,21,7,13,900020,1376
2026-10-05 12:07:39,MadMapper,464,449,19,1075512,3185
2026-10-05 12:07:39,system,75,66,9,,,0.7,0.4,6,5975,0.0
2026-10-05 12:07:40,flamesafe,2,2,0,5749,21
2026-10-05 12:07:40,engine,0,0,0,1409507,72
2026-10-05 12:07:40,deck,6,5,2,9748,37
2026-10-05 12:07:40,soak,8,6,2,62144,49
2026-10-05 12:07:40,BEYOND,22,5,17,900121,1376
2026-10-05 12:07:40,MadMapper,480,461,20,1075517,3185
2026-10-05 12:07:40,system,74,65,9,,,1.1,0.4,4,5977,0.0
2026-10-05 12:07:41,flamesafe,0,0,0,5750,21
2026-10-05 12:07:41,engine,3,3,0,1409666,72
2026-10-05 12:07:41,deck,16,14,2,9748,37
2026-10-05 12:07:41,soak,6,5,2,62148,49
2026-10-05 12:07:41,BEYOND,8,0,8,900210,1376
2026-10-05 12:07:41,MadMapper,433,408,20,1075521,3185
2026-10-05 12:07:41,system,67,58,9,,,1.9,0.6,11,5979,0.0
2026-10-05 12:07:42,flamesafe,3,3,0,5750,21
2026-10-05 12:07:42,engine,14,10,4,1409820,72
2026-10-05 12:07:42,deck,7,7,0,9748,37
2026-10-05 12:07:42,soak,7,4,3,62176,49
2026-10-05 12:07:42,BEYOND,16,1,14,900295,1376
2026-10-05 12:07:42,MadMapper,456,437,20,1075526,3185
2026-10-05 12:07:42,system,76,63,13,,,1.2,0.7,8,5984,0.0
2026-10-05 12:07:43,flamesafe,3,3,0,5750,21
2026-10-05 12:07:43,engine,15,12,3,1422357,72
2026-10-05 12:07:43,deck,12,11,2,9748,37
2026-10-05 12:07:43,soak,17,9,8,62180,49
2026-10-05 12:07:43,BEYOND,25,5,20,900400,1376
2026-10-05 12:07:43,MadMapper,443,424,20,1075532,3185
2026-10-05 12:07:43,system,74,63,12,,,1.0,0.6,6,5978,0.0
2026-10-05 12:07:44,flamesafe,3,2,2,5750,21
2026-10-05 12:07:44,engine,8,2,6,1422511,72
2026-10-05 12:07:44,deck,11,11,0,9748,37
2026-10-05 12:07:44,soak,9,3,6,62184,49
2026-10-05 12:07:44,BEYOND,21,3,18,900496,1376
2026-10-05 12:07:44,MadMapper,559,551,12,1075560,3185
2026-10-05 12:07:44,system,84,75,9,,,0.8,0.4,6,5979,0.0
2026-10-05 12:07:45,flamesafe,3,2,2,5750,21
2026-10-05 12:07:45,engine,12,11,2,1422806,73
2026-10-05 12:07:45,deck,9,9,0,9748,37
2026-10-05 12:07:45,soak,5,3,2,62188,49
2026-10-05 12:07:45,BEYOND,30,8,22,900581,1376
2026-10-05 12:07:45,MadMapper,614,581,25,1075564,3185
2026-10-05 12:07:45,system,93,81,12,,,1.7,0.2,7,5980,0.0
2026-10-05 12:07:46,flamesafe,3,3,0,5750,21
2026-10-05 12:07:46,engine,15,9,6,1422973,73
2026-10-05 12:07:46,deck,10,10,0,9748,37
2026-10-05 12:07:46,soak,6,4,1,62204,49
2026-10-05 12:07:46,BEYOND,27,6,21,900674,1376
2026-10-05 12:07:46,MadMapper,580,577,6,1075568,3185
2026-10-05 12:07:46,system,91,82,9,,,0.6,0.7,3,5981,0.0
2026-10-05 12:07:47,flamesafe,3,3,0,5750,21
2026-10-05 12:07:47,engine,6,6,0,1423135,73
2026-10-05 12:07:47,deck,14,9,5,9748,37
2026-10-05 12:07:47,soak,12,5,8,62220,49
2026-10-05 12:07:47,BEYOND,39,2,38,900793,1376
2026-10-05 12:07:47,MadMapper,451,437,17,1075572,3185
2026-10-05 12:07:47,system,79,64,14,,,0.6,0.2,3,5979,0.0
2026-10-05 12:07:48,flamesafe,2,2,0,5750,21
2026-10-05 12:07:48,engine,12,9,3,1435698,73
2026-10-05 12:07:48,deck,16,15,2,9748,37
2026-10-05 12:07:48,soak,10,8,3,62225,49
2026-10-05 12:07:48,BEYOND,37,11,26,900895,1376
2026-10-05 12:07:48,MadMapper,437,420,17,1075576,3185
2026-10-05 12:07:48,system,76,63,12,,,1.5,0.4,7,5978,0.0
2026-10-05 12:07:49,flamesafe,3,3,0,5750,21
2026-10-05 12:07:49,engine,17,17,0,1435888,73
2026-10-05 12:07:49,deck,8,6,2,9748,37
2026-10-05 12:07:49,soak,2,0,2,62229,49
2026-10-05 12:07:49,BEYOND,31,9,22,901012,1376
2026-10-05 12:07:49,MadMapper,503,475,23,1075604,3185
2026-10-05 12:07:49,system,77,67,9,,,0.6,0.2,3,5975,0.0
2026-10-05 12:07:50,flamesafe,8,5,3,5750,21
2026-10-05 12:07:50,engine,13,12,2,1436072,73
2026-10-05 12:07:50,deck,8,6,2,9748,37
2026-10-05 12:07:50,soak,4,5,0,62233,49
2026-10-05 12:07:50,BEYOND,27,3,24,901125,1376
2026-10-05 12:07:50,MadMapper,400,384,18,1075608,3185
2026-10-05 12:07:50,system,68,58,11,,,0.2,0.9,4,5977,0.0
2026-10-05 12:07:51,flamesafe,4,3,2,5750,21
2026-10-05 12:07:51,engine,12,11,2,1436253,73
2026-10-05 12:07:51,deck,11,8,3,9748,37
2026-10-05 12:07:51,soak,9,8,2,62249,49
2026-10-05 12:07:51,BEYOND,26,8,18,901235,1376
2026-10-05 12:07:51,MadMapper,478,459,18,1075612,3185
2026-10-05 12:07:51,system,78,67,11,,,1.3,0.4,7,5977,0.0
2026-10-05 12:07:52,flamesafe,2,1,0,5750,21
2026-10-05 12:07:52,engine,6,6,0,1436410,73
2026-10-05 12:07:52,deck,6,4,1,9748,37
2026-10-05 12:07:52,soak,7,7,0,62266,49
2026-10-05 12:07:52,BEYOND,31,6,25,901324,1376
2026-10-05 12:07:52,MadMapper,605,592,16,1075616,3185
2026-10-05 12:07:52,system,90,79,12,,,1.4,1.3,8,5977,0.0
2026-10-05 12:07:53,flamesafe,3,3,0,5751,21
2026-10-05 12:07:53,engine,13,7,6,1448964,73
2026-10-05 12:07:53,deck,12,12,0,9748,37
2026-10-05 12:07:53,soak,7,1,6,62272,49
2026-10-05 12:07:53,BEYOND,22,6,16,901425,1376
2026-10-05 12:07:53,MadMapper,549,535,15,1075620,3185
2026-10-05 12:07:53,system,85,75,10,,,1.3,0.7,5,5975,0.0
2026-10-05 12:07:54,flamesafe,7,6,1,5751,21
2026-10-05 12:07:54,engine,17,14,3,1449252,73
2026-10-05 12:07:54,deck,9,7,1,9748,37
2026-10-05 12:07:54,soak,6,6,0,62276,49
2026-10-05 12:07:54,BEYOND,17,1,16,901531,1376
2026-10-05 12:07:54,MadMapper,537,523,11,1075717,3185
2026-10-05 12:07:54,system,81,73,8,,,0.9,0.5,8,5979,0.0
2026-10-05 12:07:55,flamesafe,3,3,0,5751,21
2026-10-05 12:07:55,engine,11,9,2,1449439,74
2026-10-05 12:07:55,deck,12,11,2,9748,37
2026-10-05 12:07:55,soak,3,3,0,62280,49
2026-10-05 12:07:55,BEYOND,37,3,34,901640,1376
2026-10-05 12:07:55,MadMapper,549,524,25,1075721,3185
2026-10-05 12:07:55,system,84,73,11,,,0.6,0.0,3,5978,0.0
2026-10-05 12:07:56,flamesafe,6,3,3,5751,21
2026-10-05 12:07:56,engine,6,3,3,1449606,74
2026-10-05 12:07:56,deck,5,5,0,9748,37
2026-10-05 12:07:56,soak,8,6,2,62296,49
2026-10-05 12:07:56,BEYOND,37,8,29,901743,1376
2026-10-05 12:07:56,MadMapper,553,540,12,1075726,3185
2026-10-05 12:07:56,system,87,77,10,,,0.2,0.6,6,5977,0.0
2026-10-05 12:07:57,flamesafe,3,2,2,5751,21
2026-10-05 12:07:57,engine,6,5,2,1449768,74
2026-10-05 12:07:57,deck,11,9,2,9748,37
2026-10-05 12:07:57,soak,3,2,2,62300,49
2026-10-05 12:07:57,BEYOND,26,5,21,901865,1376
2026-10-05 12:07:57,MadMapper,557,529,26,1075730,3185
2026-10-05 12:07:57,system,88,76,13,,,1.9,0.4,7,5978,0.0
2026-10-05 12:07:58,flamesafe,6,6,0,5751,21
2026-10-05 12:07:58,engine,23,13,10,1462325,74
2026-10-05 12:07:58,deck,14,12,3,9748,37
2026-10-05 12:07:58,soak,6,1,4,62316,49
2026-10-05 12:07:58,BEYOND,28,1,26,901975,1376
2026-10-05 12:07:58,MadMapper,513,512,6,1075734,3185
2026-10-05 12:07:58,system,85,74,11,,,1.2,1.6,6,5975,0.0
2026-10-05 12:07:59,flamesafe,4,4,0,5751,21
2026-10-05 12:07:59,engine,8,4,3,1462497,74
2026-10-05 12:07:59,deck,8,6,1,9748,37
2026-10-05 12:07:59,soak,6,3,3,62320,49
2026-10-05 12:07:59,BEYOND,27,3,24,902076,1376
2026-10-05 12:07:59,MadMapper,568,547,15,1075763,3185
2026-10-05 12:07:59,system,84,75,9,,,1.1,0.4,7,5982,0.0
2026-10-05 12:08:00,flamesafe,6,6,0,5752,21
2026-10-05 12:08:00,engine,15,11,5,1462695,74
2026-10-05 12:08:00,deck,14,12,2,9748,37
2026-10-05 12:08:00,soak,8,6,2,62324,49
2026-10-05 12:08:00,BEYOND,32,3,29,902193,1376
2026-10-05 12:08:00,MadMapper,520,512,9,1075767,3185
2026-10-05 12:08:00,system,82,73,9,,,1.3,0.0,7,5980,0.0
2026-10-05 12:08:01,flamesafe,5,5,0,5752,21
2026-10-05 12:08:01,engine,17,14,3,1462847,74
2026-10-05 12:08:01,deck,14,11,3,9748,37
2026-10-05 12:08:01,soak,6,2,5,62340,49
2026-10-05 12:08:01,BEYOND,31,8,23,902288,1376
2026-10-05 12:08:01,MadMapper,525,502,23,1075771,3185
2026-10-05 12:08:01,system,89,74,15,,,1.5,0.4,6,5979,0.0
2026-10-05 12:08:02,flamesafe,3,1,1,5752,21
2026-10-05 12:08:02,engine,12,7,4,1462981,74
2026-10-05 12:08:02,deck,15,13,1,9748,37
2026-10-05 12:08:02,soak,15,6,9,62454,49
2026-10-05 12:08:02,BEYOND,32,12,21,902377,1376
2026-10-05 12:08:02,MadMapper,563,554,10,1075777,3185
2026-10-05 12:08:02,system,95,82,13,,,0.5,0.7,7,5975,0.0
2026-10-05 12:08:04,flamesafe,2,1,0,5752,21
2026-10-05 12:08:04,engine,10,7,3,1463146,74
2026-10-05 12:08:04,deck,9,9,0,9748,37
2026-10-05 12:08:04,soak,7,4,3,62541,49
2026-10-05 12:08:04,BEYOND,22,7,15,902448,1376
2026-10-05 12:08:04,MadMapper,593,573,21,1075806,3185
2026-10-05 12:08:04,system,96,82,14,,,0.7,0.7,4,5963,0.0
2026-10-05 12:08:05,flamesafe,2,2,0,5752,21
2026-10-05 12:08:05,engine,23,12,11,1475728,74
2026-10-05 12:08:05,deck,11,8,3,9748,37
2026-10-05 12:08:05,soak,6,5,2,62646,48
2026-10-05 12:08:05,BEYOND,35,2,34,902560,1376
2026-10-05 12:08:05,MadMapper,544,525,20,1075846,3185
2026-10-05 12:08:05,system,92,77,15,,,0.4,0.6,3,5955,0.0
2026-10-05 12:08:06,flamesafe,2,1,0,5754,21
2026-10-05 12:08:06,engine,13,7,6,1475896,74
2026-10-05 12:08:06,deck,8,7,0,9748,37
2026-10-05 12:08:06,soak,3,0,3,62653,48
2026-10-05 12:08:06,BEYOND,30,7,22,902651,1376
2026-10-05 12:08:06,MadMapper,592,574,16,1075862,3185
2026-10-05 12:08:06,system,93,83,10,,,0.4,0.2,3,5866,0.0
2026-10-05 12:08:07,flamesafe,8,5,3,5756,21
2026-10-05 12:08:07,engine,14,11,3,1476062,74
2026-10-05 12:08:07,deck,23,22,2,9748,37
2026-10-05 12:08:07,soak,5,5,0,62682,48
2026-10-05 12:08:07,BEYOND,22,5,17,902760,1376
2026-10-05 12:08:07,MadMapper,551,535,15,1075866,3185
2026-10-05 12:08:07,system,93,78,14,,,0.8,0.6,6,5846,0.0
2026-10-05 12:08:08,flamesafe,6,6,0,5756,21
2026-10-05 12:08:08,engine,16,10,6,1476221,74
2026-10-05 12:08:08,deck,13,10,3,9748,37
2026-10-05 12:08:08,soak,13,7,6,62692,48
2026-10-05 12:08:08,BEYOND,21,6,15,902874,1376
2026-10-05 12:08:08,MadMapper,544,528,15,1075871,3185
2026-10-05 12:08:08,system,94,79,15,,,1.4,0.2,6,5841,0.1
2026-10-05 12:08:09,flamesafe,3,3,0,5756,21
2026-10-05 12:08:09,engine,13,10,3,1476380,74
2026-10-05 12:08:09,deck,19,13,6,9748,37
2026-10-05 12:08:09,soak,6,4,1,62727,49
2026-10-05 12:08:09,BEYOND,34,1,32,902961,1376
2026-10-05 12:08:09,MadMapper,550,546,6,1075899,3185
2026-10-05 12:08:09,system,94,80,14,,,0.7,0.7,8,5837,0.1
2026-10-05 12:08:10,flamesafe,4,3,1,5756,21
2026-10-05 12:08:10,engine,28,19,9,1488932,74
2026-10-05 12:08:10,deck,10,9,1,9748,37
2026-10-05 12:08:10,soak,3,1,1,62746,49
2026-10-05 12:08:10,BEYOND,40,6,34,903069,1376
2026-10-05 12:08:10,MadMapper,574,550,20,1075904,3185
2026-10-05 12:08:10,system,92,77,15,,,0.5,0.7,6,5837,1.8
2026-10-05 12:08:11,flamesafe,2,2,0,5756,21
2026-10-05 12:08:11,engine,12,9,3,1489114,74
2026-10-05 12:08:11,deck,8,6,2,9748,37
2026-10-05 12:08:11,soak,8,6,2,62762,49
2026-10-05 12:08:11,BEYOND,38,6,32,903160,1376
2026-10-05 12:08:11,MadMapper,544,545,6,1075909,3185
2026-10-05 12:08:11,system,91,80,11,,,0.8,0.4,3,5836,0.0
2026-10-05 12:08:12,flamesafe,0,0,0,5756,21
2026-10-05 12:08:12,engine,12,9,3,1489275,74
2026-10-05 12:08:12,deck,10,10,0,9748,37
2026-10-05 12:08:12,soak,9,7,1,62846,49
2026-10-05 12:08:12,BEYOND,19,1,18,903253,1376
2026-10-05 12:08:12,MadMapper,585,556,24,1075913,3185
2026-10-05 12:08:12,system,94,81,13,,,0.9,0.4,4,5824,0.0
2026-10-05 12:08:13,flamesafe,2,1,0,5756,21
2026-10-05 12:08:13,engine,6,4,1,1489431,74
2026-10-05 12:08:13,deck,15,13,1,9748,37
2026-10-05 12:08:13,soak,12,7,4,62850,49
2026-10-05 12:08:13,BEYOND,34,10,24,903358,1376
2026-10-05 12:08:13,MadMapper,585,574,15,1075917,3185
2026-10-05 12:08:13,system,95,83,12,,,0.2,0.4,3,5823,3.9
2026-10-05 12:08:14,flamesafe,0,0,0,5756,21
2026-10-05 12:08:14,engine,9,8,2,1489719,75
2026-10-05 12:08:14,deck,6,6,0,9748,37
2026-10-05 12:08:14,soak,6,6,0,62873,49
2026-10-05 12:08:14,BEYOND,28,12,15,903448,1376
2026-10-05 12:08:14,MadMapper,593,565,23,1075950,3185
2026-10-05 12:08:14,system,96,83,13,,,0.8,0.2,3,5822,4.1
2026-10-05 12:08:15,flamesafe,5,5,0,5756,21
2026-10-05 12:08:15,engine,14,9,5,1502231,75
2026-10-05 12:08:15,deck,9,8,2,9748,37
2026-10-05 12:08:15,soak,6,3,3,62877,49
2026-10-05 12:08:15,BEYOND,18,3,15,903548,1376
2026-10-05 12:08:15,MadMapper,532,518,14,1075954,3185
2026-10-05 12:08:15,system,91,75,16,,,0.9,0.8,8,5817,5.2
2026-10-05 12:08:16,flamesafe,3,3,0,5756,21
2026-10-05 12:08:16,engine,4,3,1,1502407,75
2026-10-05 12:08:16,deck,10,8,1,9748,37
2026-10-05 12:08:16,soak,8,3,6,62893,49
2026-10-05 12:08:16,BEYOND,34,6,28,903644,1376
2026-10-05 12:08:16,MadMapper,575,566,11,1075960,3185
2026-10-05 12:08:16,system,96,80,15,,,0.2,0.0,1,5804,7.3
2026-10-05 12:08:17,flamesafe,4,4,0,5756,21
2026-10-05 12:08:17,engine,17,14,3,1502578,75
2026-10-05 12:08:17,deck,8,7,1,9748,37
2026-10-05 12:08:17,soak,8,6,3,62897,49
2026-10-05 12:08:17,BEYOND,26,7,19,903764,1376
2026-10-05 12:08:17,MadMapper,576,560,14,1075964,3185
2026-10-05 12:08:17,system,90,80,11,,,1.5,0.3,10,5811,9.3
2026-10-05 12:08:18,flamesafe,4,5,0,5756,21
2026-10-05 12:08:18,engine,17,12,5,1502723,75
2026-10-05 12:08:18,deck,15,15,0,9748,37
2026-10-05 12:08:18,soak,4,5,0,62931,49
2026-10-05 12:08:18,BEYOND,14,2,12,903831,1376
2026-10-05 12:08:18,MadMapper,560,543,23,1075969,3185
2026-10-05 12:08:18,system,96,83,14,,,0.9,0.0,3,5800,11.9
2026-10-05 12:08:19,flamesafe,6,6,0,5756,21
2026-10-05 12:08:19,engine,19,10,9,1515254,75
2026-10-05 12:08:19,deck,13,10,3,9748,37
2026-10-05 12:08:19,soak,3,1,1,62935,49
2026-10-05 12:08:19,BEYOND,31,7,24,903918,1376
2026-10-05 12:08:19,MadMapper,542,542,1,1075997,3185
2026-10-05 12:08:19,system,96,84,12,,,1.3,0.2,7,5791,15.6
2026-10-05 12:08:20,flamesafe,4,3,1,5756,21
2026-10-05 12:08:20,engine,21,19,1,1515437,75
2026-10-05 12:08:20,deck,16,15,1,9748,37
2026-10-05 12:08:20,soak,9,6,3,62939,49
2026-10-05 12:08:20,BEYOND,22,7,15,904007,1376
2026-10-05 12:08:20,MadMapper,580,545,30,1076001,3185
2026-10-05 12:08:20,system,96,82,14,,,1.6,0.4,11,5800,14.3
2026-10-05 12:08:21,flamesafe,3,2,2,5756,21
2026-10-05 12:08:21,engine,11,8,3,1515584,75
2026-10-05 12:08:21,deck,8,6,2,9748,37
2026-10-05 12:08:21,soak,5,5,0,62955,49
2026-10-05 12:08:21,BEYOND,23,3,20,904090,1376
2026-10-05 12:08:21,MadMapper,560,563,5,1076006,3185
2026-10-05 12:08:21,system,93,81,13,,,1.3,0.6,6,5798,11.6
2026-10-05 12:08:22,flamesafe,6,4,1,5756,21
2026-10-05 12:08:22,engine,12,7,4,1515735,75
2026-10-05 12:08:22,deck,7,4,3,9748,37
2026-10-05 12:08:22,soak,7,4,3,62965,49
2026-10-05 12:08:22,BEYOND,29,3,27,904185,1376
2026-10-05 12:08:22,MadMapper,548,528,18,1076010,3185
2026-10-05 12:08:22,system,94,80,14,,,1.1,0.5,6,5788,15.2
2026-10-05 12:08:23,flamesafe,4,3,1,5757,21
2026-10-05 12:08:23,engine,6,4,1,1515869,75
2026-10-05 12:08:23,deck,10,7,3,9748,37
2026-10-05 12:08:23,soak,4,3,1,63024,49
2026-10-05 12:08:23,BEYOND,25,4,21,904272,1376
2026-10-05 12:08:23,MadMapper,590,569,16,1076038,3185
2026-10-05 12:08:23,system,96,82,14,,,0.5,0.7,6,5880,16.5
2026-10-05 12:08:24,flamesafe,0,0,0,5757,21
2026-10-05 12:08:24,engine,26,17,9,1528456,75
2026-10-05 12:08:24,deck,14,14,0,9748,37
2026-10-05 12:08:24,soak,3,2,2,63095,49
2026-10-05 12:08:24,BEYOND,26,2,24,904360,1376
2026-10-05 12:08:24,MadMapper,544,530,20,1076047,3185
2026-10-05 12:08:24,system,97,80,18,,,1.3,0.4,6,5872,4.7
2026-10-05 12:08:26,flamesafe,2,1,0,5757,21
2026-10-05 12:08:26,engine,18,13,4,1528651,75
2026-10-05 12:08:26,deck,6,4,1,9748,37
2026-10-05 12:08:26,soak,9,6,3,63100,49
2026-10-05 12:08:26,BEYOND,34,7,27,904459,1376
2026-10-05 12:08:26,MadMapper,536,518,12,1076052,3185
2026-10-05 12:08:26,system,92,76,17,,,1.8,0.7,7,5862,7.8
2026-10-05 12:08:27,flamesafe,4,4,0,5757,21
2026-10-05 12:08:27,engine,10,9,1,1528798,75
2026-10-05 12:08:27,deck,10,9,1,9748,37
2026-10-05 12:08:27,soak,10,9,1,63115,49
2026-10-05 12:08:27,BEYOND,24,3,21,904556,1376
2026-10-05 12:08:27,MadMapper,603,582,25,1076056,3185
2026-10-05 12:08:27,system,95,82,13,,,0.7,0.5,6,5850,2.5
2026-10-05 12:08:28,flamesafe,8,6,2,5757,21
2026-10-05 12:08:28,engine,6,6,0,1528962,75
2026-10-05 12:08:28,deck,14,14,0,9748,37
2026-10-05 12:08:28,soak,6,5,2,63119,49
2026-10-05 12:08:28,BEYOND,26,3,23,904643,1376
2026-10-05 12:08:28,MadMapper,583,568,12,1076060,3185
2026-10-05 12:08:28,system,94,82,12,,,0.6,0.8,6,5849,12.1
2026-10-05 12:08:29,flamesafe,4,3,1,5758,21
2026-10-05 12:08:29,engine,7,7,0,1529134,75
2026-10-05 12:08:29,deck,13,13,0,9748,37
2026-10-05 12:08:29,soak,4,3,1,63136,49
2026-10-05 12:08:29,BEYOND,29,7,22,904751,1376
2026-10-05 12:08:29,MadMapper,614,603,13,1076088,3185
2026-10-05 12:08:29,system,97,85,12,,,0.4,0.4,6,5850,0.0
2026-10-05 12:08:30,flamesafe,1,1,0,5758,21
2026-10-05 12:08:30,engine,16,10,6,1541670,75
2026-10-05 12:08:30,deck,14,12,3,9748,37
2026-10-05 12:08:30,soak,9,6,3,63140,49
2026-10-05 12:08:30,BEYOND,16,4,12,904840,1376
2026-10-05 12:08:30,MadMapper,578,562,16,1076095,3185
2026-10-05 12:08:30,system,93,80,13,,,1.6,0.4,9,5858,0.0
2026-10-05 12:08:31,flamesafe,6,6,0,5758,21
2026-10-05 12:08:31,engine,13,9,4,1541853,75
2026-10-05 12:08:31,deck,10,9,1,9748,37
2026-10-05 12:08:31,soak,8,7,0,63161,49
2026-10-05 12:08:31,BEYOND,19,3,16,904950,1376
2026-10-05 12:08:31,MadMapper,584,567,13,1076099,3185
2026-10-05 12:08:31,system,91,80,11,,,0.0,0.9,6,5856,0.0
2026-10-05 12:08:32,flamesafe,8,6,2,5758,21
2026-10-05 12:08:32,engine,12,9,3,1542007,75
2026-10-05 12:08:32,deck,12,11,2,9748,37
2026-10-05 12:08:32,soak,9,6,3,63177,49
2026-10-05 12:08:32,BEYOND,25,6,18,905025,1376
2026-10-05 12:08:32,MadMapper,574,555,17,1076103,3185
2026-10-05 12:08:32,system,97,84,14,,,0.6,0.2,6,5880,0.1
2026-10-05 12:08:33,flamesafe,4,3,1,5758,21
2026-10-05 12:08:33,engine,7,6,1,1542145,75
2026-10-05 12:08:33,deck,7,7,0,9748,37
2026-10-05 12:08:33,soak,4,3,1,63182,49
2026-10-05 12:08:33,BEYOND,31,9,22,905130,1376
2026-10-05 12:08:33,MadMapper,600,582,21,1076108,3185
2026-10-05 12:08:33,system,96,81,15,,,0.7,0.4,4,5890,0.0
2026-10-05 12:08:34,flamesafe,3,3,0,5758,21
2026-10-05 12:08:34,engine,12,9,3,1542318,75
2026-10-05 12:08:34,deck,15,11,5,9748,37
2026-10-05 12:08:34,soak,11,8,3,63198,49
2026-10-05 12:08:34,BEYOND,34,9,24,905207,1376
2026-10-05 12:08:34,MadMapper,598,574,21,1076160,3185
2026-10-05 12:08:34,system,98,84,15,,,0.8,0.2,4,5881,0.0
2026-10-05 12:08:35,flamesafe,1,1,0,5758,21
2026-10-05 12:08:35,engine,13,9,4,1555042,76
2026-10-05 12:08:35,deck,17,10,7,9748,37
2026-10-05 12:08:35,soak,14,10,4,63203,49
2026-10-05 12:08:35,BEYOND,23,4,19,905292,1376
2026-10-05 12:08:35,MadMapper,590,583,13,1076188,3185
2026-10-05 12:08:35,system,96,81,15,,,0.7,0.9,6,5887,0.0
2026-10-05 12:08:36,flamesafe,3,3,0,5758,21
2026-10-05 12:08:36,engine,15,12,3,1555188,76
2026-10-05 12:08:36,deck,8,7,0,9748,37
2026-10-05 12:08:36,soak,6,3,3,63321,49
2026-10-05 12:08:36,BEYOND,24,4,19,905355,1376
2026-10-05 12:08:36,MadMapper,633,616,13,1076192,3185
2026-10-05 12:08:36,system,97,85,12,,,1.1,0.7,8,5894,0.0
2026-10-05 12:08:37,flamesafe,8,8,0,5758,21
2026-10-05 12:08:37,engine,12,9,3,1555366,76
2026-10-05 12:08:37,deck,16,16,0,9748,37
2026-10-05 12:08:37,soak,9,4,5,63328,49
2026-10-05 12:08:37,BEYOND,18,5,13,905458,1376
2026-10-05 12:08:37,MadMapper,604,591,16,1076197,3185
2026-10-05 12:08:37,system,97,83,13,,,1.5,0.2,7,5883,0.1
2026-10-05 12:08:38,flamesafe,4,5,0,5758,21
2026-10-05 12:08:38,engine,2,2,0,1555524,76
2026-10-05 12:08:38,deck,8,6,2,9748,37
2026-10-05 12:08:38,soak,0,0,0,63341,49
2026-10-05 12:08:38,BEYOND,23,2,21,905542,1376
2026-10-05 12:08:38,MadMapper,609,587,18,1076201,3185
2026-10-05 12:08:38,system,97,82,15,,,1.3,0.2,7,5886,0.0
2026-10-05 12:08:39,flamesafe,0,0,0,5758,21
2026-10-05 12:08:39,engine,17,11,6,1555655,76
2026-10-05 12:08:39,deck,14,9,5,9748,37
2026-10-05 12:08:39,soak,6,5,2,63371,49
2026-10-05 12:08:39,BEYOND,12,3,9,905609,1376
2026-10-05 12:08:39,MadMapper,643,620,21,1076229,3185
2026-10-05 12:08:39,system,96,84,11,,,0.9,0.7,7,5883,0.0
2026-10-05 12:08:40,flamesafe,2,2,0,5758,21
2026-10-05 12:08:40,engine,24,18,6,1568228,76
2026-10-05 12:08:40,deck,11,8,3,9748,37
2026-10-05 12:08:40,soak,11,6,5,63377,49
2026-10-05 12:08:40,BEYOND,23,5,18,905703,1376
2026-10-05 12:08:40,MadMapper,591,578,17,1076593,3160
2026-10-05 12:08:40,system,95,81,14,,,0.8,0.4,3,5913,0.0
2026-10-05 12:08:41,flamesafe,12,10,1,5758,21
2026-10-05 12:08:41,engine,12,7,4,1568443,76
2026-10-05 12:08:41,deck,12,10,1,9748,37
2026-10-05 12:08:41,soak,6,6,0,63400,49
2026-10-05 12:08:41,BEYOND,24,4,19,905780,1376
2026-10-05 12:08:41,MadMapper,613,595,15,1076656,3159
2026-10-05 12:08:41,system,95,83,12,,,0.7,0.7,7,5910,0.0
2026-10-05 12:08:42,flamesafe,0,0,0,5758,21
2026-10-05 12:08:42,engine,9,6,3,1568595,76
2026-10-05 12:08:42,deck,8,6,2,9748,37
2026-10-05 12:08:42,soak,11,5,6,63404,49
2026-10-05 12:08:42,BEYOND,31,8,23,905881,1376
2026-10-05 12:08:42,MadMapper,583,564,18,1079560,3091
2026-10-05 12:08:42,system,91,78,13,,,0.9,0.9,6,5991,0.0
2026-10-05 12:08:43,flamesafe,4,4,0,5758,21
2026-10-05 12:08:43,engine,9,7,1,1568775,76
2026-10-05 12:08:43,deck,15,13,1,9748,37
2026-10-05 12:08:43,soak,7,6,1,63429,49
2026-10-05 12:08:43,BEYOND,18,4,13,905968,1376
2026-10-05 12:08:43,MadMapper,627,621,13,1081843,3032
2026-10-05 12:08:43,system,95,85,10,,,1.1,0.5,8,6054,0.0
2026-10-05 12:08:44,flamesafe,3,3,0,5758,21
2026-10-05 12:08:44,engine,13,10,3,1581425,77
2026-10-05 12:08:44,deck,15,13,1,9762,36
2026-10-05 12:08:44,soak,9,6,3,63434,49
2026-10-05 12:08:44,BEYOND,25,1,24,906825,1353
2026-10-05 12:08:44,MadMapper,610,589,15,1082747,3035
2026-10-05 12:08:44,system,94,83,10,,,0.4,0.7,4,6103,0.0
2026-10-05 12:08:45,flamesafe,8,6,2,5758,21
2026-10-05 12:08:45,engine,11,9,2,1581592,77
2026-10-05 12:08:45,deck,8,6,2,9800,36
2026-10-05 12:08:45,soak,6,5,2,63438,49
2026-10-05 12:08:45,BEYOND,22,5,17,908000,1340
2026-10-05 12:08:45,MadMapper,598,592,8,1082837,3035
2026-10-05 12:08:45,system,92,83,9,,,0.8,0.2,6,6207,0.0
2026-10-05 12:08:47,flamesafe,10,9,1,5758,21
2026-10-05 12:08:47,engine,10,9,1,1581732,77
2026-10-05 12:08:47,deck,10,9,1,9831,36
2026-10-05 12:08:47,soak,6,3,3,63465,49
2026-10-05 12:08:47,BEYOND,22,6,16,909391,1340
2026-10-05 12:08:47,MadMapper,600,577,22,1083115,3035
2026-10-05 12:08:47,system,94,81,13,,,1.3,0.5,8,6211,0.0
2026-10-05 12:08:48,flamesafe,2,2,0,5759,21
2026-10-05 12:08:48,engine,21,20,2,1581910,77
2026-10-05 12:08:48,deck,14,12,2,9831,36
2026-10-05 12:08:48,soak,6,5,2,63473,49
2026-10-05 12:08:48,BEYOND,21,6,15,909585,1341
2026-10-05 12:08:48,MadMapper,584,562,28,1093491,3035
2026-10-05 12:08:48,system,94,80,14,,,1.8,1.1,9,6249,0.0
2026-10-05 12:08:49,flamesafe,4,4,0,5759,21
2026-10-05 12:08:49,engine,7,6,1,1582065,77
2026-10-05 12:08:49,deck,18,15,3,9831,36
2026-10-05 12:08:49,soak,4,4,0,63490,49
2026-10-05 12:08:49,BEYOND,25,6,19,909787,1341
2026-10-05 12:08:49,MadMapper,616,601,16,1093690,3035
2026-10-05 12:08:49,system,95,82,13,,,1.1,0.2,4,6316,0.0
2026-10-05 12:08:50,flamesafe,3,3,0,5980,21
2026-10-05 12:08:50,engine,15,13,1,1594853,76
2026-10-05 12:08:50,deck,13,7,6,9959,36
2026-10-05 12:08:50,soak,10,7,3,63682,49
2026-10-05 12:08:50,BEYOND,19,4,15,911869,1342
2026-10-05 12:08:50,MadMapper,619,607,10,1093704,3035
2026-10-05 12:08:50,system,96,84,12,,,0.5,0.4,3,6403,0.0
2026-10-05 12:08:51,flamesafe,6,6,0,5980,21
2026-10-05 12:08:51,engine,9,7,1,1595080,77
2026-10-05 12:08:51,deck,12,12,0,9959,36
2026-10-05 12:08:51,soak,4,1,3,63708,49
2026-10-05 12:08:51,BEYOND,18,6,12,912074,1342
2026-10-05 12:08:51,MadMapper,592,575,13,1094471,3035
2026-10-05 12:08:51,system,91,82,8,,,0.6,0.4,3,6408,0.0
2026-10-05 12:08:52,flamesafe,8,6,2,5980,21
2026-10-05 12:08:52,engine,21,15,6,1595256,77
2026-10-05 12:08:52,deck,12,11,2,9959,36
2026-10-05 12:08:52,soak,8,5,3,63712,49
2026-10-05 12:08:52,BEYOND,32,8,25,912316,1343
2026-10-05 12:08:52,MadMapper,517,510,12,1094508,3035
2026-10-05 12:08:52,system,89,74,15,,,0.9,0.9,7,6408,0.0
2026-10-05 12:08:53,flamesafe,2,2,0,5980,21
2026-10-05 12:08:53,engine,8,3,5,1595420,77
2026-10-05 12:08:53,deck,12,8,5,9959,36
2026-10-05 12:08:53,soak,5,3,2,63728,49
2026-10-05 12:08:53,BEYOND,38,2,35,912513,1343
2026-10-05 12:08:53,MadMapper,580,544,28,1097260,3036
2026-10-05 12:08:53,system,92,76,16,,,1.0,0.8,7,6423,0.0
2026-10-05 12:08:54,flamesafe,4,4,0,5990,21
2026-10-05 12:08:54,engine,19,10,9,1608005,77
2026-10-05 12:08:54,deck,12,7,4,9966,36
2026-10-05 12:08:54,soak,6,6,0,63741,49
2026-10-05 12:08:54,BEYOND,24,4,19,912745,1344
2026-10-05 12:08:54,MadMapper,536,524,12,1101136,3036
2026-10-05 12:08:54,system,90,75,15,,,1.3,0.2,7,6443,0.0
2026-10-05 12:08:55,flamesafe,4,3,1,5991,21
2026-10-05 12:08:55,engine,10,10,0,1608339,77
2026-10-05 12:08:55,deck,6,6,0,9966,36
2026-10-05 12:08:55,soak,3,1,1,63746,49
2026-10-05 12:08:55,BEYOND,34,7,27,913126,1344
2026-10-05 12:08:55,MadMapper,559,536,27,1101775,3036
2026-10-05 12:08:55,system,90,75,15,,,0.9,0.5,8,6537,0.0
2026-10-05 12:08:56,flamesafe,0,0,0,5991,21
2026-10-05 12:08:56,engine,15,15,0,1608529,77
2026-10-05 12:08:56,deck,8,6,2,9966,36
2026-10-05 12:08:56,soak,6,5,2,63769,49
2026-10-05 12:08:56,BEYOND,35,5,31,913370,1345
2026-10-05 12:08:56,MadMapper,522,509,12,1101790,3036
2026-10-05 12:08:56,system,83,74,9,,,0.8,0.2,3,6541,0.0
2026-10-05 12:08:57,flamesafe,4,3,2,5991,21
2026-10-05 12:08:57,engine,15,11,5,1608722,77
2026-10-05 12:08:57,deck,6,6,0,9966,36
2026-10-05 12:08:57,soak,9,5,5,63785,49
2026-10-05 12:08:57,BEYOND,37,6,32,913732,1346
2026-10-05 12:08:57,MadMapper,401,378,26,1101847,3036
2026-10-05 12:08:57,system,78,60,19,,,1.6,0.5,7,6536,0.0
2026-10-05 12:08:58,flamesafe,5,3,2,5991,21
2026-10-05 12:08:58,engine,9,6,3,1621279,77
2026-10-05 12:08:58,deck,6,5,2,9966,36
2026-10-05 12:08:58,soak,9,6,3,63790,49
2026-10-05 12:08:58,BEYOND,40,5,35,913870,1346
2026-10-05 12:08:58,MadMapper,348,334,14,1101877,3036
2026-10-05 12:08:58,system,64,52,12,,,0.9,0.4,4,6537,0.0
2026-10-05 12:08:59,flamesafe,4,4,0,5991,21
2026-10-05 12:08:59,engine,17,15,1,1621468,77
2026-10-05 12:08:59,deck,14,12,1,9966,36
2026-10-05 12:08:59,soak,2,0,1,63796,49
2026-10-05 12:08:59,BEYOND,33,6,27,914228,1347
2026-10-05 12:08:59,MadMapper,396,374,16,1101918,3036
2026-10-05 12:08:59,system,66,56,10,,,1.1,0.4,7,6537,0.0
2026-10-05 12:09:00,flamesafe,3,3,0,5991,21
2026-10-05 12:09:00,engine,11,9,2,1621656,77
2026-10-05 12:09:00,deck,3,3,0,9966,36
2026-10-05 12:09:00,soak,8,5,3,63909,49
2026-10-05 12:09:00,BEYOND,34,11,23,914482,1347
2026-10-05 12:09:00,MadMapper,368,355,14,1101952,3036
2026-10-05 12:09:00,system,66,56,10,,,0.6,0.9,8,6537,0.0
2026-10-05 12:09:01,flamesafe,2,2,0,5991,21
2026-10-05 12:09:01,engine,12,12,0,1621853,77
2026-10-05 12:09:01,deck,11,11,0,9966,36
2026-10-05 12:09:01,soak,6,2,5,63957,49
2026-10-05 12:09:01,BEYOND,43,3,40,914724,1348
2026-10-05 12:09:01,MadMapper,379,355,25,1101967,3036
2026-10-05 12:09:01,system,69,54,15,,,0.6,0.6,6,6537,0.0
2026-10-05 12:09:02,flamesafe,0,0,0,5991,21
2026-10-05 12:09:02,engine,16,7,9,1634414,77
2026-10-05 12:09:02,deck,16,12,4,9966,36
2026-10-05 12:09:02,soak,15,10,4,63986,49
2026-10-05 12:09:02,BEYOND,31,6,25,914968,1348
2026-10-05 12:09:02,MadMapper,401,389,13,1102039,3037
2026-10-05 12:09:02,system,75,60,15,,,1.1,0.4,3,6533,0.0
2026-10-05 12:09:03,flamesafe,3,3,0,5991,21
2026-10-05 12:09:03,engine,15,14,2,1634622,77
2026-10-05 12:09:03,deck,8,5,3,9966,36
2026-10-05 12:09:03,soak,3,3,0,63992,49
2026-10-05 12:09:03,BEYOND,22,5,17,915221,1349
2026-10-05 12:09:03,MadMapper,211,189,21,1102083,3037
2026-10-05 12:09:03,system,43,35,8,,,0.6,0.4,3,6537,0.0
2026-10-05 12:09:04,flamesafe,0,0,0,5991,21
2026-10-05 12:09:04,engine,8,5,3,1634857,78
2026-10-05 12:09:04,deck,5,5,0,9966,36
2026-10-05 12:09:04,soak,6,3,3,63996,49
2026-10-05 12:09:04,BEYOND,35,15,20,915466,1349
2026-10-05 12:09:04,MadMapper,138,125,14,1102202,3037
2026-10-05 12:09:04,system,33,23,10,,,1.3,0.4,7,6535,0.0
2026-10-05 12:09:05,flamesafe,5,5,0,5991,21
2026-10-05 12:09:05,engine,8,5,3,1635091,78
2026-10-05 12:09:05,deck,3,3,0,9966,36
2026-10-05 12:09:05,soak,6,5,2,64000,49
2026-10-05 12:09:05,BEYOND,25,6,18,915711,1349
2026-10-05 12:09:05,MadMapper,163,142,20,1102227,3037
2026-10-05 12:09:05,system,36,26,10,,,1.0,0.6,7,6533,0.0
2026-10-05 12:09:06,flamesafe,5,2,3,5991,21
2026-10-05 12:09:06,engine,17,14,3,1647652,78
2026-10-05 12:09:06,deck,8,6,2,9966,36
2026-10-05 12:09:06,soak,9,8,2,64064,49
2026-10-05 12:09:06,BEYOND,31,3,28,915963,1350
2026-10-05 12:09:06,MadMapper,192,180,14,1102257,3037
2026-10-05 12:09:06,system,49,34,15,,,1.3,0.6,4,6531,0.0
2026-10-05 12:09:07,flamesafe,3,3,0,5991,21
2026-10-05 12:09:07,engine,11,9,2,1647863,78
2026-10-05 12:09:07,deck,6,5,2,9966,36
2026-10-05 12:09:07,soak,6,3,3,64068,49
2026-10-05 12:09:07,BEYOND,20,0,20,916210,1350
2026-10-05 12:09:07,MadMapper,160,144,17,1102277,3037
2026-10-05 12:09:07,system,33,24,9,,,0.9,0.6,4,6529,0.0
2026-10-05 12:09:08,flamesafe,2,2,0,5991,21
2026-10-05 12:09:08,engine,5,5,0,1648076,78
2026-10-05 12:09:08,deck,8,6,2,9966,36
2026-10-05 12:09:08,soak,3,2,2,64072,49
2026-10-05 12:09:08,BEYOND,34,3,31,916453,1351
2026-10-05 12:09:08,MadMapper,164,147,15,1102299,3037
2026-10-05 12:09:08,system,35,26,10,,,0.4,0.6,7,6527,0.0
2026-10-05 12:09:09,flamesafe,0,0,0,5991,21
2026-10-05 12:09:09,engine,5,5,0,1648291,78
2026-10-05 12:09:09,deck,18,17,2,9966,36
2026-10-05 12:09:09,soak,3,2,2,64076,49
2026-10-05 12:09:09,BEYOND,25,3,22,916697,1351
2026-10-05 12:09:09,MadMapper,169,156,14,1102427,3038
2026-10-05 12:09:09,system,38,29,8,,,1.3,0.0,6,6530,0.0
2026-10-05 12:09:10,flamesafe,5,5,0,5991,21
2026-10-05 12:09:10,engine,14,9,5,1648523,78
2026-10-05 12:09:10,deck,18,17,2,9966,36
2026-10-05 12:09:10,soak,6,6,0,64080,49
2026-10-05 12:09:10,BEYOND,31,0,31,916941,1352
2026-10-05 12:09:10,MadMapper,178,160,18,1102483,3038
2026-10-05 12:09:10,system,46,32,14,,,1.1,0.0,7,6527,0.0
2026-10-05 12:09:11,flamesafe,5,5,0,5991,21
2026-10-05 12:09:11,engine,22,11,11,1661100,78
2026-10-05 12:09:11,deck,12,12,0,9966,36
2026-10-05 12:09:11,soak,12,8,5,64110,49
2026-10-05 12:09:11,BEYOND,35,11,25,917192,1352
2026-10-05 12:09:11,MadMapper,199,184,14,1102532,3038
2026-10-05 12:09:11,system,53,37,16,,,1.7,1.5,14,6524,0.0
2026-10-05 12:09:12,flamesafe,3,3,0,5991,21
2026-10-05 12:09:12,engine,18,15,3,1661319,78
2026-10-05 12:09:12,deck,5,5,0,9966,36
2026-10-05 12:09:12,soak,6,5,2,64114,49
2026-10-05 12:09:12,BEYOND,22,6,15,917434,1353
2026-10-05 12:09:12,MadMapper,194,176,19,1102604,3038
2026-10-05 12:09:12,system,43,33,10,,,0.8,1.0,7,6521,0.0
2026-10-05 12:09:13,flamesafe,5,5,0,5991,21
2026-10-05 12:09:13,engine,12,11,2,1661531,78
2026-10-05 12:09:13,deck,12,6,6,9966,36
2026-10-05 12:09:13,soak,14,11,3,64118,49
2026-10-05 12:09:13,BEYOND,26,3,23,917679,1353
2026-10-05 12:09:13,MadMapper,295,275,20,1102787,3039
2026-10-05 12:09:13,system,51,42,10,,,0.4,0.4,6,6525,0.0
2026-10-05 12:09:14,flamesafe,5,3,2,5991,21
2026-10-05 12:09:14,engine,8,6,2,1661796,78
2026-10-05 12:09:14,deck,14,11,3,9966,36
2026-10-05 12:09:14,soak,6,6,0,64122,49
2026-10-05 12:09:14,BEYOND,28,3,25,917924,1354
2026-10-05 12:09:14,MadMapper,351,332,20,1102977,3040
2026-10-05 12:09:14,system,60,50,10,,,1.3,0.2,6,6520,0.0
2026-10-05 12:09:15,flamesafe,0,0,0,5991,21
2026-10-05 12:09:15,engine,12,9,3,1661995,78
2026-10-05 12:09:15,deck,10,10,0,9966,36
2026-10-05 12:09:15,soak,9,9,0,64128,49
2026-10-05 12:09:15,BEYOND,40,9,31,918159,1354
2026-10-05 12:09:15,MadMapper,462,441,18,1103037,3040
2026-10-05 12:09:15,system,77,66,11,,,1.7,0.3,7,6509,0.0
2026-10-05 12:09:16,flamesafe,7,3,4,5991,21
2026-10-05 12:09:16,engine,7,6,1,1662195,78
2026-10-05 12:09:16,deck,7,6,1,9966,36
2026-10-05 12:09:16,soak,10,9,1,64143,49
2026-10-05 12:09:16,BEYOND,23,4,19,918378,1355
2026-10-05 12:09:16,MadMapper,489,474,16,1103108,3040
2026-10-05 12:09:16,system,80,70,10,,,0.9,0.2,4,6511,0.0
2026-10-05 12:09:17,flamesafe,2,1,0,5991,21
2026-10-05 12:09:17,engine,21,15,6,1668569,79
2026-10-05 12:09:17,deck,12,10,1,9966,36
2026-10-05 12:09:17,soak,18,15,3,64160,49
2026-10-05 12:09:17,BEYOND,22,1,21,918600,1355
2026-10-05 12:09:17,MadMapper,464,448,18,1103393,3041
2026-10-05 12:09:17,system,82,69,14,,,1.1,0.6,4,6516,0.0
2026-10-05 12:09:18,flamesafe,2,2,0,5991,21
2026-10-05 12:09:18,engine,6,3,3,1674904,79
2026-10-05 12:09:18,deck,14,12,2,9966,36
2026-10-05 12:09:18,soak,11,9,2,64165,49
2026-10-05 12:09:18,BEYOND,31,3,27,918833,1356
2026-10-05 12:09:18,MadMapper,437,415,18,1103672,3042
2026-10-05 12:09:18,system,73,61,12,,,0.4,0.6,3,6510,0.0
2026-10-05 12:09:19,flamesafe,2,2,0,5991,21
2026-10-05 12:09:19,engine,14,11,3,1675072,79
2026-10-05 12:09:19,deck,11,6,5,9966,36
2026-10-05 12:09:19,soak,5,5,0,64169,49
2026-10-05 12:09:19,BEYOND,23,3,20,919044,1356
2026-10-05 12:09:19,MadMapper,457,445,11,1103815,3043
2026-10-05 12:09:19,system,79,69,9,,,1.5,0.2,8,6503,0.0
2026-10-05 12:09:21,flamesafe,2,2,0,5992,21
2026-10-05 12:09:21,engine,19,17,3,1675247,79
2026-10-05 12:09:21,deck,8,6,2,9966,36
2026-10-05 12:09:21,soak,9,2,8,64176,49
2026-10-05 12:09:21,BEYOND,28,3,26,919253,1357
2026-10-05 12:09:21,MadMapper,472,462,17,1103863,3043
2026-10-05 12:09:21,system,88,78,10,,,1.7,0.6,8,6470,0.0
2026-10-05 12:09:22,flamesafe,6,5,2,5992,21
2026-10-05 12:09:22,engine,18,6,12,1675416,79
2026-10-05 12:09:22,deck,6,6,0,9966,36
2026-10-05 12:09:22,soak,17,8,9,64192,49
2026-10-05 12:09:22,BEYOND,29,3,26,919489,1357
2026-10-05 12:09:22,MadMapper,440,410,29,1103905,3043
2026-10-05 12:09:22,system,90,70,20,,,1.1,0.0,3,6358,0.0
2026-10-05 12:09:23,flamesafe,6,6,0,5992,21
2026-10-05 12:09:23,engine,13,10,3,1687949,79
2026-10-05 12:09:23,deck,15,15,0,9966,36
2026-10-05 12:09:23,soak,3,1,1,64224,49
2026-10-05 12:09:23,BEYOND,30,3,27,919696,1358
2026-10-05 12:09:23,MadMapper,452,431,19,1103958,3043
2026-10-05 12:09:23,system,83,71,12,,,0.9,0.4,3,6363,0.0
2026-10-05 12:09:24,flamesafe,6,5,2,5992,21
2026-10-05 12:09:24,engine,18,18,0,1688123,79
2026-10-05 12:09:24,deck,11,9,2,9966,36
2026-10-05 12:09:24,soak,6,5,2,64285,49
2026-10-05 12:09:24,BEYOND,22,8,14,919912,1358
2026-10-05 12:09:24,MadMapper,480,451,29,1104022,3044
2026-10-05 12:09:24,system,83,72,11,,,0.6,0.4,4,6363,0.0
2026-10-05 12:09:25,flamesafe,2,2,0,5992,21
2026-10-05 12:09:25,engine,11,9,2,1688406,79
2026-10-05 12:09:25,deck,15,11,5,9966,36
2026-10-05 12:09:25,soak,3,0,3,64289,49
2026-10-05 12:09:25,BEYOND,42,5,37,920156,1359
2026-10-05 12:09:25,MadMapper,470,452,14,1104050,3044
2026-10-05 12:09:25,system,75,64,11,,,0.8,0.4,3,6352,0.0
2026-10-05 12:09:26,flamesafe,3,3,0,5992,21
2026-10-05 12:09:26,engine,15,12,3,1688593,79
2026-10-05 12:09:26,deck,6,6,0,9966,36
2026-10-05 12:09:26,soak,0,0,0,64293,49
2026-10-05 12:09:26,BEYOND,16,1,15,920378,1359
2026-10-05 12:09:26,MadMapper,466,446,24,1104074,3044
2026-10-05 12:09:26,system,76,64,12,,,1.3,0.2,7,6344,0.0
2026-10-05 12:09:27,flamesafe,4,3,2,5992,21
2026-10-05 12:09:27,engine,9,6,3,1688740,79
2026-10-05 12:09:27,deck,8,5,3,9966,36
2026-10-05 12:09:27,soak,12,8,5,64309,49
2026-10-05 12:09:27,BEYOND,23,0,23,920595,1359
2026-10-05 12:09:27,MadMapper,515,502,11,1104086,3044
2026-10-05 12:09:27,system,90,73,17,,,1.9,0.7,11,6346,0.0
2026-10-05 12:09:28,flamesafe,4,3,1,5992,21
2026-10-05 12:09:28,engine,9,7,1,1701305,79
2026-10-05 12:09:28,deck,10,6,4,9966,36
2026-10-05 12:09:28,soak,10,6,4,64325,49
2026-10-05 12:09:28,BEYOND,26,7,19,920823,1360
2026-10-05 12:09:28,MadMapper,508,487,18,1104104,3044
2026-10-05 12:09:28,system,84,70,13,,,0.5,0.9,6,6336,0.0
2026-10-05 12:09:29,flamesafe,3,3,0,5992,21
2026-10-05 12:09:29,engine,20,19,1,1701469,79
2026-10-05 12:09:29,deck,9,9,0,9966,36
2026-10-05 12:09:29,soak,16,10,6,64329,49
2026-10-05 12:09:29,BEYOND,27,7,20,921050,1360
2026-10-05 12:09:29,MadMapper,470,456,20,1104154,3044
2026-10-05 12:09:29,system,89,80,9,,,0.9,0.7,7,6327,0.0
2026-10-05 12:09:30,flamesafe,3,1,1,5992,21
2026-10-05 12:09:30,engine,22,9,13,1701640,79
2026-10-05 12:09:30,deck,9,9,0,9966,36
2026-10-05 12:09:30,soak,9,4,4,64335,49
2026-10-05 12:09:30,BEYOND,21,1,19,921258,1361
2026-10-05 12:09:30,MadMapper,497,464,33,1104175,3044
2026-10-05 12:09:30,system,95,82,13,,,1.1,0.4,8,6334,0.0
2026-10-05 12:09:31,flamesafe,4,5,0,5992,21
2026-10-05 12:09:31,engine,15,9,6,1701833,79
2026-10-05 12:09:31,deck,9,8,2,9966,36
2026-10-05 12:09:31,soak,4,5,0,64357,49
2026-10-05 12:09:31,BEYOND,20,5,15,921458,1361
2026-10-05 12:09:31,MadMapper,512,484,24,1104205,3044
2026-10-05 12:09:31,system,88,76,12,,,1.8,0.2,7,6332,0.0
2026-10-05 12:09:32,flamesafe,4,3,1,5993,21
2026-10-05 12:09:32,engine,7,6,1,1702001,79
2026-10-05 12:09:32,deck,9,9,0,9966,36
2026-10-05 12:09:32,soak,9,7,1,64361,49
2026-10-05 12:09:32,BEYOND,23,3,20,921791,1362
2026-10-05 12:09:32,MadMapper,499,470,27,1104252,3044
2026-10-05 12:09:32,system,95,80,14,,,1.6,0.9,9,6271,0.0
2026-10-05 12:09:33,flamesafe,4,4,0,5993,21
2026-10-05 12:09:33,engine,11,9,3,1702177,80
2026-10-05 12:09:33,deck,10,7,3,9966,36
2026-10-05 12:09:33,soak,17,11,6,64377,49
2026-10-05 12:09:33,BEYOND,25,6,20,922008,1363
2026-10-05 12:09:33,MadMapper,502,488,20,1104267,3044
2026-10-05 12:09:33,system,92,76,15,,,1.6,0.3,8,6178,0.0
2026-10-05 12:09:34,flamesafe,2,1,0,5993,21
2026-10-05 12:09:34,engine,25,22,3,1714863,80
2026-10-05 12:09:34,deck,9,9,0,9966,36
2026-10-05 12:09:34,soak,10,7,3,64381,49
2026-10-05 12:09:34,BEYOND,34,7,27,922237,1363
2026-10-05 12:09:34,MadMapper,504,487,15,1104344,3044
2026-10-05 12:09:34,system,88,77,12,,,2.0,0.2,10,6270,0.0
2026-10-05 12:09:35,flamesafe,0,0,0,5993,21
2026-10-05 12:09:35,engine,11,9,2,1715057,80
2026-10-05 12:09:35,deck,15,12,3,9966,36
2026-10-05 12:09:35,soak,3,0,3,64385,49
2026-10-05 12:09:35,BEYOND,29,2,28,922475,1364
2026-10-05 12:09:35,MadMapper,488,459,28,1104368,3044
2026-10-05 12:09:35,system,80,68,12,,,1.3,0.4,7,6276,0.0
2026-10-05 12:09:36,flamesafe,0,0,0,5993,21
2026-10-05 12:09:36,engine,14,12,2,1715197,80
2026-10-05 12:09:36,deck,9,8,2,9966,36
2026-10-05 12:09:36,soak,8,6,2,64414,49
2026-10-05 12:09:36,BEYOND,26,5,21,922687,1364
2026-10-05 12:09:36,MadMapper,492,484,12,1104380,3045
2026-10-05 12:09:36,system,90,75,14,,,1.3,0.6,11,6259,0.0
2026-10-05 12:09:37,flamesafe,3,3,0,5993,21
2026-10-05 12:09:37,engine,11,11,0,1715360,80
2026-10-05 12:09:37,deck,15,11,5,9966,36
2026-10-05 12:09:37,soak,8,8,0,64495,50
2026-10-05 12:09:37,BEYOND,29,5,25,922923,1365
2026-10-05 12:09:37,MadMapper,483,451,31,1104393,3045
2026-10-05 12:09:37,system,87,69,18,,,1.9,0.7,6,6238,0.0
2026-10-05 12:09:38,flamesafe,5,3,2,5993,21
2026-10-05 12:09:38,engine,23,14,9,1727919,80
2026-10-05 12:09:38,deck,6,6,0,9966,36
2026-10-05 12:09:38,soak,9,3,6,64499,50
2026-10-05 12:09:38,BEYOND,29,6,23,923142,1365
2026-10-05 12:09:38,MadMapper,491,483,9,1104412,3045
2026-10-05 12:09:38,system,88,74,14,,,0.8,0.6,4,6218,0.0
2026-10-05 12:09:39,flamesafe,2,2,0,5993,21
2026-10-05 12:09:39,engine,3,2,2,1728073,80
2026-10-05 12:09:39,deck,11,9,2,9966,36
2026-10-05 12:09:39,soak,6,3,3,64503,50
2026-10-05 12:09:39,BEYOND,28,5,23,923364,1366
2026-10-05 12:09:39,MadMapper,480,446,35,1104445,3045
2026-10-05 12:09:39,system,80,67,13,,,0.8,0.8,10,6172,0.0
2026-10-05 12:09:40,flamesafe,4,3,2,5993,21
2026-10-05 12:09:40,engine,15,9,6,1728256,80
2026-10-05 12:09:40,deck,11,8,3,9966,36
2026-10-05 12:09:40,soak,8,8,0,64507,50
2026-10-05 12:09:40,BEYOND,25,6,18,923601,1366
2026-10-05 12:09:40,MadMapper,475,455,17,1104459,3045
2026-10-05 12:09:40,system,82,71,11,,,0.9,0.8,6,6162,0.0
2026-10-05 12:09:41,flamesafe,4,5,0,5993,21
2026-10-05 12:09:41,engine,20,14,6,1728431,80
2026-10-05 12:09:41,deck,15,9,6,9966,36
2026-10-05 12:09:41,soak,11,5,6,64523,50
2026-10-05 12:09:41,BEYOND,32,5,27,923811,1367
2026-10-05 12:09:41,MadMapper,488,456,35,1104471,3045
2026-10-05 12:09:41,system,90,73,17,,,1.5,0.6,7,6189,0.0
2026-10-05 12:09:42,flamesafe,8,3,5,5993,21
2026-10-05 12:09:42,engine,12,9,3,1728591,80
2026-10-05 12:09:42,deck,6,6,0,9966,36
2026-10-05 12:09:42,soak,14,6,8,64528,50
2026-10-05 12:09:42,BEYOND,29,5,24,924040,1367
2026-10-05 12:09:42,MadMapper,506,485,17,1104500,3045
2026-10-05 12:09:42,system,92,75,18,,,1.3,0.6,10,6189,0.0
2026-10-05 12:09:43,flamesafe,5,3,2,5993,21
2026-10-05 12:09:43,engine,26,22,5,1741168,80
2026-10-05 12:09:43,deck,11,9,2,9966,36
2026-10-05 12:09:43,soak,17,9,8,64545,50
2026-10-05 12:09:43,BEYOND,29,5,25,924257,1368
2026-10-05 12:09:43,MadMapper,476,460,15,1104540,3045
2026-10-05 12:09:43,system,92,76,17,,,1.3,0.4,8,6193,0.0
2026-10-05 12:09:44,flamesafe,8,8,0,5993,21
2026-10-05 12:09:44,engine,18,8,11,1753731,80
2026-10-05 12:09:44,deck,17,17,0,9966,36
2026-10-05 12:09:44,soak,12,5,8,64549,50
2026-10-05 12:09:44,BEYOND,33,3,30,924446,1368
2026-10-05 12:09:44,MadMapper,468,442,27,1104549,3045
2026-10-05 12:09:44,system,83,66,17,,,0.7,1.1,6,6200,0.0
2026-10-05 12:09:45,flamesafe,2,0,2,5993,21
2026-10-05 12:09:45,engine,25,11,14,1766331,81
2026-10-05 12:09:45,deck,6,6,0,9966,36
2026-10-05 12:09:45,soak,2,2,0,64561,50
2026-10-05 12:09:45,BEYOND,31,0,31,924604,1368
2026-10-05 12:09:45,MadMapper,274,235,40,1104587,1095
2026-10-05 12:09:45,system,59,39,20,,,1.0,0.0,3,8120,0.0
2026-10-05 12:09:46,flamesafe,3,3,0,5993,21
2026-10-05 12:09:46,engine,12,6,6,1778924,81
2026-10-05 12:09:46,deck,3,3,0,9966,36
2026-10-05 12:09:46,soak,9,6,3,64725,49
2026-10-05 12:09:46,BEYOND,16,2,14,924732,1368
2026-10-05 12:09:46,MadMapper,5,5,0,1104591,1095
2026-10-05 12:09:46,system,30,16,13,,,0.4,0.2,3,8241,0.0
2026-10-05 12:09:47,flamesafe,0,0,0,5993,21
2026-10-05 12:09:47,engine,3,3,0,1779139,81
2026-10-05 12:09:47,deck,2,2,0,9966,36
2026-10-05 12:09:47,soak,0,0,0,64729,49
2026-10-05 12:09:47,BEYOND,6,2,5,924859,1368
2026-10-05 12:09:47,MadMapper,11,5,6,1104595,1095
2026-10-05 12:09:47,system,7,4,3,,,0.4,0.4,3,8226,0.0
2026-10-05 12:09:48,flamesafe,0,0,0,5993,21
2026-10-05 12:09:48,engine,5,5,0,1779350,81
2026-10-05 12:09:48,deck,3,3,0,9966,36
2026-10-05 12:09:48,soak,0,0,0,64733,49
2026-10-05 12:09:48,BEYOND,8,5,3,924987,1368
2026-10-05 12:09:48,MadMapper,5,0,5,1104623,1095
2026-10-05 12:09:48,system,7,4,3,,,0.0,0.0,0,8223,0.0
2026-10-05 12:09:49,flamesafe,0,0,0,5993,21
2026-10-05 12:09:49,engine,2,1,0,1779578,81
2026-10-05 12:09:49,deck,2,1,0,9966,36
2026-10-05 12:09:49,soak,0,0,0,64766,49
2026-10-05 12:09:49,BEYOND,12,4,7,925128,1368
2026-10-05 12:09:49,MadMapper,2,1,0,1104628,1095
2026-10-05 12:09:49,system,8,5,3,,,0.2,0.0,1,8255,0.0
2026-10-05 12:09:51,flamesafe,2,2,0,5993,21
2026-10-05 12:09:51,engine,2,2,0,1779805,81
2026-10-05 12:09:51,deck,0,0,0,9966,36
2026-10-05 12:09:51,soak,0,0,0,64770,49
2026-10-05 12:09:51,BEYOND,8,2,6,925256,1368
2026-10-05 12:09:51,MadMapper,6,2,5,1104632,1095
2026-10-05 12:09:51,system,6,4,2,,,0.0,0.4,3,8260,0.0
2026-10-05 12:09:52,flamesafe,0,0,0,5993,21
2026-10-05 12:09:52,engine,3,0,3,1792399,81
2026-10-05 12:09:52,deck,3,3,0,9966,36
2026-10-05 12:09:52,soak,3,0,3,64823,49
2026-10-05 12:09:52,BEYOND,11,3,8,925383,1368
2026-10-05 12:09:52,MadMapper,5,2,3,1104636,1095
2026-10-05 12:09:52,system,11,5,5,,,0.6,0.4,4,8354,0.0
2026-10-05 12:09:53,flamesafe,2,2,0,5993,21
2026-10-05 12:09:53,engine,0,0,0,1792616,81
2026-10-05 12:09:53,deck,5,3,2,9966,36
2026-10-05 12:09:53,soak,2,2,0,64827,49
2026-10-05 12:09:53,BEYOND,8,0,8,925511,1368
2026-10-05 12:09:53,MadMapper,5,3,2,1104640,1095
2026-10-05 12:09:53,system,6,3,3,,,0.2,0.4,2,8356,0.0
2026-10-05 12:09:54,flamesafe,0,0,0,5993,21
2026-10-05 12:09:54,engine,5,3,2,1792833,81
2026-10-05 12:09:54,deck,2,2,0,9966,36
2026-10-05 12:09:54,soak,2,2,0,64831,49
2026-10-05 12:09:54,BEYOND,11,2,9,925647,1368
2026-10-05 12:09:54,MadMapper,6,2,5,1104668,1095
2026-10-05 12:09:54,system,6,2,3,,,0.4,0.0,2,8356,0.0
2026-10-05 12:09:55,flamesafe,0,0,0,5993,21
2026-10-05 12:09:55,engine,2,0,2,1793046,81
2026-10-05 12:09:55,deck,5,3,2,9966,36
2026-10-05 12:09:55,soak,2,2,0,64835,49
2026-10-05 12:09:55,BEYOND,6,0,6,925774,1368
2026-10-05 12:09:55,MadMapper,6,2,5,1104673,1095
2026-10-05 12:09:55,system,5,3,2,,,0.0,0.2,2,8358,0.0
2026-10-05 12:09:56,flamesafe,0,0,0,5993,21
2026-10-05 12:09:56,engine,3,2,2,1793269,81
2026-10-05 12:09:56,deck,5,5,0,9966,36
2026-10-05 12:09:56,soak,5,2,3,64852,49
2026-10-05 12:09:56,BEYOND,8,0,8,925902,1368
2026-10-05 12:09:56,MadMapper,3,2,2,1104677,1019
2026-10-05 12:09:56,system,9,5,4,,,0.2,0.2,3,8438,0.0
2026-10-05 12:09:57,flamesafe,0,0,0,5993,21
2026-10-05 12:09:57,engine,5,2,3,1805871,81
2026-10-05 12:09:57,deck,3,2,2,9966,36
2026-10-05 12:09:57,soak,6,6,0,64873,49
2026-10-05 12:09:57,BEYOND,6,2,5,926031,1368
2026-10-05 12:09:57,MadMapper,2,0,2,1104681,1019
2026-10-05 12:09:57,system,8,5,2,,,0.4,0.0,2,8434,0.0
2026-10-05 12:09:58,flamesafe,2,2,0,5993,21
2026-10-05 12:09:58,engine,2,0,2,1806080,81
2026-10-05 12:09:58,deck,3,3,0,9966,36
2026-10-05 12:09:58,soak,0,0,0,64877,49
2026-10-05 12:09:58,BEYOND,8,5,3,926159,1368
2026-10-05 12:09:58,MadMapper,8,0,8,1104685,1019
2026-10-05 12:09:58,system,4,2,2,,,0.0,0.0,0,8434,0.0
2026-10-05 12:09:59,flamesafe,0,0,0,5993,21
2026-10-05 12:09:59,engine,3,3,0,1806319,81
2026-10-05 12:09:59,deck,3,3,0,9966,36
2026-10-05 12:09:59,soak,0,0,0,64881,49
2026-10-05 12:09:59,BEYOND,9,2,8,926294,1368
2026-10-05 12:09:59,MadMapper,5,2,3,1104745,1019
2026-10-05 12:09:59,system,8,4,4,,,0.0,0.2,2,8443,0.0
2026-10-05 12:10:00,flamesafe,0,0,0,5993,21
2026-10-05 12:10:00,engine,2,2,0,1806537,81
2026-10-05 12:10:00,deck,5,5,0,9966,36
2026-10-05 12:10:00,soak,0,0,0,64885,49
2026-10-05 12:10:00,BEYOND,9,0,9,926422,1368
2026-10-05 12:10:00,MadMapper,6,2,5,1104749,1019
2026-10-05 12:10:00,system,6,3,3,,,0.4,0.2,3,8435,0.0
2026-10-05 12:10:01,flamesafe,2,2,0,5993,21
2026-10-05 12:10:01,engine,11,2,9,1806765,81
2026-10-05 12:10:01,deck,0,0,0,9966,36
2026-10-05 12:10:01,soak,0,0,0,64889,49
2026-10-05 12:10:01,BEYOND,9,3,6,926549,1368
2026-10-05 12:10:01,MadMapper,0,0,0,1104753,1019
2026-10-05 12:10:01,system,6,3,2,,,0.0,0.2,2,8436,0.0
2026-10-05 12:10:02,flamesafe,0,0,0,5993,21
2026-10-05 12:10:02,engine,6,6,0,1819333,81
2026-10-05 12:10:02,deck,3,3,0,9966,36
2026-10-05 12:10:02,soak,2,2,0,64920,49
2026-10-05 12:10:02,BEYOND,8,3,5,926677,1368
2026-10-05 12:10:02,MadMapper,3,3,0,1104757,1019
2026-10-05 12:10:02,system,10,5,5,,,0.4,0.4,3,8427,0.0
2026-10-05 12:10:03,flamesafe,2,0,2,5993,21
2026-10-05 12:10:03,engine,5,3,2,1819551,81
2026-10-05 12:10:03,deck,2,2,0,9966,36
2026-10-05 12:10:03,soak,0,0,0,64924,49
2026-10-05 12:10:03,BEYOND,8,0,8,926804,1368
2026-10-05 12:10:03,MadMapper,6,5,2,1104761,1019
2026-10-05 12:10:03,system,7,4,3,,,0.2,0.4,3,8439,0.0
2026-10-05 12:10:04,flamesafe,2,2,0,5993,21
2026-10-05 12:10:04,engine,2,2,0,1819766,81
2026-10-05 12:10:04,deck,2,2,0,9966,36
2026-10-05 12:10:04,soak,2,2,0,64928,49
2026-10-05 12:10:04,BEYOND,8,2,6,926942,1368
2026-10-05 12:10:04,MadMapper,5,2,3,1104789,1019
2026-10-05 12:10:04,system,5,3,2,,,0.2,0.2,2,8436,0.0
2026-10-05 12:10:05,flamesafe,0,0,0,5993,21
2026-10-05 12:10:05,engine,0,0,0,1820110,82
2026-10-05 12:10:05,deck,8,5,3,9966,36
2026-10-05 12:10:05,soak,0,0,0,64932,49
2026-10-05 12:10:05,BEYOND,12,0,12,927069,1368
2026-10-05 12:10:05,MadMapper,6,2,5,1104841,1019
2026-10-05 12:10:05,system,7,4,4,,,0.2,0.0,2,8430,0.0
2026-10-05 12:10:06,flamesafe,2,2,0,5993,21
2026-10-05 12:10:06,engine,2,2,0,1820434,82
2026-10-05 12:10:06,deck,3,3,0,9966,36
2026-10-05 12:10:06,soak,3,2,2,64960,49
2026-10-05 12:10:06,BEYOND,12,3,9,927197,1368
2026-10-05 12:10:06,MadMapper,5,2,3,1104845,1019
2026-10-05 12:10:06,system,10,5,5,,,0.2,0.0,2,8438,0.0
2026-10-05 12:10:07,flamesafe,2,2,0,5993,21
2026-10-05 12:10:07,engine,3,2,2,1833003,82
2026-10-05 12:10:07,deck,3,3,0,9966,36
2026-10-05 12:10:07,soak,0,0,0,64967,49
2026-10-05 12:10:07,BEYOND,12,3,9,927324,1368
2026-10-05 12:10:07,MadMapper,6,2,5,1104850,1019
2026-10-05 12:10:07,system,7,4,3,,,0.0,0.2,2,8430,0.0
2026-10-05 12:10:08,flamesafe,0,0,0,5993,21
2026-10-05 12:10:08,engine,2,0,2,1833218,82
2026-10-05 12:10:08,deck,3,2,2,9966,36
2026-10-05 12:10:08,soak,2,0,2,64971,49
2026-10-05 12:10:08,BEYOND,5,0,5,927452,1368
2026-10-05 12:10:08,MadMapper,5,3,2,1104886,1019
2026-10-05 12:10:08,system,6,4,2,,,0.2,0.2,2,8430,0.0
2026-10-05 12:10:09,flamesafe,2,2,0,5993,21
2026-10-05 12:10:09,engine,3,3,0,1833431,82
2026-10-05 12:10:09,deck,2,2,0,9966,36
2026-10-05 12:10:09,soak,0,0,0,64975,49
2026-10-05 12:10:09,BEYOND,9,3,6,927588,1368
2026-10-05 12:10:09,MadMapper,5,3,2,1104914,1019
2026-10-05 12:10:09,system,7,5,2,,,0.2,0.0,2,8432,0.0
2026-10-05 12:10:10,flamesafe,2,2,0,5993,21
2026-10-05 12:10:10,engine,2,2,0,1833653,82
2026-10-05 12:10:10,deck,5,3,2,9966,36
2026-10-05 12:10:10,soak,0,0,0,64979,49
2026-10-05 12:10:10,BEYOND,9,2,8,927715,1368
2026-10-05 12:10:10,MadMapper,2,0,2,1104918,1019
2026-10-05 12:10:10,system,6,4,2,,,0.2,0.0,2,8432,0.0
2026-10-05 12:10:11,flamesafe,0,0,0,5993,21
2026-10-05 12:10:11,engine,3,3,0,1833873,82
2026-10-05 12:10:11,deck,5,2,3,9966,36
2026-10-05 12:10:11,soak,5,5,0,64983,49
2026-10-05 12:10:11,BEYOND,15,5,11,927843,1368
2026-10-05 12:10:11,MadMapper,6,0,6,1104922,1019
2026-10-05 12:10:11,system,7,4,3,,,0.4,0.0,3,8431,0.0
2026-10-05 12:10:12,flamesafe,0,0,0,5993,21
2026-10-05 12:10:12,engine,5,5,0,1846456,82
2026-10-05 12:10:12,deck,2,2,0,9966,36
2026-10-05 12:10:12,soak,0,0,0,65011,49
2026-10-05 12:10:12,BEYOND,16,3,12,927972,1368
2026-10-05 12:10:12,MadMapper,2,2,0,1104928,1019
2026-10-05 12:10:12,system,12,6,6,,,0.6,0.2,3,8432,0.0
2026-10-05 12:10:13,flamesafe,0,0,0,5993,21
2026-10-05 12:10:13,engine,3,2,2,1846650,82
2026-10-05 12:10:13,deck,2,2,0,9966,36
2026-10-05 12:10:13,soak,0,0,0,65015,49
2026-10-05 12:10:13,BEYOND,9,2,8,928100,1368
2026-10-05 12:10:13,MadMapper,6,2,5,1104932,1019
2026-10-05 12:10:13,system,5,2,2,,,0.0,0.4,2,8440,0.0
2026-10-05 12:10:14,flamesafe,0,0,0,5993,21
2026-10-05 12:10:14,engine,8,6,2,1846883,82
2026-10-05 12:10:14,deck,3,2,2,9966,36
2026-10-05 12:10:14,soak,2,0,2,65019,49
2026-10-05 12:10:14,BEYOND,14,3,11,928235,1368
2026-10-05 12:10:14,MadMapper,6,0,6,1104960,1019
2026-10-05 12:10:14,system,8,4,4,,,0.0,0.0,0,8449,0.0
2026-10-05 12:10:15,flamesafe,0,0,0,5993,21
2026-10-05 12:10:15,engine,5,3,2,1847091,82
2026-10-05 12:10:15,deck,2,2,0,9966,36
2026-10-05 12:10:15,soak,2,0,2,65023,49
2026-10-05 12:10:15,BEYOND,19,3,16,928363,1368
2026-10-05 12:10:15,MadMapper,6,2,5,1104964,1019
2026-10-05 12:10:15,system,6,2,4,,,0.0,0.2,2,8442,0.0
2026-10-05 12:10:16,flamesafe,0,0,0,5993,21
2026-10-05 12:10:16,engine,3,2,2,1859684,83
2026-10-05 12:10:16,deck,3,3,0,9966,36
2026-10-05 12:10:16,soak,2,2,0,65051,49
2026-10-05 12:10:16,BEYOND,9,2,8,928490,1368
2026-10-05 12:10:16,MadMapper,5,3,2,1105001,1019
2026-10-05 12:10:16,system,12,7,5,,,0.2,0.2,2,8439,0.0
2026-10-05 12:10:17,flamesafe,0,0,0,5993,21
2026-10-05 12:10:17,engine,8,6,2,1859901,83
2026-10-05 12:10:17,deck,6,3,3,9966,36
2026-10-05 12:10:17,soak,3,2,2,65055,49
2026-10-05 12:10:17,BEYOND,20,8,12,928618,1368
2026-10-05 12:10:17,MadMapper,6,2,5,1105006,1019
2026-10-05 12:10:17,system,9,6,4,,,0.0,0.2,2,8440,0.0
2026-10-05 12:10:18,flamesafe,2,2,0,6001,21
2026-10-05 12:10:18,engine,2,2,0,1860105,83
2026-10-05 12:10:18,deck,6,6,0,9966,36
2026-10-05 12:10:18,soak,0,0,0,65059,49
2026-10-05 12:10:18,BEYOND,8,2,6,928747,1368
2026-10-05 12:10:18,MadMapper,6,0,6,1105010,1019
2026-10-05 12:10:18,system,5,3,2,,,0.4,0.0,3,8442,0.0
2026-10-05 12:10:19,flamesafe,2,2,0,6001,21
2026-10-05 12:10:19,engine,0,0,0,1860329,83
2026-10-05 12:10:19,deck,3,2,2,9966,36
2026-10-05 12:10:19,soak,0,0,0,65063,49
2026-10-05 12:10:19,BEYOND,9,0,9,928875,1368
2026-10-05 12:10:19,MadMapper,6,3,3,1105038,1019
2026-10-05 12:10:19,system,6,3,2,,,0.0,0.2,2,8442,0.0
2026-10-05 12:10:20,flamesafe,0,0,0,6001,21
2026-10-05 12:10:20,engine,2,2,0,1860544,83
2026-10-05 12:10:20,deck,3,3,0,9974,36
2026-10-05 12:10:20,soak,0,0,0,65067,49
2026-10-05 12:10:20,BEYOND,15,3,12,929010,1368
2026-10-05 12:10:20,MadMapper,3,2,2,1105042,1019
2026-10-05 12:10:20,system,7,4,2,,,0.0,0.0,0,8443,0.0
2026-10-05 12:10:21,flamesafe,2,2,0,6001,21
2026-10-05 12:10:21,engine,3,3,0,1860788,83
2026-10-05 12:10:21,deck,5,3,2,9974,36
2026-10-05 12:10:21,soak,0,0,0,65083,49
2026-10-05 12:10:21,BEYOND,12,0,12,929138,1368
2026-10-05 12:10:21,MadMapper,8,2,6,1105046,1019
2026-10-05 12:10:21,system,13,6,7,,,0.2,0.8,7,8429,0.5
2026-10-05 12:10:22,flamesafe,2,2,0,6001,21
2026-10-05 12:10:22,engine,3,0,3,1873379,83
2026-10-05 12:10:22,deck,6,5,2,9974,36
2026-10-05 12:10:22,soak,6,5,2,65157,49
2026-10-05 12:10:22,BEYOND,9,3,6,929265,1368
2026-10-05 12:10:22,MadMapper,6,0,6,1105050,1019
2026-10-05 12:10:22,system,27,13,14,,,0.8,0.0,3,8260,20.0
2026-10-05 12:10:23,flamesafe,0,0,0,6001,21
2026-10-05 12:10:23,engine,2,2,0,1873660,83
2026-10-05 12:10:23,deck,2,2,0,9974,36
2026-10-05 12:10:23,soak,2,2,0,65161,49
2026-10-05 12:10:23,BEYOND,9,0,9,929393,1368
2026-10-05 12:10:23,MadMapper,11,5,6,1105058,1019
2026-10-05 12:10:23,system,12,7,5,,,0.0,0.2,2,8247,2.2
2026-10-05 12:10:24,flamesafe,0,0,0,6001,21
2026-10-05 12:10:24,engine,8,8,0,1873877,83
2026-10-05 12:10:24,deck,5,3,2,9974,36
2026-10-05 12:10:24,soak,3,2,2,65165,49
2026-10-05 12:10:24,BEYOND,11,5,6,929520,1368
2026-10-05 12:10:24,MadMapper,9,5,5,1105089,1019
2026-10-05 12:10:24,system,22,10,12,,,0.0,0.0,0,8230,0.0
2026-10-05 12:10:25,flamesafe,0,0,0,6001,21
2026-10-05 12:10:25,engine,6,6,0,1874096,83
2026-10-05 12:10:25,deck,3,3,0,9974,36
2026-10-05 12:10:25,soak,2,2,0,65169,49
2026-10-05 12:10:25,BEYOND,8,2,6,929658,1368
2026-10-05 12:10:25,MadMapper,3,0,3,1105094,1019
2026-10-05 12:10:25,system,8,5,3,,,0.0,0.4,2,8247,0.6
2026-10-05 12:10:26,flamesafe,0,0,0,6001,21
2026-10-05 12:10:26,engine,2,2,0,1886710,83
2026-10-05 12:10:26,deck,2,2,0,9974,36
2026-10-05 12:10:26,soak,2,2,0,65198,49
2026-10-05 12:10:26,BEYOND,8,0,8,929786,1368
2026-10-05 12:10:26,MadMapper,3,3,0,1105099,1019
2026-10-05 12:10:26,system,10,5,5,,,0.2,0.2,2,8236,0.0
2026-10-05 12:10:27,flamesafe,0,0,0,6001,21
2026-10-05 12:10:27,engine,2,2,0,1886928,83
2026-10-05 12:10:27,deck,5,5,0,9974,36
2026-10-05 12:10:27,soak,5,2,3,65205,49
2026-10-05 12:10:27,BEYOND,6,0,6,929913,1368
2026-10-05 12:10:27,MadMapper,6,0,6,1105105,1019
2026-10-05 12:10:27,system,7,3,4,,,0.2,0.2,2,8240,0.0
2026-10-05 12:10:28,flamesafe,2,2,0,6001,21
2026-10-05 12:10:28,engine,5,3,2,1887145,83
2026-10-05 12:10:28,deck,5,2,3,9974,36
2026-10-05 12:10:28,soak,2,2,0,65209,49
2026-10-05 12:10:28,BEYOND,11,0,11,930041,1368
2026-10-05 12:10:28,MadMapper,14,6,8,1105109,1019
2026-10-05 12:10:28,system,22,9,12,,,0.2,0.4,3,8238,0.1
2026-10-05 12:10:29,flamesafe,0,0,0,6001,21
2026-10-05 12:10:29,engine,2,2,0,1887373,83
2026-10-05 12:10:29,deck,8,5,3,9974,36
2026-10-05 12:10:29,soak,3,3,0,65213,49
2026-10-05 12:10:29,BEYOND,12,3,9,930168,1368
2026-10-05 12:10:29,MadMapper,5,3,2,1105138,1019
2026-10-05 12:10:29,system,10,6,4,,,0.4,0.0,2,8246,0.0
2026-10-05 12:10:30,flamesafe,0,0,0,6001,21
2026-10-05 12:10:30,engine,5,3,2,1887598,83
2026-10-05 12:10:30,deck,8,6,2,9974,36
2026-10-05 12:10:30,soak,3,0,3,65217,49
2026-10-05 12:10:30,BEYOND,9,2,8,930304,1368
2026-10-05 12:10:30,MadMapper,8,5,3,1105142,1019
2026-10-05 12:10:30,system,24,10,14,,,0.2,0.4,3,8231,0.0
2026-10-05 12:10:31,flamesafe,0,0,0,6001,21
2026-10-05 12:10:31,engine,3,3,0,1887837,83
2026-10-05 12:10:31,deck,3,3,0,9974,36
2026-10-05 12:10:31,soak,2,0,2,65221,49
2026-10-05 12:10:31,BEYOND,9,2,8,930433,1368
2026-10-05 12:10:31,MadMapper,9,2,8,1105274,1019
2026-10-05 12:10:31,system,31,11,20,,,0.8,0.0,2,8236,0.0
2026-10-05 12:10:32,flamesafe,0,0,0,6001,21
2026-10-05 12:10:32,engine,6,5,2,1900443,84
2026-10-05 12:10:32,deck,2,0,2,9974,36
2026-10-05 12:10:32,soak,2,0,2,65249,49
2026-10-05 12:10:32,BEYOND,18,5,14,930561,1368
2026-10-05 12:10:32,MadMapper,17,6,11,1105278,1019
2026-10-05 12:10:32,system,40,15,25,,,0.6,0.4,3,8233,0.0
2026-10-05 12:10:33,flamesafe,3,3,0,6001,21
2026-10-05 12:10:33,engine,3,3,0,1900651,84
2026-10-05 12:10:33,deck,6,5,2,9974,36
2026-10-05 12:10:33,soak,5,3,2,65253,49
2026-10-05 12:10:33,BEYOND,16,3,12,934225,1379
2026-10-05 12:10:33,MadMapper,8,2,6,1105314,1020
2026-10-05 12:10:33,system,23,11,12,,,0.0,0.2,2,8232,0.1
2026-10-05 12:10:34,flamesafe,0,0,0,6001,21
2026-10-05 12:10:34,engine,3,2,2,1900868,84
2026-10-05 12:10:34,deck,3,3,0,9974,36
2026-10-05 12:10:34,soak,5,2,3,65257,49
2026-10-05 12:10:34,BEYOND,8,0,8,934407,1379
2026-10-05 12:10:34,MadMapper,8,2,6,1105390,1020
2026-10-05 12:10:34,system,7,4,3,,,0.0,0.0,0,8233,0.0
2026-10-05 12:10:35,flamesafe,0,0,0,6001,21
2026-10-05 12:10:35,engine,6,6,0,1901152,84
2026-10-05 12:10:35,deck,2,2,0,9974,36
2026-10-05 12:10:35,soak,0,0,0,65261,49
2026-10-05 12:10:35,BEYOND,5,2,3,934534,1379
2026-10-05 12:10:35,MadMapper,5,3,2,1105394,1020
2026-10-05 12:10:35,system,6,4,1,,,0.6,0.0,3,8232,0.0
2026-10-05 12:10:36,flamesafe,2,2,0,6001,21
2026-10-05 12:10:36,engine,2,2,0,1901396,84
2026-10-05 12:10:36,deck,3,3,0,9974,36
2026-10-05 12:10:36,soak,2,2,0,65290,49
2026-10-05 12:10:36,BEYOND,11,0,11,934662,1379
2026-10-05 12:10:36,MadMapper,2,2,0,1105398,1020
2026-10-05 12:10:36,system,9,5,4,,,0.4,0.0,2,8235,0.0
2026-10-05 12:10:37,flamesafe,3,3,0,6001,21
2026-10-05 12:10:37,engine,11,5,6,1913994,84
2026-10-05 12:10:37,deck,6,5,2,9974,36
2026-10-05 12:10:37,soak,9,6,3,65294,49
2026-10-05 12:10:37,BEYOND,9,2,8,934791,1379
2026-10-05 12:10:37,MadMapper,8,3,5,1105402,1020
2026-10-05 12:10:37,system,27,11,15,,,0.2,0.2,2,8216,0.0
2026-10-05 12:10:38,flamesafe,3,3,0,6001,21
2026-10-05 12:10:38,engine,3,0,3,1914215,84
2026-10-05 12:10:38,deck,6,3,3,9974,36
2026-10-05 12:10:38,soak,3,3,0,65298,49
2026-10-05 12:10:38,BEYOND,14,3,11,934919,1379
2026-10-05 12:10:38,MadMapper,11,2,9,1105406,1020
2026-10-05 12:10:38,system,31,10,21,,,0.4,0.0,2,8223,0.0
2026-10-05 12:10:39,flamesafe,0,0,0,6001,21
2026-10-05 12:10:39,engine,9,9,0,1914427,84
2026-10-05 12:10:39,deck,9,6,3,9974,36
2026-10-05 12:10:39,soak,3,0,3,65302,49
2026-10-05 12:10:39,BEYOND,18,5,14,935055,1379
2026-10-05 12:10:39,MadMapper,5,0,5,1105466,1020
2026-10-05 12:10:39,system,32,12,20,,,0.4,0.2,2,8221,0.0
2026-10-05 12:10:40,flamesafe,3,2,2,6001,21
2026-10-05 12:10:40,engine,9,6,3,1914639,84
2026-10-05 12:10:40,deck,2,2,0,9974,36
2026-10-05 12:10:40,soak,3,3,0,65306,49
2026-10-05 12:10:40,BEYOND,17,3,14,935182,1379
2026-10-05 12:10:40,MadMapper,12,6,6,1105470,1020
2026-10-05 12:10:40,system,32,10,22,,,1.0,0.0,3,8221,0.0
2026-10-05 12:10:41,flamesafe,2,2,0,6001,21
2026-10-05 12:10:41,engine,14,8,6,1927265,84
2026-10-05 12:10:41,deck,6,5,2,9974,36
2026-10-05 12:10:41,soak,8,8,0,65334,49
2026-10-05 12:10:41,BEYOND,14,2,12,935310,1379
2026-10-05 12:10:41,MadMapper,12,3,9,1105475,1019
2026-10-05 12:10:41,system,41,16,26,,,0.4,0.4,3,8212,0.0
2026-10-05 12:10:42,flamesafe,0,0,0,6001,21
2026-10-05 12:10:42,engine,3,2,2,1927470,84
2026-10-05 12:10:42,deck,3,2,2,9974,36
2026-10-05 12:10:42,soak,2,2,0,65338,49
2026-10-05 12:10:42,BEYOND,23,5,19,935439,1379
2026-10-05 12:10:42,MadMapper,12,3,9,1105479,1019
2026-10-05 12:10:42,system,33,12,20,,,0.4,0.4,3,8214,0.0
2026-10-05 12:10:43,flamesafe,0,0,0,6001,21
2026-10-05 12:10:43,engine,5,3,2,1927703,84
2026-10-05 12:10:43,deck,5,2,3,9974,36
2026-10-05 12:10:43,soak,3,3,0,65342,49
2026-10-05 12:10:43,BEYOND,18,0,19,935567,1379
2026-10-05 12:10:43,MadMapper,14,3,11,1105483,1019
2026-10-05 12:10:43,system,30,10,20,,,0.6,0.2,3,8213,0.0
2026-10-05 12:10:44,flamesafe,2,2,0,6001,21
2026-10-05 12:10:44,engine,6,3,3,1927917,84
2026-10-05 12:10:44,deck,8,6,2,9974,36
2026-10-05 12:10:44,soak,2,2,0,65346,49
2026-10-05 12:10:44,BEYOND,16,8,8,935702,1379
2026-10-05 12:10:44,MadMapper,5,2,3,1105518,1019
2026-10-05 12:10:44,system,26,11,15,,,0.2,0.4,3,8208,0.0
2026-10-05 12:10:45,flamesafe,5,5,0,6001,21
2026-10-05 12:10:45,engine,11,3,8,1928137,84
2026-10-05 12:10:45,deck,3,2,2,9974,36
2026-10-05 12:10:45,soak,3,0,3,65350,49
2026-10-05 12:10:45,BEYOND,11,2,9,935830,1379
2026-10-05 12:10:45,MadMapper,15,6,9,1105522,1019
2026-10-05 12:10:45,system,32,11,21,,,1.5,0.4,4,8222,0.0
2026-10-05 12:10:46,flamesafe,2,0,2,6001,21
2026-10-05 12:10:46,engine,8,6,2,1928409,85
2026-10-05 12:10:46,deck,3,3,0,9974,36
2026-10-05 12:10:46,soak,3,2,2,65365,49
2026-10-05 12:10:46,BEYOND,29,5,25,935957,1379
2026-10-05 12:10:46,MadMapper,14,6,8,1105527,1019
2026-10-05 12:10:46,system,35,13,22,,,1.0,0.4,3,8208,0.0
2026-10-05 12:10:47,flamesafe,2,2,0,6001,21
2026-10-05 12:10:47,engine,11,3,8,1941005,85
2026-10-05 12:10:47,deck,6,6,0,9974,36
2026-10-05 12:10:47,soak,5,2,3,65382,49
2026-10-05 12:10:47,BEYOND,27,8,19,936087,1379
2026-10-05 12:10:47,MadMapper,12,0,12,1105531,1019
2026-10-05 12:10:47,system,36,13,24,,,0.6,0.2,3,8212,0.0
2026-10-05 12:10:48,flamesafe,2,2,0,6001,21
2026-10-05 12:10:48,engine,6,3,3,1941214,85
2026-10-05 12:10:48,deck,8,6,2,9974,36
2026-10-05 12:10:48,soak,0,0,0,65386,49
2026-10-05 12:10:48,BEYOND,20,0,20,936215,1379
2026-10-05 12:10:48,MadMapper,5,2,3,1105535,1019
2026-10-05 12:10:48,system,32,14,18,,,0.6,0.6,4,8218,0.0
2026-10-05 12:10:49,flamesafe,3,3,0,6001,21
2026-10-05 12:10:49,engine,5,3,2,1941434,85
2026-10-05 12:10:49,deck,3,3,0,9974,36
2026-10-05 12:10:49,soak,8,2,6,65390,49
2026-10-05 12:10:49,BEYOND,22,3,19,936350,1379
2026-10-05 12:10:49,MadMapper,6,2,5,1105563,1019
2026-10-05 12:10:49,system,29,10,18,,,0.6,0.0,2,8219,0.0
2026-10-05 12:10:50,flamesafe,3,3,0,6001,21
2026-10-05 12:10:50,engine,9,5,5,1941648,85
2026-10-05 12:10:50,deck,5,5,0,9974,36
2026-10-05 12:10:50,soak,2,2,0,65409,49
2026-10-05 12:10:50,BEYOND,8,2,6,936477,1379
2026-10-05 12:10:50,MadMapper,12,8,5,1105599,1019
2026-10-05 12:10:50,system,24,11,12,,,0.8,0.4,6,8223,0.0
2026-10-05 12:10:51,flamesafe,3,2,2,6001,21
2026-10-05 12:10:51,engine,11,5,6,1941882,85
2026-10-05 12:10:51,deck,5,3,2,9974,36
2026-10-05 12:10:51,soak,3,0,3,65435,49
2026-10-05 12:10:51,BEYOND,25,3,22,936605,1379
2026-10-05 12:10:51,MadMapper,9,6,3,1105603,1019
2026-10-05 12:10:51,system,46,25,21,,,1.1,0.4,4,8076,0.0
2026-10-05 12:10:52,flamesafe,2,2,0,6001,21
2026-10-05 12:10:52,engine,8,6,2,1954470,85
2026-10-05 12:10:52,deck,11,8,3,9974,36
2026-10-05 12:10:52,soak,3,2,2,65554,49
2026-10-05 12:10:52,BEYOND,20,3,17,936734,1379
2026-10-05 12:10:52,MadMapper,22,11,11,1105607,1019
2026-10-05 12:10:52,system,46,20,26,,,0.6,0.2,3,8056,0.1
2026-10-05 12:10:53,flamesafe,0,0,0,6001,21
2026-10-05 12:10:53,engine,0,0,0,1954682,85
2026-10-05 12:10:53,deck,5,5,0,9974,36
2026-10-05 12:10:53,soak,2,2,0,65558,49
2026-10-05 12:10:53,BEYOND,17,3,14,936870,1379
2026-10-05 12:10:53,MadMapper,6,5,2,1105611,1019
2026-10-05 12:10:53,system,38,18,20,,,0.2,0.4,2,8065,0.0
2026-10-05 12:10:54,flamesafe,2,0,2,6001,21
2026-10-05 12:10:54,engine,6,5,2,1954901,85
2026-10-05 12:10:54,deck,6,6,0,9974,36
2026-10-05 12:10:54,soak,8,8,0,65603,49
2026-10-05 12:10:54,BEYOND,26,3,23,936998,1379
2026-10-05 12:10:54,MadMapper,25,11,14,1105639,1019
2026-10-05 12:10:54,system,47,22,25,,,0.4,0.2,2,8187,0.0
2026-10-05 12:10:55,flamesafe,2,2,0,6001,21
2026-10-05 12:10:55,engine,3,3,0,1955113,85
2026-10-05 12:10:55,deck,3,3,0,9974,36
2026-10-05 12:10:55,soak,5,3,2,65607,49
2026-10-05 12:10:55,BEYOND,17,2,15,937125,1379
2026-10-05 12:10:55,MadMapper,17,3,14,1105643,1019
2026-10-05 12:10:55,system,34,12,21,,,0.8,0.2,4,8176,0.0
2026-10-05 12:10:56,flamesafe,5,3,2,6001,21
2026-10-05 12:10:56,engine,5,3,2,1955377,85
2026-10-05 12:10:56,deck,8,3,5,9974,36
2026-10-05 12:10:56,soak,0,0,0,65734,49
2026-10-05 12:10:56,BEYOND,22,3,19,937255,1379
2026-10-05 12:10:56,MadMapper,9,5,5,1105647,1019
2026-10-05 12:10:56,system,42,16,25,,,0.4,0.0,2,8215,0.0
2026-10-05 12:10:57,flamesafe,0,0,0,6001,21
2026-10-05 12:10:57,engine,6,2,5,1967957,85
2026-10-05 12:10:57,deck,9,6,3,9974,36
2026-10-05 12:10:57,soak,8,6,2,65756,49
2026-10-05 12:10:57,BEYOND,15,2,14,937389,1379
2026-10-05 12:10:57,MadMapper,8,2,6,1105651,1019
2026-10-05 12:10:57,system,35,12,23,,,0.8,0.2,4,8208,0.0
2026-10-05 12:10:58,flamesafe,2,2,0,6001,21
2026-10-05 12:10:58,engine,3,2,2,1968186,85
2026-10-05 12:10:58,deck,5,5,0,9974,36
2026-10-05 12:10:58,soak,2,2,0,65765,49
2026-10-05 12:10:58,BEYOND,20,3,17,937518,1379
2026-10-05 12:10:58,MadMapper,5,2,3,1105655,1019
2026-10-05 12:10:58,system,32,10,22,,,0.4,0.2,3,8215,0.0
2026-10-05 12:10:59,flamesafe,2,2,0,6001,21
2026-10-05 12:10:59,engine,14,11,3,1968399,85
2026-10-05 12:10:59,deck,8,8,0,9974,36
2026-10-05 12:10:59,soak,5,3,2,65769,49
2026-10-05 12:10:59,BEYOND,11,3,8,937645,1379
2026-10-05 12:10:59,MadMapper,11,0,11,1105684,1019
2026-10-05 12:10:59,system,16,8,9,,,1.0,0.0,2,8222,0.0
2026-10-05 12:11:00,flamesafe,3,2,2,6001,21
2026-10-05 12:11:00,engine,3,3,0,1968624,85
2026-10-05 12:11:00,deck,8,8,0,9974,36
2026-10-05 12:11:00,soak,3,3,0,65773,49
2026-10-05 12:11:00,BEYOND,19,0,19,937773,1379
2026-10-05 12:11:00,MadMapper,11,3,8,1105688,1019
2026-10-05 12:11:00,system,37,14,23,,,1.2,0.2,4,8234,0.0
2026-10-05 12:11:01,flamesafe,0,0,0,6001,21
2026-10-05 12:11:01,engine,5,3,2,1981231,86
2026-10-05 12:11:01,deck,2,2,0,9974,36
2026-10-05 12:11:01,soak,5,2,3,65885,49
2026-10-05 12:11:01,BEYOND,11,3,8,937902,1379
2026-10-05 12:11:01,MadMapper,22,5,17,1105692,1019
2026-10-05 12:11:01,system,38,15,22,,,0.8,0.0,3,8239,0.0
2026-10-05 12:11:02,flamesafe,3,3,0,6001,21
2026-10-05 12:11:02,engine,11,6,5,1981441,86
2026-10-05 12:11:02,deck,6,5,2,9974,36
2026-10-05 12:11:02,soak,6,0,6,65892,49
2026-10-05 12:11:02,BEYOND,17,3,14,938038,1379
2026-10-05 12:11:02,MadMapper,8,5,3,1105696,1019
2026-10-05 12:11:02,system,30,12,18,,,0.4,0.4,3,8238,0.0
2026-10-05 12:11:03,flamesafe,0,0,0,6001,21
2026-10-05 12:11:03,engine,3,3,0,1981658,86
2026-10-05 12:11:03,deck,5,5,0,9974,36
2026-10-05 12:11:03,soak,5,5,0,65896,49
2026-10-05 12:11:03,BEYOND,16,3,12,938165,1379
2026-10-05 12:11:03,MadMapper,16,2,14,1105702,1019
2026-10-05 12:11:03,system,33,11,22,,,0.8,0.4,3,8237,0.0
2026-10-05 12:11:04,flamesafe,2,2,0,6001,21
2026-10-05 12:11:04,engine,5,3,2,1981944,86
2026-10-05 12:11:04,deck,8,8,0,9974,36
2026-10-05 12:11:04,soak,3,3,0,65900,49
2026-10-05 12:11:04,BEYOND,17,5,12,938293,1379
2026-10-05 12:11:04,MadMapper,8,0,8,1105778,1019
2026-10-05 12:11:04,system,34,15,18,,,0.6,0.0,3,8235,0.0
2026-10-05 12:11:05,flamesafe,3,3,0,6001,21
2026-10-05 12:11:05,engine,11,8,3,1982162,86
2026-10-05 12:11:05,deck,5,2,3,9974,36
2026-10-05 12:11:05,soak,5,2,3,65920,49
2026-10-05 12:11:05,BEYOND,28,5,23,938420,1379
2026-10-05 12:11:05,MadMapper,17,6,11,1105782,1019
2026-10-05 12:11:05,system,34,12,22,,,0.2,0.0,2,8235,0.0
2026-10-05 12:11:06,flamesafe,0,0,0,6001,21
2026-10-05 12:11:06,engine,11,6,5,1994795,86
2026-10-05 12:11:06,deck,3,3,0,9974,36
2026-10-05 12:11:06,soak,6,2,5,65968,49
2026-10-05 12:11:06,BEYOND,15,6,9,938550,1379
2026-10-05 12:11:06,MadMapper,15,3,12,1105786,1019
2026-10-05 12:11:06,system,38,16,23,,,1.5,0.8,11,8242,0.0
2026-10-05 12:11:07,flamesafe,3,3,0,6001,21
2026-10-05 12:11:07,engine,5,5,0,1995010,86
2026-10-05 12:11:07,deck,5,0,5,9974,36
2026-10-05 12:11:07,soak,5,3,2,65974,49
2026-10-05 12:11:07,BEYOND,19,5,14,938688,1379
2026-10-05 12:11:07,MadMapper,11,0,11,1105822,1019
2026-10-05 12:11:07,system,35,11,24,,,0.6,0.8,6,8232,0.0
2026-10-05 12:11:08,flamesafe,0,0,0,6001,21
2026-10-05 12:11:08,engine,14,11,3,1995222,86
2026-10-05 12:11:08,deck,5,3,2,9974,36
2026-10-05 12:11:08,soak,5,5,0,65978,49
2026-10-05 12:11:08,BEYOND,18,5,14,938815,1379
2026-10-05 12:11:08,MadMapper,6,2,5,1105826,1019
2026-10-05 12:11:08,system,33,13,19,,,1.0,0.2,6,8235,0.0
2026-10-05 12:11:09,flamesafe,0,0,0,6001,21
2026-10-05 12:11:09,engine,6,3,3,1995440,86
2026-10-05 12:11:09,deck,3,3,0,9974,36
2026-10-05 12:11:09,soak,6,5,2,65987,49
2026-10-05 12:11:09,BEYOND,19,6,12,938943,1379
2026-10-05 12:11:09,MadMapper,5,0,5,1105854,1019
2026-10-05 12:11:09,system,30,11,19,,,0.8,0.0,4,8231,0.0
2026-10-05 12:11:10,flamesafe,2,2,0,6001,21
2026-10-05 12:11:10,engine,3,2,2,1995655,86
2026-10-05 12:11:10,deck,5,3,2,9974,36
2026-10-05 12:11:10,soak,5,5,0,65991,49
2026-10-05 12:11:10,BEYOND,15,2,14,939070,1379
2026-10-05 12:11:10,MadMapper,18,9,9,1105890,1019
2026-10-05 12:11:10,system,36,12,24,,,0.6,0.0,3,8231,0.0
2026-10-05 12:11:11,flamesafe,2,0,2,6001,21
2026-10-05 12:11:11,engine,8,5,3,1995887,86
2026-10-05 12:11:11,deck,8,5,3,9974,36
2026-10-05 12:11:11,soak,5,2,3,66044,49
2026-10-05 12:11:11,BEYOND,22,6,16,939198,1379
2026-10-05 12:11:11,MadMapper,16,6,9,1105894,1019
2026-10-05 12:11:11,system,38,16,22,,,0.6,0.6,4,8232,0.0
2026-10-05 12:11:12,flamesafe,0,0,0,6001,21
2026-10-05 12:11:12,engine,9,9,0,2008461,86
2026-10-05 12:11:12,deck,12,8,5,9974,36
2026-10-05 12:11:12,soak,0,0,0,66051,49
2026-10-05 12:11:12,BEYOND,15,2,14,939335,1379
2026-10-05 12:11:12,MadMapper,15,2,14,1105898,1019
2026-10-05 12:11:12,system,34,13,21,,,0.4,0.6,4,8231,0.0
2026-10-05 12:11:13,flamesafe,0,0,0,6001,21
2026-10-05 12:11:13,engine,3,2,2,2008684,86
2026-10-05 12:11:13,deck,6,5,2,9974,36
2026-10-05 12:11:13,soak,0,0,0,66055,49
2026-10-05 12:11:13,BEYOND,25,8,17,939463,1379
2026-10-05 12:11:13,MadMapper,11,3,8,1105902,1019
2026-10-05 12:11:13,system,32,12,19,,,0.6,0.6,3,8229,0.0
2026-10-05 12:11:14,flamesafe,5,3,2,6001,21
2026-10-05 12:11:14,engine,3,2,2,2008901,87
2026-10-05 12:11:14,deck,6,3,3,9974,36
2026-10-05 12:11:14,soak,3,2,2,66059,49
2026-10-05 12:11:14,BEYOND,18,6,12,939590,1379
2026-10-05 12:11:14,MadMapper,28,15,12,1105930,1019
2026-10-05 12:11:14,system,33,14,20,,,0.2,0.0,2,8238,0.0
2026-10-05 12:11:15,flamesafe,3,3,0,6001,21
2026-10-05 12:11:15,engine,8,5,3,2009121,87
2026-10-05 12:11:15,deck,5,3,2,9974,36
2026-10-05 12:11:15,soak,0,0,0,66063,49
2026-10-05 12:11:15,BEYOND,23,6,17,939718,1379
2026-10-05 12:11:15,MadMapper,18,3,15,1105934,1019
2026-10-05 12:11:15,system,28,12,16,,,0.4,0.0,2,8238,0.0
2026-10-05 12:11:16,flamesafe,3,3,0,6001,21
2026-10-05 12:11:16,engine,11,8,3,2021710,87
2026-10-05 12:11:16,deck,5,3,2,9974,36
2026-10-05 12:11:16,soak,8,6,2,66095,49
2026-10-05 12:11:16,BEYOND,22,6,15,939855,1379
2026-10-05 12:11:16,MadMapper,12,8,5,1105939,1019
2026-10-05 12:11:16,system,40,18,21,,,1.0,0.4,3,8234,0.0
2026-10-05 12:11:17,flamesafe,2,2,0,6001,21
2026-10-05 12:11:17,engine,8,5,3,2021920,87
2026-10-05 12:11:17,deck,3,2,2,9974,36
2026-10-05 12:11:17,soak,5,5,0,66099,49
2026-10-05 12:11:17,BEYOND,23,3,20,939983,1379
2026-10-05 12:11:17,MadMapper,15,5,11,1105943,1019
2026-10-05 12:11:17,system,32,10,22,,,0.8,0.0,3,8237,0.0
2026-10-05 12:11:18,flamesafe,5,3,2,6001,21
2026-10-05 12:11:18,engine,8,5,3,2022166,87
2026-10-05 12:11:18,deck,9,6,3,9974,36
2026-10-05 12:11:18,soak,0,0,0,66103,49
2026-10-05 12:11:18,BEYOND,23,11,12,940110,1379
2026-10-05 12:11:18,MadMapper,9,5,5,1105947,1019
2026-10-05 12:11:18,system,32,14,18,,,0.4,0.2,2,8236,0.0
2026-10-05 12:11:19,flamesafe,2,2,0,6001,21
2026-10-05 12:11:19,engine,8,5,3,2022378,87
2026-10-05 12:11:19,deck,2,2,0,9974,36
2026-10-05 12:11:19,soak,3,2,2,66107,49
2026-10-05 12:11:19,BEYOND,12,3,9,940238,1379
2026-10-05 12:11:19,MadMapper,12,2,11,1105975,1019
2026-10-05 12:11:19,system,32,12,20,,,0.4,0.2,2,8236,0.0
2026-10-05 12:11:20,flamesafe,0,0,0,6001,21
2026-10-05 12:11:20,engine,9,8,2,2022592,87
2026-10-05 12:11:20,deck,0,0,0,9974,36
2026-10-05 12:11:20,soak,0,0,0,66111,49
2026-10-05 12:11:20,BEYOND,20,5,16,940365,1379
2026-10-05 12:11:20,MadMapper,11,3,8,1105980,1019
2026-10-05 12:11:20,system,33,12,21,,,0.4,0.0,2,8236,0.0
2026-10-05 12:11:21,flamesafe,2,2,0,6001,21
2026-10-05 12:11:21,engine,17,9,8,2035246,87
2026-10-05 12:11:21,deck,8,5,3,9974,36
2026-10-05 12:11:21,soak,6,5,2,66214,49
2026-10-05 12:11:21,BEYOND,23,3,20,940501,1379
2026-10-05 12:11:21,MadMapper,6,2,5,1105984,1019
2026-10-05 12:11:21,system,40,17,23,,,0.4,0.2,2,8231,0.0
2026-10-05 12:11:22,flamesafe,2,2,0,6001,21
2026-10-05 12:11:22,engine,5,5,0,2035451,87
2026-10-05 12:11:22,deck,6,3,3,9974,36
2026-10-05 12:11:22,soak,2,0,2,66219,49
2026-10-05 12:11:22,BEYOND,14,2,12,940631,1379
2026-10-05 12:11:22,MadMapper,11,2,9,1105988,1019
2026-10-05 12:11:22,system,30,13,17,,,0.2,0.0,2,8226,0.0
2026-10-05 12:11:23,flamesafe,0,0,0,6001,21
2026-10-05 12:11:23,engine,9,8,2,2035665,87
2026-10-05 12:11:23,deck,8,8,0,9974,36
2026-10-05 12:11:23,soak,5,2,3,66223,49
2026-10-05 12:11:23,BEYOND,18,2,17,940758,1379
2026-10-05 12:11:23,MadMapper,14,6,8,1105992,1019
2026-10-05 12:11:23,system,36,14,22,,,0.4,0.0,2,8228,0.0
2026-10-05 12:11:24,flamesafe,0,0,0,6001,21
2026-10-05 12:11:24,engine,3,2,2,2035881,87
2026-10-05 12:11:24,deck,9,9,0,9974,36
2026-10-05 12:11:24,soak,2,2,0,66240,49
2026-10-05 12:11:24,BEYOND,19,2,17,940886,1379
2026-10-05 12:11:24,MadMapper,12,5,8,1106052,1019
2026-10-05 12:11:24,system,33,14,19,,,0.6,0.2,3,8221,0.0
2026-10-05 12:11:25,flamesafe,0,0,0,6001,21
2026-10-05 12:11:25,engine,6,5,2,2036099,87
2026-10-05 12:11:25,deck,8,6,2,9974,36
2026-10-05 12:11:25,soak,2,2,0,66244,49
2026-10-05 12:11:25,BEYOND,12,5,8,941013,1379
2026-10-05 12:11:25,MadMapper,6,3,3,1106056,1019
2026-10-05 12:11:25,system,31,13,18,,,0.2,0.0,2,8223,0.0
2026-10-05 12:11:26,flamesafe,2,2,0,6001,21
2026-10-05 12:11:26,engine,6,3,3,2048765,88
2026-10-05 12:11:26,deck,2,0,2,9974,36
2026-10-05 12:11:26,soak,9,5,5,66288,50
2026-10-05 12:11:26,BEYOND,17,5,12,941149,1379
2026-10-05 12:11:26,MadMapper,14,2,12,1106060,1019
2026-10-05 12:11:26,system,38,16,23,,,0.4,0.0,2,8219,0.0
2026-10-05 12:11:27,flamesafe,3,3,0,6001,21
2026-10-05 12:11:27,engine,5,3,2,2049047,88
2026-10-05 12:11:27,deck,3,2,2,9974,36
2026-10-05 12:11:27,soak,5,2,3,66292,50
2026-10-05 12:11:27,BEYOND,17,3,14,941278,1379
2026-10-05 12:11:27,MadMapper,2,2,0,1106064,1019
2026-10-05 12:11:27,system,31,11,20,,,0.2,0.4,3,8230,0.0
2026-10-05 12:11:28,flamesafe,2,2,0,6001,21
2026-10-05 12:11:28,engine,12,11,2,2049286,88
2026-10-05 12:11:28,deck,5,5,0,9974,36
2026-10-05 12:11:28,soak,0,0,0,66296,50
2026-10-05 12:11:28,BEYOND,14,3,11,941406,1379
2026-10-05 12:11:28,MadMapper,6,2,5,1106068,1019
2026-10-05 12:11:28,system,32,14,18,,,0.6,0.2,3,8227,0.0
2026-10-05 12:11:29,flamesafe,0,0,0,6001,21
2026-10-05 12:11:29,engine,9,9,0,2049499,88
2026-10-05 12:11:29,deck,6,6,0,9974,36
2026-10-05 12:11:29,soak,3,3,0,66301,50
2026-10-05 12:11:29,BEYOND,15,3,12,941533,1379
2026-10-05 12:11:29,MadMapper,3,2,2,1106096,1019
2026-10-05 12:11:29,system,31,13,18,,,0.0,0.2,2,8226,0.0
2026-10-05 12:11:30,flamesafe,3,3,0,6001,21
2026-10-05 12:11:30,engine,11,9,2,2049733,88
2026-10-05 12:11:30,deck,5,5,0,9974,36
2026-10-05 12:11:30,soak,0,0,0,66305,50
2026-10-05 12:11:30,BEYOND,17,0,17,941669,1379
2026-10-05 12:11:30,MadMapper,8,2,6,1106100,1019
2026-10-05 12:11:30,system,38,14,23,,,0.4,0.2,3,8226,0.0
2026-10-05 12:11:31,flamesafe,2,2,0,6001,21
2026-10-05 12:11:31,engine,14,5,9,2062338,88
2026-10-05 12:11:31,deck,8,8,0,9974,36
2026-10-05 12:11:31,soak,11,6,5,66346,50
2026-10-05 12:11:31,BEYOND,8,5,3,941798,1379
2026-10-05 12:11:31,MadMapper,9,5,5,1106104,1019
2026-10-05 12:11:31,system,35,11,24,,,0.4,0.0,2,8229,0.0
2026-10-05 12:11:32,flamesafe,0,0,0,6001,21
2026-10-05 12:11:32,engine,12,11,2,2062558,88
2026-10-05 12:11:32,deck,9,6,3,9974,36
2026-10-05 12:11:32,soak,5,2,3,66350,50
2026-10-05 12:11:32,BEYOND,12,3,9,941926,1379
2026-10-05 12:11:32,MadMapper,11,6,5,1106108,1019
2026-10-05 12:11:32,system,32,12,20,,,0.6,0.6,4,8227,0.0
2026-10-05 12:11:33,flamesafe,2,2,0,6001,21
2026-10-05 12:11:33,engine,5,3,2,2062776,88
2026-10-05 12:11:33,deck,3,3,0,9974,36
2026-10-05 12:11:33,soak,0,0,0,66354,50
2026-10-05 12:11:33,BEYOND,14,6,8,942053,1379
2026-10-05 12:11:33,MadMapper,14,2,12,1106113,1019
2026-10-05 12:11:33,system,34,14,20,,,0.2,0.2,2,8228,0.0
2026-10-05 12:11:34,flamesafe,2,2,0,6001,21
2026-10-05 12:11:34,engine,5,5,0,2062991,88
2026-10-05 12:11:34,deck,3,3,0,9974,36
2026-10-05 12:11:34,soak,3,2,2,66358,50
2026-10-05 12:11:34,BEYOND,19,3,16,942181,1379
2026-10-05 12:11:34,MadMapper,12,8,5,1106177,1019
2026-10-05 12:11:34,system,32,13,19,,,0.6,0.0,3,8225,0.0
2026-10-05 12:11:35,flamesafe,2,2,0,6001,21
2026-10-05 12:11:35,engine,2,2,0,2063253,88
2026-10-05 12:11:35,deck,5,2,3,9974,36
2026-10-05 12:11:35,soak,2,2,0,66362,50
2026-10-05 12:11:35,BEYOND,11,5,6,942317,1379
2026-10-05 12:11:35,MadMapper,18,3,16,1106193,1019
2026-10-05 12:11:35,system,26,11,16,,,0.6,0.0,2,8239,0.0
2026-10-05 12:11:36,flamesafe,0,0,0,6001,21
2026-10-05 12:11:36,engine,3,3,0,2075848,88
2026-10-05 12:11:36,deck,6,3,3,9974,36
2026-10-05 12:11:36,soak,3,0,3,66396,50
2026-10-05 12:11:36,BEYOND,8,3,5,942444,1379
2026-10-05 12:11:36,MadMapper,8,3,5,1106197,1019
2026-10-05 12:11:36,system,13,7,6,,,0.2,0.0,2,8228,0.0
2026-10-05 12:11:37,flamesafe,2,2,0,6001,21
2026-10-05 12:11:37,engine,14,9,5,2076064,88
2026-10-05 12:11:37,deck,12,6,6,9974,36
2026-10-05 12:11:37,soak,2,2,0,66400,50
2026-10-05 12:11:37,BEYOND,15,3,12,942574,1379
2026-10-05 12:11:37,MadMapper,5,2,3,1106201,1019
2026-10-05 12:11:37,system,30,12,18,,,0.4,0.2,2,8231,0.0
2026-10-05 12:11:38,flamesafe,2,0,2,6001,21
2026-10-05 12:11:38,engine,8,3,5,2076275,88
2026-10-05 12:11:38,deck,11,9,2,9974,36
2026-10-05 12:11:38,soak,3,2,2,66404,50
2026-10-05 12:11:38,BEYOND,14,8,6,942701,1379
2026-10-05 12:11:38,MadMapper,5,3,2,1106205,1019
2026-10-05 12:11:38,system,31,15,16,,,0.2,0.6,4,8231,0.0
2026-10-05 12:11:39,flamesafe,2,0,2,6001,21
2026-10-05 12:11:39,engine,6,3,3,2076494,88
2026-10-05 12:11:39,deck,8,3,5,9974,36
2026-10-05 12:11:39,soak,2,2,0,66408,50
2026-10-05 12:11:39,BEYOND,22,2,20,942837,1379
2026-10-05 12:11:39,MadMapper,6,0,6,1106235,1019
2026-10-05 12:11:39,system,32,11,22,,,1.0,0.0,4,8222,0.0
2026-10-05 12:11:40,flamesafe,0,0,0,6001,21
2026-10-05 12:11:40,engine,8,6,2,2076728,89
2026-10-05 12:11:40,deck,6,3,3,9974,36
2026-10-05 12:11:40,soak,2,0,2,66412,50
2026-10-05 12:11:40,BEYOND,17,2,16,942964,1379
2026-10-05 12:11:40,MadMapper,9,5,5,1106271,1019
2026-10-05 12:11:40,system,32,13,18,,,0.2,0.6,2,8225,0.0
2026-10-05 12:11:41,flamesafe,2,2,0,6001,21
2026-10-05 12:11:41,engine,11,9,2,2089326,89
2026-10-05 12:11:41,deck,5,3,2,9974,36
2026-10-05 12:11:41,soak,5,2,3,66440,50
2026-10-05 12:11:41,BEYOND,29,9,20,943092,1379
2026-10-05 12:11:41,MadMapper,8,5,3,1106307,1019
2026-10-05 12:11:41,system,39,14,24,,,1.3,0.2,6,8244,0.0
2026-10-05 12:11:42,flamesafe,2,2,0,6001,21
2026-10-05 12:11:42,engine,9,8,2,2089539,89
2026-10-05 12:11:42,deck,3,3,0,9974,36
2026-10-05 12:11:42,soak,3,2,2,66444,50
2026-10-05 12:11:42,BEYOND,22,6,15,943221,1379
2026-10-05 12:11:42,MadMapper,14,8,6,1106311,1019
2026-10-05 12:11:42,system,33,15,18,,,0.2,0.0,2,8244,0.0
2026-10-05 12:11:43,flamesafe,2,2,0,6001,21
2026-10-05 12:11:43,engine,8,5,3,2089765,89
2026-10-05 12:11:43,deck,9,9,0,9974,36
2026-10-05 12:11:43,soak,3,2,2,66448,50
2026-10-05 12:11:43,BEYOND,9,0,9,943349,1379
2026-10-05 12:11:43,MadMapper,8,3,5,1106316,1019
2026-10-05 12:11:43,system,30,12,17,,,0.2,0.6,2,8243,0.0
2026-10-05 12:11:44,flamesafe,0,0,0,6001,21
2026-10-05 12:11:44,engine,6,3,3,2089968,89
2026-10-05 12:11:44,deck,9,8,2,9974,36
2026-10-05 12:11:44,soak,3,2,2,66452,50
2026-10-05 12:11:44,BEYOND,20,6,14,943484,1379
2026-10-05 12:11:44,MadMapper,16,8,8,1106344,1019
2026-10-05 12:11:44,system,36,16,20,,,0.4,0.2,3,8246,0.0
2026-10-05 12:11:45,flamesafe,0,0,0,6001,21
2026-10-05 12:11:45,engine,5,2,3,2090263,89
2026-10-05 12:11:45,deck,12,9,3,9974,36
2026-10-05 12:11:45,soak,0,0,0,66456,50
2026-10-05 12:11:45,BEYOND,18,3,16,943612,1379
2026-10-05 12:11:45,MadMapper,14,6,8,1106348,1019
2026-10-05 12:11:45,system,36,14,22,,,0.8,0.2,3,8249,0.0
2026-10-05 12:11:46,flamesafe,2,2,0,6001,21
2026-10-05 12:11:46,engine,17,8,9,2102842,89
2026-10-05 12:11:46,deck,3,2,2,9974,36
2026-10-05 12:11:46,soak,3,2,2,66484,50
2026-10-05 12:11:46,BEYOND,28,2,26,943739,1379
2026-10-05 12:11:46,MadMapper,22,9,12,1106352,1019
2026-10-05 12:11:46,system,40,14,26,,,0.8,0.4,3,8247,0.0
2026-10-05 12:11:47,flamesafe,0,0,0,6001,21
2026-10-05 12:11:47,engine,5,5,0,2103057,89
2026-10-05 12:11:47,deck,6,6,0,9974,36
2026-10-05 12:11:47,soak,0,0,0,66488,50
2026-10-05 12:11:47,BEYOND,29,3,26,943869,1379
2026-10-05 12:11:47,MadMapper,6,3,3,1106356,1019
2026-10-05 12:11:47,system,30,13,18,,,0.0,0.2,2,8243,0.0
2026-10-05 12:11:48,flamesafe,0,0,0,6001,21
2026-10-05 12:11:48,engine,14,12,2,2103271,89
2026-10-05 12:11:48,deck,2,0,2,9974,36
2026-10-05 12:11:48,soak,3,2,2,66492,50
2026-10-05 12:11:48,BEYOND,27,6,20,943996,1379
2026-10-05 12:11:48,MadMapper,6,0,6,1106360,1019
2026-10-05 12:11:48,system,31,13,18,,,0.2,0.2,2,8244,0.0
2026-10-05 12:11:49,flamesafe,0,0,0,6001,21
2026-10-05 12:11:49,engine,8,5,3,2103488,89
2026-10-05 12:11:49,deck,12,12,0,9974,36
2026-10-05 12:11:49,soak,2,0,2,66496,50
2026-10-05 12:11:49,BEYOND,12,2,11,944132,1379
2026-10-05 12:11:49,MadMapper,8,5,3,1106388,1019
2026-10-05 12:11:49,system,31,12,20,,,0.2,0.2,2,8243,0.0
2026-10-05 12:11:50,flamesafe,0,0,0,6001,21
2026-10-05 12:11:50,engine,12,11,2,2103718,89
2026-10-05 12:11:50,deck,5,5,0,9974,36
2026-10-05 12:11:50,soak,0,0,0,66500,50
2026-10-05 12:11:50,BEYOND,19,9,9,944260,1379
2026-10-05 12:11:50,MadMapper,8,2,6,1106395,1019
2026-10-05 12:11:50,system,33,14,18,,,0.4,0.0,2,8246,0.0
2026-10-05 12:11:51,flamesafe,3,3,0,6001,21
2026-10-05 12:11:51,engine,8,5,3,2116312,89
2026-10-05 12:11:51,deck,8,3,5,9974,36
2026-10-05 12:11:51,soak,6,2,5,66533,50
2026-10-05 12:11:51,BEYOND,23,5,19,944387,1379
2026-10-05 12:11:51,MadMapper,11,3,8,1106399,1019
2026-10-05 12:11:51,system,40,14,26,,,1.3,0.2,4,8245,0.0
2026-10-05 12:11:52,flamesafe,2,2,0,6001,21
2026-10-05 12:11:52,engine,8,6,2,2116551,89
2026-10-05 12:11:52,deck,11,9,2,9974,36
2026-10-05 12:11:52,soak,3,3,0,66537,50
2026-10-05 12:11:52,BEYOND,25,3,22,944517,1379
2026-10-05 12:11:52,MadMapper,9,3,6,1106403,1019
2026-10-05 12:11:52,system,31,12,20,,,0.4,0.0,2,8248,0.0
2026-10-05 12:11:53,flamesafe,0,0,0,6001,21
2026-10-05 12:11:53,engine,8,6,2,2116758,89
2026-10-05 12:11:53,deck,8,6,2,9974,36
2026-10-05 12:11:53,soak,5,3,2,66541,50
2026-10-05 12:11:53,BEYOND,17,5,12,944652,1379
2026-10-05 12:11:53,MadMapper,15,9,6,1106431,1019
2026-10-05 12:11:53,system,32,14,18,,,0.4,0.0,2,8247,0.0
2026-10-05 12:11:54,flamesafe,0,0,0,6001,21
2026-10-05 12:11:54,engine,6,6,0,2116969,90
2026-10-05 12:11:54,deck,8,8,0,9974,36
2026-10-05 12:11:54,soak,3,3,0,66545,50
2026-10-05 12:11:54,BEYOND,20,3,17,944780,1379
2026-10-05 12:11:54,MadMapper,5,2,3,1106435,1019
2026-10-05 12:11:54,system,29,12,16,,,0.4,0.0,2,8250,0.0
2026-10-05 12:11:55,flamesafe,0,0,0,6001,21
2026-10-05 12:11:55,engine,9,8,2,2117233,90
2026-10-05 12:11:55,deck,2,2,0,9974,36
2026-10-05 12:11:55,soak,0,0,0,66549,50
2026-10-05 12:11:55,BEYOND,17,5,12,944907,1379
2026-10-05 12:11:55,MadMapper,9,3,6,1106439,1019
2026-10-05 12:11:55,system,31,12,19,,,0.2,0.0,2,8251,0.0
2026-10-05 12:11:56,flamesafe,3,3,0,6001,21
2026-10-05 12:11:56,engine,5,2,3,2129804,90
2026-10-05 12:11:56,deck,5,3,2,9974,36
2026-10-05 12:11:56,soak,6,2,5,66577,50
2026-10-05 12:11:56,BEYOND,18,8,11,945035,1379
2026-10-05 12:11:56,MadMapper,8,3,5,1106443,1019
2026-10-05 12:11:56,system,35,13,22,,,0.2,1.0,6,8243,0.0
2026-10-05 12:11:57,flamesafe,2,2,0,6001,21
2026-10-05 12:11:57,engine,9,6,3,2130023,90
2026-10-05 12:11:57,deck,6,5,2,9974,36
2026-10-05 12:11:57,soak,2,2,0,66594,50
2026-10-05 12:11:57,BEYOND,17,6,11,945164,1379
2026-10-05 12:11:57,MadMapper,12,3,9,1106447,1019
2026-10-05 12:11:57,system,40,14,26,,,0.8,0.0,3,8204,0.0
2026-10-05 12:11:58,flamesafe,2,2,0,6001,21
2026-10-05 12:11:58,engine,6,5,2,2130247,90
2026-10-05 12:11:58,deck,6,6,0,9974,36
2026-10-05 12:11:58,soak,6,5,2,66598,50
2026-10-05 12:11:58,BEYOND,25,8,17,945300,1379
2026-10-05 12:11:58,MadMapper,9,3,6,1106507,1019
2026-10-05 12:11:58,system,48,27,22,,,1.0,0.0,3,8104,0.0
2026-10-05 12:11:59,flamesafe,3,3,0,6001,21
2026-10-05 12:11:59,engine,11,5,6,2130468,90
2026-10-05 12:11:59,deck,9,8,2,9974,36
2026-10-05 12:11:59,soak,0,0,0,66602,50
2026-10-05 12:11:59,BEYOND,14,2,12,945427,1379
2026-10-05 12:11:59,MadMapper,22,6,15,1106511,1019
2026-10-05 12:11:59,system,37,15,22,,,1.0,0.0,3,8094,0.0
2026-10-05 12:12:00,flamesafe,3,3,0,6001,21
2026-10-05 12:12:00,engine,5,3,2,2130692,90
2026-10-05 12:12:00,deck,8,6,2,9974,36
2026-10-05 12:12:00,soak,3,3,0,66618,50
2026-10-05 12:12:00,BEYOND,23,6,17,945555,1379
2026-10-05 12:12:00,MadMapper,15,9,6,1106515,1019
2026-10-05 12:12:00,system,52,28,24,,,0.4,0.0,2,8087,0.0
2026-10-05 12:12:01,flamesafe,0,0,0,6001,21
2026-10-05 12:12:01,engine,3,0,3,2143274,90
2026-10-05 12:12:01,deck,9,8,2,9974,36
2026-10-05 12:12:01,soak,6,5,2,66645,50
2026-10-05 12:12:01,BEYOND,17,6,11,945684,1379
2026-10-05 12:12:01,MadMapper,9,5,5,1106519,1019
2026-10-05 12:12:01,system,50,22,28,,,0.4,0.2,2,8211,0.0
2026-10-05 12:12:02,flamesafe,2,0,2,6001,21
2026-10-05 12:12:02,engine,11,9,2,2143515,90
2026-10-05 12:12:02,deck,8,8,0,9974,36
2026-10-05 12:12:02,soak,2,2,0,66649,50
2026-10-05 12:12:02,BEYOND,20,3,17,945820,1379
2026-10-05 12:12:02,MadMapper,12,5,8,1106651,1020
2026-10-05 12:12:02,system,36,16,21,,,1.3,0.4,4,8209,0.0
2026-10-05 12:12:03,flamesafe,3,3,0,6001,21
2026-10-05 12:12:03,engine,6,6,0,2143733,90
2026-10-05 12:12:03,deck,3,2,2,9974,36
2026-10-05 12:12:03,soak,3,0,3,66665,50
2026-10-05 12:12:03,BEYOND,20,5,16,945948,1379
2026-10-05 12:12:03,MadMapper,8,3,5,1106679,1020
2026-10-05 12:12:03,system,34,14,19,,,0.8,0.0,2,8244,0.0
2026-10-05 12:12:04,flamesafe,3,3,0,6001,21
2026-10-05 12:12:04,engine,6,2,5,2143947,90
2026-10-05 12:12:04,deck,5,5,0,9974,36
2026-10-05 12:12:04,soak,2,2,0,66669,50
2026-10-05 12:12:04,BEYOND,15,5,11,946075,1379
2026-10-05 12:12:04,MadMapper,9,3,6,1106731,1020
2026-10-05 12:12:04,system,33,15,18,,,0.2,0.6,3,8243,0.0
2026-10-05 12:12:05,flamesafe,0,0,0,6001,21
2026-10-05 12:12:05,engine,3,2,2,2144213,90
2026-10-05 12:12:05,deck,5,3,2,9974,36
2026-10-05 12:12:05,soak,5,3,2,66690,50
2026-10-05 12:12:05,BEYOND,17,2,15,946205,1379
2026-10-05 12:12:05,MadMapper,11,5,6,1106735,1020
2026-10-05 12:12:05,system,32,12,19,,,0.6,0.6,3,8246,0.0
2026-10-05 12:12:07,flamesafe,2,2,0,6001,21
2026-10-05 12:12:07,engine,11,6,5,2156866,91
2026-10-05 12:12:07,deck,2,2,0,9974,36
2026-10-05 12:12:07,soak,0,0,0,66718,50
2026-10-05 12:12:07,BEYOND,32,8,25,946340,1379
2026-10-05 12:12:07,MadMapper,14,2,12,1106739,1020
2026-10-05 12:12:07,system,40,14,26,,,0.8,0.4,3,8239,0.0
2026-10-05 12:12:08,flamesafe,0,0,0,6001,21
2026-10-05 12:12:08,engine,6,3,3,2157072,91
2026-10-05 12:12:08,deck,3,3,0,9974,36
2026-10-05 12:12:08,soak,3,2,2,66722,50
2026-10-05 12:12:08,BEYOND,11,2,9,946468,1379
2026-10-05 12:12:08,MadMapper,2,0,2,1106743,1020
2026-10-05 12:12:08,system,28,10,18,,,0.0,0.4,2,8242,0.0
2026-10-05 12:12:09,flamesafe,2,2,0,6001,21
2026-10-05 12:12:09,engine,2,2,0,2157279,91
2026-10-05 12:12:09,deck,8,8,0,9974,36
2026-10-05 12:12:09,soak,3,2,2,66726,50
2026-10-05 12:12:09,BEYOND,9,2,8,946595,1379
2026-10-05 12:12:09,MadMapper,9,3,6,1106772,1020
2026-10-05 12:12:09,system,16,8,8,,,0.6,0.6,4,8258,0.0
2026-10-05 12:12:10,flamesafe,0,0,0,6001,21
2026-10-05 12:12:10,engine,2,2,0,2157496,91
2026-10-05 12:12:10,deck,5,3,2,9974,36
2026-10-05 12:12:10,soak,2,2,0,66730,50
2026-10-05 12:12:10,BEYOND,8,3,5,946724,1379
2026-10-05 12:12:10,MadMapper,2,0,2,1106776,1020
2026-10-05 12:12:10,system,6,4,2,,,0.0,0.2,2,8253,0.0
2026-10-05 12:12:11,flamesafe,3,3,0,6001,21
2026-10-05 12:12:11,engine,3,2,2,2157730,91
2026-10-05 12:12:11,deck,0,0,0,9974,36
2026-10-05 12:12:11,soak,2,2,0,66734,50
2026-10-05 12:12:11,BEYOND,6,0,6,946852,1379
2026-10-05 12:12:11,MadMapper,8,6,2,1106780,1020
2026-10-05 12:12:11,system,6,4,2,,,0.2,0.4,2,8252,0.0
2026-10-05 12:12:12,flamesafe,0,0,0,6001,21
2026-10-05 12:12:12,engine,3,3,0,2170316,91
2026-10-05 12:12:12,deck,5,5,0,9974,36
2026-10-05 12:12:12,soak,0,0,0,66762,50
2026-10-05 12:12:12,BEYOND,8,3,5,946988,1379
2026-10-05 12:12:12,MadMapper,2,0,2,1106784,1020
2026-10-05 12:12:12,system,13,7,6,,,1.0,0.0,4,8253,0.0
2026-10-05 12:12:13,flamesafe,0,0,0,6001,21
2026-10-05 12:12:13,engine,0,0,0,2170525,91
2026-10-05 12:12:13,deck,5,5,0,9974,36
2026-10-05 12:12:13,soak,3,3,0,66766,50
2026-10-05 12:12:13,BEYOND,6,2,5,947115,1379
2026-10-05 12:12:13,MadMapper,8,5,3,1106820,1020
2026-10-05 12:12:13,system,16,8,8,,,0.4,0.2,2,8247,0.0
2026-10-05 12:12:14,flamesafe,0,0,0,6001,21
2026-10-05 12:12:14,engine,6,6,0,2170764,91
2026-10-05 12:12:14,deck,9,6,3,9974,36
2026-10-05 12:12:14,soak,0,0,0,66770,50
2026-10-05 12:12:14,BEYOND,18,5,14,947243,1379
2026-10-05 12:12:14,MadMapper,11,5,6,1106848,1020
2026-10-05 12:12:14,system,30,12,18,,,0.4,0.0,2,8247,0.0
2026-10-05 12:12:15,flamesafe,0,0,0,6001,21
2026-10-05 12:12:15,engine,6,6,0,2170978,91
2026-10-05 12:12:15,deck,6,6,0,9974,36
2026-10-05 12:12:15,soak,2,2,0,66774,50
2026-10-05 12:12:15,BEYOND,16,3,12,947370,1379
2026-10-05 12:12:15,MadMapper,20,5,16,1106852,1019
2026-10-05 12:12:15,system,32,12,20,,,0.6,0.2,2,8248,0.0
2026-10-05 12:12:16,flamesafe,3,3,0,6001,21
2026-10-05 12:12:16,engine,12,12,0,2171210,91
2026-10-05 12:12:16,deck,3,2,2,9974,36
2026-10-05 12:12:16,soak,3,2,2,66790,50
2026-10-05 12:12:16,BEYOND,18,3,15,947498,1379
2026-10-05 12:12:16,MadMapper,11,5,6,1106856,1019
2026-10-05 12:12:16,system,43,17,26,,,0.2,0.0,2,8248,0.0
2026-10-05 12:12:17,flamesafe,0,0,0,6001,21
2026-10-05 12:12:17,engine,11,9,2,2183814,91
2026-10-05 12:12:17,deck,0,0,0,9974,36
2026-10-05 12:12:17,soak,5,3,2,66918,49
2026-10-05 12:12:17,BEYOND,15,2,14,947638,1379
2026-10-05 12:12:17,MadMapper,12,0,12,1106892,1019
2026-10-05 12:12:17,system,37,15,22,,,0.0,0.2,2,8242,0.0
2026-10-05 12:12:18,flamesafe,3,3,0,6001,21
2026-10-05 12:12:18,engine,12,11,2,2184030,91
2026-10-05 12:12:18,deck,3,3,0,9974,36
2026-10-05 12:12:18,soak,0,0,0,66940,49
2026-10-05 12:12:18,BEYOND,8,0,8,947765,1379
2026-10-05 12:12:18,MadMapper,14,6,8,1106896,1019
2026-10-05 12:12:18,system,32,14,18,,,0.4,0.2,2,8242,0.0
2026-10-05 12:12:19,flamesafe,0,0,0,6001,21
2026-10-05 12:12:19,engine,5,2,3,2184240,91
2026-10-05 12:12:19,deck,3,3,0,9974,36
2026-10-05 12:12:19,soak,2,2,0,66945,49
2026-10-05 12:12:19,BEYOND,15,0,16,947893,1379
2026-10-05 12:12:19,MadMapper,15,5,11,1106924,1019
2026-10-05 12:12:19,system,27,8,19,,,0.2,0.0,2,8246,0.0
2026-10-05 12:12:20,flamesafe,0,0,0,6001,21
2026-10-05 12:12:20,engine,9,8,2,2184464,91
2026-10-05 12:12:20,deck,2,2,0,9974,36
2026-10-05 12:12:20,soak,2,2,0,66951,49
2026-10-05 12:12:20,BEYOND,30,3,26,948020,1379
2026-10-05 12:12:20,MadMapper,8,3,5,1106928,1019
2026-10-05 12:12:20,system,34,13,22,,,0.0,0.0,0,8248,0.0
2026-10-05 12:12:21,flamesafe,0,0,0,6001,21
2026-10-05 12:12:21,engine,8,6,2,2184816,92
2026-10-05 12:12:21,deck,5,5,0,9974,36
2026-10-05 12:12:21,soak,2,2,0,66958,49
2026-10-05 12:12:21,BEYOND,17,8,9,948150,1379
2026-10-05 12:12:21,MadMapper,11,2,9,1106932,1019
2026-10-05 12:12:21,system,34,14,20,,,0.0,0.2,2,8248,0.0
2026-10-05 12:12:22,flamesafe,2,2,0,6001,21
2026-10-05 12:12:22,engine,11,8,3,2197442,92
2026-10-05 12:12:22,deck,9,8,2,9974,36
2026-10-05 12:12:22,soak,8,5,3,67092,49
2026-10-05 12:12:22,BEYOND,17,3,14,948285,1379
2026-10-05 12:12:22,MadMapper,17,6,11,1106937,1019
2026-10-05 12:12:22,system,40,16,24,,,1.5,0.2,4,8250,0.0
2026-10-05 12:12:23,flamesafe,2,2,0,6001,21
2026-10-05 12:12:23,engine,9,6,3,2197649,92
2026-10-05 12:12:23,deck,5,3,2,9974,36
2026-10-05 12:12:23,soak,5,5,0,67108,50
2026-10-05 12:12:23,BEYOND,25,8,17,948413,1379
2026-10-05 12:12:23,MadMapper,14,2,12,1106941,1019
2026-10-05 12:12:23,system,36,14,21,,,0.8,0.8,4,8236,0.0
2026-10-05 12:12:24,flamesafe,0,0,0,6001,21
2026-10-05 12:12:24,engine,11,9,2,2197865,92
2026-10-05 12:12:24,deck,5,5,0,9974,36
2026-10-05 12:12:24,soak,6,3,3,67112,50
2026-10-05 12:12:24,BEYOND,19,5,14,948540,1379
2026-10-05 12:12:24,MadMapper,14,11,3,1106969,1019
2026-10-05 12:12:24,system,32,14,18,,,1.3,0.4,4,8235,0.0
2026-10-05 12:12:25,flamesafe,0,0,0,6001,21
2026-10-05 12:12:25,engine,5,5,0,2198091,92
2026-10-05 12:12:25,deck,3,3,0,9974,36
2026-10-05 12:12:25,soak,5,3,2,67120,50
2026-10-05 12:12:25,BEYOND,11,3,8,948668,1379
2026-10-05 12:12:25,MadMapper,15,6,9,1106973,1019
2026-10-05 12:12:25,system,30,12,18,,,0.0,0.0,0,8237,0.0
2026-10-05 12:12:26,flamesafe,0,0,0,6001,21
2026-10-05 12:12:26,engine,11,8,3,2198339,92
2026-10-05 12:12:26,deck,3,3,0,9974,36
2026-10-05 12:12:26,soak,2,2,0,67124,50
2026-10-05 12:12:26,BEYOND,16,2,14,948805,1379
2026-10-05 12:12:26,MadMapper,14,2,12,1106978,1019
2026-10-05 12:12:26,system,32,12,21,,,0.8,0.0,3,8238,0.0
2026-10-05 12:12:27,flamesafe,0,0,0,6001,21
2026-10-05 12:12:27,engine,5,0,5,2210942,92
2026-10-05 12:12:27,deck,5,5,0,9974,36
2026-10-05 12:12:27,soak,5,3,2,67153,50
2026-10-05 12:12:27,BEYOND,18,3,15,948933,1379
2026-10-05 12:12:27,MadMapper,18,8,11,1106982,1019
2026-10-05 12:12:27,system,49,15,34,,,1.1,0.4,3,8323,1.0
2026-10-05 12:12:28,flamesafe,2,0,2,6001,21
2026-10-05 12:12:28,engine,6,6,0,2211152,92
2026-10-05 12:12:28,deck,11,11,0,9974,36
2026-10-05 12:12:28,soak,6,3,3,67161,50
2026-10-05 12:12:28,BEYOND,17,3,14,949060,1379
2026-10-05 12:12:28,MadMapper,12,0,12,1106986,1019
2026-10-05 12:12:28,system,54,14,40,,,0.0,0.2,2,8337,0.0
2026-10-05 12:12:29,flamesafe,2,2,0,6001,21
2026-10-05 12:12:29,engine,17,12,5,2211383,92
2026-10-05 12:12:29,deck,3,2,2,9974,36
2026-10-05 12:12:29,soak,3,3,0,67165,50
2026-10-05 12:12:29,BEYOND,20,2,19,949188,1379
2026-10-05 12:12:29,MadMapper,6,2,5,1107014,1019
2026-10-05 12:12:29,system,58,17,41,,,0.2,0.2,2,8340,0.0
2026-10-05 12:12:30,flamesafe,0,0,0,6001,21
2026-10-05 12:12:30,engine,8,6,2,2211597,92
2026-10-05 12:12:30,deck,3,2,2,9974,36
2026-10-05 12:12:30,soak,0,0,0,67169,50
2026-10-05 12:12:30,BEYOND,25,9,15,949322,1379
2026-10-05 12:12:30,MadMapper,18,6,12,1107019,1019
2026-10-05 12:12:30,system,57,15,42,,,0.8,0.6,4,8337,0.0
2026-10-05 12:12:31,flamesafe,2,2,0,6001,21
2026-10-05 12:12:31,engine,9,9,0,2211825,92
2026-10-05 12:12:31,deck,9,8,2,9974,36
2026-10-05 12:12:31,soak,6,5,2,67185,50
2026-10-05 12:12:31,BEYOND,28,5,23,949453,1379
2026-10-05 12:12:31,MadMapper,8,3,5,1107023,1019
2026-10-05 12:12:31,system,64,20,44,,,1.1,0.4,4,8323,0.0
2026-10-05 12:12:32,flamesafe,5,5,0,6001,21
2026-10-05 12:12:32,engine,9,2,8,2224428,92
2026-10-05 12:12:32,deck,6,3,3,9974,36
2026-10-05 12:12:32,soak,6,3,3,67203,50
2026-10-05 12:12:32,BEYOND,18,2,17,949581,1379
2026-10-05 12:12:32,MadMapper,14,6,8,1107027,1019
2026-10-05 12:12:32,system,65,22,44,,,1.1,0.2,6,8357,0.4
2026-10-05 12:12:33,flamesafe,2,2,0,6001,21
2026-10-05 12:12:33,engine,6,5,2,2224633,92
2026-10-05 12:12:33,deck,6,6,0,9974,36
2026-10-05 12:12:33,soak,2,2,0,67207,50
2026-10-05 12:12:33,BEYOND,6,2,5,949708,1379
2026-10-05 12:12:33,MadMapper,3,2,2,1107031,1019
2026-10-05 12:12:33,system,29,13,16,,,0.8,0.0,2,8422,0.1
2026-10-05 12:12:34,flamesafe,5,5,0,6001,21
2026-10-05 12:12:34,engine,0,0,0,2224851,92
2026-10-05 12:12:34,deck,3,3,0,9974,36
2026-10-05 12:12:34,soak,2,2,0,67211,50
2026-10-05 12:12:34,BEYOND,12,2,11,949836,1379
2026-10-05 12:12:34,MadMapper,6,3,3,1107115,1019
2026-10-05 12:12:34,system,6,4,2,,,0.0,0.0,0,8426,0.0
2026-10-05 12:12:35,flamesafe,0,0,0,6001,21
2026-10-05 12:12:35,engine,2,2,0,2225100,93
2026-10-05 12:12:35,deck,3,3,0,9974,36
2026-10-05 12:12:35,soak,0,0,0,67215,50
2026-10-05 12:12:35,BEYOND,9,5,5,949973,1379
2026-10-05 12:12:35,MadMapper,14,8,6,1107143,1019
2026-10-05 12:12:35,system,15,12,2,,,0.6,0.2,3,8428,0.0
2026-10-05 12:12:36,flamesafe,2,2,0,6001,21
2026-10-05 12:12:36,engine,5,3,2,2225349,93
2026-10-05 12:12:36,deck,3,2,2,9974,36
2026-10-05 12:12:36,soak,3,2,2,67231,50
2026-10-05 12:12:36,BEYOND,6,2,5,950101,1379
2026-10-05 12:12:36,MadMapper,2,0,2,1107147,1019
2026-10-05 12:12:36,system,9,6,3,,,0.6,0.2,2,8427,0.0
2026-10-05 12:12:37,flamesafe,0,0,0,6001,21
2026-10-05 12:12:37,engine,5,2,3,2237946,93
2026-10-05 12:12:37,deck,5,3,2,9974,36
2026-10-05 12:12:37,soak,5,3,2,67259,50
2026-10-05 12:12:37,BEYOND,3,0,3,950228,1379
2026-10-05 12:12:37,MadMapper,6,0,6,1107151,1019
2026-10-05 12:12:37,system,9,4,5,,,0.0,0.0,0,8426,0.0
2026-10-05 12:12:38,flamesafe,2,2,0,6001,21
2026-10-05 12:12:38,engine,5,2,3,2238157,93
2026-10-05 12:12:38,deck,3,3,0,9974,36
2026-10-05 12:12:38,soak,3,3,0,67263,50
2026-10-05 12:12:38,BEYOND,6,0,6,950356,1379
2026-10-05 12:12:38,MadMapper,5,0,5,1107155,1019
2026-10-05 12:12:38,system,7,4,2,,,0.0,0.0,0,8439,0.0
2026-10-05 12:12:39,flamesafe,0,0,0,6001,21
2026-10-05 12:12:39,engine,9,8,2,2238413,93
2026-10-05 12:12:39,deck,3,3,0,9974,36
2026-10-05 12:12:39,soak,3,2,2,67267,50
2026-10-05 12:12:39,BEYOND,3,0,3,950483,1379
2026-10-05 12:12:39,MadMapper,6,3,3,1107183,1019
2026-10-05 12:12:39,system,7,5,2,,,0.0,0.0,0,8437,0.0
2026-10-05 12:12:40,flamesafe,0,0,0,6001,21
2026-10-05 12:12:40,engine,3,3,0,2238631,93
2026-10-05 12:12:40,deck,2,2,0,9974,36
2026-10-05 12:12:40,soak,2,2,0,67271,50
2026-10-05 12:12:40,BEYOND,6,5,2,950619,1379
2026-10-05 12:12:40,MadMapper,3,0,3,1107187,1019
2026-10-05 12:12:40,system,5,4,1,,,0.0,0.0,0,8438,0.0
2026-10-05 12:12:41,flamesafe,0,0,0,6001,21
2026-10-05 12:12:41,engine,6,3,3,2251237,93
2026-10-05 12:12:41,deck,3,2,2,9974,36
2026-10-05 12:12:41,soak,3,2,2,67320,50
2026-10-05 12:12:41,BEYOND,5,3,2,950746,1379
2026-10-05 12:12:41,MadMapper,6,2,5,1107191,1019
2026-10-05 12:12:41,system,12,6,6,,,0.2,0.0,2,8436,4.8
2026-10-05 12:12:42,flamesafe,0,0,0,6001,21
2026-10-05 12:12:42,engine,3,3,0,2251457,93
2026-10-05 12:12:42,deck,3,2,2,9974,36
2026-10-05 12:12:42,soak,2,0,2,67324,50
2026-10-05 12:12:42,BEYOND,11,2,9,950876,1379
2026-10-05 12:12:42,MadMapper,5,2,3,1107195,1019
2026-10-05 12:12:42,system,9,5,4,,,0.2,0.2,2,8414,0.2
2026-10-05 12:12:43,flamesafe,2,2,0,6001,21
2026-10-05 12:12:43,engine,5,3,2,2251667,93
2026-10-05 12:12:43,deck,3,2,2,9974,36
2026-10-05 12:12:43,soak,0,0,0,67329,50
2026-10-05 12:12:43,BEYOND,17,3,14,951003,1379
2026-10-05 12:12:43,MadMapper,8,3,5,1107232,1019
2026-10-05 12:12:43,system,8,4,4,,,0.0,0.4,3,8412,0.0
2026-10-05 12:12:44,flamesafe,0,0,0,6001,21
2026-10-05 12:12:44,engine,2,2,0,2251901,93
2026-10-05 12:12:44,deck,3,2,2,9974,36
2026-10-05 12:12:44,soak,0,0,0,67333,50
2026-10-05 12:12:44,BEYOND,3,0,3,951131,1379
2026-10-05 12:12:44,MadMapper,9,6,3,1107265,1019
2026-10-05 12:12:44,system,6,4,2,,,0.2,0.0,2,8413,0.0
2026-10-05 12:12:45,flamesafe,3,3,0,6001,21
2026-10-05 12:12:45,engine,3,2,2,2252118,93
2026-10-05 12:12:45,deck,5,3,2,9974,36
2026-10-05 12:12:45,soak,2,2,0,67337,50
2026-10-05 12:12:45,BEYOND,8,2,6,951267,1379
2026-10-05 12:12:45,MadMapper,3,2,2,1107269,1019
2026-10-05 12:12:45,system,7,5,2,,,0.0,0.0,0,8414,0.0
2026-10-05 12:12:46,flamesafe,3,3,0,6001,21
2026-10-05 12:12:46,engine,6,0,6,2252348,94
2026-10-05 12:12:46,deck,6,6,0,9974,36
2026-10-05 12:12:46,soak,5,3,2,67357,50
2026-10-05 12:12:46,BEYOND,5,2,3,951394,1379
2026-10-05 12:12:46,MadMapper,6,0,6,1107273,1019
2026-10-05 12:12:46,system,12,6,6,,,0.2,0.0,2,8417,0.0
2026-10-05 12:12:47,flamesafe,0,0,0,6001,21
2026-10-05 12:12:47,engine,6,3,3,2264921,94
2026-10-05 12:12:47,deck,3,2,2,9974,36
2026-10-05 12:12:47,soak,2,2,0,67377,50
2026-10-05 12:12:47,BEYOND,8,2,6,951522,1379
2026-10-05 12:12:47,MadMapper,2,0,2,1107277,1019
2026-10-05 12:12:47,system,10,6,4,,,0.4,0.0,2,8427,0.0
2026-10-05 12:12:48,flamesafe,0,0,0,6001,21
2026-10-05 12:12:48,engine,5,2,3,2265169,94
2026-10-05 12:12:48,deck,3,3,0,9974,36
2026-10-05 12:12:48,soak,2,2,0,67381,50
2026-10-05 12:12:48,BEYOND,5,0,5,951649,1379
2026-10-05 12:12:48,MadMapper,6,0,6,1107281,1019
2026-10-05 12:12:48,system,7,3,4,,,0.2,0.4,2,8415,0.0
2026-10-05 12:12:49,flamesafe,0,0,0,6001,21
2026-10-05 12:12:49,engine,3,3,0,2265387,94
2026-10-05 12:12:49,deck,3,2,2,9974,36
2026-10-05 12:12:49,soak,2,0,2,67385,50
2026-10-05 12:12:49,BEYOND,20,3,17,951779,1379
2026-10-05 12:12:49,MadMapper,9,3,6,1107309,1019
2026-10-05 12:12:49,system,9,4,4,,,0.0,0.2,2,8424,0.0
2026-10-05 12:12:50,flamesafe,0,0,0,6001,21
2026-10-05 12:12:50,engine,2,2,0,2265610,94
2026-10-05 12:12:50,deck,11,9,2,9974,36
2026-10-05 12:12:50,soak,0,0,0,67389,50
2026-10-05 12:12:50,BEYOND,20,6,14,951914,1379
2026-10-05 12:12:50,MadMapper,11,5,6,1107313,1019
2026-10-05 12:12:50,system,9,6,3,,,0.0,0.0,0,8426,0.0
2026-10-05 12:12:51,flamesafe,0,0,0,6001,21
2026-10-05 12:12:51,engine,5,2,3,2278218,94
2026-10-05 12:12:51,deck,5,3,2,9974,36
2026-10-05 12:12:51,soak,2,0,2,67417,50
2026-10-05 12:12:51,BEYOND,23,3,20,952042,1379
2026-10-05 12:12:51,MadMapper,9,2,8,1107349,1019
2026-10-05 12:12:51,system,14,6,7,,,0.2,0.0,2,8427,0.0
2026-10-05 12:12:52,flamesafe,0,0,0,6001,21
2026-10-05 12:12:52,engine,6,5,2,2278444,94
2026-10-05 12:12:52,deck,6,5,2,9974,36
2026-10-05 12:12:52,soak,2,0,2,67421,50
2026-10-05 12:12:52,BEYOND,22,12,9,952169,1379
2026-10-05 12:12:52,MadMapper,12,0,12,1107353,1019
2026-10-05 12:12:52,system,10,6,4,,,0.0,0.0,0,8427,0.0
2026-10-05 12:12:53,flamesafe,3,3,0,6001,21
2026-10-05 12:12:53,engine,3,3,0,2278653,94
2026-10-05 12:12:53,deck,2,2,0,9974,36
2026-10-05 12:12:53,soak,0,0,0,67425,50
2026-10-05 12:12:53,BEYOND,25,3,22,952297,1379
2026-10-05 12:12:53,MadMapper,11,0,11,1107357,1019
2026-10-05 12:12:53,system,8,4,5,,,0.0,0.0,0,8426,0.0
2026-10-05 12:12:54,flamesafe,2,2,0,6001,21
2026-10-05 12:12:54,engine,3,3,0,2278871,94
2026-10-05 12:12:54,deck,9,9,0,9974,36
2026-10-05 12:12:54,soak,2,2,0,67429,50
2026-10-05 12:12:54,BEYOND,23,3,20,952424,1379
2026-10-05 12:12:54,MadMapper,8,8,0,1107385,1019
2026-10-05 12:12:54,system,9,6,3,,,0.4,0.0,3,8427,0.0
2026-10-05 12:12:55,flamesafe,2,2,0,6001,21
2026-10-05 12:12:55,engine,5,5,0,2279084,94
2026-10-05 12:12:55,deck,5,5,0,9974,36
2026-10-05 12:12:55,soak,6,5,2,67433,50
2026-10-05 12:12:55,BEYOND,22,6,16,952552,1379
2026-10-05 12:12:55,MadMapper,9,5,5,1107389,1019
2026-10-05 12:12:55,system,9,5,4,,,0.0,0.0,0,8427,0.0
2026-10-05 12:12:56,flamesafe,2,2,0,6001,21
2026-10-05 12:12:56,engine,3,2,2,2279380,94
2026-10-05 12:12:56,deck,2,2,0,9974,36
2026-10-05 12:12:56,soak,3,0,3,67460,50
2026-10-05 12:12:56,BEYOND,18,3,16,952689,1379
2026-10-05 12:12:56,MadMapper,5,2,3,1107395,1019
2026-10-05 12:12:56,system,11,6,5,,,0.6,0.2,4,8432,0.0
2026-10-05 12:12:57,flamesafe,2,2,0,6001,21
2026-10-05 12:12:57,engine,8,5,3,2291958,95
2026-10-05 12:12:57,deck,8,8,0,9974,36
2026-10-05 12:12:57,soak,0,0,0,67465,50
2026-10-05 12:12:57,BEYOND,27,11,16,952817,1379
2026-10-05 12:12:57,MadMapper,14,8,6,1107399,1019
2026-10-05 12:12:57,system,24,17,7,,,0.0,0.4,2,8299,0.0
2026-10-05 12:12:58,flamesafe,2,0,2,6001,21
2026-10-05 12:12:58,engine,3,3,0,2292174,95
2026-10-05 12:12:58,deck,2,2,0,9974,36
2026-10-05 12:12:58,soak,2,2,0,67469,50
2026-10-05 12:12:58,BEYOND,15,2,14,952944,1379
2026-10-05 12:12:58,MadMapper,3,2,2,1107403,1019
2026-10-05 12:12:58,system,10,6,4,,,0.0,0.2,2,8294,0.0
2026-10-05 12:12:59,flamesafe,0,0,0,6001,21
2026-10-05 12:12:59,engine,0,0,0,2292402,95
2026-10-05 12:12:59,deck,5,5,0,9974,36
2026-10-05 12:12:59,soak,0,0,0,67473,50
2026-10-05 12:12:59,BEYOND,16,3,12,953072,1379
2026-10-05 12:12:59,MadMapper,6,5,2,1107431,1019
2026-10-05 12:12:59,system,8,4,4,,,0.4,0.0,3,8295,0.0
2026-10-05 12:13:00,flamesafe,2,2,0,6001,21
2026-10-05 12:13:00,engine,3,3,0,2292613,95
2026-10-05 12:13:00,deck,3,3,0,9974,36
2026-10-05 12:13:00,soak,2,0,2,67477,50
2026-10-05 12:13:00,BEYOND,19,0,19,953199,1379
2026-10-05 12:13:00,MadMapper,5,3,2,1107435,1019
2026-10-05 12:13:00,system,12,6,6,,,0.2,0.2,2,8297,0.0
2026-10-05 12:13:01,flamesafe,2,2,0,6001,21
2026-10-05 12:13:01,engine,12,6,6,2305211,95
2026-10-05 12:13:01,deck,2,2,0,9974,36
2026-10-05 12:13:01,soak,6,3,3,67612,49
2026-10-05 12:13:01,BEYOND,8,2,6,953335,1379
2026-10-05 12:13:01,MadMapper,14,3,11,1107439,1019
2026-10-05 12:13:01,system,17,9,8,,,0.2,0.0,2,8269,0.0
2026-10-05 12:13:02,flamesafe,0,0,0,6001,21
2026-10-05 12:13:02,engine,6,6,0,2305425,95
2026-10-05 12:13:02,deck,2,2,0,9974,36
2026-10-05 12:13:02,soak,0,0,0,67631,49
2026-10-05 12:13:02,BEYOND,12,8,5,953465,1379
2026-10-05 12:13:02,MadMapper,11,6,5,1107443,1019
2026-10-05 12:13:02,system,15,12,4,,,0.4,0.0,2,8253,0.1
2026-10-05 12:13:03,flamesafe,2,2,0,6001,21
2026-10-05 12:13:03,engine,6,3,3,2305649,95
2026-10-05 12:13:03,deck,6,3,3,9974,36
2026-10-05 12:13:03,soak,6,6,0,67635,49
2026-10-05 12:13:03,BEYOND,15,3,12,953592,1379
2026-10-05 12:13:03,MadMapper,15,11,5,1107447,1019
2026-10-05 12:13:03,system,15,9,6,,,0.6,0.2,3,8269,0.0
2026-10-05 12:13:04,flamesafe,2,2,0,6001,21
2026-10-05 12:13:04,engine,2,2,0,2305855,95
2026-10-05 12:13:04,deck,8,6,2,9974,36
2026-10-05 12:13:04,soak,3,3,0,67639,49
2026-10-05 12:13:04,BEYOND,22,3,19,953732,1379
2026-10-05 12:13:04,MadMapper,11,3,8,1107523,1019
2026-10-05 12:13:04,system,36,27,10,,,0.8,0.8,9,8136,0.1
2026-10-05 12:13:05,flamesafe,2,2,0,6001,21
2026-10-05 12:13:05,engine,5,3,2,2306071,95
2026-10-05 12:13:05,deck,8,5,3,9974,36
2026-10-05 12:13:05,soak,5,3,2,67655,49
2026-10-05 12:13:05,BEYOND,11,2,9,953859,1379
2026-10-05 12:13:05,MadMapper,9,6,3,1107527,1019
2026-10-05 12:13:05,system,17,10,7,,,0.0,0.4,3,8158,0.0
2026-10-05 12:13:06,flamesafe,2,2,0,6001,21
2026-10-05 12:13:06,engine,3,2,2,2306319,95
2026-10-05 12:13:06,deck,8,6,2,9974,36
2026-10-05 12:13:06,soak,8,5,3,67729,50
2026-10-05 12:13:06,BEYOND,25,5,20,953995,1379
2026-10-05 12:13:06,MadMapper,17,2,16,1107531,1019
2026-10-05 12:13:06,system,28,15,13,,,0.6,0.0,2,8067,0.0
2026-10-05 12:13:07,flamesafe,2,0,2,6001,21
2026-10-05 12:13:07,engine,9,9,0,2318928,95
2026-10-05 12:13:07,deck,5,3,2,9974,36
2026-10-05 12:13:07,soak,2,2,0,67735,49
2026-10-05 12:13:07,BEYOND,9,3,6,954122,1379
2026-10-05 12:13:07,MadMapper,5,5,0,1107535,1019
2026-10-05 12:13:07,system,10,8,2,,,0.0,0.2,2,8080,0.0
2026-10-05 12:13:08,flamesafe,2,2,0,6001,21
2026-10-05 12:13:08,engine,6,5,2,2319125,95
2026-10-05 12:13:08,deck,3,2,2,9974,36
2026-10-05 12:13:08,soak,5,5,0,67752,49
2026-10-05 12:13:08,BEYOND,14,0,14,954250,1379
2026-10-05 12:13:08,MadMapper,14,8,6,1107571,1019
2026-10-05 12:13:08,system,19,11,8,,,0.6,0.2,4,8238,0.0
2026-10-05 12:13:09,flamesafe,0,0,0,6001,21
2026-10-05 12:13:09,engine,5,3,2,2319347,95
2026-10-05 12:13:09,deck,3,2,2,9974,36
2026-10-05 12:13:09,soak,3,2,2,67756,49
2026-10-05 12:13:09,BEYOND,12,5,8,954379,1379
2026-10-05 12:13:09,MadMapper,6,2,5,1107599,1019
2026-10-05 12:13:09,system,11,6,6,,,0.6,0.0,3,8240,0.0
2026-10-05 12:13:10,flamesafe,3,2,2,6001,21
2026-10-05 12:13:10,engine,5,5,0,2319560,95
2026-10-05 12:13:10,deck,3,3,0,9974,36
2026-10-05 12:13:10,soak,6,3,3,67771,49
2026-10-05 12:13:10,BEYOND,8,0,8,954511,1379
2026-10-05 12:13:10,MadMapper,2,0,2,1107604,1019
2026-10-05 12:13:10,system,10,6,5,,,0.6,0.0,3,8271,0.0
2026-10-05 12:13:11,flamesafe,2,2,0,6001,21
2026-10-05 12:13:11,engine,11,5,6,2332215,95
2026-10-05 12:13:11,deck,2,0,2,9974,36
2026-10-05 12:13:11,soak,3,2,2,67811,50
2026-10-05 12:13:11,BEYOND,9,3,6,954646,1379
2026-10-05 12:13:11,MadMapper,8,2,6,1107608,1019
2026-10-05 12:13:11,system,13,5,8,,,0.8,0.0,4,8266,0.0
2026-10-05 12:13:12,flamesafe,3,3,0,6001,21
2026-10-05 12:13:12,engine,0,0,0,2332435,95
2026-10-05 12:13:12,deck,5,5,0,9974,36
2026-10-05 12:13:12,soak,2,0,2,67948,49
2026-10-05 12:13:12,BEYOND,9,2,8,954774,1379
2026-10-05 12:13:12,MadMapper,5,0,5,1107612,1019
2026-10-05 12:13:12,system,9,5,4,,,0.6,0.6,7,8277,0.0
2026-10-05 12:13:13,flamesafe,2,2,0,6001,21
2026-10-05 12:13:13,engine,8,8,0,2332652,95
2026-10-05 12:13:13,deck,6,3,3,9974,36
2026-10-05 12:13:13,soak,2,2,0,67961,49
2026-10-05 12:13:13,BEYOND,6,2,5,954901,1379
2026-10-05 12:13:13,MadMapper,17,9,8,1107616,1019
2026-10-05 12:13:13,system,9,5,4,,,0.2,0.6,6,8278,0.0
2026-10-05 12:13:14,flamesafe,5,5,0,6001,21
2026-10-05 12:13:14,engine,3,2,2,2332946,96
2026-10-05 12:13:14,deck,8,8,0,9974,36
2026-10-05 12:13:14,soak,2,0,2,67977,49
2026-10-05 12:13:14,BEYOND,5,2,3,955029,1379
2026-10-05 12:13:14,MadMapper,6,3,3,1107676,1019
2026-10-05 12:13:14,system,8,5,3,,,0.2,0.4,2,8279,0.0
2026-10-05 12:13:15,flamesafe,0,0,0,6001,21
2026-10-05 12:13:15,engine,6,3,3,2333167,96
2026-10-05 12:13:15,deck,5,5,0,9974,36
2026-10-05 12:13:15,soak,2,0,2,67988,49
2026-10-05 12:13:15,BEYOND,3,2,2,955156,1379
2026-10-05 12:13:15,MadMapper,5,0,5,1107680,1019
2026-10-05 12:13:15,system,7,4,3,,,0.4,0.2,2,8293,0.0
2026-10-05 12:13:16,flamesafe,0,0,0,6001,21
2026-10-05 12:13:16,engine,5,5,0,2345791,96
2026-10-05 12:13:16,deck,0,0,0,9974,36
2026-10-05 12:13:16,soak,8,2,6,68059,49
2026-10-05 12:13:16,BEYOND,9,2,8,955294,1379
2026-10-05 12:13:16,MadMapper,2,2,0,1107684,1019
2026-10-05 12:13:16,system,11,5,6,,,0.2,0.0,2,8292,0.0
2026-10-05 12:13:17,flamesafe,2,2,0,6001,21
2026-10-05 12:13:17,engine,9,8,2,2346010,96
2026-10-05 12:13:17,deck,3,3,0,9974,36
2026-10-05 12:13:17,soak,3,0,3,68076,49
2026-10-05 12:13:17,BEYOND,11,2,9,955422,1379
2026-10-05 12:13:17,MadMapper,16,3,12,1107689,1019
2026-10-05 12:13:17,system,11,5,6,,,0.2,0.0,2,8293,0.0
2026-10-05 12:13:18,flamesafe,0,0,0,6001,21
2026-10-05 12:13:18,engine,2,2,0,2346230,96
2026-10-05 12:13:18,deck,9,6,3,9974,36
2026-10-05 12:13:18,soak,0,0,0,68082,49
2026-10-05 12:13:18,BEYOND,2,2,0,955549,1379
2026-10-05 12:13:18,MadMapper,16,11,5,1107694,1019
2026-10-05 12:13:18,system,14,12,2,,,0.0,0.0,0,8147,0.0
2026-10-05 12:13:19,flamesafe,0,0,0,6001,21
2026-10-05 12:13:19,engine,3,3,0,2346451,96
2026-10-05 12:13:19,deck,8,5,3,9974,36
2026-10-05 12:13:19,soak,3,2,2,68086,49
2026-10-05 12:13:19,BEYOND,14,3,11,955677,1379
2026-10-05 12:13:19,MadMapper,3,0,3,1107722,1019
2026-10-05 12:13:19,system,11,7,4,,,0.0,0.0,0,8149,0.0
2026-10-05 12:13:20,flamesafe,0,0,0,6001,21
2026-10-05 12:13:20,engine,2,2,0,2346665,96
2026-10-05 12:13:20,deck,8,5,3,9974,36
2026-10-05 12:13:20,soak,2,2,0,68090,49
2026-10-05 12:13:20,BEYOND,9,3,6,955804,1379
2026-10-05 12:13:20,MadMapper,8,3,5,1107726,1019
2026-10-05 12:13:20,system,7,3,4,,,0.4,0.4,3,8248,0.0
2026-10-05 12:13:21,flamesafe,2,2,0,6001,21
2026-10-05 12:13:21,engine,5,2,3,2359308,96
2026-10-05 12:13:21,deck,5,5,0,9974,36
2026-10-05 12:13:21,soak,0,0,0,68169,50
2026-10-05 12:13:21,BEYOND,12,3,9,955940,1379
2026-10-05 12:13:21,MadMapper,8,5,3,1107730,1019
2026-10-05 12:13:21,system,14,9,6,,,0.0,0.2,2,8234,0.0
2026-10-05 12:13:22,flamesafe,5,5,0,6001,21
2026-10-05 12:13:22,engine,6,3,3,2359520,96
2026-10-05 12:13:22,deck,2,2,0,9974,36
2026-10-05 12:13:22,soak,5,3,2,68175,50
2026-10-05 12:13:22,BEYOND,18,5,14,956067,1379
2026-10-05 12:13:22,MadMapper,5,3,2,1107734,1019
2026-10-05 12:13:22,system,9,5,4,,,0.2,0.0,2,8227,0.0
2026-10-05 12:13:23,flamesafe,2,0,2,6001,21
2026-10-05 12:13:23,engine,2,2,0,2359804,96
2026-10-05 12:13:23,deck,3,3,0,9974,36
2026-10-05 12:13:23,soak,2,2,0,68179,50
2026-10-05 12:13:23,BEYOND,14,8,6,956197,1379
2026-10-05 12:13:23,MadMapper,2,2,0,1107738,1019
2026-10-05 12:13:23,system,9,6,2,,,0.2,0.4,4,8214,0.0
2026-10-05 12:13:24,flamesafe,2,2,0,6001,21
2026-10-05 12:13:24,engine,2,2,0,2360013,97
2026-10-05 12:13:24,deck,6,6,0,9974,36
2026-10-05 12:13:24,soak,0,0,0,68183,50
2026-10-05 12:13:24,BEYOND,12,3,9,956324,1379
2026-10-05 12:13:24,MadMapper,5,0,5,1107766,1019
2026-10-05 12:13:24,system,8,5,3,,,0.2,0.0,2,8215,0.0
2026-10-05 12:13:25,flamesafe,0,0,0,6001,21
2026-10-05 12:13:25,engine,6,6,0,2360231,97
2026-10-05 12:13:25,deck,6,5,2,9974,36
2026-10-05 12:13:25,soak,0,0,0,68195,50
2026-10-05 12:13:25,BEYOND,15,5,11,956452,1379
2026-10-05 12:13:25,MadMapper,14,3,11,1107802,1019
2026-10-05 12:13:25,system,34,22,12,,,0.0,1.0,3,8199,0.1
2026-10-05 12:13:26,flamesafe,0,0,0,6001,21
2026-10-05 12:13:26,engine,8,5,3,2372849,97
2026-10-05 12:13:26,deck,6,5,2,9974,36
2026-10-05 12:13:26,soak,5,3,2,68223,50
2026-10-05 12:13:26,BEYOND,17,6,11,956587,1379
2026-10-05 12:13:26,MadMapper,8,5,3,1107806,1019
2026-10-05 12:13:26,system,19,10,9,,,0.6,0.0,3,8193,0.0
2026-10-05 12:13:27,flamesafe,0,0,0,6001,21
2026-10-05 12:13:27,engine,5,5,0,2373054,97
2026-10-05 12:13:27,deck,3,2,2,9974,36
2026-10-05 12:13:27,soak,0,0,0,68233,50
2026-10-05 12:13:27,BEYOND,5,3,2,956715,1379
2026-10-05 12:13:27,MadMapper,2,0,2,1107810,1019
2026-10-05 12:13:27,system,7,5,2,,,0.6,0.0,3,8206,0.0
2026-10-05 12:13:28,flamesafe,2,2,0,6001,21
2026-10-05 12:13:28,engine,3,3,0,2373271,97
2026-10-05 12:13:28,deck,2,2,0,9974,36
2026-10-05 12:13:28,soak,2,2,0,68250,50
2026-10-05 12:13:28,BEYOND,9,2,8,956842,1379
2026-10-05 12:13:28,MadMapper,0,0,0,1107814,1019
2026-10-05 12:13:28,system,6,4,2,,,0.0,0.2,2,8204,0.0
2026-10-05 12:13:29,flamesafe,0,0,0,6001,21
2026-10-05 12:13:29,engine,3,3,0,2373497,97
2026-10-05 12:13:29,deck,3,0,3,9974,36
2026-10-05 12:13:29,soak,3,3,0,68254,50
2026-10-05 12:13:29,BEYOND,12,2,11,956970,1379
2026-10-05 12:13:29,MadMapper,8,3,5,1107842,1019
2026-10-05 12:13:29,system,8,4,4,,,0.6,0.2,3,8204,0.0
2026-10-05 12:13:30,flamesafe,2,2,0,6001,21
2026-10-05 12:13:30,engine,2,2,0,2373715,97
2026-10-05 12:13:30,deck,6,5,2,9974,36
2026-10-05 12:13:30,soak,2,2,0,68258,50
2026-10-05 12:13:30,BEYOND,14,0,14,957099,1379
2026-10-05 12:13:30,MadMapper,2,0,2,1107846,1019
2026-10-05 12:13:30,system,6,3,3,,,0.2,0.0,2,8207,0.0
2026-10-05 12:13:31,flamesafe,0,0,0,6001,21
2026-10-05 12:13:31,engine,8,3,5,2386393,97
2026-10-05 12:13:31,deck,5,5,0,9974,36
2026-10-05 12:13:31,soak,3,3,0,68286,50
2026-10-05 12:13:31,BEYOND,14,2,12,957235,1379
2026-10-05 12:13:31,MadMapper,8,3,5,1107850,1019
2026-10-05 12:13:31,system,22,13,9,,,0.4,0.2,2,8099,0.0
2026-10-05 12:13:32,flamesafe,0,0,0,6001,21
2026-10-05 12:13:32,engine,3,3,0,2386604,97
2026-10-05 12:13:32,deck,5,3,2,9974,36
2026-10-05 12:13:32,soak,3,3,0,68290,50
2026-10-05 12:13:32,BEYOND,16,2,14,957363,1379
2026-10-05 12:13:32,MadMapper,11,6,5,1107854,1019
2026-10-05 12:13:32,system,15,7,8,,,0.8,0.0,2,8111,0.0
2026-10-05 12:13:33,flamesafe,0,0,0,6001,21
2026-10-05 12:13:33,engine,0,0,0,2386820,97
2026-10-05 12:13:33,deck,5,5,0,9974,36
2026-10-05 12:13:33,soak,2,0,2,68294,50
2026-10-05 12:13:33,BEYOND,11,3,8,957490,1379
2026-10-05 12:13:33,MadMapper,8,3,5,1107858,1019
2026-10-05 12:13:33,system,8,4,4,,,0.6,0.0,3,8204,0.0
2026-10-05 12:13:34,flamesafe,2,2,0,6001,21
2026-10-05 12:13:34,engine,3,2,2,2387037,97
2026-10-05 12:13:34,deck,5,5,0,9974,36
2026-10-05 12:13:34,soak,0,0,0,68298,50
2026-10-05 12:13:34,BEYOND,6,2,5,957618,1379
2026-10-05 12:13:34,MadMapper,2,2,0,1107922,1019
2026-10-05 12:13:34,system,6,3,3,,,1.0,0.0,4,8210,0.0
2026-10-05 12:13:35,flamesafe,3,3,0,6001,21
2026-10-05 12:13:35,engine,3,0,3,2387249,97
2026-10-05 12:13:35,deck,6,6,0,9974,36
2026-10-05 12:13:35,soak,2,0,2,68302,50
2026-10-05 12:13:35,BEYOND,11,3,8,957745,1379
2026-10-05 12:13:35,MadMapper,9,5,5,1108066,1020
2026-10-05 12:13:35,system,8,5,3,,,0.2,0.2,3,8216,0.0
2026-10-05 12:13:36,flamesafe,3,2,2,6001,21
2026-10-05 12:13:36,engine,5,3,2,2399826,97
2026-10-05 12:13:36,deck,2,2,0,9974,36
2026-10-05 12:13:36,soak,11,5,6,68349,50
2026-10-05 12:13:36,BEYOND,22,6,16,957881,1379
2026-10-05 12:13:36,MadMapper,9,3,6,1108070,1020
2026-10-05 12:13:36,system,14,6,7,,,0.6,0.0,4,8214,0.0
2026-10-05 12:13:37,flamesafe,0,0,0,6001,21
2026-10-05 12:13:37,engine,5,5,0,2400034,97
2026-10-05 12:13:37,deck,3,3,0,9974,36
2026-10-05 12:13:37,soak,2,0,2,68353,50
2026-10-05 12:13:37,BEYOND,9,0,9,958008,1379
2026-10-05 12:13:37,MadMapper,3,3,0,1108074,1020
2026-10-05 12:13:37,system,7,4,3,,,0.0,0.0,0,8217,0.0
2026-10-05 12:13:38,flamesafe,0,0,0,6001,21
2026-10-05 12:13:38,engine,8,6,2,2400254,97
2026-10-05 12:13:38,deck,2,2,0,9974,36
2026-10-05 12:13:38,soak,2,2,0,68357,50
2026-10-05 12:13:38,BEYOND,5,0,5,958138,1379
2026-10-05 12:13:38,MadMapper,6,2,5,1108078,1020
2026-10-05 12:13:38,system,7,5,2,,,0.2,0.4,2,8225,0.0
2026-10-05 12:13:39,flamesafe,0,0,0,6001,21
2026-10-05 12:13:39,engine,8,5,3,2400464,97
2026-10-05 12:13:39,deck,8,8,0,9974,36
2026-10-05 12:13:39,soak,0,0,0,68361,50
2026-10-05 12:13:39,BEYOND,8,0,8,958265,1379
2026-10-05 12:13:39,MadMapper,8,3,5,1108106,1020
2026-10-05 12:13:39,system,12,8,4,,,0.2,0.2,2,8204,0.0
2026-10-05 12:13:40,flamesafe,2,2,0,6001,21
2026-10-05 12:13:40,engine,5,5,0,2400686,97
2026-10-05 12:13:40,deck,5,5,0,9974,36
2026-10-05 12:13:40,soak,0,0,0,68365,50
2026-10-05 12:13:40,BEYOND,9,2,8,958393,1379
2026-10-05 12:13:40,MadMapper,5,3,2,1108110,1020
2026-10-05 12:13:40,system,7,5,2,,,0.2,0.2,2,8205,0.0
2026-10-05 12:13:41,flamesafe,0,0,0,6001,21
2026-10-05 12:13:41,engine,2,0,2,2413274,98
2026-10-05 12:13:41,deck,11,8,3,9974,36
2026-10-05 12:13:41,soak,9,3,6,68393,50
2026-10-05 12:13:41,BEYOND,16,3,12,958520,1379
2026-10-05 12:13:41,MadMapper,5,2,3,1108114,1020
2026-10-05 12:13:41,system,23,15,8,,,0.6,0.2,2,8098,0.0
2026-10-05 12:13:42,flamesafe,2,0,2,6001,21
2026-10-05 12:13:42,engine,2,2,0,2413493,98
2026-10-05 12:13:42,deck,5,3,2,9974,36
2026-10-05 12:13:42,soak,2,2,0,68397,50
2026-10-05 12:13:42,BEYOND,20,5,16,958656,1379
2026-10-05 12:13:42,MadMapper,8,3,5,1108118,1020
2026-10-05 12:13:42,system,15,10,5,,,0.4,0.0,2,8100,0.0
2026-10-05 12:13:43,flamesafe,3,3,0,6001,21
2026-10-05 12:13:43,engine,2,2,0,2413725,98
2026-10-05 12:13:43,deck,2,0,2,9974,36
2026-10-05 12:13:43,soak,3,3,0,68401,50
2026-10-05 12:13:43,BEYOND,12,2,11,958783,1379
2026-10-05 12:13:43,MadMapper,3,0,3,1108122,1020
2026-10-05 12:13:43,system,7,4,4,,,0.0,0.2,2,8199,0.0
2026-10-05 12:13:44,flamesafe,3,3,0,6001,21
2026-10-05 12:13:44,engine,5,2,3,2413948,98
2026-10-05 12:13:44,deck,3,2,2,9974,36
2026-10-05 12:13:44,soak,0,0,0,68405,50
2026-10-05 12:13:44,BEYOND,5,0,5,958911,1379
2026-10-05 12:13:44,MadMapper,3,0,3,1108150,1020
2026-10-05 12:13:44,system,5,3,2,,,0.0,0.0,0,8200,0.0
2026-10-05 12:13:45,flamesafe,0,0,0,6001,21
2026-10-05 12:13:45,engine,9,8,2,2414169,98
2026-10-05 12:13:45,deck,6,3,3,9974,36
2026-10-05 12:13:45,soak,2,2,0,68409,50
2026-10-05 12:13:45,BEYOND,5,3,2,959040,1379
2026-10-05 12:13:45,MadMapper,6,2,5,1108186,1019
2026-10-05 12:13:45,system,13,10,3,,,0.4,0.4,3,8235,0.0
2026-10-05 12:13:46,flamesafe,2,2,0,6001,21
2026-10-05 12:13:46,engine,8,6,2,2426767,98
2026-10-05 12:13:46,deck,5,5,0,9974,36
2026-10-05 12:13:46,soak,5,2,3,68437,50
2026-10-05 12:13:46,BEYOND,23,8,16,959168,1379
2026-10-05 12:13:46,MadMapper,5,2,3,1108190,1019
2026-10-05 12:13:46,system,36,28,8,,,0.8,0.0,3,8064,0.0
2026-10-05 12:13:47,flamesafe,2,0,2,6001,21
2026-10-05 12:13:47,engine,6,6,0,2426985,98
2026-10-05 12:13:47,deck,5,3,2,9974,36
2026-10-05 12:13:47,soak,0,0,0,68441,50
2026-10-05 12:13:47,BEYOND,22,6,16,959304,1379
2026-10-05 12:13:47,MadMapper,11,5,6,1108194,1019
2026-10-05 12:13:47,system,31,20,10,,,0.0,0.2,2,8008,0.0
2026-10-05 12:13:48,flamesafe,0,0,0,6001,21
2026-10-05 12:13:48,engine,6,5,2,2427192,98
2026-10-05 12:13:48,deck,2,2,0,9974,36
2026-10-05 12:13:48,soak,0,0,0,68445,50
2026-10-05 12:13:48,BEYOND,5,2,3,959431,1379
2026-10-05 12:13:48,MadMapper,5,2,3,1108198,1019
2026-10-05 12:13:48,system,7,4,2,,,0.0,0.0,0,8186,0.0
2026-10-05 12:13:49,flamesafe,2,0,2,6001,21
2026-10-05 12:13:49,engine,6,5,2,2427454,98
2026-10-05 12:13:49,deck,2,2,0,9974,36
2026-10-05 12:13:49,soak,0,0,0,68449,50
2026-10-05 12:13:49,BEYOND,11,5,6,959559,1379
2026-10-05 12:13:49,MadMapper,6,3,3,1108226,1019
2026-10-05 12:13:49,system,6,3,3,,,0.8,0.0,3,8186,0.0
2026-10-05 12:13:50,flamesafe,0,0,0,6001,21
2026-10-05 12:13:50,engine,6,6,0,2427668,98
2026-10-05 12:13:50,deck,6,3,3,9974,36
2026-10-05 12:13:50,soak,2,0,2,68453,50
2026-10-05 12:13:50,BEYOND,20,6,14,959686,1379
2026-10-05 12:13:50,MadMapper,9,3,6,1108231,1019
2026-10-05 12:13:50,system,12,7,4,,,0.2,0.0,2,8190,0.0
2026-10-05 12:13:51,flamesafe,2,2,0,6001,21
2026-10-05 12:13:51,engine,2,0,2,2440365,99
2026-10-05 12:13:51,deck,3,3,0,9974,36
2026-10-05 12:13:51,soak,12,6,6,68484,50
2026-10-05 12:13:51,BEYOND,12,6,6,959816,1379
2026-10-05 12:13:51,MadMapper,14,5,9,1108235,1019
2026-10-05 12:13:51,system,18,11,7,,,0.0,0.2,2,8176,0.0
2026-10-05 12:13:52,flamesafe,2,2,0,6001,21
2026-10-05 12:13:52,engine,6,3,3,2440579,99
2026-10-05 12:13:52,deck,5,5,0,9974,36
2026-10-05 12:13:52,soak,3,3,0,68488,50
2026-10-05 12:13:52,BEYOND,12,0,12,959953,1379
2026-10-05 12:13:52,MadMapper,17,5,12,1108239,1019
2026-10-05 12:13:52,system,15,10,5,,,0.4,0.2,2,8203,0.0
2026-10-05 12:13:53,flamesafe,2,2,0,6001,21
2026-10-05 12:13:53,engine,5,3,2,2440789,99
2026-10-05 12:13:53,deck,6,5,2,9974,36
2026-10-05 12:13:53,soak,0,0,0,68492,50
2026-10-05 12:13:53,BEYOND,14,9,5,960081,1379
2026-10-05 12:13:53,MadMapper,5,2,3,1108243,1019
2026-10-05 12:13:53,system,17,14,4,,,0.2,0.2,2,8073,0.0
2026-10-05 12:13:54,flamesafe,3,2,2,6001,21
2026-10-05 12:13:54,engine,2,2,0,2441002,99
2026-10-05 12:13:54,deck,3,3,0,9974,36
2026-10-05 12:13:54,soak,0,0,0,68498,50
2026-10-05 12:13:54,BEYOND,17,6,11,960208,1379
2026-10-05 12:13:54,MadMapper,8,3,5,1108271,1019
2026-10-05 12:13:54,system,16,11,5,,,0.2,0.2,3,8058,0.0
2026-10-05 12:13:55,flamesafe,0,0,0,6001,21
2026-10-05 12:13:55,engine,3,3,0,2441208,99
2026-10-05 12:13:55,deck,5,5,0,9974,36
2026-10-05 12:13:55,soak,2,2,0,68502,50
2026-10-05 12:13:55,BEYOND,8,3,5,960336,1379
2026-10-05 12:13:55,MadMapper,0,0,0,1108276,1019
2026-10-05 12:13:55,system,7,4,2,,,0.2,0.2,2,8157,0.0
2026-10-05 12:13:56,flamesafe,0,0,0,6001,21
2026-10-05 12:13:56,engine,9,8,2,2453804,99
2026-10-05 12:13:56,deck,8,8,0,9974,36
2026-10-05 12:13:56,soak,3,0,3,68530,50
2026-10-05 12:13:56,BEYOND,16,2,14,960463,1379
2026-10-05 12:13:56,MadMapper,5,0,5,1108280,1019
2026-10-05 12:13:56,system,14,8,7,,,0.4,0.0,2,8165,0.0
2026-10-05 12:13:57,flamesafe,2,2,0,6001,21
2026-10-05 12:13:57,engine,3,3,0,2454021,99
2026-10-05 12:13:57,deck,5,3,2,9974,36
2026-10-05 12:13:57,soak,0,0,0,68534,50
2026-10-05 12:13:57,BEYOND,9,3,6,960599,1379
2026-10-05 12:13:57,MadMapper,3,2,2,1108284,1019
2026-10-05 12:13:57,system,6,4,2,,,0.2,0.0,2,8195,0.0
2026-10-05 12:13:58,flamesafe,2,2,0,6001,21
2026-10-05 12:13:58,engine,5,5,0,2454252,99
2026-10-05 12:13:58,deck,8,6,2,9974,36
2026-10-05 12:13:58,soak,0,0,0,68538,50
2026-10-05 12:13:58,BEYOND,23,6,17,960726,1379
2026-10-05 12:13:58,MadMapper,9,2,8,1108288,1019
2026-10-05 12:13:58,system,10,5,5,,,0.2,0.6,3,8198,0.0
2026-10-05 12:13:59,flamesafe,2,2,0,6001,21
2026-10-05 12:13:59,engine,3,3,0,2454470,99
2026-10-05 12:13:59,deck,3,3,0,9974,36
2026-10-05 12:13:59,soak,0,0,0,68542,50
2026-10-05 12:13:59,BEYOND,8,0,8,960856,1379
2026-10-05 12:13:59,MadMapper,6,5,2,1108348,1019
2026-10-05 12:13:59,system,7,4,3,,,0.4,0.0,2,8197,0.0
2026-10-05 12:14:00,flamesafe,0,0,0,6001,21
2026-10-05 12:14:00,engine,2,2,0,2454678,99
2026-10-05 12:14:00,deck,3,3,0,9974,36
2026-10-05 12:14:00,soak,0,0,0,68546,50
2026-10-05 12:14:00,BEYOND,8,0,8,960983,1379
2026-10-05 12:14:00,MadMapper,12,2,11,1108352,1019
2026-10-05 12:14:00,system,7,4,3,,,0.4,0.2,2,8198,0.0
2026-10-05 12:14:01,flamesafe,0,0,0,6001,21
2026-10-05 12:14:01,engine,8,5,3,2467297,99
2026-10-05 12:14:01,deck,3,2,2,9974,36
2026-10-05 12:14:01,soak,3,2,2,68574,50
2026-10-05 12:14:01,BEYOND,11,5,6,961111,1379
2026-10-05 12:14:01,MadMapper,9,5,5,1108356,1019
2026-10-05 12:14:01,system,12,7,6,,,0.4,0.2,3,8205,0.0
2026-10-05 12:14:02,flamesafe,0,0,0,6001,21
2026-10-05 12:14:02,engine,0,0,0,2467505,99
2026-10-05 12:14:02,deck,3,3,0,9974,36
2026-10-05 12:14:02,soak,2,0,2,68578,50
2026-10-05 12:14:02,BEYOND,17,2,16,961247,1379
2026-10-05 12:14:02,MadMapper,3,2,2,1108360,1019
2026-10-05 12:14:02,system,11,6,5,,,0.0,0.0,0,8194,0.0
2026-10-05 12:14:03,flamesafe,0,0,0,6001,21
2026-10-05 12:14:03,engine,3,3,0,2467712,99
2026-10-05 12:14:03,deck,6,6,0,9974,36
2026-10-05 12:14:03,soak,0,0,0,68582,50
2026-10-05 12:14:03,BEYOND,9,5,5,961374,1379
2026-10-05 12:14:03,MadMapper,5,0,5,1108364,1019
2026-10-05 12:14:03,system,6,4,2,,,0.2,0.2,2,8195,0.0
2026-10-05 12:14:04,flamesafe,0,0,0,6001,21
2026-10-05 12:14:04,engine,6,6,0,2467932,99
2026-10-05 12:14:04,deck,5,3,2,9974,36
2026-10-05 12:14:04,soak,2,0,2,68586,50
2026-10-05 12:14:04,BEYOND,11,2,9,961502,1379
2026-10-05 12:14:04,MadMapper,3,0,3,1108440,1019
2026-10-05 12:14:04,system,9,4,4,,,0.0,0.4,2,8207,0.0
2026-10-05 12:14:05,flamesafe,0,0,0,6001,21
2026-10-05 12:14:05,engine,6,6,0,2468208,100
2026-10-05 12:14:05,deck,6,6,0,9974,36
2026-10-05 12:14:05,soak,2,2,0,68590,50
2026-10-05 12:14:05,BEYOND,2,0,2,961629,1379
2026-10-05 12:14:05,MadMapper,3,0,3,1108444,1019
2026-10-05 12:14:05,system,6,5,1,,,0.0,0.0,0,8223,0.0
2026-10-05 12:14:06,flamesafe,2,2,0,6001,21
2026-10-05 12:14:06,engine,5,3,2,2480896,100
2026-10-05 12:14:06,deck,6,2,5,9974,36
2026-10-05 12:14:06,soak,6,2,5,68618,50
2026-10-05 12:14:06,BEYOND,14,5,9,961759,1379
2026-10-05 12:14:06,MadMapper,3,2,2,1108448,1019
2026-10-05 12:14:06,system,9,4,5,,,0.0,0.0,0,8230,0.0
2026-10-05 12:14:07,flamesafe,2,2,0,6001,21
2026-10-05 12:14:07,engine,3,2,2,2481107,100
2026-10-05 12:14:07,deck,3,3,0,9974,36
2026-10-05 12:14:07,soak,2,0,2,68622,50
2026-10-05 12:14:07,BEYOND,12,3,9,961894,1379
2026-10-05 12:14:07,MadMapper,9,3,6,1108452,1019
2026-10-05 12:14:07,system,8,5,3,,,0.0,0.4,3,8223,0.0
2026-10-05 12:14:08,flamesafe,2,2,0,6001,21
2026-10-05 12:14:08,engine,0,0,0,2481329,100
2026-10-05 12:14:08,deck,3,2,2,9974,36
2026-10-05 12:14:08,soak,2,2,0,68626,50
2026-10-05 12:14:08,BEYOND,3,0,3,962022,1379
2026-10-05 12:14:08,MadMapper,5,2,3,1108456,1019
2026-10-05 12:14:08,system,7,4,3,,,0.2,0.4,2,8318,0.0
2026-10-05 12:14:09,flamesafe,0,0,0,6001,21
2026-10-05 12:14:09,engine,2,0,2,2481540,100
2026-10-05 12:14:09,deck,2,2,0,9974,36
2026-10-05 12:14:09,soak,2,2,0,68630,50
2026-10-05 12:14:09,BEYOND,6,0,6,962149,1379
2026-10-05 12:14:09,MadMapper,2,2,0,1108484,1019
2026-10-05 12:14:09,system,5,3,2,,,0.2,0.4,3,8320,0.0
2026-10-05 12:14:10,flamesafe,0,0,0,6001,21
2026-10-05 12:14:10,engine,2,2,0,2481759,100
2026-10-05 12:14:10,deck,2,2,0,9974,36
2026-10-05 12:14:10,soak,0,0,0,68634,50
2026-10-05 12:14:10,BEYOND,8,2,6,962277,1379
2026-10-05 12:14:10,MadMapper,2,2,0,1108488,1019
2026-10-05 12:14:10,system,4,3,1,,,0.0,0.0,0,8320,0.0
2026-10-05 12:14:11,flamesafe,0,0,0,6001,21
2026-10-05 12:14:11,engine,8,5,3,2494380,100
2026-10-05 12:14:11,deck,0,0,0,9974,36
2026-10-05 12:14:11,soak,9,3,6,68674,50
2026-10-05 12:14:11,BEYOND,12,2,11,962404,1379
2026-10-05 12:14:11,MadMapper,3,0,3,1108492,1019
2026-10-05 12:14:11,system,19,10,9,,,0.0,0.2,2,8250,0.0
2026-10-05 12:14:12,flamesafe,2,2,0,6001,21
2026-10-05 12:14:12,engine,3,3,0,2494594,100
2026-10-05 12:14:12,deck,5,5,0,9974,36
2026-10-05 12:14:12,soak,3,0,3,68678,50
2026-10-05 12:14:12,BEYOND,14,3,11,962540,1379
2026-10-05 12:14:12,MadMapper,8,5,3,1108496,1019
2026-10-05 12:14:12,system,18,12,6,,,0.8,0.2,3,8170,0.0
2026-10-05 12:14:13,flamesafe,2,2,0,6001,21
2026-10-05 12:14:13,engine,3,2,2,2494824,100
2026-10-05 12:14:13,deck,3,2,2,9974,36
2026-10-05 12:14:13,soak,2,2,0,68682,50
2026-10-05 12:14:13,BEYOND,19,5,14,962669,1379
2026-10-05 12:14:13,MadMapper,8,6,2,1108500,1019
2026-10-05 12:14:13,system,10,6,4,,,0.0,0.0,0,8172,0.0
2026-10-05 12:14:14,flamesafe,0,0,0,6001,21
2026-10-05 12:14:14,engine,3,3,0,2495039,100
2026-10-05 12:14:14,deck,5,3,2,9974,36
2026-10-05 12:14:14,soak,2,0,2,68698,50
2026-10-05 12:14:14,BEYOND,6,5,2,962797,1379
2026-10-05 12:14:14,MadMapper,12,8,5,1108528,1019
2026-10-05 12:14:14,system,16,10,5,,,0.2,0.2,2,8284,0.0
2026-10-05 12:14:15,flamesafe,2,2,0,6001,21
2026-10-05 12:14:15,engine,8,5,3,2495253,100
2026-10-05 12:14:15,deck,2,0,2,9974,36
2026-10-05 12:14:15,soak,0,0,0,68702,50
2026-10-05 12:14:15,BEYOND,11,3,8,962924,1379
2026-10-05 12:14:15,MadMapper,9,2,8,1108564,1019
2026-10-05 12:14:15,system,10,5,5,,,0.2,0.0,2,8280,0.0
2026-10-05 12:14:16,flamesafe,3,3,0,6001,21
2026-10-05 12:14:16,engine,8,6,2,2507864,100
2026-10-05 12:14:16,deck,6,5,2,9974,36
2026-10-05 12:14:16,soak,6,3,3,68807,50
2026-10-05 12:14:16,BEYOND,11,0,11,963052,1379
2026-10-05 12:14:16,MadMapper,12,5,8,1108600,1019
2026-10-05 12:14:16,system,16,8,8,,,0.2,0.2,2,8320,0.0
2026-10-05 12:14:17,flamesafe,0,0,0,6001,21
2026-10-05 12:14:17,engine,3,0,3,2508081,100
2026-10-05 12:14:17,deck,5,5,0,9974,36
2026-10-05 12:14:17,soak,0,0,0,68811,50
2026-10-05 12:14:17,BEYOND,6,2,5,963179,1379
2026-10-05 12:14:17,MadMapper,6,3,3,1108604,1019
2026-10-05 12:14:17,system,9,6,4,,,0.0,0.0,0,8316,0.3
2026-10-05 12:14:18,flamesafe,0,0,0,6001,21
2026-10-05 12:14:18,engine,5,3,2,2508293,100
2026-10-05 12:14:18,deck,3,3,0,9974,36
2026-10-05 12:14:18,soak,0,0,0,68815,50
2026-10-05 12:14:18,BEYOND,2,0,2,963315,1379
2026-10-05 12:14:18,MadMapper,6,6,0,1108608,1019
2026-10-05 12:14:18,system,7,5,2,,,0.0,0.4,3,8317,0.0
2026-10-05 12:14:19,flamesafe,0,0,0,6001,21
2026-10-05 12:14:19,engine,6,5,2,2508578,101
2026-10-05 12:14:19,deck,2,2,0,9974,36
2026-10-05 12:14:19,soak,2,0,2,68819,50
2026-10-05 12:14:19,BEYOND,9,5,5,963443,1379
2026-10-05 12:14:19,MadMapper,14,5,9,1108636,1019
2026-10-05 12:14:19,system,7,3,3,,,0.2,0.4,2,8319,0.0
2026-10-05 12:14:20,flamesafe,2,2,0,6001,21
2026-10-05 12:14:20,engine,3,3,0,2508792,101
2026-10-05 12:14:20,deck,3,2,2,9974,36
2026-10-05 12:14:20,soak,2,2,0,68823,50
2026-10-05 12:14:20,BEYOND,6,0,6,963570,1379
2026-10-05 12:14:20,MadMapper,0,0,0,1108640,1019
2026-10-05 12:14:20,system,6,4,2,,,0.2,0.4,4,8319,0.0
2026-10-05 12:14:21,flamesafe,0,0,0,6001,21
2026-10-05 12:14:21,engine,2,0,2,2521426,101
2026-10-05 12:14:21,deck,3,3,0,9974,36
2026-10-05 12:14:21,soak,6,3,3,69027,50
2026-10-05 12:14:21,BEYOND,8,0,8,963700,1379
2026-10-05 12:14:21,MadMapper,8,3,5,1108644,1019
2026-10-05 12:14:21,system,10,4,7,,,0.6,0.0,3,8319,0.0
2026-10-05 12:14:22,flamesafe,2,2,0,6001,21
2026-10-05 12:14:22,engine,3,3,0,2521634,101
2026-10-05 12:14:22,deck,8,5,3,9974,36
2026-10-05 12:14:22,soak,0,0,0,69031,50
2026-10-05 12:14:22,BEYOND,11,2,9,963827,1379
2026-10-05 12:14:22,MadMapper,6,3,3,1108648,1019
2026-10-05 12:14:22,system,8,5,4,,,0.0,0.4,3,8312,0.0
2026-10-05 12:14:23,flamesafe,2,0,2,6001,21
2026-10-05 12:14:23,engine,3,2,2,2521854,101
2026-10-05 12:14:23,deck,3,3,0,9974,36
2026-10-05 12:14:23,soak,2,2,0,69035,50
2026-10-05 12:14:23,BEYOND,3,0,3,963963,1379
2026-10-05 12:14:23,MadMapper,9,5,5,1108652,1019
2026-10-05 12:14:23,system,6,4,2,,,0.4,0.2,3,8313,0.0
2026-10-05 12:14:24,flamesafe,0,0,0,6001,21
2026-10-05 12:14:24,engine,5,5,0,2522134,101
2026-10-05 12:14:24,deck,3,3,0,9974,36
2026-10-05 12:14:24,soak,0,0,0,69039,50
2026-10-05 12:14:24,BEYOND,8,0,8,964090,1379
2026-10-05 12:14:24,MadMapper,8,3,5,1108680,1019
2026-10-05 12:14:24,system,7,4,3,,,0.6,0.0,2,8314,0.0
2026-10-05 12:14:25,flamesafe,0,0,0,6001,21
2026-10-05 12:14:25,engine,0,0,0,2522354,101
2026-10-05 12:14:25,deck,3,3,0,9974,36
2026-10-05 12:14:25,soak,2,0,2,69043,50
2026-10-05 12:14:25,BEYOND,8,0,8,964218,1379
2026-10-05 12:14:25,MadMapper,9,2,8,1108684,1019
2026-10-05 12:14:25,system,5,2,3,,,0.0,0.0,0,8314,0.0
2026-10-05 12:14:26,flamesafe,2,2,0,6001,21
2026-10-05 12:14:26,engine,8,5,3,2534937,101
2026-10-05 12:14:26,deck,8,6,2,9974,36
2026-10-05 12:14:26,soak,2,2,0,69143,50
2026-10-05 12:14:26,BEYOND,14,5,9,964345,1379
2026-10-05 12:14:26,MadMapper,11,6,5,1108688,1019
2026-10-05 12:14:26,system,12,7,5,,,0.0,0.0,0,8314,0.0
2026-10-05 12:14:27,flamesafe,0,0,0,6001,21
2026-10-05 12:14:27,engine,3,3,0,2535153,101
2026-10-05 12:14:27,deck,6,5,2,9974,36
2026-10-05 12:14:27,soak,0,0,0,69147,50
2026-10-05 12:14:27,BEYOND,2,2,0,964473,1379
2026-10-05 12:14:27,MadMapper,0,0,0,1108692,1019
2026-10-05 12:14:27,system,4,3,1,,,0.2,0.0,2,8322,0.0
2026-10-05 12:14:28,flamesafe,0,0,0,6001,21
2026-10-05 12:14:28,engine,2,0,2,2535363,101
2026-10-05 12:14:28,deck,5,3,2,9974,36
2026-10-05 12:14:28,soak,5,2,3,69151,50
2026-10-05 12:14:28,BEYOND,6,0,6,964610,1379
2026-10-05 12:14:28,MadMapper,5,0,5,1108720,1019
2026-10-05 12:14:28,system,6,3,3,,,0.2,0.0,2,8322,0.0
2026-10-05 12:14:29,flamesafe,2,2,0,6001,21
2026-10-05 12:14:29,engine,2,2,0,2535580,101
2026-10-05 12:14:29,deck,3,3,0,9974,36
2026-10-05 12:14:29,soak,2,2,0,69155,50
2026-10-05 12:14:29,BEYOND,3,2,2,964738,1379
2026-10-05 12:14:29,MadMapper,5,2,3,1108724,1019
2026-10-05 12:14:29,system,6,4,2,,,0.0,0.2,2,8322,0.0
2026-10-05 12:14:30,flamesafe,3,2,2,6001,21
2026-10-05 12:14:30,engine,6,2,5,2535791,101
2026-10-05 12:14:30,deck,3,3,0,9974,36
2026-10-05 12:14:30,soak,0,0,0,69159,50
2026-10-05 12:14:30,BEYOND,12,3,9,964865,1379
2026-10-05 12:14:30,MadMapper,8,5,3,1108728,1019
2026-10-05 12:14:30,system,6,3,3,,,0.0,0.0,0,8324,0.0
2026-10-05 12:14:31,flamesafe,2,2,0,6001,21
2026-10-05 12:14:31,engine,3,2,2,2548386,101
2026-10-05 12:14:31,deck,3,3,0,9974,36
2026-10-05 12:14:31,soak,8,5,3,69187,50
2026-10-05 12:14:31,BEYOND,3,2,2,964993,1379
2026-10-05 12:14:31,MadMapper,11,5,6,1108732,1019
2026-10-05 12:14:31,system,10,5,4,,,0.2,0.0,2,8325,0.0
2026-10-05 12:14:32,flamesafe,0,0,0,6001,21
2026-10-05 12:14:32,engine,6,6,0,2548657,102
2026-10-05 12:14:32,deck,3,3,0,9974,36
2026-10-05 12:14:32,soak,0,0,0,69191,50
2026-10-05 12:14:32,BEYOND,5,0,5,965120,1379
2026-10-05 12:14:32,MadMapper,9,3,6,1108736,1019
2026-10-05 12:14:32,system,8,5,3,,,0.2,0.2,3,8335,0.0
2026-10-05 12:14:33,flamesafe,0,0,0,6001,21
2026-10-05 12:14:33,engine,5,5,0,2548875,102
2026-10-05 12:14:33,deck,5,3,2,9974,36
2026-10-05 12:14:33,soak,0,0,0,69195,50
2026-10-05 12:14:33,BEYOND,5,3,2,965256,1379
2026-10-05 12:14:33,MadMapper,5,2,3,1108796,1019
2026-10-05 12:14:33,system,5,4,2,,,0.2,0.2,2,8326,0.0
2026-10-05 12:14:34,flamesafe,0,0,0,6001,21
2026-10-05 12:14:34,engine,0,0,0,2549087,102
2026-10-05 12:14:34,deck,2,2,0,9974,36
2026-10-05 12:14:34,soak,2,0,2,69199,50
2026-10-05 12:14:34,BEYOND,6,3,3,965384,1379
2026-10-05 12:14:34,MadMapper,6,5,2,1108848,1019
2026-10-05 12:14:34,system,4,3,2,,,0.0,0.0,0,8326,0.0
2026-10-05 12:14:35,flamesafe,2,2,0,6001,21
2026-10-05 12:14:35,engine,9,3,6,2549318,102
2026-10-05 12:14:35,deck,5,5,0,9974,36
2026-10-05 12:14:35,soak,2,2,0,69215,50
2026-10-05 12:14:35,BEYOND,3,2,2,965511,1379
2026-10-05 12:14:35,MadMapper,6,0,6,1108853,1019
2026-10-05 12:14:35,system,9,6,4,,,0.0,0.0,0,8333,0.0
2026-10-05 12:14:36,flamesafe,0,0,0,6001,21
2026-10-05 12:14:36,engine,3,3,0,2561895,102
2026-10-05 12:14:36,deck,5,5,0,9974,36
2026-10-05 12:14:36,soak,6,2,5,69298,50
2026-10-05 12:14:36,BEYOND,6,2,5,965641,1379
2026-10-05 12:14:36,MadMapper,5,2,3,1108857,1019
2026-10-05 12:14:36,system,8,5,3,,,0.4,0.2,2,8333,0.0
2026-10-05 12:14:37,flamesafe,3,2,2,6001,21
2026-10-05 12:14:37,engine,2,2,0,2562113,102
2026-10-05 12:14:37,deck,6,6,0,9974,36
2026-10-05 12:14:37,soak,2,0,2,69306,50
2026-10-05 12:14:37,BEYOND,8,2,6,965768,1379
2026-10-05 12:14:37,MadMapper,8,5,3,1108861,1019
2026-10-05 12:14:37,system,8,6,3,,,0.4,0.2,3,8334,0.0
2026-10-05 12:14:38,flamesafe,3,3,0,6001,21
2026-10-05 12:14:38,engine,5,5,0,2562326,102
2026-10-05 12:14:38,deck,6,2,5,9974,36
2026-10-05 12:14:38,soak,2,2,0,69313,50
2026-10-05 12:14:38,BEYOND,2,0,2,965896,1379
2026-10-05 12:14:38,MadMapper,0,0,0,1108889,1019
2026-10-05 12:14:38,system,7,5,2,,,0.0,0.0,0,8340,0.0
2026-10-05 12:14:39,flamesafe,2,0,2,6001,21
2026-10-05 12:14:39,engine,3,0,3,2562547,102
2026-10-05 12:14:39,deck,5,3,2,9974,36
2026-10-05 12:14:39,soak,0,0,0,69317,50
2026-10-05 12:14:39,BEYOND,3,3,0,966031,1379
2026-10-05 12:14:39,MadMapper,6,2,5,1108893,1019
2026-10-05 12:14:39,system,7,4,2,,,0.2,0.4,3,8342,0.0
2026-10-05 12:14:40,flamesafe,0,0,0,6001,21
2026-10-05 12:14:40,engine,3,3,0,2562772,102
2026-10-05 12:14:40,deck,2,2,0,9974,36
2026-10-05 12:14:40,soak,0,0,0,69321,50
2026-10-05 12:14:40,BEYOND,11,2,9,966159,1379
2026-10-05 12:14:40,MadMapper,2,0,2,1108897,1019
2026-10-05 12:14:40,system,7,5,2,,,0.0,0.4,3,8341,0.0
2026-10-05 12:14:41,flamesafe,0,0,0,6001,21
2026-10-05 12:14:41,engine,8,5,3,2575349,102
2026-10-05 12:14:41,deck,2,2,0,9974,36
2026-10-05 12:14:41,soak,3,3,0,69349,50
2026-10-05 12:14:41,BEYOND,3,0,3,966286,1379
2026-10-05 12:14:41,MadMapper,6,0,6,1108901,1019
2026-10-05 12:14:41,system,8,4,5,,,0.6,0.2,2,8341,0.0
2026-10-05 12:14:42,flamesafe,0,0,0,6001,21
2026-10-05 12:14:42,engine,2,2,0,2575575,102
2026-10-05 12:14:42,deck,0,0,0,9974,36
2026-10-05 12:14:42,soak,2,0,2,69353,50
2026-10-05 12:14:42,BEYOND,6,2,5,966414,1379
2026-10-05 12:14:42,MadMapper,8,6,2,1108906,1019
2026-10-05 12:14:42,system,5,4,1,,,0.0,0.0,0,8342,0.0
2026-10-05 12:14:43,flamesafe,0,0,0,6001,21
2026-10-05 12:14:43,engine,2,2,0,2575810,102
2026-10-05 12:14:43,deck,6,6,0,9974,36
2026-10-05 12:14:43,soak,2,0,2,69357,50
2026-10-05 12:14:43,BEYOND,2,0,2,966541,1379
2026-10-05 12:14:43,MadMapper,3,2,2,1108935,1019
2026-10-05 12:14:43,system,6,4,2,,,0.4,0.2,3,8343,0.0
2026-10-05 12:14:44,flamesafe,3,2,2,6001,21
2026-10-05 12:14:44,engine,3,3,0,2576028,102
2026-10-05 12:14:44,deck,3,2,2,9974,36
2026-10-05 12:14:44,soak,0,0,0,69361,50
2026-10-05 12:14:44,BEYOND,5,0,5,966679,1379
2026-10-05 12:14:44,MadMapper,3,0,3,1108939,1019
2026-10-05 12:14:44,system,5,2,2,,,0.0,0.0,0,8342,0.0
2026-10-05 12:14:45,flamesafe,2,2,0,6001,21
2026-10-05 12:14:45,engine,5,3,2,2576266,102
2026-10-05 12:14:45,deck,3,3,0,9974,36
2026-10-05 12:14:45,soak,5,3,2,69377,50
2026-10-05 12:14:45,BEYOND,12,2,11,966806,1379
2026-10-05 12:14:45,MadMapper,2,0,2,1108945,1019
2026-10-05 12:14:45,system,8,4,4,,,0.0,0.0,0,8343,0.0
2026-10-05 12:14:46,flamesafe,0,0,0,6001,21
2026-10-05 12:14:46,engine,0,0,0,2588842,102
2026-10-05 12:14:46,deck,3,2,2,9974,36
2026-10-05 12:14:46,soak,0,0,0,69393,50
2026-10-05 12:14:46,BEYOND,6,0,6,966934,1379
2026-10-05 12:14:46,MadMapper,9,3,6,1108981,1019
2026-10-05 12:14:46,system,7,3,4,,,0.0,0.0,0,8341,0.0
2026-10-05 12:14:47,flamesafe,0,0,0,6001,21
2026-10-05 12:14:47,engine,3,3,0,2589058,102
2026-10-05 12:14:47,deck,5,5,0,9974,36
2026-10-05 12:14:47,soak,2,0,2,69397,50
2026-10-05 12:14:47,BEYOND,12,6,6,967061,1379
2026-10-05 12:14:47,MadMapper,8,2,6,1108985,1019
2026-10-05 12:14:47,system,10,6,4,,,0.2,0.2,2,8350,0.0
2026-10-05 12:14:48,flamesafe,2,2,0,6001,21
2026-10-05 12:14:48,engine,5,3,2,2589268,102
2026-10-05 12:14:48,deck,2,0,2,9974,36
2026-10-05 12:14:48,soak,2,0,2,69401,50
2026-10-05 12:14:48,BEYOND,15,3,12,967189,1379
2026-10-05 12:14:48,MadMapper,5,3,2,1109013,1019
2026-10-05 12:14:48,system,7,4,3,,,0.2,0.0,2,8342,0.0
2026-10-05 12:14:49,flamesafe,3,3,0,6001,21
2026-10-05 12:14:49,engine,3,3,0,2589490,102
2026-10-05 12:14:49,deck,2,2,0,9974,36
2026-10-05 12:14:49,soak,2,2,0,69405,50
2026-10-05 12:14:49,BEYOND,12,3,9,967325,1379
2026-10-05 12:14:49,MadMapper,6,5,2,1109017,1019
2026-10-05 12:14:49,system,6,4,2,,,0.0,0.0,0,8341,0.0
2026-10-05 12:14:50,flamesafe,2,2,0,6001,21
2026-10-05 12:14:50,engine,9,9,0,2589757,103
2026-10-05 12:14:50,deck,2,2,0,9974,36
2026-10-05 12:14:50,soak,2,0,2,69409,50
2026-10-05 12:14:50,BEYOND,28,8,20,967452,1379
2026-10-05 12:14:50,MadMapper,17,6,11,1109053,1019
2026-10-05 12:14:50,system,11,6,5,,,0.6,0.0,2,8341,0.0
2026-10-05 12:14:51,flamesafe,2,2,0,6001,21
2026-10-05 12:14:51,engine,8,3,5,2602361,103
2026-10-05 12:14:51,deck,6,5,2,9974,36
2026-10-05 12:14:51,soak,2,0,2,69437,50
2026-10-05 12:14:51,BEYOND,17,3,14,967582,1379
2026-10-05 12:14:51,MadMapper,12,6,6,1109057,1019
2026-10-05 12:14:51,system,14,7,7,,,0.6,0.2,3,8326,0.0
2026-10-05 12:14:53,flamesafe,3,3,0,6001,21
2026-10-05 12:14:53,engine,2,0,2,2602576,103
2026-10-05 12:14:53,deck,6,6,0,9974,36
2026-10-05 12:14:53,soak,0,0,0,69441,50
2026-10-05 12:14:53,BEYOND,12,3,9,967709,1379
2026-10-05 12:14:53,MadMapper,6,3,3,1109061,1019
2026-10-05 12:14:53,system,7,4,3,,,0.6,0.0,4,8328,0.0
2026-10-05 12:14:54,flamesafe,0,0,0,6001,21
2026-10-05 12:14:54,engine,3,2,2,2602851,103
2026-10-05 12:14:54,deck,3,3,0,9974,36
2026-10-05 12:14:54,soak,2,0,2,69445,50
2026-10-05 12:14:54,BEYOND,18,9,9,967837,1379
2026-10-05 12:14:54,MadMapper,8,5,3,1109089,1019
2026-10-05 12:14:54,system,9,5,4,,,0.6,0.2,3,8327,0.0
2026-10-05 12:14:55,flamesafe,0,0,0,6001,21
2026-10-05 12:14:55,engine,3,3,0,2603074,103
2026-10-05 12:14:55,deck,3,2,2,9974,36
2026-10-05 12:14:55,soak,2,2,0,69449,50
2026-10-05 12:14:55,BEYOND,22,5,17,967972,1379
2026-10-05 12:14:55,MadMapper,3,3,0,1109093,1019
2026-10-05 12:14:55,system,8,4,4,,,0.2,0.0,2,8327,0.0
2026-10-05 12:14:56,flamesafe,2,2,0,6001,21
2026-10-05 12:14:56,engine,3,2,2,2603333,103
2026-10-05 12:14:56,deck,2,2,0,9974,36
2026-10-05 12:14:56,soak,2,0,2,69477,50
2026-10-05 12:14:56,BEYOND,20,3,17,968100,1379
2026-10-05 12:14:56,MadMapper,12,3,9,1109097,1019
2026-10-05 12:14:56,system,10,4,6,,,0.4,0.0,2,8332,0.0
2026-10-05 12:14:57,flamesafe,0,0,0,6001,21
2026-10-05 12:14:57,engine,2,2,0,2615939,103
2026-10-05 12:14:57,deck,5,3,2,9974,36
2026-10-05 12:14:57,soak,2,0,2,69482,50
2026-10-05 12:14:57,BEYOND,11,0,11,968227,1379
2026-10-05 12:14:57,MadMapper,9,5,5,1109101,1019
2026-10-05 12:14:57,system,6,3,4,,,0.0,0.2,2,8326,0.0
2026-10-05 12:14:58,flamesafe,2,2,0,6001,21
2026-10-05 12:14:58,engine,2,2,0,2616154,103
2026-10-05 12:14:58,deck,6,6,0,9974,36
2026-10-05 12:14:58,soak,2,2,0,69486,50
2026-10-05 12:14:58,BEYOND,20,5,16,968355,1379
2026-10-05 12:14:58,MadMapper,9,3,6,1109105,1019
2026-10-05 12:14:58,system,8,4,4,,,0.2,0.0,2,8326,0.0
2026-10-05 12:14:59,flamesafe,0,0,0,6001,21
2026-10-05 12:14:59,engine,8,5,3,2616391,103
2026-10-05 12:14:59,deck,3,3,0,9974,36
2026-10-05 12:14:59,soak,2,0,2,69490,50
2026-10-05 12:14:59,BEYOND,17,2,16,968484,1379
2026-10-05 12:14:59,MadMapper,11,8,3,1109133,1019
2026-10-05 12:14:59,system,8,4,4,,,0.2,0.0,2,8327,0.0
2026-10-05 12:15:00,flamesafe,2,2,0,6001,21
2026-10-05 12:15:00,engine,5,0,5,2616598,103
2026-10-05 12:15:00,deck,0,0,0,9974,36
2026-10-05 12:15:00,soak,3,2,2,69494,50
2026-10-05 12:15:00,BEYOND,14,3,11,968620,1379
2026-10-05 12:15:00,MadMapper,14,6,8,1109137,1019
2026-10-05 12:15:00,system,9,4,5,,,0.8,0.0,3,8335,0.0
2026-10-05 12:15:01,flamesafe,5,2,3,6001,21
2026-10-05 12:15:01,engine,5,5,0,2616821,104
2026-10-05 12:15:01,deck,3,3,0,9974,36
2026-10-05 12:15:01,soak,5,5,0,69498,50
2026-10-05 12:15:01,BEYOND,20,2,19,968747,1379
2026-10-05 12:15:01,MadMapper,9,3,6,1109141,1019
2026-10-05 12:15:01,system,10,5,5,,,0.2,0.0,2,8336,0.0
2026-10-05 12:15:02,flamesafe,2,0,2,6001,21
2026-10-05 12:15:02,engine,9,6,3,2629432,104
2026-10-05 12:15:02,deck,5,5,0,9974,36
2026-10-05 12:15:02,soak,8,3,5,69526,50
2026-10-05 12:15:02,BEYOND,18,3,16,968875,1379
2026-10-05 12:15:02,MadMapper,11,5,6,1109145,1019
2026-10-05 12:15:02,system,13,6,8,,,0.4,0.6,6,8336,0.0
2026-10-05 12:15:03,flamesafe,0,0,0,6001,21
2026-10-05 12:15:03,engine,2,2,0,2629644,104
2026-10-05 12:15:03,deck,2,2,0,9974,36
2026-10-05 12:15:03,soak,2,2,0,69530,50
2026-10-05 12:15:03,BEYOND,17,2,16,969002,1379
2026-10-05 12:15:03,MadMapper,14,6,8,1109149,1019
2026-10-05 12:15:03,system,11,5,6,,,0.4,0.8,7,8346,0.0
2026-10-05 12:15:04,flamesafe,0,0,0,6001,21
2026-10-05 12:15:04,engine,3,2,2,2629857,104
2026-10-05 12:15:04,deck,3,3,0,9974,36
2026-10-05 12:15:04,soak,2,2,0,69534,50
2026-10-05 12:15:04,BEYOND,17,2,16,969130,1379
2026-10-05 12:15:04,MadMapper,3,3,0,1109177,1019
2026-10-05 12:15:04,system,5,2,2,,,0.2,0.2,2,8339,0.0
2026-10-05 12:15:05,flamesafe,2,2,0,6001,21
2026-10-05 12:15:05,engine,3,3,0,2630078,104
2026-10-05 12:15:05,deck,5,2,3,9974,36
2026-10-05 12:15:05,soak,2,2,0,69538,50
2026-10-05 12:15:05,BEYOND,17,5,12,969266,1379
2026-10-05 12:15:05,MadMapper,6,2,5,1109229,1019
2026-10-05 12:15:05,system,8,4,4,,,0.6,0.0,2,8344,0.0
2026-10-05 12:15:06,flamesafe,0,0,0,6001,21
2026-10-05 12:15:06,engine,6,3,3,2630309,104
2026-10-05 12:15:06,deck,6,5,2,9974,36
2026-10-05 12:15:06,soak,5,3,2,69542,50
2026-10-05 12:15:06,BEYOND,12,2,11,969395,1379
2026-10-05 12:15:06,MadMapper,11,6,5,1109233,1019
2026-10-05 12:15:06,system,10,6,4,,,0.2,0.0,2,8339,0.0
2026-10-05 12:15:07,flamesafe,2,2,0,6001,21
2026-10-05 12:15:07,engine,11,5,6,2642904,104
2026-10-05 12:15:07,deck,3,3,0,9974,36
2026-10-05 12:15:07,soak,2,0,2,69570,50
2026-10-05 12:15:07,BEYOND,9,5,5,969523,1379
2026-10-05 12:15:07,MadMapper,8,3,5,1109365,1020
2026-10-05 12:15:07,system,11,5,6,,,0.2,0.0,2,8326,0.0
2026-10-05 12:15:08,flamesafe,3,3,0,6001,21
2026-10-05 12:15:08,engine,6,6,0,2643126,104
2026-10-05 12:15:08,deck,5,5,0,9974,36
2026-10-05 12:15:08,soak,3,2,2,69574,50
2026-10-05 12:15:08,BEYOND,17,2,16,969650,1379
2026-10-05 12:15:08,MadMapper,6,2,5,1109401,1020
2026-10-05 12:15:08,system,9,5,4,,,0.0,0.0,0,8326,0.0
2026-10-05 12:15:09,flamesafe,3,3,0,6001,21
2026-10-05 12:15:09,engine,2,2,0,2643399,104
2026-10-05 12:15:09,deck,8,6,2,9974,36
2026-10-05 12:15:09,soak,0,0,0,69578,50
2026-10-05 12:15:09,BEYOND,6,2,5,969778,1379
2026-10-05 12:15:09,MadMapper,9,3,6,1109429,1020
2026-10-05 12:15:09,system,7,4,3,,,0.2,0.2,2,8326,0.0
2026-10-05 12:15:10,flamesafe,0,0,0,6001,21
2026-10-05 12:15:10,engine,3,3,0,2643619,104
2026-10-05 12:15:10,deck,5,5,0,9974,36
2026-10-05 12:15:10,soak,0,0,0,69582,50
2026-10-05 12:15:10,BEYOND,14,2,12,969905,1379
2026-10-05 12:15:10,MadMapper,12,6,6,1109433,1020
2026-10-05 12:15:10,system,9,5,4,,,0.4,0.2,3,8329,0.0
2026-10-05 12:15:11,flamesafe,2,2,0,6001,21
2026-10-05 12:15:11,engine,2,2,0,2643847,104
2026-10-05 12:15:11,deck,6,5,2,9974,36
2026-10-05 12:15:11,soak,2,0,2,69598,50
2026-10-05 12:15:11,BEYOND,9,2,8,970041,1379
2026-10-05 12:15:11,MadMapper,2,0,2,1109437,1020
2026-10-05 12:15:11,system,8,4,4,,,0.6,0.2,4,8325,0.0
2026-10-05 12:15:12,flamesafe,2,2,0,6001,21
2026-10-05 12:15:12,engine,6,3,3,2656467,104
2026-10-05 12:15:12,deck,3,2,2,9974,36
2026-10-05 12:15:12,soak,5,2,3,69614,50
2026-10-05 12:15:12,BEYOND,12,3,9,970168,1379
2026-10-05 12:15:12,MadMapper,2,0,2,1109441,1020
2026-10-05 12:15:12,system,10,5,4,,,0.0,0.0,0,8325,0.0
2026-10-05 12:15:13,flamesafe,0,0,0,6001,21
2026-10-05 12:15:13,engine,9,3,6,2656678,104
2026-10-05 12:15:13,deck,2,0,2,9974,36
2026-10-05 12:15:13,soak,2,2,0,69618,50
2026-10-05 12:15:13,BEYOND,5,2,3,970298,1379
2026-10-05 12:15:13,MadMapper,2,0,2,1109445,1020
2026-10-05 12:15:13,system,6,3,3,,,0.2,0.6,3,8324,0.0
2026-10-05 12:15:14,flamesafe,0,0,0,6001,21
2026-10-05 12:15:14,engine,3,3,0,2656911,104
2026-10-05 12:15:14,deck,3,3,0,9974,36
2026-10-05 12:15:14,soak,2,2,0,69622,50
2026-10-05 12:15:14,BEYOND,11,2,9,970425,1379
2026-10-05 12:15:14,MadMapper,12,8,5,1109479,1020
2026-10-05 12:15:14,system,8,5,2,,,0.0,0.0,0,8325,0.0
2026-10-05 12:15:15,flamesafe,0,0,0,6001,21
2026-10-05 12:15:15,engine,2,2,0,2657193,105
2026-10-05 12:15:15,deck,6,6,0,9974,36
2026-10-05 12:15:15,soak,0,0,0,69626,50
2026-10-05 12:15:15,BEYOND,8,0,8,970553,1379
2026-10-05 12:15:15,MadMapper,2,0,2,1109483,1020
2026-10-05 12:15:15,system,5,2,2,,,0.0,0.2,2,8331,0.0
2026-10-05 12:15:16,flamesafe,2,2,0,6001,21
2026-10-05 12:15:16,engine,3,3,0,2657437,105
2026-10-05 12:15:16,deck,3,3,0,9974,36
2026-10-05 12:15:16,soak,0,0,0,69630,50
2026-10-05 12:15:16,BEYOND,20,6,14,970688,1379
2026-10-05 12:15:16,MadMapper,8,2,6,1109487,1020
2026-10-05 12:15:16,system,8,5,3,,,0.2,0.0,2,8323,0.0
2026-10-05 12:15:17,flamesafe,0,0,0,6001,21
2026-10-05 12:15:17,engine,5,2,3,2670028,105
2026-10-05 12:15:17,deck,3,2,2,9974,36
2026-10-05 12:15:17,soak,6,6,0,69658,50
2026-10-05 12:15:17,BEYOND,6,0,6,970816,1379
2026-10-05 12:15:17,MadMapper,11,5,6,1109523,1019
2026-10-05 12:15:17,system,11,4,7,,,0.6,0.2,3,8323,0.0
2026-10-05 12:15:18,flamesafe,0,0,0,6001,21
2026-10-05 12:15:18,engine,8,6,2,2670244,105
2026-10-05 12:15:18,deck,5,5,0,9974,36
2026-10-05 12:15:18,soak,2,0,2,69674,50
2026-10-05 12:15:18,BEYOND,9,2,8,970955,1379
2026-10-05 12:15:18,MadMapper,6,6,0,1109527,1019
2026-10-05 12:15:18,system,17,12,5,,,0.6,0.0,3,8217,0.0
2026-10-05 12:15:19,flamesafe,2,2,0,6001,21
2026-10-05 12:15:19,engine,2,0,2,2670457,105
2026-10-05 12:15:19,deck,3,2,2,9974,36
2026-10-05 12:15:19,soak,2,2,0,69678,50
2026-10-05 12:15:19,BEYOND,6,0,6,971083,1379
2026-10-05 12:15:19,MadMapper,6,0,6,1109555,1019
2026-10-05 12:15:19,system,14,8,6,,,0.2,0.2,2,8166,0.0
2026-10-05 12:15:20,flamesafe,0,0,0,6001,21
2026-10-05 12:15:20,engine,6,5,2,2670675,105
2026-10-05 12:15:20,deck,3,3,0,9974,36
2026-10-05 12:15:20,soak,0,0,0,69682,50
2026-10-05 12:15:20,BEYOND,14,6,8,971212,1379
2026-10-05 12:15:20,MadMapper,3,0,3,1109559,1019
2026-10-05 12:15:20,system,12,8,4,,,0.4,0.0,2,8168,0.0
2026-10-05 12:15:21,flamesafe,2,2,0,6001,21
2026-10-05 12:15:21,engine,6,3,3,2670908,105
2026-10-05 12:15:21,deck,2,2,0,9974,36
2026-10-05 12:15:21,soak,2,2,0,69717,50
2026-10-05 12:15:21,BEYOND,9,2,8,971348,1379
2026-10-05 12:15:21,MadMapper,8,6,2,1109563,1019
2026-10-05 12:15:21,system,16,10,6,,,0.2,0.4,2,8292,0.0
2026-10-05 12:15:22,flamesafe,0,0,0,6001,21
2026-10-05 12:15:22,engine,8,5,3,2683502,105
2026-10-05 12:15:22,deck,5,5,0,9974,36
2026-10-05 12:15:22,soak,3,3,0,69752,50
2026-10-05 12:15:22,BEYOND,5,0,5,971476,1379
2026-10-05 12:15:22,MadMapper,2,2,0,1109568,1019
2026-10-05 12:15:22,system,8,4,4,,,0.4,0.0,2,8281,0.0
2026-10-05 12:15:23,flamesafe,0,0,0,6001,21
2026-10-05 12:15:23,engine,5,3,2,2683712,105
2026-10-05 12:15:23,deck,5,5,0,9974,36
2026-10-05 12:15:23,soak,5,3,2,69768,50
2026-10-05 12:15:23,BEYOND,12,2,11,973964,1379
2026-10-05 12:15:23,MadMapper,5,0,5,1109584,1019
2026-10-05 12:15:23,system,9,4,5,,,0.4,0.4,2,8305,0.0
2026-10-05 12:15:24,flamesafe,0,0,0,6001,21
2026-10-05 12:15:24,engine,3,0,3,2683932,105
2026-10-05 12:15:24,deck,6,5,2,9974,36
2026-10-05 12:15:24,soak,3,3,0,69773,50
2026-10-05 12:15:24,BEYOND,25,2,23,974410,1379
2026-10-05 12:15:24,MadMapper,5,2,3,1109612,1019
2026-10-05 12:15:24,system,8,3,5,,,0.0,0.4,2,8307,0.0
2026-10-05 12:15:25,flamesafe,0,0,0,6001,21
2026-10-05 12:15:25,engine,6,3,3,2684148,105
2026-10-05 12:15:25,deck,5,5,0,9974,36
2026-10-05 12:15:25,soak,2,0,2,69777,50
2026-10-05 12:15:25,BEYOND,14,3,11,974537,1379
2026-10-05 12:15:25,MadMapper,6,2,5,1109648,1019
2026-10-05 12:15:25,system,6,2,4,,,0.4,0.4,3,8307,0.0
2026-10-05 12:15:26,flamesafe,0,0,0,6001,21
2026-10-05 12:15:26,engine,2,2,0,2684425,105
2026-10-05 12:15:26,deck,5,5,0,9974,36
2026-10-05 12:15:26,soak,0,0,0,69781,50
2026-10-05 12:15:26,BEYOND,9,0,9,974673,1379
2026-10-05 12:15:26,MadMapper,8,2,6,1109652,1019
2026-10-05 12:15:26,system,4,2,2,,,0.0,0.0,0,8308,0.0
2026-10-05 12:15:27,flamesafe,0,0,0,6001,21
2026-10-05 12:15:27,engine,2,0,2,2697004,106
2026-10-05 12:15:27,deck,5,3,2,9974,36
2026-10-05 12:15:27,soak,5,3,2,69810,50
2026-10-05 12:15:27,BEYOND,11,2,9,974802,1379
2026-10-05 12:15:27,MadMapper,2,2,0,1109656,1019
2026-10-05 12:15:27,system,9,3,5,,,0.0,0.0,0,8309,0.0
2026-10-05 12:15:28,flamesafe,3,2,2,6001,21
2026-10-05 12:15:28,engine,2,2,0,2697216,106
2026-10-05 12:15:28,deck,3,3,0,9974,36
2026-10-05 12:15:28,soak,0,0,0,69814,50
2026-10-05 12:15:28,BEYOND,16,2,14,974931,1379
2026-10-05 12:15:28,MadMapper,8,2,6,1109660,1019
2026-10-05 12:15:28,system,5,2,3,,,0.2,0.0,2,8326,0.0
2026-10-05 12:15:29,flamesafe,2,0,2,6001,21
2026-10-05 12:15:29,engine,3,2,2,2697519,106
2026-10-05 12:15:29,deck,6,5,2,9974,36
2026-10-05 12:15:29,soak,2,2,0,69818,50
2026-10-05 12:15:29,BEYOND,16,3,12,975058,1379
2026-10-05 12:15:29,MadMapper,2,0,2,1109688,1019
2026-10-05 12:15:29,system,5,2,3,,,0.4,0.2,3,8327,0.0
2026-10-05 12:15:30,flamesafe,0,0,0,6001,21
2026-10-05 12:15:30,engine,0,0,0,2697733,106
2026-10-05 12:15:30,deck,6,6,0,9974,36
2026-10-05 12:15:30,soak,2,2,0,69822,50
2026-10-05 12:15:30,BEYOND,9,0,9,975186,1379
2026-10-05 12:15:30,MadMapper,3,2,2,1109692,1019
2026-10-05 12:15:30,system,4,2,2,,,0.2,0.0,2,8328,0.0
2026-10-05 12:15:31,flamesafe,2,2,0,6001,21
2026-10-05 12:15:31,engine,5,3,2,2697959,106
2026-10-05 12:15:31,deck,5,3,2,9974,36
2026-10-05 12:15:31,soak,0,0,0,69850,50
2026-10-05 12:15:31,BEYOND,8,2,6,975321,1379
2026-10-05 12:15:31,MadMapper,9,3,6,1109696,1019
2026-10-05 12:15:31,system,9,5,4,,,0.4,0.4,3,8332,0.0
2026-10-05 12:15:32,flamesafe,2,2,0,6001,21
2026-10-05 12:15:32,engine,3,2,2,2710548,106
2026-10-05 12:15:32,deck,5,5,0,9974,36
2026-10-05 12:15:32,soak,2,2,0,69854,50
2026-10-05 12:15:32,BEYOND,8,2,6,975449,1379
2026-10-05 12:15:32,MadMapper,11,3,8,1109700,1019
2026-10-05 12:15:32,system,6,2,3,,,0.4,0.4,6,8327,0.0
2026-10-05 12:15:33,flamesafe,2,2,0,6001,21
2026-10-05 12:15:33,engine,0,0,0,2710756,106
2026-10-05 12:15:33,deck,2,2,0,9974,36
2026-10-05 12:15:33,soak,2,2,0,69858,50
2026-10-05 12:15:33,BEYOND,8,3,5,975576,1379
2026-10-05 12:15:33,MadMapper,8,6,2,1109704,1019
2026-10-05 12:15:33,system,7,4,3,,,0.2,0.0,2,8335,0.0
2026-10-05 12:15:34,flamesafe,0,0,0,6001,21
2026-10-05 12:15:34,engine,11,9,2,2710976,106
2026-10-05 12:15:34,deck,2,2,0,9974,36
2026-10-05 12:15:34,soak,2,2,0,69862,50
2026-10-05 12:15:34,BEYOND,16,5,11,975706,1379
2026-10-05 12:15:34,MadMapper,5,0,5,1109756,1019
2026-10-05 12:15:34,system,7,2,5,,,0.0,0.4,2,8328,0.0
2026-10-05 12:15:35,flamesafe,0,0,0,6001,21
2026-10-05 12:15:35,engine,3,3,0,2711191,106
2026-10-05 12:15:35,deck,3,2,2,9974,36
2026-10-05 12:15:35,soak,0,0,0,69866,50
2026-10-05 12:15:35,BEYOND,17,3,14,975833,1379
2026-10-05 12:15:35,MadMapper,2,0,2,1109772,1019
2026-10-05 12:15:35,system,4,2,3,,,0.2,0.0,2,8328,0.0
2026-10-05 12:15:36,flamesafe,0,0,0,6001,21
2026-10-05 12:15:36,engine,6,6,0,2711418,106
2026-10-05 12:15:36,deck,3,3,0,9974,36
2026-10-05 12:15:36,soak,3,0,3,69870,50
2026-10-05 12:15:36,BEYOND,8,2,6,975969,1379
2026-10-05 12:15:36,MadMapper,2,2,0,1109788,1019
2026-10-05 12:15:36,system,5,3,2,,,0.0,0.4,2,8329,0.0
2026-10-05 12:15:37,flamesafe,0,0,0,6001,21
2026-10-05 12:15:37,engine,3,2,2,2724002,106
2026-10-05 12:15:37,deck,6,3,3,9974,36
2026-10-05 12:15:37,soak,5,3,2,69898,50
2026-10-05 12:15:37,BEYOND,11,5,6,976097,1379
2026-10-05 12:15:37,MadMapper,9,6,3,1109792,1018
2026-10-05 12:15:37,system,10,5,6,,,0.0,0.4,2,8328,0.0
2026-10-05 12:15:38,flamesafe,0,0,0,6001,21
2026-10-05 12:15:38,engine,6,5,2,2724194,106
2026-10-05 12:15:38,deck,5,5,0,9974,36
2026-10-05 12:15:38,soak,0,0,0,69903,50
2026-10-05 12:15:38,BEYOND,9,2,8,976224,1379
2026-10-05 12:15:38,MadMapper,8,3,5,1109796,1018
2026-10-05 12:15:38,system,4,2,2,,,0.2,0.0,2,8330,0.0
2026-10-05 12:15:39,flamesafe,0,0,0,6001,21
2026-10-05 12:15:39,engine,0,0,0,2724409,106
2026-10-05 12:15:39,deck,3,3,0,9974,36
2026-10-05 12:15:39,soak,2,0,2,69907,50
2026-10-05 12:15:39,BEYOND,8,2,6,976352,1379
2026-10-05 12:15:39,MadMapper,6,0,6,1109824,1018
2026-10-05 12:15:39,system,4,2,2,,,0.0,0.0,0,8331,0.0
2026-10-05 12:15:40,flamesafe,2,2,0,6001,21
2026-10-05 12:15:40,engine,5,2,3,2724633,106
2026-10-05 12:15:40,deck,5,5,0,9974,36
2026-10-05 12:15:40,soak,0,0,0,69911,50
2026-10-05 12:15:40,BEYOND,6,2,5,976484,1379
2026-10-05 12:15:40,MadMapper,6,0,6,1109828,1018
2026-10-05 12:15:40,system,6,3,3,,,0.0,0.0,0,8327,0.0
2026-10-05 12:15:41,flamesafe,0,0,0,6001,21
2026-10-05 12:15:41,engine,6,3,3,2737226,106
2026-10-05 12:15:41,deck,3,3,0,9974,36
2026-10-05 12:15:41,soak,2,2,0,69939,50
2026-10-05 12:15:41,BEYOND,9,0,9,976614,1379
2026-10-05 12:15:41,MadMapper,6,3,3,1109832,1018
2026-10-05 12:15:41,system,10,4,6,,,0.2,0.2,3,8327,0.0
2026-10-05 12:15:42,flamesafe,3,3,0,6001,21
2026-10-05 12:15:42,engine,2,2,0,2737438,106
2026-10-05 12:15:42,deck,5,3,2,9974,36
2026-10-05 12:15:42,soak,0,0,0,69943,50
2026-10-05 12:15:42,BEYOND,9,2,8,976749,1379
2026-10-05 12:15:42,MadMapper,6,0,6,1109868,1019
2026-10-05 12:15:42,system,4,2,2,,,0.0,0.2,2,8330,0.0
2026-10-05 12:15:43,flamesafe,2,0,2,6001,21
2026-10-05 12:15:43,engine,0,0,0,2737697,107
2026-10-05 12:15:43,deck,5,3,2,9974,36
2026-10-05 12:15:43,soak,2,2,0,69947,50
2026-10-05 12:15:43,BEYOND,3,0,3,976877,1379
2026-10-05 12:15:43,MadMapper,5,5,0,1109872,1019
2026-10-05 12:15:43,system,4,2,2,,,0.0,0.6,3,8329,0.0
2026-10-05 12:15:44,flamesafe,2,2,0,6001,21
2026-10-05 12:15:44,engine,2,0,2,2737994,107
2026-10-05 12:15:44,deck,5,5,0,9974,36
2026-10-05 12:15:44,soak,5,3,2,69951,50
2026-10-05 12:15:44,BEYOND,12,2,11,977004,1379
2026-10-05 12:15:44,MadMapper,6,0,6,1109900,1019
2026-10-05 12:15:44,system,6,2,3,,,0.2,0.0,2,8329,0.0
2026-10-05 12:15:45,flamesafe,0,0,0,6001,21
2026-10-05 12:15:45,engine,2,2,0,2738218,107
2026-10-05 12:15:45,deck,5,3,2,9974,36
2026-10-05 12:15:45,soak,2,2,0,69955,50
2026-10-05 12:15:45,BEYOND,3,0,3,977134,1379
2026-10-05 12:15:45,MadMapper,0,0,0,1109904,1019
2026-10-05 12:15:45,system,3,2,1,,,0.0,0.0,0,8329,0.0
2026-10-05 12:15:46,flamesafe,2,2,0,6001,21
2026-10-05 12:15:46,engine,3,3,0,2738455,107
2026-10-05 12:15:46,deck,5,5,0,9974,36
2026-10-05 12:15:46,soak,2,0,2,69971,50
2026-10-05 12:15:46,BEYOND,11,0,11,977261,1379
2026-10-05 12:15:46,MadMapper,8,5,3,1109908,1019
2026-10-05 12:15:46,system,5,3,2,,,0.0,0.0,0,8329,0.0
2026-10-05 12:15:47,flamesafe,0,0,0,6001,21
2026-10-05 12:15:47,engine,5,3,2,2751048,107
2026-10-05 12:15:47,deck,2,0,2,9974,36
2026-10-05 12:15:47,soak,5,3,2,69987,50
2026-10-05 12:15:47,BEYOND,8,0,8,977397,1379
2026-10-05 12:15:47,MadMapper,0,0,0,1109912,1019
2026-10-05 12:15:47,system,7,2,4,,,0.2,0.0,2,8332,0.0
2026-10-05 12:15:48,flamesafe,2,2,0,6001,21
2026-10-05 12:15:48,engine,6,5,2,2751263,107
2026-10-05 12:15:48,deck,5,5,0,9974,36
2026-10-05 12:15:48,soak,2,2,0,69993,50
2026-10-05 12:15:48,BEYOND,8,0,8,977524,1379
2026-10-05 12:15:48,MadMapper,11,5,6,1109948,1019
2026-10-05 12:15:48,system,7,4,4,,,0.2,0.2,2,8331,0.0
2026-10-05 12:15:49,flamesafe,2,2,0,6001,21
2026-10-05 12:15:49,engine,3,3,0,2751491,107
2026-10-05 12:15:49,deck,2,2,0,9974,36
2026-10-05 12:15:49,soak,0,0,0,69997,50
2026-10-05 12:15:49,BEYOND,2,0,2,977654,1379
2026-10-05 12:15:49,MadMapper,3,3,0,1109976,1019
2026-10-05 12:15:49,system,4,2,2,,,0.4,0.0,2,8331,0.0
2026-10-05 12:15:50,flamesafe,2,2,0,6001,21
2026-10-05 12:15:50,engine,0,0,0,2751704,107
2026-10-05 12:15:50,deck,6,5,2,9974,36
2026-10-05 12:15:50,soak,3,0,3,70001,50
2026-10-05 12:15:50,BEYOND,8,3,5,977781,1379
2026-10-05 12:15:50,MadMapper,9,0,9,1109980,1019
2026-10-05 12:15:50,system,5,2,4,,,0.0,0.4,2,8330,0.0
2026-10-05 12:15:51,flamesafe,0,0,0,6001,21
2026-10-05 12:15:51,engine,5,3,2,2764325,107
2026-10-05 12:15:51,deck,5,5,0,9974,36
2026-10-05 12:15:51,soak,3,2,2,70029,50
2026-10-05 12:15:51,BEYOND,16,2,14,977909,1379
2026-10-05 12:15:51,MadMapper,3,0,3,1109984,1019
2026-10-05 12:15:51,system,10,5,5,,,0.2,0.2,2,8328,0.0
2026-10-05 12:15:52,flamesafe,0,0,0,6001,21
2026-10-05 12:15:52,engine,3,3,0,2764542,107
2026-10-05 12:15:52,deck,6,5,2,9974,36
2026-10-05 12:15:52,soak,2,0,2,70033,50
2026-10-05 12:15:52,BEYOND,11,2,9,978045,1379
2026-10-05 12:15:52,MadMapper,3,2,2,1109988,1019
2026-10-05 12:15:52,system,5,2,2,,,0.0,0.0,0,8331,0.0
2026-10-05 12:15:53,flamesafe,0,0,0,6001,21
2026-10-05 12:15:53,engine,2,0,2,2764763,107
2026-10-05 12:15:53,deck,3,3,0,9974,36
2026-10-05 12:15:53,soak,0,0,0,70037,50
2026-10-05 12:15:53,BEYOND,8,3,5,978172,1379
2026-10-05 12:15:53,MadMapper,5,2,3,1109992,1019
2026-10-05 12:15:53,system,3,1,1,,,0.0,0.0,0,8330,0.0
2026-10-05 12:15:54,flamesafe,0,0,0,6001,21
2026-10-05 12:15:54,engine,3,2,2,2764971,107
2026-10-05 12:15:54,deck,3,3,0,9974,36
2026-10-05 12:15:54,soak,2,0,2,70041,50
2026-10-05 12:15:54,BEYOND,5,2,3,978300,1379
2026-10-05 12:15:54,MadMapper,2,2,0,1110020,1019
2026-10-05 12:15:54,system,4,2,2,,,0.4,0.0,2,8331,0.0
2026-10-05 12:15:55,flamesafe,0,0,0,6001,21
2026-10-05 12:15:55,engine,8,3,5,2765180,107
2026-10-05 12:15:55,deck,5,2,3,9974,36
2026-10-05 12:15:55,soak,0,0,0,70045,50
2026-10-05 12:15:55,BEYOND,6,2,5,978427,1379
2026-10-05 12:15:55,MadMapper,6,2,5,1110024,1019
2026-10-05 12:15:55,system,4,2,2,,,0.0,0.2,2,8332,0.0
2026-10-05 12:15:56,flamesafe,2,2,0,6001,21
2026-10-05 12:15:56,engine,0,0,0,2765409,108
2026-10-05 12:15:56,deck,2,2,0,9974,36
2026-10-05 12:15:56,soak,2,0,2,70060,50
2026-10-05 12:15:56,BEYOND,14,2,12,978557,1379
2026-10-05 12:15:56,MadMapper,6,5,2,1110028,1019
2026-10-05 12:15:56,system,8,4,4,,,0.4,0.2,3,8332,0.0
2026-10-05 12:15:57,flamesafe,3,3,0,6001,21
2026-10-05 12:15:57,engine,9,5,5,2778061,108
2026-10-05 12:15:57,deck,3,2,2,9974,36
2026-10-05 12:15:57,soak,2,2,0,70077,50
2026-10-05 12:15:57,BEYOND,5,2,3,978692,1379
2026-10-05 12:15:57,MadMapper,2,2,0,1110032,1019
2026-10-05 12:15:57,system,6,4,3,,,0.0,0.2,2,8332,0.0
2026-10-05 12:15:58,flamesafe,0,0,0,6001,21
2026-10-05 12:15:58,engine,0,0,0,2778275,108
2026-10-05 12:15:58,deck,5,3,2,9974,36
2026-10-05 12:15:58,soak,2,2,0,70081,50
2026-10-05 12:15:58,BEYOND,8,0,8,978820,1379
2026-10-05 12:15:58,MadMapper,6,3,3,1110036,1018
2026-10-05 12:15:58,system,6,3,3,,,0.2,0.2,2,8353,0.0
2026-10-05 12:15:59,flamesafe,0,0,0,6001,21
2026-10-05 12:15:59,engine,5,3,2,2778499,108
2026-10-05 12:15:59,deck,6,5,2,9974,36
2026-10-05 12:15:59,soak,0,0,0,70085,50
2026-10-05 12:15:59,BEYOND,6,2,5,978947,1379
2026-10-05 12:15:59,MadMapper,2,0,2,1110096,1019
2026-10-05 12:15:59,system,3,2,2,,,0.2,0.0,2,8352,0.0
2026-10-05 12:16:00,flamesafe,0,0,0,6001,21
2026-10-05 12:16:00,engine,6,5,2,2778720,108
2026-10-05 12:16:00,deck,5,5,0,9974,36
2026-10-05 12:16:00,soak,2,0,2,70089,50
2026-10-05 12:16:00,BEYOND,5,2,3,979075,1379
2026-10-05 12:16:00,MadMapper,2,0,2,1110100,1019
2026-10-05 12:16:00,system,4,3,1,,,0.0,0.2,2,8352,0.0
2026-10-05 12:16:01,flamesafe,2,2,0,6001,21
2026-10-05 12:16:01,engine,3,3,0,2791348,108
2026-10-05 12:16:01,deck,5,5,0,9974,36
2026-10-05 12:16:01,soak,11,8,3,70117,50
2026-10-05 12:16:01,BEYOND,6,2,5,979202,1379
2026-10-05 12:16:01,MadMapper,2,2,0,1110105,1019
2026-10-05 12:16:01,system,8,5,3,,,0.0,0.0,0,8349,0.1
2026-10-05 12:16:02,flamesafe,0,0,0,6001,21
2026-10-05 12:16:02,engine,2,2,0,2791560,108
2026-10-05 12:16:02,deck,5,5,0,9974,36
2026-10-05 12:16:02,soak,0,0,0,70121,50
2026-10-05 12:16:02,BEYOND,11,5,6,979338,1379
2026-10-05 12:16:02,MadMapper,3,0,3,1110109,1019
2026-10-05 12:16:02,system,4,2,2,,,0.2,0.0,2,8351,0.0
2026-10-05 12:16:03,flamesafe,0,0,0,6001,21
2026-10-05 12:16:03,engine,6,3,3,2791768,108
2026-10-05 12:16:03,deck,2,2,0,9974,36
2026-10-05 12:16:03,soak,0,0,0,70125,50
2026-10-05 12:16:03,BEYOND,16,3,12,979467,1379
2026-10-05 12:16:03,MadMapper,6,3,3,1110113,1019
2026-10-05 12:16:03,system,5,2,3,,,0.0,0.2,2,8351,0.0
2026-10-05 12:16:04,flamesafe,0,0,0,6001,21
2026-10-05 12:16:04,engine,6,2,5,2791990,108
2026-10-05 12:16:04,deck,3,3,0,9974,36
2026-10-05 12:16:04,soak,2,2,0,70129,50
2026-10-05 12:16:04,BEYOND,15,3,12,979595,1379
2026-10-05 12:16:04,MadMapper,6,2,5,1110189,1019
2026-10-05 12:16:04,system,9,3,6,,,0.2,0.4,3,8359,0.0
2026-10-05 12:16:05,flamesafe,2,2,0,6001,21
2026-10-05 12:16:05,engine,2,2,0,2792209,108
2026-10-05 12:16:05,deck,2,0,2,9974,36
2026-10-05 12:16:05,soak,2,2,0,70133,50
2026-10-05 12:16:05,BEYOND,16,5,11,979722,1379
2026-10-05 12:16:05,MadMapper,5,2,3,1110193,1019
2026-10-05 12:16:05,system,4,2,2,,,0.2,0.0,2,8352,0.0
2026-10-05 12:16:06,flamesafe,0,0,0,6001,21
2026-10-05 12:16:06,engine,2,0,2,2792441,108
2026-10-05 12:16:06,deck,2,0,2,9974,36
2026-10-05 12:16:06,soak,2,2,0,70161,50
2026-10-05 12:16:06,BEYOND,20,3,17,979850,1379
2026-10-05 12:16:06,MadMapper,5,2,3,1110197,1019
2026-10-05 12:16:06,system,8,2,5,,,0.0,0.0,0,8357,0.0
2026-10-05 12:16:07,flamesafe,0,0,0,6001,21
2026-10-05 12:16:07,engine,9,2,8,2805050,108
2026-10-05 12:16:07,deck,3,2,2,9974,36
2026-10-05 12:16:07,soak,3,2,2,70166,50
2026-10-05 12:16:07,BEYOND,14,3,11,979986,1379
2026-10-05 12:16:07,MadMapper,6,0,6,1110201,1019
2026-10-05 12:16:07,system,6,2,4,,,0.0,0.2,2,8354,0.0
2026-10-05 12:16:08,flamesafe,0,0,0,6001,21
2026-10-05 12:16:08,engine,0,0,0,2805266,108
2026-10-05 12:16:08,deck,3,3,0,9974,36
2026-10-05 12:16:08,soak,0,0,0,70170,50
2026-10-05 12:16:08,BEYOND,17,2,16,980113,1379
2026-10-05 12:16:08,MadMapper,5,0,5,1110205,1019
2026-10-05 12:16:08,system,5,2,3,,,0.4,0.0,2,8353,0.0
2026-10-05 12:16:09,flamesafe,0,0,0,6001,21
2026-10-05 12:16:09,engine,3,3,0,2805478,108
2026-10-05 12:16:09,deck,2,0,2,9974,36
2026-10-05 12:16:09,soak,0,0,0,70174,50
2026-10-05 12:16:09,BEYOND,14,2,12,980241,1379
2026-10-05 12:16:09,MadMapper,9,2,8,1110235,1018
2026-10-05 12:16:09,system,5,1,4,,,0.2,0.0,2,8353,0.0
2026-10-05 12:16:10,flamesafe,3,0,3,6001,21
2026-10-05 12:16:10,engine,2,0,2,2805750,109
2026-10-05 12:16:10,deck,6,5,2,9974,36
2026-10-05 12:16:10,soak,2,2,0,70178,50
2026-10-05 12:16:10,BEYOND,17,6,11,980370,1379
2026-10-05 12:16:10,MadMapper,2,0,2,1110239,1018
2026-10-05 12:16:10,system,5,2,3,,,0.0,0.2,2,8353,0.0
2026-10-05 12:16:11,flamesafe,0,0,0,6001,21
2026-10-05 12:16:11,engine,6,5,2,2818434,109
2026-10-05 12:16:11,deck,3,3,0,9974,36
2026-10-05 12:16:11,soak,3,0,3,70207,50
2026-10-05 12:16:11,BEYOND,12,0,12,980498,1379
2026-10-05 12:16:11,MadMapper,3,2,2,1110243,1018
2026-10-05 12:16:11,system,8,3,5,,,0.2,0.0,2,8351,0.0
2026-10-05 12:16:12,flamesafe,3,3,0,6001,21
2026-10-05 12:16:12,engine,6,3,3,2818651,109
2026-10-05 12:16:12,deck,8,5,3,9974,36
2026-10-05 12:16:12,soak,2,0,2,70211,50
2026-10-05 12:16:12,BEYOND,11,2,9,980629,1379
2026-10-05 12:16:12,MadMapper,5,0,5,1110247,1018
2026-10-05 12:16:12,system,5,2,3,,,0.0,0.0,0,8350,0.0
2026-10-05 12:16:13,flamesafe,2,2,0,6001,21
2026-10-05 12:16:13,engine,3,3,0,2818866,109
2026-10-05 12:16:13,deck,3,2,2,9974,36
2026-10-05 12:16:13,soak,2,2,0,70215,50
2026-10-05 12:16:13,BEYOND,12,0,12,980761,1379
2026-10-05 12:16:13,MadMapper,3,2,2,1110251,1018
2026-10-05 12:16:13,system,5,3,2,,,0.0,0.0,0,8350,0.0
2026-10-05 12:16:14,flamesafe,0,0,0,6001,21
2026-10-05 12:16:14,engine,5,5,0,2819100,109
2026-10-05 12:16:14,deck,5,3,2,9974,36
2026-10-05 12:16:14,soak,2,2,0,70219,50
2026-10-05 12:16:14,BEYOND,9,0,9,980888,1379
2026-10-05 12:16:14,MadMapper,2,0,2,1110279,1018
2026-10-05 12:16:14,system,4,2,2,,,0.0,0.2,2,8351,0.0
2026-10-05 12:16:15,flamesafe,0,0,0,6001,21
2026-10-05 12:16:15,engine,2,0,2,2819314,109
2026-10-05 12:16:15,deck,6,6,0,9974,36
2026-10-05 12:16:15,soak,2,0,2,70223,50
2026-10-05 12:16:15,BEYOND,11,0,11,981016,1379
2026-10-05 12:16:15,MadMapper,3,3,0,1110283,1018
2026-10-05 12:16:15,system,5,2,3,,,0.0,0.2,2,8351,0.0
2026-10-05 12:16:16,flamesafe,0,0,0,6001,21
2026-10-05 12:16:16,engine,6,6,0,2831910,109
2026-10-05 12:16:16,deck,2,2,0,9974,36
2026-10-05 12:16:16,soak,3,0,3,70251,50
2026-10-05 12:16:16,BEYOND,5,0,5,981143,1379
2026-10-05 12:16:16,MadMapper,5,2,3,1110319,1019
2026-10-05 12:16:16,system,7,4,4,,,0.8,0.0,4,8347,0.0
2026-10-05 12:16:17,flamesafe,0,0,0,6001,21
2026-10-05 12:16:17,engine,2,0,2,2832141,109
2026-10-05 12:16:17,deck,5,5,0,9974,36
2026-10-05 12:16:17,soak,0,0,0,70255,50
2026-10-05 12:16:17,BEYOND,9,2,8,981271,1379
2026-10-05 12:16:17,MadMapper,5,3,2,1110323,1019
2026-10-05 12:16:17,system,3,1,2,,,0.2,0.0,2,8348,0.0
2026-10-05 12:16:18,flamesafe,0,0,0,6001,21
2026-10-05 12:16:18,engine,3,3,0,2832349,109
2026-10-05 12:16:18,deck,8,5,3,9974,36
2026-10-05 12:16:18,soak,3,2,2,70259,50
2026-10-05 12:16:18,BEYOND,6,2,5,981408,1379
2026-10-05 12:16:18,MadMapper,9,2,8,1110327,1019
2026-10-05 12:16:18,system,4,2,2,,,0.2,0.0,2,8348,0.0
2026-10-05 12:16:19,flamesafe,0,0,0,6001,21
2026-10-05 12:16:19,engine,5,3,2,2832570,109
2026-10-05 12:16:19,deck,3,3,0,9974,36
2026-10-05 12:16:19,soak,2,2,0,70263,50
2026-10-05 12:16:19,BEYOND,11,2,9,981536,1379
2026-10-05 12:16:19,MadMapper,0,0,0,1110387,1019
2026-10-05 12:16:19,system,8,4,4,,,0.0,0.6,3,8347,0.0
2026-10-05 12:16:20,flamesafe,0,0,0,6001,21
2026-10-05 12:16:20,engine,2,0,2,2832795,109
2026-10-05 12:16:20,deck,2,2,0,9974,36
2026-10-05 12:16:20,soak,2,2,0,70267,50
2026-10-05 12:16:20,BEYOND,6,3,3,981663,1379
2026-10-05 12:16:20,MadMapper,11,3,8,1110391,1019
2026-10-05 12:16:20,system,4,2,2,,,0.0,0.0,0,8348,0.0
2026-10-05 12:16:21,flamesafe,0,0,0,6001,21
2026-10-05 12:16:21,engine,5,3,2,2845397,109
2026-10-05 12:16:21,deck,6,5,2,9974,36
2026-10-05 12:16:21,soak,3,3,0,70320,50
2026-10-05 12:16:21,BEYOND,8,3,5,981791,1379
2026-10-05 12:16:21,MadMapper,3,3,0,1110395,1019
2026-10-05 12:16:21,system,11,5,6,,,1.0,0.0,4,8348,0.0
2026-10-05 12:16:22,flamesafe,0,0,0,6001,21
2026-10-05 12:16:22,engine,9,5,5,2845609,110
2026-10-05 12:16:22,deck,3,2,2,9974,36
2026-10-05 12:16:22,soak,0,0,0,70324,50
2026-10-05 12:16:22,BEYOND,8,2,6,981918,1379
2026-10-05 12:16:22,MadMapper,3,2,2,1110399,1019
2026-10-05 12:16:22,system,4,2,2,,,0.0,0.2,2,8341,0.0
2026-10-05 12:16:23,flamesafe,0,0,0,6001,21
2026-10-05 12:16:23,engine,3,3,0,2845824,110
2026-10-05 12:16:23,deck,0,0,0,9974,36
2026-10-05 12:16:23,soak,2,2,0,70328,50
2026-10-05 12:16:23,BEYOND,18,5,14,982054,1379
2026-10-05 12:16:23,MadMapper,5,2,3,1110403,1019
2026-10-05 12:16:23,system,4,2,2,,,0.0,0.0,0,8342,0.0
2026-10-05 12:16:24,flamesafe,2,2,0,6001,21
2026-10-05 12:16:24,engine,3,3,0,2846072,110
2026-10-05 12:16:24,deck,3,3,0,9974,36
2026-10-05 12:16:24,soak,0,0,0,70344,50
2026-10-05 12:16:24,BEYOND,11,5,6,982184,1379
2026-10-05 12:16:24,MadMapper,8,2,6,1110431,1019
2026-10-05 12:16:24,system,17,12,5,,,0.2,0.2,2,8214,0.1
2026-10-05 12:16:25,flamesafe,0,0,0,6001,21
2026-10-05 12:16:25,engine,6,6,0,2846289,110
2026-10-05 12:16:25,deck,2,2,0,9974,36
2026-10-05 12:16:25,soak,2,2,0,70348,50
2026-10-05 12:16:25,BEYOND,5,2,3,982311,1379
2026-10-05 12:16:25,MadMapper,8,0,8,1110435,1019
2026-10-05 12:16:25,system,10,6,4,,,0.2,0.0,2,8183,0.0
2026-10-05 12:16:26,flamesafe,0,0,0,6001,21
2026-10-05 12:16:26,engine,6,3,3,2858893,110
2026-10-05 12:16:26,deck,3,3,0,9974,36
2026-10-05 12:16:26,soak,5,2,3,70389,50
2026-10-05 12:16:26,BEYOND,9,2,8,982439,1379
2026-10-05 12:16:26,MadMapper,8,5,3,1110439,1019
2026-10-05 12:16:26,system,22,12,10,,,1.1,0.2,4,8317,0.0
2026-10-05 12:16:27,flamesafe,0,0,0,6001,21
2026-10-05 12:16:27,engine,0,0,0,2859124,110
2026-10-05 12:16:27,deck,5,3,2,9974,36
2026-10-05 12:16:27,soak,2,0,2,70393,50
2026-10-05 12:16:27,BEYOND,6,2,5,982566,1379
2026-10-05 12:16:27,MadMapper,9,5,5,1110443,1019
2026-10-05 12:16:27,system,4,2,3,,,0.4,0.2,4,8315,0.0
2026-10-05 12:16:28,flamesafe,0,0,0,6001,21
2026-10-05 12:16:28,engine,2,0,2,2859402,110
2026-10-05 12:16:28,deck,2,2,0,9974,36
2026-10-05 12:16:28,soak,0,0,0,70397,50
2026-10-05 12:16:28,BEYOND,5,3,2,982702,1379
2026-10-05 12:16:28,MadMapper,2,2,0,1110447,1019
2026-10-05 12:16:28,system,5,2,2,,,0.2,0.4,2,8308,0.0
2026-10-05 12:16:29,flamesafe,0,0,0,6001,21
2026-10-05 12:16:29,engine,3,0,3,2859632,110
2026-10-05 12:16:29,deck,6,5,2,9974,36
2026-10-05 12:16:29,soak,2,0,2,70413,50
2026-10-05 12:16:29,BEYOND,6,0,6,982829,1379
2026-10-05 12:16:29,MadMapper,6,2,5,1110475,1018
2026-10-05 12:16:29,system,7,2,4,,,0.2,0.4,4,8341,0.0
2026-10-05 12:16:30,flamesafe,0,0,0,6001,21
2026-10-05 12:16:30,engine,2,2,0,2859857,110
2026-10-05 12:16:30,deck,5,3,2,9974,36
2026-10-05 12:16:30,soak,2,2,0,70418,50
2026-10-05 12:16:30,BEYOND,9,0,9,982957,1379
2026-10-05 12:16:30,MadMapper,0,0,0,1110479,1018
2026-10-05 12:16:30,system,3,2,2,,,0.4,0.0,3,8346,0.0
2026-10-05 12:16:31,flamesafe,0,0,0,6001,21
2026-10-05 12:16:31,engine,5,2,3,2872456,110
2026-10-05 12:16:31,deck,12,8,5,9974,36
2026-10-05 12:16:31,soak,2,0,2,70449,50
2026-10-05 12:16:31,BEYOND,6,2,5,983086,1379
2026-10-05 12:16:31,MadMapper,3,2,2,1110485,1018
2026-10-05 12:16:31,system,9,4,5,,,0.6,0.0,3,8347,0.0
2026-10-05 12:16:32,flamesafe,0,0,0,6001,21
2026-10-05 12:16:32,engine,2,2,0,2872667,110
2026-10-05 12:16:32,deck,6,5,2,9974,36
2026-10-05 12:16:32,soak,0,0,0,70453,50
2026-10-05 12:16:32,BEYOND,11,2,9,983214,1379
2026-10-05 12:16:32,MadMapper,3,2,2,1110489,1018
2026-10-05 12:16:32,system,4,2,2,,,0.0,0.2,2,8347,0.0
2026-10-05 12:16:33,flamesafe,0,0,0,6001,21
2026-10-05 12:16:33,engine,3,2,2,2872886,110
2026-10-05 12:16:33,deck,5,5,0,9974,36
2026-10-05 12:16:33,soak,2,2,0,70457,50
2026-10-05 12:16:33,BEYOND,5,0,5,983349,1379
2026-10-05 12:16:33,MadMapper,0,0,0,1110493,1018
2026-10-05 12:16:33,system,3,2,2,,,0.2,0.2,3,8347,0.0
2026-10-05 12:16:34,flamesafe,0,0,0,6001,21
2026-10-05 12:16:34,engine,3,3,0,2873089,111
2026-10-05 12:16:34,deck,2,0,2,9974,36
2026-10-05 12:16:34,soak,5,2,3,70461,50
2026-10-05 12:16:34,BEYOND,6,2,5,983477,1379
2026-10-05 12:16:34,MadMapper,5,2,3,1110601,1019
2026-10-05 12:16:34,system,8,2,6,,,0.4,0.4,3,8347,0.0
2026-10-05 12:16:35,flamesafe,2,2,0,6001,21
2026-10-05 12:16:35,engine,2,2,0,2873303,111
2026-10-05 12:16:35,deck,2,2,0,9974,36
2026-10-05 12:16:35,soak,2,0,2,70465,50
2026-10-05 12:16:35,BEYOND,6,2,5,983604,1379
2026-10-05 12:16:35,MadMapper,2,0,2,1110605,1019
2026-10-05 12:16:35,system,4,2,2,,,0.2,0.4,4,8347,0.0
2026-10-05 12:16:36,flamesafe,2,2,0,6001,21
2026-10-05 12:16:36,engine,6,2,5,2885897,111
2026-10-05 12:16:36,deck,5,3,2,9974,36
2026-10-05 12:16:36,soak,0,0,0,70493,50
2026-10-05 12:16:36,BEYOND,3,2,2,983732,1379
2026-10-05 12:16:36,MadMapper,6,2,5,1110609,1019
2026-10-05 12:16:36,system,8,4,4,,,0.2,0.0,2,8347,0.0
2026-10-05 12:16:37,flamesafe,2,2,0,6001,21
2026-10-05 12:16:37,engine,3,2,2,2886110,111
2026-10-05 12:16:37,deck,8,8,0,9974,36
2026-10-05 12:16:37,soak,0,0,0,70497,50
2026-10-05 12:16:37,BEYOND,9,3,6,983859,1379
2026-10-05 12:16:37,MadMapper,2,0,2,1110613,1019
2026-10-05 12:16:37,system,3,2,2,,,0.2,0.0,2,8347,0.0
2026-10-05 12:16:38,flamesafe,2,2,0,6001,21
2026-10-05 12:16:38,engine,3,3,0,2886386,111
2026-10-05 12:16:38,deck,2,2,0,9974,36
2026-10-05 12:16:38,soak,2,2,0,70501,50
2026-10-05 12:16:38,BEYOND,12,3,9,983997,1379
2026-10-05 12:16:38,MadMapper,2,0,2,1110617,1019
2026-10-05 12:16:38,system,4,2,2,,,0.2,0.0,2,8347,0.0
2026-10-05 12:16:39,flamesafe,2,2,0,6001,21
2026-10-05 12:16:39,engine,2,0,2,2886600,111
2026-10-05 12:16:39,deck,3,3,0,9974,36
2026-10-05 12:16:39,soak,0,0,0,70505,50
2026-10-05 12:16:39,BEYOND,11,2,9,984125,1379
2026-10-05 12:16:39,MadMapper,0,0,0,1110773,1019
2026-10-05 12:16:39,system,4,1,2,,,0.2,0.4,3,8347,0.0
2026-10-05 12:16:40,flamesafe,0,0,0,6001,21
2026-10-05 12:16:40,engine,0,0,0,2886818,111
2026-10-05 12:16:40,deck,2,2,0,9974,36
2026-10-05 12:16:40,soak,2,0,2,70509,50
2026-10-05 12:16:40,BEYOND,14,3,11,984252,1379
2026-10-05 12:16:40,MadMapper,2,2,0,1110777,1019
2026-10-05 12:16:40,system,3,1,2,,,0.0,0.0,0,8347,0.0
2026-10-05 12:16:41,flamesafe,0,0,0,6001,21
2026-10-05 12:16:41,engine,3,0,3,2899427,111
2026-10-05 12:16:41,deck,5,5,0,9974,36
2026-10-05 12:16:41,soak,3,2,2,70538,50
2026-10-05 12:16:41,BEYOND,12,5,8,984380,1379
2026-10-05 12:16:41,MadMapper,5,3,2,1110781,1019
2026-10-05 12:16:41,system,8,4,4,,,0.4,0.0,2,8346,0.0
2026-10-05 12:16:42,flamesafe,0,0,0,6001,21
2026-10-05 12:16:42,engine,0,0,0,2899644,111
2026-10-05 12:16:42,deck,5,2,3,9974,36
2026-10-05 12:16:42,soak,0,0,0,70542,50
2026-10-05 12:16:42,BEYOND,14,5,9,984507,1379
2026-10-05 12:16:42,MadMapper,2,2,0,1110881,1019
2026-10-05 12:16:42,system,4,2,2,,,0.0,0.0,0,8346,0.0
2026-10-05 12:16:43,flamesafe,0,0,0,6001,21
2026-10-05 12:16:43,engine,3,2,2,2899854,111
2026-10-05 12:16:43,deck,0,0,0,9974,36
2026-10-05 12:16:43,soak,2,2,0,70546,50
2026-10-05 12:16:43,BEYOND,5,2,3,984643,1379
2026-10-05 12:16:43,MadMapper,6,2,5,1110885,1019
2026-10-05 12:16:43,system,3,2,1,,,0.0,0.0,0,8347,0.0
2026-10-05 12:16:44,flamesafe,0,0,0,6001,21
2026-10-05 12:16:44,engine,6,6,0,2900091,111
2026-10-05 12:16:44,deck,2,2,0,9974,36
2026-10-05 12:16:44,soak,0,0,0,70550,50
2026-10-05 12:16:44,BEYOND,9,2,8,984770,1379
2026-10-05 12:16:44,MadMapper,5,0,5,1110913,1019
2026-10-05 12:16:44,system,5,3,2,,,0.0,0.0,0,8347,0.0
2026-10-05 12:16:45,flamesafe,0,0,0,6001,21
2026-10-05 12:16:45,engine,2,0,2,2900370,111
2026-10-05 12:16:45,deck,0,0,0,9974,36
2026-10-05 12:16:45,soak,0,0,0,70554,50
2026-10-05 12:16:45,BEYOND,9,0,9,984898,1379
2026-10-05 12:16:45,MadMapper,8,5,3,1110917,1019
2026-10-05 12:16:45,system,3,1,2,,,0.0,0.0,0,8348,0.0
2026-10-05 12:16:46,flamesafe,2,0,2,6001,21
2026-10-05 12:16:46,engine,6,3,3,2912988,112
2026-10-05 12:16:46,deck,2,2,0,9974,36
2026-10-05 12:16:46,soak,0,0,0,70582,50
2026-10-05 12:16:46,BEYOND,11,2,9,985027,1379
2026-10-05 12:16:46,MadMapper,8,5,3,1110921,1019
2026-10-05 12:16:46,system,9,4,4,,,0.0,0.0,0,8347,0.0
2026-10-05 12:16:47,flamesafe,0,0,0,6001,21
2026-10-05 12:16:47,engine,3,3,0,2913199,112
2026-10-05 12:16:47,deck,0,0,0,9974,36
2026-10-05 12:16:47,soak,3,3,0,70586,50
2026-10-05 12:16:47,BEYOND,9,3,6,985155,1379
2026-10-05 12:16:47,MadMapper,3,0,3,1110925,1019
2026-10-05 12:16:47,system,4,2,2,,,0.0,0.4,3,8348,0.0
2026-10-05 12:16:48,flamesafe,0,0,0,6001,21
2026-10-05 12:16:48,engine,2,0,2,2913414,112
2026-10-05 12:16:48,deck,5,5,0,9974,36
2026-10-05 12:16:48,soak,3,3,0,70590,50
2026-10-05 12:16:48,BEYOND,11,2,9,985286,1379
2026-10-05 12:16:48,MadMapper,3,0,3,1110930,1019
2026-10-05 12:16:48,system,4,2,2,,,0.2,0.0,2,8348,0.0
2026-10-05 12:16:49,flamesafe,2,2,0,6001,21
2026-10-05 12:16:49,engine,3,2,2,2913630,112
2026-10-05 12:16:49,deck,6,6,0,9974,36
2026-10-05 12:16:49,soak,2,2,0,70594,50
2026-10-05 12:16:49,BEYOND,20,5,16,985418,1379
2026-10-05 12:16:49,MadMapper,6,2,5,1110958,1019
2026-10-05 12:16:49,system,8,4,4,,,0.0,0.0,0,8348,0.0
2026-10-05 12:16:50,flamesafe,0,0,0,6001,21
2026-10-05 12:16:50,engine,6,3,3,2913845,112
2026-10-05 12:16:50,deck,3,3,0,9974,36
2026-10-05 12:16:50,soak,0,0,0,70598,50
2026-10-05 12:16:50,BEYOND,19,6,12,985545,1379
2026-10-05 12:16:50,MadMapper,2,2,0,1110994,1019
2026-10-05 12:16:50,system,6,4,3,,,0.4,0.0,3,8348,0.0
2026-10-05 12:16:51,flamesafe,2,0,2,6001,21
2026-10-05 12:16:51,engine,3,2,2,2926458,112
2026-10-05 12:16:51,deck,6,3,3,9974,36
2026-10-05 12:16:51,soak,8,5,3,70626,50
2026-10-05 12:16:51,BEYOND,18,3,16,985673,1379
2026-10-05 12:16:51,MadMapper,3,0,3,1110998,1019
2026-10-05 12:16:51,system,12,4,7,,,0.8,0.2,3,8348,0.0
2026-10-05 12:16:52,flamesafe,0,0,0,6001,21
2026-10-05 12:16:52,engine,5,3,2,2926738,112
2026-10-05 12:16:52,deck,3,2,2,9974,36
2026-10-05 12:16:52,soak,2,2,0,70630,50
2026-10-05 12:16:52,BEYOND,17,6,11,985800,1379
2026-10-05 12:16:52,MadMapper,8,2,6,1111002,1019
2026-10-05 12:16:52,system,7,3,4,,,0.2,0.0,2,8342,0.0
2026-10-05 12:16:53,flamesafe,0,0,0,6001,21
2026-10-05 12:16:53,engine,6,5,2,2926953,112
2026-10-05 12:16:53,deck,5,5,0,9974,36
2026-10-05 12:16:53,soak,0,0,0,70634,50
2026-10-05 12:16:53,BEYOND,14,0,14,985930,1379
2026-10-05 12:16:53,MadMapper,5,2,3,1111006,1019
2026-10-05 12:16:53,system,5,3,3,,,0.0,0.0,0,8343,0.0
2026-10-05 12:16:54,flamesafe,0,0,0,6001,21
2026-10-05 12:16:54,engine,5,5,0,2927173,112
2026-10-05 12:16:54,deck,2,0,2,9974,36
2026-10-05 12:16:54,soak,0,0,0,70638,50
2026-10-05 12:16:54,BEYOND,23,5,19,986066,1379
2026-10-05 12:16:54,MadMapper,3,0,3,1111034,1019
2026-10-05 12:16:54,system,5,2,4,,,0.0,0.2,2,8344,0.0
2026-10-05 12:16:55,flamesafe,2,2,0,6001,21
2026-10-05 12:16:55,engine,3,0,3,2927392,112
2026-10-05 12:16:55,deck,0,0,0,9974,36
2026-10-05 12:16:55,soak,0,0,0,70642,50
2026-10-05 12:16:55,BEYOND,12,3,9,986193,1379
2026-10-05 12:16:55,MadMapper,5,2,3,1111038,1019
2026-10-05 12:16:55,system,6,3,4,,,0.2,0.0,2,8386,0.0
2026-10-05 12:16:56,flamesafe,6,3,3,6001,21
2026-10-05 12:16:56,engine,11,8,3,2940003,112
2026-10-05 12:16:56,deck,5,5,0,9974,36
2026-10-05 12:16:56,soak,5,3,2,70670,50
2026-10-05 12:16:56,BEYOND,14,5,9,986321,1379
2026-10-05 12:16:56,MadMapper,11,2,9,1111042,1019
2026-10-05 12:16:56,system,12,6,6,,,0.2,0.0,2,8387,0.0
2026-10-05 12:16:57,flamesafe,0,0,0,6001,21
2026-10-05 12:16:57,engine,3,2,2,2940216,112
2026-10-05 12:16:57,deck,6,6,0,9974,36
2026-10-05 12:16:57,soak,0,0,0,70674,50
2026-10-05 12:16:57,BEYOND,17,5,12,986448,1379
2026-10-05 12:16:57,MadMapper,8,3,5,1111046,1019
2026-10-05 12:16:57,system,6,3,3,,,0.0,0.0,0,8387,0.0
2026-10-05 12:16:58,flamesafe,2,2,0,6001,21
2026-10-05 12:16:58,engine,5,3,2,2940434,112
2026-10-05 12:16:58,deck,5,3,2,9974,36
2026-10-05 12:16:58,soak,5,3,2,70678,50
2026-10-05 12:16:58,BEYOND,12,2,11,986576,1379
2026-10-05 12:16:58,MadMapper,9,5,5,1111050,1019
2026-10-05 12:16:58,system,8,4,3,,,0.2,0.2,2,8383,0.0
2026-10-05 12:16:59,flamesafe,2,2,0,6001,21
2026-10-05 12:16:59,engine,2,2,0,2940658,112
2026-10-05 12:16:59,deck,8,8,0,9974,36
2026-10-05 12:16:59,soak,0,0,0,70682,50
2026-10-05 12:16:59,BEYOND,12,2,11,986711,1379
2026-10-05 12:16:59,MadMapper,5,3,2,1111078,1019
2026-10-05 12:16:59,system,6,4,2,,,0.2,0.4,4,8384,0.0
2026-10-05 12:17:00,flamesafe,2,0,2,6001,21
2026-10-05 12:17:00,engine,5,3,2,2940876,112
2026-10-05 12:17:00,deck,5,3,2,9974,36
2026-10-05 12:17:00,soak,0,0,0,70686,50
2026-10-05 12:17:00,BEYOND,14,0,14,986841,1379
2026-10-05 12:17:00,MadMapper,2,2,0,1111082,1019
2026-10-05 12:17:00,system,7,3,4,,,0.2,0.4,4,8386,0.0
2026-10-05 12:17:01,flamesafe,0,0,0,6001,21
2026-10-05 12:17:01,engine,5,3,2,2953484,112
2026-10-05 12:17:01,deck,5,5,0,9974,36
2026-10-05 12:17:01,soak,5,2,3,70714,50
2026-10-05 12:17:01,BEYOND,20,2,19,986968,1379
2026-10-05 12:17:01,MadMapper,9,3,6,1111086,1019
2026-10-05 12:17:01,system,12,5,7,,,0.6,0.2,3,8384,0.0
2026-10-05 12:17:02,flamesafe,2,2,0,6001,21
2026-10-05 12:17:02,engine,6,2,5,2953703,112
2026-10-05 12:17:02,deck,5,5,0,9974,36
2026-10-05 12:17:02,soak,0,0,0,70718,50
2026-10-05 12:17:02,BEYOND,12,5,8,987096,1379
2026-10-05 12:17:02,MadMapper,6,3,3,1111090,1019
2026-10-05 12:17:02,system,5,2,2,,,0.2,0.0,2,8385,0.0
2026-10-05 12:17:03,flamesafe,0,0,0,6001,21
2026-10-05 12:17:03,engine,9,5,5,2953976,113
2026-10-05 12:17:03,deck,6,5,2,9974,36
2026-10-05 12:17:03,soak,3,2,2,70722,50
2026-10-05 12:17:03,BEYOND,8,2,6,987223,1379
2026-10-05 12:17:03,MadMapper,8,5,3,1111094,1018
2026-10-05 12:17:03,system,5,3,2,,,0.2,0.0,2,8386,0.0
2026-10-05 12:17:04,flamesafe,2,2,0,6001,21
2026-10-05 12:17:04,engine,3,2,2,2954195,113
2026-10-05 12:17:04,deck,5,3,2,9974,36
2026-10-05 12:17:04,soak,2,0,2,70726,50
2026-10-05 12:17:04,BEYOND,12,0,12,987359,1379
2026-10-05 12:17:04,MadMapper,2,2,0,1111170,1018
2026-10-05 12:17:04,system,8,2,5,,,0.2,0.0,2,8386,0.0
2026-10-05 12:17:05,flamesafe,0,0,0,6001,21
2026-10-05 12:17:05,engine,2,0,2,2954408,113
2026-10-05 12:17:05,deck,3,3,0,9974,36
2026-10-05 12:17:05,soak,0,0,0,70730,50
2026-10-05 12:17:05,BEYOND,12,2,11,987486,1379
2026-10-05 12:17:05,MadMapper,6,0,6,1111174,1018
2026-10-05 12:17:05,system,5,1,3,,,0.2,0.2,2,8386,0.0
2026-10-05 12:17:06,flamesafe,2,2,0,6001,21
2026-10-05 12:17:06,engine,8,2,6,2967064,113
2026-10-05 12:17:06,deck,9,9,0,9974,36
2026-10-05 12:17:06,soak,3,0,3,70758,50
2026-10-05 12:17:06,BEYOND,8,2,6,987614,1379
2026-10-05 12:17:06,MadMapper,9,5,5,1111178,1018
2026-10-05 12:17:06,system,10,5,5,,,0.0,0.0,0,8386,0.0
2026-10-05 12:17:07,flamesafe,0,0,0,6001,21
2026-10-05 12:17:07,engine,3,2,2,2967278,113
2026-10-05 12:17:07,deck,5,2,3,9974,36
2026-10-05 12:17:07,soak,2,2,0,70762,50
2026-10-05 12:17:07,BEYOND,12,3,9,987741,1379
2026-10-05 12:17:07,MadMapper,6,2,5,1111182,1018
2026-10-05 12:17:07,system,5,2,3,,,0.0,0.0,0,8396,0.0
2026-10-05 12:17:08,flamesafe,3,2,2,6001,21
2026-10-05 12:17:08,engine,6,5,2,2967487,113
2026-10-05 12:17:08,deck,6,5,2,9974,36
2026-10-05 12:17:08,soak,2,2,0,70766,50
2026-10-05 12:17:08,BEYOND,3,2,2,987871,1379
2026-10-05 12:17:08,MadMapper,8,3,5,1111218,1019
2026-10-05 12:17:08,system,6,3,3,,,0.2,0.2,3,8396,0.0
2026-10-05 12:17:09,flamesafe,0,0,0,6001,21
2026-10-05 12:17:09,engine,3,2,2,2967714,113
2026-10-05 12:17:09,deck,3,0,3,9974,36
2026-10-05 12:17:09,soak,2,2,0,70770,50
2026-10-05 12:17:09,BEYOND,18,3,16,988007,1379
2026-10-05 12:17:09,MadMapper,5,3,2,1111246,1019
2026-10-05 12:17:09,system,6,2,4,,,0.0,0.2,2,8396,0.0
2026-10-05 12:17:10,flamesafe,2,2,0,6001,21
2026-10-05 12:17:10,engine,3,3,0,2967937,113
2026-10-05 12:17:10,deck,5,3,2,9974,36
2026-10-05 12:17:10,soak,0,0,0,70774,50
2026-10-05 12:17:10,BEYOND,2,0,2,988134,1379
2026-10-05 12:17:10,MadMapper,14,6,8,1111250,1019
2026-10-05 12:17:10,system,5,3,2,,,0.0,0.0,0,8397,0.0
2026-10-05 12:17:11,flamesafe,3,3,0,6001,21
2026-10-05 12:17:11,engine,8,6,2,2980523,113
2026-10-05 12:17:11,deck,6,3,3,9974,36
2026-10-05 12:17:11,soak,0,0,0,70802,50
2026-10-05 12:17:11,BEYOND,16,3,12,988262,1379
2026-10-05 12:17:11,MadMapper,2,0,2,1111254,1019
2026-10-05 12:17:11,system,11,4,7,,,0.6,0.0,2,8397,0.0
2026-10-05 12:17:12,flamesafe,0,0,0,6001,21
2026-10-05 12:17:12,engine,3,2,2,2980742,113
2026-10-05 12:17:12,deck,6,6,0,9974,36
2026-10-05 12:17:12,soak,5,5,0,70806,50
2026-10-05 12:17:12,BEYOND,15,5,11,988389,1379
2026-10-05 12:17:12,MadMapper,6,3,3,1111258,1019
2026-10-05 12:17:12,system,5,3,2,,,0.2,0.0,2,8397,0.0
2026-10-05 12:17:13,flamesafe,2,2,0,6001,21
2026-10-05 12:17:13,engine,0,0,0,2980960,113
2026-10-05 12:17:13,deck,2,2,0,9974,36
2026-10-05 12:17:13,soak,6,5,2,70810,50
2026-10-05 12:17:13,BEYOND,19,5,14,988517,1379
2026-10-05 12:17:13,MadMapper,3,0,3,1111262,1019
2026-10-05 12:17:13,system,5,2,3,,,0.0,0.0,0,8397,0.0
2026-10-05 12:17:14,flamesafe,0,0,0,6001,21
2026-10-05 12:17:14,engine,6,5,2,2981195,113
2026-10-05 12:17:14,deck,8,6,2,9974,36
2026-10-05 12:17:14,soak,2,2,0,70814,50
2026-10-05 12:17:14,BEYOND,11,0,11,988644,1379
2026-10-05 12:17:14,MadMapper,8,3,5,1111293,1019
2026-10-05 12:17:14,system,7,4,4,,,0.0,0.8,6,8397,0.0
2026-10-05 12:17:15,flamesafe,0,0,0,6001,21
2026-10-05 12:17:15,engine,3,3,0,2981416,113
2026-10-05 12:17:15,deck,3,2,2,9974,36
2026-10-05 12:17:15,soak,5,3,2,70818,50
2026-10-05 12:17:15,BEYOND,12,5,8,988780,1379
2026-10-05 12:17:15,MadMapper,9,3,6,1111297,1019
2026-10-05 12:17:15,system,8,4,4,,,0.0,1.0,4,8397,0.0
2026-10-05 12:17:16,flamesafe,3,3,0,6001,21
2026-10-05 12:17:16,engine,6,2,5,2994008,114
2026-10-05 12:17:16,deck,8,5,3,9974,36
2026-10-05 12:17:16,soak,3,2,2,70846,50
2026-10-05 12:17:16,BEYOND,8,0,8,988909,1379
2026-10-05 12:17:16,MadMapper,5,3,2,1111301,1019
2026-10-05 12:17:16,system,9,4,5,,,0.0,0.0,0,8397,0.0
2026-10-05 12:17:17,flamesafe,2,2,0,6001,21
2026-10-05 12:17:17,engine,3,3,0,2994222,114
2026-10-05 12:17:17,deck,6,6,0,9974,36
2026-10-05 12:17:17,soak,0,0,0,70850,50
2026-10-05 12:17:17,BEYOND,16,3,12,989037,1379
2026-10-05 12:17:17,MadMapper,3,2,2,1111306,1019
2026-10-05 12:17:17,system,5,3,2,,,0.2,0.0,2,8397,0.0
2026-10-05 12:17:18,flamesafe,0,0,0,6001,21
2026-10-05 12:17:18,engine,5,5,0,2994441,114
2026-10-05 12:17:18,deck,2,2,0,9974,36
2026-10-05 12:17:18,soak,2,2,0,70854,50
2026-10-05 12:17:18,BEYOND,17,5,12,989164,1379
2026-10-05 12:17:18,MadMapper,6,2,5,1111310,1018
2026-10-05 12:17:18,system,5,2,3,,,0.0,0.0,0,8397,0.0
2026-10-05 12:17:19,flamesafe,0,0,0,6001,21
2026-10-05 12:17:19,engine,5,3,2,2994660,114
2026-10-05 12:17:19,deck,5,5,0,9974,36
2026-10-05 12:17:19,soak,0,0,0,70858,50
2026-10-05 12:17:19,BEYOND,9,0,9,989292,1379
2026-10-05 12:17:19,MadMapper,6,2,5,1111338,1018
2026-10-05 12:17:19,system,9,4,4,,,0.0,0.2,2,8397,0.0
2026-10-05 12:17:20,flamesafe,2,2,0,6001,21
2026-10-05 12:17:20,engine,5,3,2,2994940,114
2026-10-05 12:17:20,deck,2,2,0,9974,36
2026-10-05 12:17:20,soak,0,0,0,70862,50
2026-10-05 12:17:20,BEYOND,14,3,11,989427,1379
2026-10-05 12:17:20,MadMapper,2,2,0,1111342,1018
2026-10-05 12:17:20,system,4,2,2,,,0.0,0.2,2,8397,0.0
2026-10-05 12:17:21,flamesafe,2,2,0,6001,21
2026-10-05 12:17:21,engine,2,2,0,3007556,114
2026-10-05 12:17:21,deck,2,0,2,9974,36
2026-10-05 12:17:21,soak,9,3,6,70913,51
2026-10-05 12:17:21,BEYOND,12,5,8,989555,1379
2026-10-05 12:17:21,MadMapper,9,3,6,1111378,1019
2026-10-05 12:17:21,system,9,4,5,,,0.4,0.0,2,8397,0.0
2026-10-05 12:17:22,flamesafe,0,0,0,6001,21
2026-10-05 12:17:22,engine,3,3,0,3007773,114
2026-10-05 12:17:22,deck,9,9,0,9974,36
2026-10-05 12:17:22,soak,0,0,0,70917,51
2026-10-05 12:17:22,BEYOND,8,2,6,989682,1379
2026-10-05 12:17:22,MadMapper,0,0,0,1111382,1019
2026-10-05 12:17:22,system,4,2,2,,,0.6,0.2,6,8389,0.0
2026-10-05 12:17:23,flamesafe,0,0,0,6001,21
2026-10-05 12:17:23,engine,3,2,2,3007982,114
2026-10-05 12:17:23,deck,2,0,2,9974,36
2026-10-05 12:17:23,soak,2,2,0,70921,51
2026-10-05 12:17:23,BEYOND,6,2,5,989812,1379
2026-10-05 12:17:23,MadMapper,5,2,3,1111386,1019
2026-10-05 12:17:23,system,3,2,2,,,0.0,0.2,2,8389,0.0
2026-10-05 12:17:24,flamesafe,0,0,0,6001,21
2026-10-05 12:17:24,engine,3,3,0,3008195,114
2026-10-05 12:17:24,deck,3,2,2,9974,36
2026-10-05 12:17:24,soak,0,0,0,70925,51
2026-10-05 12:17:24,BEYOND,5,0,5,989939,1379
2026-10-05 12:17:24,MadMapper,5,2,3,1111420,1019
2026-10-05 12:17:24,system,3,2,2,,,0.2,0.2,2,8390,0.0
2026-10-05 12:17:25,flamesafe,2,2,0,6001,21
2026-10-05 12:17:25,engine,0,0,0,3008412,114
2026-10-05 12:17:25,deck,3,2,2,9974,36
2026-10-05 12:17:25,soak,2,0,2,70929,51
2026-10-05 12:17:25,BEYOND,3,0,3,990075,1379
2026-10-05 12:17:25,MadMapper,2,2,0,1111456,1019
2026-10-05 12:17:25,system,2,1,1,,,0.0,0.0,0,8389,0.0
2026-10-05 12:17:26,flamesafe,2,2,0,6001,21
2026-10-05 12:17:26,engine,8,6,2,3021010,114
2026-10-05 12:17:26,deck,5,3,2,9974,36
2026-10-05 12:17:26,soak,3,0,3,70957,51
2026-10-05 12:17:26,BEYOND,9,2,8,990203,1379
2026-10-05 12:17:26,MadMapper,8,2,6,1111460,1019
2026-10-05 12:17:26,system,8,3,5,,,0.4,0.0,2,8388,0.0
2026-10-05 12:17:27,flamesafe,3,3,0,6001,21
2026-10-05 12:17:27,engine,6,6,0,3021221,114
2026-10-05 12:17:27,deck,3,3,0,9974,36
2026-10-05 12:17:27,soak,2,2,0,70961,51
2026-10-05 12:17:27,BEYOND,5,2,3,990330,1379
2026-10-05 12:17:27,MadMapper,6,2,5,1111464,1019
2026-10-05 12:17:27,system,5,3,2,,,0.2,0.2,2,8396,0.0
2026-10-05 12:17:28,flamesafe,2,2,0,6001,21
2026-10-05 12:17:28,engine,2,0,2,3021435,114
2026-10-05 12:17:28,deck,2,2,0,9974,36
2026-10-05 12:17:28,soak,0,0,0,70965,51
2026-10-05 12:17:28,BEYOND,5,0,5,990458,1379
2026-10-05 12:17:28,MadMapper,3,0,3,1111469,1019
2026-10-05 12:17:28,system,3,1,2,,,0.0,0.2,2,8396,0.0
2026-10-05 12:17:29,flamesafe,0,0,0,6001,21
2026-10-05 12:17:29,engine,3,3,0,3021657,114
2026-10-05 12:17:29,deck,2,2,0,9974,36
2026-10-05 12:17:29,soak,0,0,0,70969,51
2026-10-05 12:17:29,BEYOND,9,0,9,990585,1379
2026-10-05 12:17:29,MadMapper,3,2,2,1111497,1019
2026-10-05 12:17:29,system,4,2,2,,,0.2,0.0,2,8396,0.0
2026-10-05 12:17:30,flamesafe,0,0,0,6001,21
2026-10-05 12:17:30,engine,5,5,0,3021870,114
2026-10-05 12:17:30,deck,5,3,2,9974,36
2026-10-05 12:17:30,soak,3,2,2,70985,51
2026-10-05 12:17:30,BEYOND,6,0,6,990721,1379
2026-10-05 12:17:30,MadMapper,8,3,5,1111501,1019
2026-10-05 12:17:30,system,18,10,7,,,0.6,0.0,3,8272,0.0
2026-10-05 12:17:31,flamesafe,0,0,0,6001,21
2026-10-05 12:17:31,engine,6,5,2,3034499,115
2026-10-05 12:17:31,deck,3,3,0,9974,36
2026-10-05 12:17:31,soak,5,2,3,71082,51
2026-10-05 12:17:31,BEYOND,2,0,2,990850,1379
2026-10-05 12:17:31,MadMapper,2,0,2,1111505,1019
2026-10-05 12:17:31,system,8,4,5,,,0.2,0.2,3,8262,0.0
2026-10-05 12:17:32,flamesafe,2,2,0,6001,21
2026-10-05 12:17:32,engine,2,2,0,3034706,115
2026-10-05 12:17:32,deck,2,2,0,9974,36
2026-10-05 12:17:32,soak,2,2,0,71098,51
2026-10-05 12:17:32,BEYOND,14,2,12,990978,1379
2026-10-05 12:17:32,MadMapper,6,3,3,1111509,1019
2026-10-05 12:17:32,system,14,10,4,,,0.2,0.0,2,8364,0.0
2026-10-05 12:17:33,flamesafe,0,0,0,6001,21
2026-10-05 12:17:33,engine,5,5,0,3034926,115
2026-10-05 12:17:33,deck,6,6,0,9974,36
2026-10-05 12:17:33,soak,0,0,0,71102,51
2026-10-05 12:17:33,BEYOND,5,2,3,991105,1379
2026-10-05 12:17:33,MadMapper,6,2,5,1111537,1019
2026-10-05 12:17:33,system,7,4,3,,,0.0,0.4,2,8360,0.0
2026-10-05 12:17:34,flamesafe,0,0,0,6001,21
2026-10-05 12:17:34,engine,2,2,0,3035162,115
2026-10-05 12:17:34,deck,2,2,0,9974,36
2026-10-05 12:17:34,soak,6,5,2,71117,51
2026-10-05 12:17:34,BEYOND,9,5,5,991233,1379
2026-10-05 12:17:34,MadMapper,5,5,0,1111589,1019
2026-10-05 12:17:34,system,8,4,4,,,0.0,0.0,0,8398,0.0
2026-10-05 12:17:35,flamesafe,0,0,0,6001,21
2026-10-05 12:17:35,engine,3,0,3,3035383,115
2026-10-05 12:17:35,deck,5,5,0,9974,36
2026-10-05 12:17:35,soak,3,3,0,71122,51
2026-10-05 12:17:35,BEYOND,6,2,5,991368,1379
2026-10-05 12:17:35,MadMapper,5,3,2,1111594,1018
2026-10-05 12:17:35,system,6,4,2,,,0.0,0.0,0,8387,0.0
2026-10-05 12:17:36,flamesafe,0,0,0,6001,21
2026-10-05 12:17:36,engine,6,5,2,3047998,115
2026-10-05 12:17:36,deck,3,0,3,9974,36
2026-10-05 12:17:36,soak,2,2,0,71245,50
2026-10-05 12:17:36,BEYOND,5,0,5,991498,1379
2026-10-05 12:17:36,MadMapper,6,5,2,1111599,1018
2026-10-05 12:17:36,system,9,4,5,,,0.6,0.0,3,8394,0.0
2026-10-05 12:17:37,flamesafe,3,0,3,6001,21
2026-10-05 12:17:37,engine,5,5,0,3048209,115
2026-10-05 12:17:37,deck,0,0,0,9974,36
2026-10-05 12:17:37,soak,2,2,0,71249,50
2026-10-05 12:17:37,BEYOND,3,0,3,991625,1379
2026-10-05 12:17:37,MadMapper,6,2,5,1111603,1018
2026-10-05 12:17:37,system,4,2,2,,,0.2,0.4,3,8394,0.0
2026-10-05 12:17:38,flamesafe,2,2,0,6001,21
2026-10-05 12:17:38,engine,3,2,2,3048503,115
2026-10-05 12:17:38,deck,5,3,2,9974,36
2026-10-05 12:17:38,soak,2,0,2,71253,50
2026-10-05 12:17:38,BEYOND,11,2,9,991755,1379
2026-10-05 12:17:38,MadMapper,5,0,5,1111631,1018
2026-10-05 12:17:38,system,5,2,3,,,0.2,0.0,2,8394,0.0
2026-10-05 12:17:39,flamesafe,0,0,0,6001,21
2026-10-05 12:17:39,engine,3,3,0,3048725,115
2026-10-05 12:17:39,deck,3,2,2,9974,36
2026-10-05 12:17:39,soak,2,0,2,71257,50
2026-10-05 12:17:39,BEYOND,8,0,8,991885,1379
2026-10-05 12:17:39,MadMapper,6,2,5,1111635,1018
2026-10-05 12:17:39,system,4,1,2,,,0.0,0.0,0,8394,0.0
2026-10-05 12:17:40,flamesafe,0,0,0,6001,21
2026-10-05 12:17:40,engine,3,3,0,3048938,115
2026-10-05 12:17:40,deck,2,2,0,9974,36
2026-10-05 12:17:40,soak,3,3,0,71279,50
2026-10-05 12:17:40,BEYOND,5,0,5,992013,1379
2026-10-05 12:17:40,MadMapper,5,2,3,1111639,1018
2026-10-05 12:17:40,system,4,2,1,,,0.0,0.0,0,8394,0.0
2026-10-05 12:17:41,flamesafe,0,0,0,6001,21
2026-10-05 12:17:41,engine,5,3,2,3061619,116
2026-10-05 12:17:41,deck,2,2,0,9974,36
2026-10-05 12:17:41,soak,3,0,3,71387,50
2026-10-05 12:17:41,BEYOND,3,0,3,992149,1379
2026-10-05 12:17:41,MadMapper,2,2,0,1111643,1018
2026-10-05 12:17:41,system,8,4,3,,,0.6,0.0,4,8394,0.0
2026-10-05 12:17:42,flamesafe,2,2,0,6001,21
2026-10-05 12:17:42,engine,3,2,2,3061834,116
2026-10-05 12:17:42,deck,2,2,0,9974,36
2026-10-05 12:17:42,soak,2,0,2,71391,50
2026-10-05 12:17:42,BEYOND,9,2,8,992276,1379
2026-10-05 12:17:42,MadMapper,8,2,6,1111679,1019
2026-10-05 12:17:42,system,4,2,2,,,0.0,0.0,0,8394,0.0
2026-10-05 12:17:43,flamesafe,0,0,0,6001,21
2026-10-05 12:17:43,engine,3,3,0,3062050,116
2026-10-05 12:17:43,deck,8,5,3,9974,36
2026-10-05 12:17:43,soak,0,0,0,71395,50
2026-10-05 12:17:43,BEYOND,6,2,5,992404,1379
2026-10-05 12:17:43,MadMapper,6,5,2,1111707,1019
2026-10-05 12:17:43,system,5,3,2,,,0.0,0.0,0,8394,0.0
2026-10-05 12:17:44,flamesafe,0,0,0,6001,21
2026-10-05 12:17:44,engine,2,2,0,3062288,116
2026-10-05 12:17:44,deck,2,2,0,9974,36
2026-10-05 12:17:44,soak,3,3,0,71399,50
2026-10-05 12:17:44,BEYOND,6,2,5,992531,1379
2026-10-05 12:17:44,MadMapper,5,2,3,1111711,1019
2026-10-05 12:17:44,system,4,3,1,,,0.0,0.0,0,8394,0.0
2026-10-05 12:17:45,flamesafe,2,2,0,6001,21
2026-10-05 12:17:45,engine,2,0,2,3062503,116
2026-10-05 12:17:45,deck,3,3,0,9974,36
2026-10-05 12:17:45,soak,0,0,0,71403,50
2026-10-05 12:17:45,BEYOND,0,0,0,992659,1379
2026-10-05 12:17:45,MadMapper,5,0,5,1111715,1019
2026-10-05 12:17:45,system,2,1,1,,,0.0,0.0,0,8394,0.0
2026-10-05 12:17:46,flamesafe,0,0,0,6001,21
2026-10-05 12:17:46,engine,6,5,2,3075124,116
2026-10-05 12:17:46,deck,5,5,0,9974,36
2026-10-05 12:17:46,soak,8,2,6,71432,50
2026-10-05 12:17:46,BEYOND,6,0,6,992796,1379
2026-10-05 12:17:46,MadMapper,5,2,3,1111719,1019
2026-10-05 12:17:46,system,10,4,6,,,0.2,0.2,2,8395,0.0
2026-10-05 12:17:47,flamesafe,2,2,0,6001,21
2026-10-05 12:17:47,engine,2,0,2,3075335,116
2026-10-05 12:17:47,deck,3,3,0,9974,36
2026-10-05 12:17:47,soak,2,0,2,71436,50
2026-10-05 12:17:47,BEYOND,5,0,5,992924,1379
2026-10-05 12:17:47,MadMapper,0,0,0,1111723,1019
2026-10-05 12:17:47,system,2,1,1,,,0.0,0.0,0,8394,0.0
2026-10-05 12:17:48,flamesafe,0,0,0,6001,21
2026-10-05 12:17:48,engine,6,3,3,3075546,116
2026-10-05 12:17:48,deck,5,5,0,9974,36
2026-10-05 12:17:48,soak,2,0,2,71440,50
2026-10-05 12:17:48,BEYOND,0,0,0,993051,1379
2026-10-05 12:17:48,MadMapper,8,2,6,1111751,1019
2026-10-05 12:17:48,system,3,2,2,,,0.2,0.2,3,8395,0.0
2026-10-05 12:17:49,flamesafe,0,0,0,6001,21
2026-10-05 12:17:49,engine,2,2,0,3075768,116
2026-10-05 12:17:49,deck,3,3,0,9974,36
2026-10-05 12:17:49,soak,2,2,0,71444,50
2026-10-05 12:17:49,BEYOND,8,3,5,993179,1379
2026-10-05 12:17:49,MadMapper,3,0,3,1111755,1019
2026-10-05 12:17:49,system,6,2,4,,,0.6,0.2,3,8404,0.0
2026-10-05 12:17:50,flamesafe,0,0,0,6001,21
2026-10-05 12:17:50,engine,0,0,0,3075981,116
2026-10-05 12:17:50,deck,9,9,0,9974,36
2026-10-05 12:17:50,soak,2,2,0,71448,50
2026-10-05 12:17:50,BEYOND,8,3,5,993306,1379
2026-10-05 12:17:50,MadMapper,2,0,2,1111759,1019
2026-10-05 12:17:50,system,5,3,2,,,0.2,0.4,2,8396,0.0
2026-10-05 12:17:51,flamesafe,0,0,0,6001,21
2026-10-05 12:17:51,engine,2,0,2,3088597,116
2026-10-05 12:17:51,deck,8,6,2,9974,36
2026-10-05 12:17:51,soak,5,0,5,71476,50
2026-10-05 12:17:51,BEYOND,9,2,8,993442,1379
2026-10-05 12:17:51,MadMapper,5,2,3,1111795,1019
2026-10-05 12:17:51,system,8,3,5,,,0.6,0.2,3,8395,0.0
2026-10-05 12:17:52,flamesafe,0,0,0,6001,21
2026-10-05 12:17:52,engine,5,5,0,3088815,116
2026-10-05 12:17:52,deck,5,3,2,9974,36
2026-10-05 12:17:52,soak,0,0,0,71480,50
2026-10-05 12:17:52,BEYOND,9,3,6,993570,1379
2026-10-05 12:17:52,MadMapper,3,0,3,1111799,1019
2026-10-05 12:17:52,system,4,2,2,,,0.0,0.0,0,8396,0.0
2026-10-05 12:17:53,flamesafe,0,0,0,6001,21
2026-10-05 12:17:53,engine,6,6,0,3089037,116
2026-10-05 12:17:53,deck,5,3,2,9974,36
2026-10-05 12:17:53,soak,0,0,0,71484,50
2026-10-05 12:17:53,BEYOND,11,5,6,993699,1379
2026-10-05 12:17:53,MadMapper,5,0,5,1111827,1019
2026-10-05 12:17:53,system,4,2,2,,,0.0,0.0,0,8396,0.0
2026-10-05 12:17:54,flamesafe,0,0,0,6001,21
2026-10-05 12:17:54,engine,3,3,0,3089256,116
2026-10-05 12:17:54,deck,3,2,2,9974,36
2026-10-05 12:17:54,soak,0,0,0,71488,50
2026-10-05 12:17:54,BEYOND,5,3,2,993826,1379
2026-10-05 12:17:54,MadMapper,5,2,3,1111831,1019
2026-10-05 12:17:54,system,4,2,2,,,0.4,0.2,3,8396,0.0
2026-10-05 12:17:56,flamesafe,3,3,0,6001,21
2026-10-05 12:17:56,engine,2,2,0,3089598,117
2026-10-05 12:17:56,deck,5,0,5,9974,36
2026-10-05 12:17:56,soak,2,2,0,71492,50
2026-10-05 12:17:56,BEYOND,14,0,14,993954,1379
2026-10-05 12:17:56,MadMapper,2,2,0,1111835,1019
2026-10-05 12:17:56,system,5,2,2,,,0.2,0.0,2,8396,0.0
2026-10-05 12:17:57,flamesafe,0,0,0,6001,21
2026-10-05 12:17:57,engine,5,3,2,3102209,117
2026-10-05 12:17:57,deck,3,3,0,9974,36
2026-10-05 12:17:57,soak,3,0,3,71520,50
2026-10-05 12:17:57,BEYOND,5,0,5,994090,1379
2026-10-05 12:17:57,MadMapper,2,0,2,1111839,1019
2026-10-05 12:17:57,system,6,2,4,,,0.4,0.0,2,8396,0.0
2026-10-05 12:17:58,flamesafe,3,2,2,6001,21
2026-10-05 12:17:58,engine,3,2,2,3102415,117
2026-10-05 12:17:58,deck,5,3,2,9974,36
2026-10-05 12:17:58,soak,2,0,2,71524,50
2026-10-05 12:17:58,BEYOND,5,0,5,994217,1379
2026-10-05 12:17:58,MadMapper,6,2,5,1111843,1019
2026-10-05 12:17:58,system,5,2,2,,,0.0,0.2,2,8396,0.0
2026-10-05 12:17:59,flamesafe,2,2,0,6001,21
2026-10-05 12:17:59,engine,5,0,5,3102634,117
2026-10-05 12:17:59,deck,5,5,0,9974,36
2026-10-05 12:17:59,soak,3,2,2,71528,50
2026-10-05 12:17:59,BEYOND,6,2,5,994345,1379
2026-10-05 12:17:59,MadMapper,3,3,0,1111871,1019
2026-10-05 12:17:59,system,4,2,2,,,0.0,0.0,0,8396,0.0
2026-10-05 12:18:00,flamesafe,0,0,0,6001,21
2026-10-05 12:18:00,engine,3,2,2,3102868,117
2026-10-05 12:18:00,deck,0,0,0,9974,36
2026-10-05 12:18:00,soak,0,0,0,71532,50
2026-10-05 12:18:00,BEYOND,11,2,9,994472,1379
2026-10-05 12:18:00,MadMapper,3,3,0,1111907,1019
2026-10-05 12:18:00,system,5,2,3,,,0.0,0.0,0,8398,0.0
2026-10-05 12:18:01,flamesafe,0,0,0,6004,21
2026-10-05 12:18:01,engine,5,2,3,3103314,118
2026-10-05 12:18:01,deck,5,5,0,9974,36
2026-10-05 12:18:01,soak,0,0,0,71555,50
2026-10-05 12:18:01,BEYOND,9,0,9,995097,1381
2026-10-05 12:18:01,MadMapper,8,0,8,1111917,633
2026-10-05 12:18:01,system,7,2,5,,,0.2,0.2,2,8772,0.0
2026-10-05 12:18:02,flamesafe,0,0,0,6008,21
2026-10-05 12:18:02,engine,8,3,5,3115908,118
2026-10-05 12:18:02,deck,3,3,0,9974,36
2026-10-05 12:18:02,soak,2,0,2,71583,50
2026-10-05 12:18:02,BEYOND,9,6,3,995477,1382
2026-10-05 12:18:02,MadMapper,3,2,2,1111921,633
2026-10-05 12:18:02,system,9,5,4,,,0.2,0.0,2,8774,0.0
2026-10-05 12:18:03,flamesafe,0,0,0,6008,21
2026-10-05 12:18:03,engine,5,5,0,3116114,118
2026-10-05 12:18:03,deck,5,3,2,9974,36
2026-10-05 12:18:03,soak,0,0,0,71587,50
2026-10-05 12:18:03,BEYOND,5,0,5,995664,1382
2026-10-05 12:18:03,MadMapper,2,0,2,1111927,633
2026-10-05 12:18:03,system,4,2,1,,,0.0,0.0,0,8775,0.0
2026-10-05 12:18:04,flamesafe,2,2,0,6008,21
2026-10-05 12:18:04,engine,3,2,2,3116328,118
2026-10-05 12:18:04,deck,5,5,0,9974,36
2026-10-05 12:18:04,soak,2,2,0,71591,50
2026-10-05 12:18:04,BEYOND,16,8,8,995924,1383
2026-10-05 12:18:04,MadMapper,2,2,0,1111955,633
2026-10-05 12:18:04,system,5,4,2,,,0.4,0.2,4,8775,0.0
2026-10-05 12:18:05,flamesafe,2,0,2,6008,21
2026-10-05 12:18:05,engine,6,5,2,3116547,118
2026-10-05 12:18:05,deck,2,2,0,9974,36
2026-10-05 12:18:05,soak,3,2,2,71595,50
2026-10-05 12:18:05,BEYOND,9,0,9,996068,1383
2026-10-05 12:18:05,MadMapper,5,2,3,1112007,633
2026-10-05 12:18:05,system,7,4,4,,,0.6,0.2,3,8784,0.0
2026-10-05 12:18:06,flamesafe,0,0,0,6008,21
2026-10-05 12:18:06,engine,8,5,3,3116759,118
2026-10-05 12:18:06,deck,3,3,0,9974,36
2026-10-05 12:18:06,soak,2,0,2,71599,50
2026-10-05 12:18:06,BEYOND,12,3,9,996211,1383
2026-10-05 12:18:06,MadMapper,5,2,3,1112013,633
2026-10-05 12:18:06,system,7,3,4,,,0.4,0.0,2,8775,0.0
2026-10-05 12:18:07,flamesafe,0,0,0,6008,21
2026-10-05 12:18:07,engine,3,3,0,3129349,118
2026-10-05 12:18:07,deck,2,2,0,9974,36
2026-10-05 12:18:07,soak,3,2,2,71627,50
2026-10-05 12:18:07,BEYOND,14,6,8,996391,1383
2026-10-05 12:18:07,MadMapper,6,2,5,1112017,633
2026-10-05 12:18:07,system,8,3,5,,,0.4,0.2,3,8773,0.0
2026-10-05 12:18:08,flamesafe,0,0,0,6008,21
2026-10-05 12:18:08,engine,0,0,0,3129565,118
2026-10-05 12:18:08,deck,2,0,2,9974,36
2026-10-05 12:18:08,soak,0,0,0,71634,50
2026-10-05 12:18:08,BEYOND,8,2,6,996543,1383
2026-10-05 12:18:08,MadMapper,9,8,2,1112021,633
2026-10-05 12:18:08,system,3,2,1,,,0.0,0.0,0,8774,0.0
2026-10-05 12:18:09,flamesafe,0,0,0,6008,21
2026-10-05 12:18:09,engine,16,9,6,3191551,118
2026-10-05 12:18:09,deck,6,6,0,9974,36
2026-10-05 12:18:09,soak,2,0,2,71647,50
2026-10-05 12:18:09,BEYOND,8,2,6,996806,1383
2026-10-05 12:18:09,MadMapper,0,0,0,1112049,633
2026-10-05 12:18:09,system,6,3,2,,,0.0,0.2,2,8773,0.0
2026-10-05 12:18:10,flamesafe,0,0,0,6009,21
2026-10-05 12:18:10,engine,9,2,8,3253541,118
2026-10-05 12:18:10,deck,8,5,3,10002,36
2026-10-05 12:18:10,soak,3,3,0,71651,50
2026-10-05 12:18:10,BEYOND,6,3,3,996949,1383
2026-10-05 12:18:10,MadMapper,12,5,8,1112055,633
2026-10-05 12:18:10,system,10,5,5,,,0.2,0.0,2,8772,0.0
2026-10-05 12:18:11,flamesafe,2,2,0,6010,21
2026-10-05 12:18:11,engine,3,3,0,3266280,118
2026-10-05 12:18:11,deck,3,3,0,10002,36
2026-10-05 12:18:11,soak,5,3,2,71679,50
2026-10-05 12:18:11,BEYOND,11,5,6,997093,1383
2026-10-05 12:18:11,MadMapper,6,5,2,1112187,621
2026-10-05 12:18:11,system,13,8,4,,,0.4,0.6,3,8780,0.0
2026-10-05 12:18:12,flamesafe,2,2,0,6010,21
2026-10-05 12:18:12,engine,17,5,12,3365329,118
2026-10-05 12:18:12,deck,9,9,0,10044,36
2026-10-05 12:18:12,soak,2,2,0,71683,50
2026-10-05 12:18:12,BEYOND,9,2,8,997236,1383
2026-10-05 12:18:12,MadMapper,5,2,3,1112191,621
2026-10-05 12:18:12,system,8,4,4,,,0.4,0.2,2,8783,0.0
2026-10-05 12:18:13,flamesafe,3,0,3,6011,21
2026-10-05 12:18:13,engine,8,3,5,3377902,118
2026-10-05 12:18:13,deck,3,3,0,10044,36
2026-10-05 12:18:13,soak,5,3,2,71687,50
2026-10-05 12:18:13,BEYOND,11,2,9,997388,1383
2026-10-05 12:18:13,MadMapper,6,5,2,1112196,621
2026-10-05 12:18:13,system,8,4,4,,,0.0,0.6,3,8783,0.0
2026-10-05 12:18:14,flamesafe,2,2,0,6011,21
2026-10-05 12:18:14,engine,11,2,9,3476952,119
2026-10-05 12:18:14,deck,15,14,2,10044,36
2026-10-05 12:18:14,soak,0,0,0,71691,50
2026-10-05 12:18:14,BEYOND,14,8,6,997532,1383
2026-10-05 12:18:14,MadMapper,2,2,0,1112225,621
2026-10-05 12:18:14,system,10,6,4,,,0.2,0.2,3,8782,0.0
2026-10-05 12:18:15,flamesafe,0,0,0,6012,21
2026-10-05 12:18:15,engine,12,6,6,3501898,119
2026-10-05 12:18:15,deck,5,5,0,10044,36
2026-10-05 12:18:15,soak,3,2,2,71695,50
2026-10-05 12:18:15,BEYOND,12,3,9,997675,1383
2026-10-05 12:18:15,MadMapper,8,2,6,1112229,621
2026-10-05 12:18:15,system,11,6,5,,,0.2,0.4,2,8783,0.0
2026-10-05 12:18:16,flamesafe,0,0,0,6012,21
2026-10-05 12:18:16,engine,3,3,0,3502116,119
2026-10-05 12:18:16,deck,2,2,0,10044,36
2026-10-05 12:18:16,soak,2,2,0,71714,50
2026-10-05 12:18:16,BEYOND,6,2,5,997821,1383
2026-10-05 12:18:16,MadMapper,5,3,2,1112234,621
2026-10-05 12:18:16,system,5,3,2,,,0.0,0.0,0,8784,0.0
2026-10-05 12:18:17,flamesafe,0,0,0,6012,21
2026-10-05 12:18:17,engine,3,0,3,3514690,119
2026-10-05 12:18:17,deck,9,5,5,10044,36
2026-10-05 12:18:17,soak,5,3,2,71730,50
2026-10-05 12:18:17,BEYOND,6,0,6,997964,1383
2026-10-05 12:18:17,MadMapper,9,5,5,1112238,621
2026-10-05 12:18:17,system,8,3,5,,,0.2,0.2,3,8783,0.0
2026-10-05 12:18:18,flamesafe,0,0,0,6012,21
2026-10-05 12:18:18,engine,0,0,0,3514901,119
2026-10-05 12:18:18,deck,2,2,0,10044,36
2026-10-05 12:18:18,soak,0,0,0,71734,50
2026-10-05 12:18:18,BEYOND,6,0,6,998116,1383
2026-10-05 12:18:18,MadMapper,3,3,0,1112242,621
2026-10-05 12:18:18,system,3,2,2,,,0.0,0.0,0,8783,0.0
2026-10-05 12:18:19,flamesafe,0,0,0,6012,21
2026-10-05 12:18:19,engine,5,5,0,3515115,119
2026-10-05 12:18:19,deck,3,3,0,10044,36
2026-10-05 12:18:19,soak,5,5,0,71738,50
2026-10-05 12:18:19,BEYOND,6,0,6,998259,1383
2026-10-05 12:18:19,MadMapper,5,3,2,1112270,621
2026-10-05 12:18:19,system,6,4,2,,,0.2,0.0,2,8783,0.0
2026-10-05 12:18:20,flamesafe,0,0,0,6020,21
2026-10-05 12:18:20,engine,3,3,0,3515335,119
2026-10-05 12:18:20,deck,3,3,0,10044,36
2026-10-05 12:18:20,soak,2,0,2,71742,50
2026-10-05 12:18:20,BEYOND,5,2,3,998404,1383
2026-10-05 12:18:20,MadMapper,6,3,3,1112277,621
2026-10-05 12:18:20,system,8,5,3,,,0.2,0.2,2,8791,0.0
2026-10-05 12:18:21,flamesafe,2,2,0,6020,21
2026-10-05 12:18:21,engine,0,0,0,3515693,119
2026-10-05 12:18:21,deck,3,3,0,10044,36
2026-10-05 12:18:21,soak,0,0,0,71746,50
2026-10-05 12:18:21,BEYOND,9,0,9,998547,1383
2026-10-05 12:18:21,MadMapper,2,0,2,1112281,621
2026-10-05 12:18:21,system,4,2,2,,,0.0,0.0,0,8783,0.0
2026-10-05 12:18:22,flamesafe,0,0,0,6020,21
2026-10-05 12:18:22,engine,6,3,3,3528326,119
2026-10-05 12:18:22,deck,8,6,2,10044,36
2026-10-05 12:18:22,soak,6,3,3,71839,50
2026-10-05 12:18:22,BEYOND,5,2,3,998691,1383
2026-10-05 12:18:22,MadMapper,5,3,2,1112285,621
2026-10-05 12:18:22,system,10,6,5,,,0.2,0.0,2,8781,0.0
2026-10-05 12:18:23,flamesafe,0,0,0,6020,21
2026-10-05 12:18:23,engine,0,0,0,3528548,119
2026-10-05 12:18:23,deck,3,3,0,10044,36
2026-10-05 12:18:23,soak,0,0,0,71843,50
2026-10-05 12:18:23,BEYOND,8,0,8,998844,1383
2026-10-05 12:18:23,MadMapper,6,3,3,1112322,621
2026-10-05 12:18:23,system,5,2,2,,,0.0,0.0,0,8773,0.0
2026-10-05 12:18:24,flamesafe,0,0,0,6020,21
2026-10-05 12:18:24,engine,2,2,0,3528766,119
2026-10-05 12:18:24,deck,3,2,2,10044,36
2026-10-05 12:18:24,soak,0,0,0,71847,50
2026-10-05 12:18:24,BEYOND,9,2,8,998988,1383
2026-10-05 12:18:24,MadMapper,2,0,2,1112350,621
2026-10-05 12:18:24,system,4,1,2,,,0.2,0.2,2,8771,0.0
2026-10-05 12:18:25,flamesafe,0,0,0,6020,21
2026-10-05 12:18:25,engine,2,2,0,3528977,119
2026-10-05 12:18:25,deck,5,5,0,10044,36
2026-10-05 12:18:25,soak,2,2,0,71851,50
2026-10-05 12:18:25,BEYOND,8,2,6,999131,1383
2026-10-05 12:18:25,MadMapper,3,3,0,1112354,621
2026-10-05 12:18:25,system,4,3,2,,,0.0,0.2,2,8773,0.0
2026-10-05 12:18:26,flamesafe,0,0,0,6020,21
2026-10-05 12:18:26,engine,3,3,0,3529208,119
2026-10-05 12:18:26,deck,5,3,2,10044,36
2026-10-05 12:18:26,soak,0,0,0,71867,50
2026-10-05 12:18:26,BEYOND,6,0,6,999275,1383
2026-10-05 12:18:26,MadMapper,5,0,5,1112358,621
2026-10-05 12:18:26,system,5,3,2,,,0.0,0.0,0,8774,0.0
2026-10-05 12:18:27,flamesafe,2,2,0,6020,21
2026-10-05 12:18:27,engine,8,5,3,3541809,119
2026-10-05 12:18:27,deck,3,2,2,10044,36
2026-10-05 12:18:27,soak,3,2,2,71883,50
2026-10-05 12:18:27,BEYOND,8,2,6,999418,1383
2026-10-05 12:18:27,MadMapper,5,2,3,1112362,621
2026-10-05 12:18:27,system,10,4,6,,,0.2,0.2,2,8779,11.4
2026-10-05 12:18:28,flamesafe,0,0,0,6020,21
2026-10-05 12:18:28,engine,3,2,2,3542027,119
2026-10-05 12:18:28,deck,6,5,2,10044,36
2026-10-05 12:18:28,soak,0,0,0,71887,50
2026-10-05 12:18:28,BEYOND,6,3,3,999570,1383
2026-10-05 12:18:28,MadMapper,3,2,2,1112366,621
2026-10-05 12:18:28,system,4,2,2,,,0.4,0.0,3,8786,0.0
2026-10-05 12:18:29,flamesafe,3,2,2,6020,21
2026-10-05 12:18:29,engine,0,0,0,3542238,120
2026-10-05 12:18:29,deck,2,2,0,10044,36
2026-10-05 12:18:29,soak,2,0,2,71891,50
2026-10-05 12:18:29,BEYOND,5,2,3,999948,1384
2026-10-05 12:18:29,MadMapper,2,0,2,1112394,621
2026-10-05 12:18:29,system,4,2,2,,,0.0,0.0,0,8784,0.0
2026-10-05 12:18:30,flamesafe,0,0,0,6020,21
2026-10-05 12:18:30,engine,3,3,0,3542473,120
2026-10-05 12:18:30,deck,0,0,0,10044,36
2026-10-05 12:18:30,soak,0,0,0,71895,50
2026-10-05 12:18:30,BEYOND,11,3,8,1000091,1384
2026-10-05 12:18:30,MadMapper,6,2,5,1112519,621
2026-10-05 12:18:30,system,3,1,2,,,0.0,0.0,0,8784,0.0
2026-10-05 12:18:31,flamesafe,0,0,0,6021,21
2026-10-05 12:18:31,engine,11,3,8,3567609,120
2026-10-05 12:18:31,deck,2,0,2,10044,36
2026-10-05 12:18:31,soak,2,0,2,71923,50
2026-10-05 12:18:31,BEYOND,8,5,3,1000234,1384
2026-10-05 12:18:31,MadMapper,9,3,6,1112555,621
2026-10-05 12:18:31,system,11,6,5,,,0.4,0.2,3,8778,0.0
2026-10-05 12:18:32,flamesafe,0,0,0,6022,21
2026-10-05 12:18:32,engine,6,6,0,3567816,120
2026-10-05 12:18:32,deck,2,2,0,10044,36
2026-10-05 12:18:32,soak,2,2,0,71927,50
2026-10-05 12:18:32,BEYOND,5,3,2,1000361,1384
2026-10-05 12:18:32,MadMapper,2,0,2,1112560,621
2026-10-05 12:18:32,system,4,3,1,,,0.0,0.0,0,8781,0.0
2026-10-05 12:18:33,flamesafe,0,0,0,6022,21
2026-10-05 12:18:33,engine,2,0,2,3568034,120
2026-10-05 12:18:33,deck,5,3,2,10044,36
2026-10-05 12:18:33,soak,2,2,0,71931,50
2026-10-05 12:18:33,BEYOND,12,2,11,1000489,1384
2026-10-05 12:18:33,MadMapper,9,3,6,1112564,621
2026-10-05 12:18:33,system,5,2,3,,,0.0,0.0,0,8781,0.0
2026-10-05 12:18:34,flamesafe,0,0,0,6022,21
2026-10-05 12:18:34,engine,2,0,2,3568257,120
2026-10-05 12:18:34,deck,9,8,2,10044,36
2026-10-05 12:18:34,soak,0,0,0,71935,50
2026-10-05 12:18:34,BEYOND,6,0,6,1000624,1384
2026-10-05 12:18:34,MadMapper,5,5,0,1112616,621
2026-10-05 12:18:34,system,4,2,2,,,0.2,0.2,2,8781,0.0
2026-10-05 12:18:35,flamesafe,0,0,0,6022,21
2026-10-05 12:18:35,engine,2,2,0,3568475,120
2026-10-05 12:18:35,deck,3,3,0,10044,36
2026-10-05 12:18:35,soak,2,0,2,71939,50
2026-10-05 12:18:35,BEYOND,11,2,9,1000752,1384
2026-10-05 12:18:35,MadMapper,6,5,2,1112645,621
2026-10-05 12:18:35,system,7,2,5,,,0.2,0.0,2,8788,0.0
2026-10-05 12:18:36,flamesafe,0,0,0,6022,21
2026-10-05 12:18:36,engine,8,6,2,3581105,120
2026-10-05 12:18:36,deck,5,3,2,10045,36
2026-10-05 12:18:36,soak,2,2,0,71968,50
2026-10-05 12:18:36,BEYOND,11,0,11,1000938,1384
2026-10-05 12:18:36,MadMapper,3,3,0,1112649,621
2026-10-05 12:18:36,system,15,8,6,,,0.4,0.0,2,8739,0.0
2026-10-05 12:18:37,flamesafe,2,2,0,6022,21
2026-10-05 12:18:37,engine,8,5,3,3593696,120
2026-10-05 12:18:37,deck,9,6,3,10045,36
2026-10-05 12:18:37,soak,3,2,2,72157,50
2026-10-05 12:18:37,BEYOND,14,2,12,1001082,1384
2026-10-05 12:18:37,MadMapper,3,3,0,1112685,621
2026-10-05 12:18:37,system,20,12,8,,,0.4,0.0,2,8652,0.0
2026-10-05 12:18:38,flamesafe,2,2,0,6022,21
2026-10-05 12:18:38,engine,6,6,0,3593913,120
2026-10-05 12:18:38,deck,2,2,0,10045,36
2026-10-05 12:18:38,soak,2,2,0,72162,50
2026-10-05 12:18:38,BEYOND,9,5,5,1001227,1384
2026-10-05 12:18:38,MadMapper,5,2,3,1112690,621
2026-10-05 12:18:38,system,6,4,2,,,0.2,0.2,2,8649,0.0
2026-10-05 12:18:39,flamesafe,0,0,0,6022,21
2026-10-05 12:18:39,engine,3,3,0,3594129,120
2026-10-05 12:18:39,deck,2,2,0,10045,36
2026-10-05 12:18:39,soak,2,2,0,72213,50
2026-10-05 12:18:39,BEYOND,8,3,5,1001379,1384
2026-10-05 12:18:39,MadMapper,6,2,5,1112718,621
2026-10-05 12:18:39,system,13,9,4,,,0.6,0.0,2,8754,0.0
2026-10-05 12:18:40,flamesafe,0,0,0,6022,21
2026-10-05 12:18:40,engine,0,0,0,3594354,120
2026-10-05 12:18:40,deck,8,5,3,10045,36
2026-10-05 12:18:40,soak,3,3,0,72217,50
2026-10-05 12:18:40,BEYOND,5,3,2,1001522,1384
2026-10-05 12:18:40,MadMapper,5,2,3,1112755,622
2026-10-05 12:18:40,system,6,3,3,,,0.2,0.0,2,8745,0.0
2026-10-05 12:18:41,flamesafe,0,0,0,6022,21
2026-10-05 12:18:41,engine,9,5,5,3606967,120
2026-10-05 12:18:41,deck,5,5,0,10045,36
2026-10-05 12:18:41,soak,2,0,2,72379,50
2026-10-05 12:18:41,BEYOND,5,2,3,1001666,1384
2026-10-05 12:18:41,MadMapper,6,2,5,1112759,621
2026-10-05 12:18:41,system,12,6,7,,,0.4,0.0,2,8771,0.0
2026-10-05 12:18:42,flamesafe,0,0,0,6022,21
2026-10-05 12:18:42,engine,2,2,0,3607183,120
2026-10-05 12:18:42,deck,5,5,0,10045,36
2026-10-05 12:18:42,soak,2,2,0,72398,50
2026-10-05 12:18:42,BEYOND,9,2,8,1001810,1384
2026-10-05 12:18:42,MadMapper,6,2,5,1112764,621
2026-10-05 12:18:42,system,3,2,2,,,0.0,0.0,0,8777,0.0
2026-10-05 12:18:43,flamesafe,2,2,0,6022,21
2026-10-05 12:18:43,engine,0,0,0,3607397,120
2026-10-05 12:18:43,deck,5,3,2,10045,36
2026-10-05 12:18:43,soak,0,0,0,72402,50
2026-10-05 12:18:43,BEYOND,11,3,8,1001954,1384
2026-10-05 12:18:43,MadMapper,9,5,5,1112768,621
2026-10-05 12:18:43,system,5,3,2,,,0.2,0.2,2,8776,0.0
2026-10-05 12:18:44,flamesafe,0,0,0,6022,21
2026-10-05 12:18:44,engine,3,3,0,3607625,121
2026-10-05 12:18:44,deck,5,5,0,10045,36
2026-10-05 12:18:44,soak,0,0,0,72411,50
2026-10-05 12:18:44,BEYOND,19,5,14,1002106,1384
2026-10-05 12:18:44,MadMapper,2,0,2,1112796,621
2026-10-05 12:18:44,system,4,2,2,,,0.0,0.0,0,8777,0.0
2026-10-05 12:18:45,flamesafe,0,0,0,6022,21
2026-10-05 12:18:45,engine,8,6,2,3607983,121
2026-10-05 12:18:45,deck,2,2,0,10045,36
2026-10-05 12:18:45,soak,5,2,3,72415,50
2026-10-05 12:18:45,BEYOND,18,5,14,1002251,1384
2026-10-05 12:18:45,MadMapper,3,2,2,1112801,621
2026-10-05 12:18:45,system,5,2,3,,,0.0,0.0,0,8777,0.0
2026-10-05 12:18:46,flamesafe,0,0,0,6022,21
2026-10-05 12:18:46,engine,5,5,0,3608212,121
2026-10-05 12:18:46,deck,8,5,3,10045,36
2026-10-05 12:18:46,soak,3,0,3,72443,50
2026-10-05 12:18:46,BEYOND,19,6,12,1002395,1384
2026-10-05 12:18:46,MadMapper,3,2,2,1112805,621
2026-10-05 12:18:46,system,9,4,5,,,0.0,0.0,0,8781,0.0
2026-10-05 12:18:47,flamesafe,0,0,0,6022,21
2026-10-05 12:18:47,engine,5,3,2,3620808,121
2026-10-05 12:18:47,deck,2,0,2,10045,36
2026-10-05 12:18:47,soak,0,0,0,72447,50
2026-10-05 12:18:47,BEYOND,14,6,8,1002538,1384
2026-10-05 12:18:47,MadMapper,5,2,3,1112810,621
2026-10-05 12:18:47,system,6,3,4,,,0.2,0.2,3,8777,0.0
2026-10-05 12:18:48,flamesafe,0,0,0,6022,21
2026-10-05 12:18:48,engine,3,2,2,3621016,121
2026-10-05 12:18:48,deck,3,3,0,10045,36
2026-10-05 12:18:48,soak,2,0,2,72451,50
2026-10-05 12:18:48,BEYOND,14,3,11,1002682,1384
2026-10-05 12:18:48,MadMapper,5,0,5,1112816,621
2026-10-05 12:18:48,system,5,2,2,,,0.0,0.0,0,8776,0.0
2026-10-05 12:18:49,flamesafe,0,0,0,6022,21
2026-10-05 12:18:49,engine,3,3,0,3621235,121
2026-10-05 12:18:49,deck,5,3,2,10045,36
2026-10-05 12:18:49,soak,0,0,0,72455,50
2026-10-05 12:18:49,BEYOND,20,6,14,1002833,1384
2026-10-05 12:18:49,MadMapper,3,2,2,1112844,621
2026-10-05 12:18:49,system,6,2,3,,,0.0,0.2,2,8777,0.0
2026-10-05 12:18:50,flamesafe,2,2,0,6022,21
2026-10-05 12:18:50,engine,5,5,0,3621456,121
2026-10-05 12:18:50,deck,3,3,0,10045,36
2026-10-05 12:18:50,soak,2,0,2,72459,50
2026-10-05 12:18:50,BEYOND,23,8,16,1002977,1384
2026-10-05 12:18:50,MadMapper,8,5,3,1112848,621
2026-10-05 12:18:50,system,12,6,6,,,0.6,0.0,2,8787,0.0
2026-10-05 12:18:51,flamesafe,2,0,2,6022,21
2026-10-05 12:18:51,engine,6,3,3,3634046,121
2026-10-05 12:18:51,deck,3,3,0,10045,36
2026-10-05 12:18:51,soak,8,3,5,72487,50
2026-10-05 12:18:51,BEYOND,5,2,3,1003120,1384
2026-10-05 12:18:51,MadMapper,9,9,0,1112852,621
2026-10-05 12:18:51,system,10,5,5,,,0.0,0.2,2,8777,0.0
2026-10-05 12:18:52,flamesafe,5,5,0,6022,21
2026-10-05 12:18:52,engine,12,9,3,3634267,121
2026-10-05 12:18:52,deck,2,2,0,10045,36
2026-10-05 12:18:52,soak,2,2,0,72491,50
2026-10-05 12:18:52,BEYOND,9,2,8,1003266,1384
2026-10-05 12:18:52,MadMapper,5,2,3,1112857,621
2026-10-05 12:18:52,system,7,3,3,,,0.0,0.0,0,8777,0.0
2026-10-05 12:18:53,flamesafe,2,0,2,6022,21
2026-10-05 12:18:53,engine,3,3,0,3634477,121
2026-10-05 12:18:53,deck,9,9,0,10045,36
2026-10-05 12:18:53,soak,3,3,0,72495,50
2026-10-05 12:18:53,BEYOND,5,0,5,1003409,1384
2026-10-05 12:18:53,MadMapper,3,0,3,1112861,621
2026-10-05 12:18:53,system,5,3,2,,,0.2,0.0,2,8777,0.0
2026-10-05 12:18:54,flamesafe,2,0,2,6022,21
2026-10-05 12:18:54,engine,3,3,0,3634704,121
2026-10-05 12:18:54,deck,6,6,0,10045,36
2026-10-05 12:18:54,soak,0,0,0,72499,50
2026-10-05 12:18:54,BEYOND,19,6,12,1003562,1384
2026-10-05 12:18:54,MadMapper,6,3,3,1112921,621
2026-10-05 12:18:54,system,6,3,3,,,0.2,0.0,2,8776,0.0
2026-10-05 12:18:55,flamesafe,0,0,0,6022,21
2026-10-05 12:18:55,engine,12,11,2,3635055,122
2026-10-05 12:18:55,deck,6,5,2,10045,36
2026-10-05 12:18:55,soak,3,3,0,72503,50
2026-10-05 12:18:55,BEYOND,12,3,9,1003705,1384
2026-10-05 12:18:55,MadMapper,16,3,12,1112926,621
2026-10-05 12:18:55,system,8,4,4,,,0.0,0.0,0,8779,0.0
2026-10-05 12:18:56,flamesafe,0,0,0,6022,21
2026-10-05 12:18:56,engine,3,0,3,3635276,122
2026-10-05 12:18:56,deck,3,3,0,10045,36
2026-10-05 12:18:56,soak,2,0,2,72531,50
2026-10-05 12:18:56,BEYOND,22,11,11,1003849,1384
2026-10-05 12:18:56,MadMapper,5,2,3,1112930,621
2026-10-05 12:18:56,system,11,6,5,,,0.2,0.2,2,8784,0.0
2026-10-05 12:18:57,flamesafe,2,2,0,6022,21
2026-10-05 12:18:57,engine,3,2,2,3647844,122
2026-10-05 12:18:57,deck,5,3,2,10045,36
2026-10-05 12:18:57,soak,2,0,2,72535,50
2026-10-05 12:18:57,BEYOND,17,9,8,1003992,1384
2026-10-05 12:18:57,MadMapper,6,3,3,1112934,621
2026-10-05 12:18:57,system,6,3,3,,,0.0,0.2,2,8779,0.0
2026-10-05 12:18:58,flamesafe,2,2,0,6022,21
2026-10-05 12:18:58,engine,8,6,2,3648057,122
2026-10-05 12:18:58,deck,5,5,0,10045,36
2026-10-05 12:18:58,soak,3,2,2,72539,50
2026-10-05 12:18:58,BEYOND,19,9,9,1004136,1384
2026-10-05 12:18:58,MadMapper,3,2,2,1112938,621
2026-10-05 12:18:58,system,6,4,2,,,0.0,0.2,2,8778,0.0
2026-10-05 12:18:59,flamesafe,3,2,2,6022,21
2026-10-05 12:18:59,engine,0,0,0,3648287,122
2026-10-05 12:18:59,deck,2,0,2,10045,36
2026-10-05 12:18:59,soak,5,2,3,72543,50
2026-10-05 12:18:59,BEYOND,9,2,8,1004288,1384
2026-10-05 12:18:59,MadMapper,5,3,2,1112967,621
2026-10-05 12:18:59,system,6,2,4,,,0.6,0.0,3,8779,0.0
2026-10-05 12:19:00,flamesafe,2,2,0,6022,21
2026-10-05 12:19:00,engine,3,2,2,3648511,122
2026-10-05 12:19:00,deck,6,5,2,10045,36
2026-10-05 12:19:00,soak,2,0,2,72547,50
2026-10-05 12:19:00,BEYOND,16,6,9,1004433,1384
2026-10-05 12:19:00,MadMapper,6,2,5,1112971,621
2026-10-05 12:19:00,system,6,3,3,,,0.0,0.0,0,8779,0.0
2026-10-05 12:19:01,flamesafe,5,5,0,6022,21
2026-10-05 12:19:01,engine,6,3,3,3661106,122
2026-10-05 12:19:01,deck,9,9,0,10045,36
2026-10-05 12:19:01,soak,2,2,0,72575,50
2026-10-05 12:19:01,BEYOND,12,3,9,1004577,1384
2026-10-05 12:19:01,MadMapper,2,0,2,1112975,621
2026-10-05 12:19:01,system,10,5,5,,,0.6,0.0,2,8777,0.0
2026-10-05 12:19:02,flamesafe,2,2,0,6022,21
2026-10-05 12:19:02,engine,8,8,0,3661315,122
2026-10-05 12:19:02,deck,5,3,2,10045,36
2026-10-05 12:19:02,soak,3,2,2,72579,50
2026-10-05 12:19:02,BEYOND,9,2,8,1004720,1384
2026-10-05 12:19:02,MadMapper,5,3,2,1112980,621
2026-10-05 12:19:02,system,7,4,3,,,0.0,0.6,4,8779,0.0
2026-10-05 12:19:03,flamesafe,2,2,0,6022,21
2026-10-05 12:19:03,engine,12,9,3,3661533,122
2026-10-05 12:19:03,deck,6,5,2,10045,36
2026-10-05 12:19:03,soak,0,0,0,72583,50
2026-10-05 12:19:03,BEYOND,20,8,12,1004864,1384
2026-10-05 12:19:03,MadMapper,3,3,0,1112984,621
2026-10-05 12:19:03,system,6,4,3,,,0.2,0.0,2,8779,0.0
2026-10-05 12:19:04,flamesafe,0,0,0,6022,21
2026-10-05 12:19:04,engine,3,3,0,3661742,122
2026-10-05 12:19:04,deck,3,2,2,10045,36
2026-10-05 12:19:04,soak,5,3,2,72587,50
2026-10-05 12:19:04,BEYOND,12,8,5,1005007,1384
2026-10-05 12:19:04,MadMapper,9,5,5,1113060,621
2026-10-05 12:19:04,system,5,4,2,,,0.2,0.0,2,8779,0.0
2026-10-05 12:19:05,flamesafe,0,0,0,6022,21
2026-10-05 12:19:05,engine,5,5,0,3662106,123
2026-10-05 12:19:05,deck,6,6,0,10045,36
2026-10-05 12:19:05,soak,3,2,2,72591,50
2026-10-05 12:19:05,BEYOND,18,6,12,1005159,1384
2026-10-05 12:19:05,MadMapper,9,3,6,1113065,621
2026-10-05 12:19:05,system,8,4,4,,,0.0,0.0,0,8781,0.0
2026-10-05 12:19:06,flamesafe,0,0,0,6022,21
2026-10-05 12:19:06,engine,8,6,2,3673927,124
2026-10-05 12:19:06,deck,6,3,3,10045,36
2026-10-05 12:19:06,soak,6,6,0,72619,50
2026-10-05 12:19:06,BEYOND,20,6,14,1005303,1384
2026-10-05 12:19:06,MadMapper,0,0,0,1113069,621
2026-10-05 12:19:06,system,10,5,5,,,0.0,0.0,0,8775,0.0
2026-10-05 12:19:07,flamesafe,0,0,0,6022,21
2026-10-05 12:19:07,engine,5,2,3,3674914,123
2026-10-05 12:19:07,deck,6,5,2,10045,36
2026-10-05 12:19:07,soak,0,0,0,72624,50
2026-10-05 12:19:07,BEYOND,8,3,5,1005449,1384
2026-10-05 12:19:07,MadMapper,11,5,6,1113073,621
2026-10-05 12:19:07,system,6,3,3,,,0.4,0.2,4,8777,0.0
2026-10-05 12:19:08,flamesafe,0,0,0,6022,21
2026-10-05 12:19:08,engine,3,3,0,3675128,123
2026-10-05 12:19:08,deck,8,6,2,10045,36
2026-10-05 12:19:08,soak,0,0,0,72628,50
2026-10-05 12:19:08,BEYOND,9,2,8,1005592,1384
2026-10-05 12:19:08,MadMapper,3,2,2,1113077,621
2026-10-05 12:19:08,system,6,3,3,,,0.4,0.0,2,8777,0.0
2026-10-05 12:19:09,flamesafe,3,3,0,6022,21
2026-10-05 12:19:09,engine,2,0,2,3675347,123
2026-10-05 12:19:09,deck,2,2,0,10045,36
2026-10-05 12:19:09,soak,2,2,0,72632,50
2026-10-05 12:19:09,BEYOND,22,3,19,1005736,1384
2026-10-05 12:19:09,MadMapper,6,2,5,1113106,621
2026-10-05 12:19:09,system,6,2,4,,,0.0,0.0,0,8777,0.0
2026-10-05 12:19:10,flamesafe,3,3,0,6022,21
2026-10-05 12:19:10,engine,0,0,0,3675563,123
2026-10-05 12:19:10,deck,2,2,0,10045,36
2026-10-05 12:19:10,soak,3,3,0,72636,50
2026-10-05 12:19:10,BEYOND,16,2,14,1005926,1384
2026-10-05 12:19:10,MadMapper,6,6,0,1113142,621
2026-10-05 12:19:10,system,7,3,4,,,0.2,0.6,6,8775,0.0
2026-10-05 12:19:11,flamesafe,2,2,0,6022,21
2026-10-05 12:19:11,engine,5,5,0,3688159,123
2026-10-05 12:19:11,deck,6,3,3,10045,36
2026-10-05 12:19:11,soak,2,2,0,72664,50
2026-10-05 12:19:11,BEYOND,14,6,8,1006070,1384
2026-10-05 12:19:11,MadMapper,15,11,5,1113178,621
2026-10-05 12:19:11,system,11,6,5,,,0.4,0.4,4,8774,0.0
2026-10-05 12:19:12,flamesafe,3,3,0,6022,21
2026-10-05 12:19:12,engine,9,6,3,3688368,123
2026-10-05 12:19:12,deck,5,3,2,10045,36
2026-10-05 12:19:12,soak,0,0,0,72668,50
2026-10-05 12:19:12,BEYOND,16,2,14,1006213,1384
2026-10-05 12:19:12,MadMapper,3,2,2,1113183,621
2026-10-05 12:19:12,system,7,4,3,,,0.0,0.0,0,8776,0.0
2026-10-05 12:19:13,flamesafe,3,3,0,6022,21
2026-10-05 12:19:13,engine,6,5,2,3688587,123
2026-10-05 12:19:13,deck,2,2,0,10045,36
2026-10-05 12:19:13,soak,2,2,0,72672,50
2026-10-05 12:19:13,BEYOND,9,5,5,1006357,1384
2026-10-05 12:19:13,MadMapper,3,0,3,1113187,621
2026-10-05 12:19:13,system,4,3,2,,,0.0,0.0,0,8776,0.0
2026-10-05 12:19:14,flamesafe,0,0,0,6022,21
2026-10-05 12:19:14,engine,5,2,3,3688820,123
2026-10-05 12:19:14,deck,2,0,2,10045,36
2026-10-05 12:19:14,soak,3,3,0,72676,50
2026-10-05 12:19:14,BEYOND,14,9,5,1006502,1384
2026-10-05 12:19:14,MadMapper,14,3,11,1113215,621
2026-10-05 12:19:14,system,6,3,3,,,0.0,0.0,0,8776,0.0
2026-10-05 12:19:15,flamesafe,0,0,0,6022,21
2026-10-05 12:19:15,engine,5,5,0,3689180,123
2026-10-05 12:19:15,deck,8,8,0,10045,36
2026-10-05 12:19:15,soak,5,3,2,72680,50
2026-10-05 12:19:15,BEYOND,23,5,19,1009924,1397
2026-10-05 12:19:15,MadMapper,6,2,5,1113219,621
2026-10-05 12:19:15,system,8,4,4,,,0.2,0.0,2,8767,0.0
2026-10-05 12:19:16,flamesafe,0,0,0,6022,21
2026-10-05 12:19:16,engine,6,5,2,3701788,123
2026-10-05 12:19:16,deck,8,5,3,10045,36
2026-10-05 12:19:16,soak,2,0,2,72708,50
2026-10-05 12:19:16,BEYOND,22,17,5,1010179,1398
2026-10-05 12:19:16,MadMapper,8,2,6,1113224,621
2026-10-05 12:19:16,system,12,6,6,,,0.2,0.2,2,8755,0.0
2026-10-05 12:19:17,flamesafe,0,0,0,6022,21
2026-10-05 12:19:17,engine,5,3,2,3701996,123
2026-10-05 12:19:17,deck,8,5,3,10045,36
2026-10-05 12:19:17,soak,3,3,0,72712,50
2026-10-05 12:19:17,BEYOND,26,22,5,1010811,1400
2026-10-05 12:19:17,MadMapper,6,3,3,1113228,621
2026-10-05 12:19:17,system,8,6,2,,,0.0,0.0,0,8756,0.0
2026-10-05 12:19:18,flamesafe,2,2,0,6022,21
2026-10-05 12:19:18,engine,2,2,0,3702200,123
2026-10-05 12:19:18,deck,8,8,0,10045,36
2026-10-05 12:19:18,soak,2,2,0,72716,50
2026-10-05 12:19:18,BEYOND,47,34,12,1011116,1397
2026-10-05 12:19:18,MadMapper,11,3,8,1113232,621
2026-10-05 12:19:18,system,12,8,5,,,0.8,0.0,3,8756,0.0
2026-10-05 12:19:19,flamesafe,0,0,0,6022,21
2026-10-05 12:19:19,engine,5,5,0,3702421,124
2026-10-05 12:19:19,deck,5,5,0,10045,36
2026-10-05 12:19:19,soak,3,3,0,72720,50
2026-10-05 12:19:19,BEYOND,34,30,5,1011471,1398
2026-10-05 12:19:19,MadMapper,8,3,5,1113261,621
2026-10-05 12:19:19,system,9,7,2,,,0.0,0.0,0,8756,0.0
2026-10-05 12:19:20,flamesafe,0,0,0,6022,21
2026-10-05 12:19:20,engine,6,5,2,3702633,124
2026-10-05 12:19:20,deck,2,2,0,10045,36
2026-10-05 12:19:20,soak,2,0,2,72724,50
2026-10-05 12:19:20,BEYOND,28,14,14,1012045,1399
2026-10-05 12:19:20,MadMapper,3,0,3,1113265,621
2026-10-05 12:19:20,system,7,4,3,,,0.0,0.4,2,8759,0.1
2026-10-05 12:19:21,flamesafe,2,2,0,6022,21
2026-10-05 12:19:21,engine,2,0,2,3715271,124
2026-10-05 12:19:21,deck,5,3,2,10045,36
2026-10-05 12:19:21,soak,5,3,2,72792,51
2026-10-05 12:19:21,BEYOND,28,25,3,1012742,1402
2026-10-05 12:19:21,MadMapper,5,3,2,1113269,621
2026-10-05 12:19:21,system,18,10,8,,,0.8,0.4,3,8747,0.0
2026-10-05 12:19:22,flamesafe,0,0,0,6022,21
2026-10-05 12:19:22,engine,5,5,0,3715480,124
2026-10-05 12:19:22,deck,3,3,0,10045,36
2026-10-05 12:19:22,soak,5,3,2,72796,51
2026-10-05 12:19:22,BEYOND,22,11,11,1013021,1402
2026-10-05 12:19:22,MadMapper,5,0,5,1113274,621
2026-10-05 12:19:22,system,7,4,3,,,0.2,0.2,2,8741,0.0
2026-10-05 12:19:23,flamesafe,3,3,0,6022,21
2026-10-05 12:19:23,engine,8,5,3,3715693,124
2026-10-05 12:19:23,deck,0,0,0,10045,36
2026-10-05 12:19:23,soak,2,2,0,72800,51
2026-10-05 12:19:23,BEYOND,16,12,3,1013248,1399
2026-10-05 12:19:23,MadMapper,8,2,6,1113278,621
2026-10-05 12:19:23,system,8,5,3,,,0.2,0.4,4,8743,0.0
2026-10-05 12:19:24,flamesafe,2,2,0,6022,21
2026-10-05 12:19:24,engine,5,2,3,3715911,124
2026-10-05 12:19:24,deck,2,2,0,10045,36
2026-10-05 12:19:24,soak,2,2,0,72804,51
2026-10-05 12:19:24,BEYOND,19,14,5,1013424,1398
2026-10-05 12:19:24,MadMapper,8,2,6,1113306,621
2026-10-05 12:19:24,system,8,4,4,,,1.1,0.6,3,8745,0.0
2026-10-05 12:19:25,flamesafe,0,0,0,6022,21
2026-10-05 12:19:25,engine,3,2,2,3716262,124
2026-10-05 12:19:25,deck,5,5,0,10045,36
2026-10-05 12:19:25,soak,0,0,0,72808,51
2026-10-05 12:19:25,BEYOND,26,20,6,1013775,1395
2026-10-05 12:19:25,MadMapper,11,3,8,1113310,621
2026-10-05 12:19:25,system,7,4,3,,,0.0,0.0,0,8746,0.0
2026-10-05 12:19:26,flamesafe,0,0,0,6022,21
2026-10-05 12:19:26,engine,6,5,2,3728872,124
2026-10-05 12:19:26,deck,8,6,2,10045,36
2026-10-05 12:19:26,soak,5,0,5,72837,51
2026-10-05 12:19:26,BEYOND,31,20,11,1014030,1394
2026-10-05 12:19:26,MadMapper,5,3,2,1113316,621
2026-10-05 12:19:26,system,13,7,6,,,0.6,0.0,3,8746,0.0
2026-10-05 12:19:27,flamesafe,2,2,0,6022,21
2026-10-05 12:19:27,engine,9,8,2,3729086,124
2026-10-05 12:19:27,deck,3,3,0,10045,36
2026-10-05 12:19:27,soak,2,0,2,72841,51
2026-10-05 12:19:27,BEYOND,31,17,14,1014359,1395
2026-10-05 12:19:27,MadMapper,8,2,6,1113320,621
2026-10-05 12:19:27,system,8,6,3,,,0.0,0.0,0,8755,0.0
2026-10-05 12:19:28,flamesafe,0,0,0,6022,21
2026-10-05 12:19:28,engine,2,2,0,3729299,124
2026-10-05 12:19:28,deck,3,3,0,10045,36
2026-10-05 12:19:28,soak,2,0,2,72845,51
2026-10-05 12:19:28,BEYOND,28,20,8,1014537,1395
2026-10-05 12:19:28,MadMapper,2,2,0,1113484,622
2026-10-05 12:19:28,system,6,4,2,,,0.0,0.2,2,8754,0.0
2026-10-05 12:19:29,flamesafe,0,0,0,6022,21
2026-10-05 12:19:29,engine,2,2,0,3729527,124
2026-10-05 12:19:29,deck,3,3,0,10045,36
2026-10-05 12:19:29,soak,2,2,0,72849,51
2026-10-05 12:19:29,BEYOND,23,17,6,1014795,1392
2026-10-05 12:19:29,MadMapper,6,2,5,1113513,622
2026-10-05 12:19:29,system,8,5,3,,,0.4,0.4,3,8757,0.0
2026-10-05 12:19:30,flamesafe,2,2,0,6022,21
2026-10-05 12:19:30,engine,3,2,2,3729741,124
2026-10-05 12:19:30,deck,8,5,3,10045,36
2026-10-05 12:19:30,soak,3,2,2,72853,51
2026-10-05 12:19:30,BEYOND,20,11,9,1015007,1392
2026-10-05 12:19:30,MadMapper,5,2,3,1113517,622
2026-10-05 12:19:30,system,7,3,4,,,0.6,0.0,2,8757,0.0
2026-10-05 12:19:31,flamesafe,2,2,0,6022,21
2026-10-05 12:19:31,engine,5,2,3,3742348,124
2026-10-05 12:19:31,deck,0,0,0,10045,36
2026-10-05 12:19:31,soak,2,2,0,72881,51
2026-10-05 12:19:31,BEYOND,29,16,14,1015293,1392
2026-10-05 12:19:31,MadMapper,3,2,2,1113521,622
2026-10-05 12:19:31,system,11,5,6,,,0.8,0.0,3,8756,0.0
2026-10-05 12:19:32,flamesafe,0,0,0,6022,21
2026-10-05 12:19:32,engine,2,0,2,3742555,124
2026-10-05 12:19:32,deck,5,2,3,10045,36
2026-10-05 12:19:32,soak,0,0,0,72885,51
2026-10-05 12:19:32,BEYOND,22,9,12,1015595,1392
2026-10-05 12:19:32,MadMapper,6,2,5,1113525,622
2026-10-05 12:19:32,system,7,4,3,,,0.0,0.0,0,8757,0.0
2026-10-05 12:19:33,flamesafe,0,0,0,6022,21
2026-10-05 12:19:33,engine,2,2,0,3742767,124
2026-10-05 12:19:33,deck,5,5,0,10045,36
2026-10-05 12:19:33,soak,2,2,0,72889,51
2026-10-05 12:19:33,BEYOND,19,12,6,1015955,1393
2026-10-05 12:19:33,MadMapper,2,2,0,1113530,622
2026-10-05 12:19:33,system,5,4,1,,,0.0,0.2,2,8758,0.0
2026-10-05 12:19:34,flamesafe,0,0,0,6022,21
2026-10-05 12:19:34,engine,2,2,0,3743253,126
2026-10-05 12:19:34,deck,0,0,0,10045,36
2026-10-05 12:19:34,soak,0,0,0,72893,51
2026-10-05 12:19:34,BEYOND,22,14,8,1016175,1393
2026-10-05 12:19:34,MadMapper,9,6,3,1113594,622
2026-10-05 12:19:34,system,7,5,3,,,0.0,0.8,4,8759,0.0
2026-10-05 12:19:35,flamesafe,0,0,0,6022,21
2026-10-05 12:19:35,engine,2,2,0,3743503,126
2026-10-05 12:19:35,deck,8,8,0,10045,36
2026-10-05 12:19:35,soak,0,0,0,72899,51
2026-10-05 12:19:35,BEYOND,16,6,9,1016478,1394
2026-10-05 12:19:35,MadMapper,2,0,2,1113610,622
2026-10-05 12:19:35,system,6,4,2,,,0.0,0.2,2,8758,0.0
2026-10-05 12:19:36,flamesafe,2,2,0,6022,21
2026-10-05 12:19:36,engine,9,5,5,3756114,126
2026-10-05 12:19:36,deck,2,0,2,10045,36
2026-10-05 12:19:36,soak,3,3,0,72927,51
2026-10-05 12:19:36,BEYOND,30,20,9,1016634,1394
2026-10-05 12:19:36,MadMapper,9,3,6,1113615,622
2026-10-05 12:19:36,system,17,9,8,,,0.4,0.6,3,8756,0.0
2026-10-05 12:19:37,flamesafe,2,2,0,6022,21
2026-10-05 12:19:37,engine,5,5,0,3756323,126
2026-10-05 12:19:37,deck,3,3,0,10045,36
2026-10-05 12:19:37,soak,0,0,0,72931,51
2026-10-05 12:19:37,BEYOND,35,30,6,1016851,1393
2026-10-05 12:19:37,MadMapper,2,0,2,1113619,622
2026-10-05 12:19:37,system,8,6,2,,,0.2,0.0,2,8758,0.0
2026-10-05 12:19:38,flamesafe,2,2,0,6022,21
2026-10-05 12:19:38,engine,5,5,0,3756539,126
2026-10-05 12:19:38,deck,2,2,0,10045,36
2026-10-05 12:19:38,soak,6,5,2,72935,51
2026-10-05 12:19:38,BEYOND,25,16,9,1017039,1393
2026-10-05 12:19:38,MadMapper,3,2,2,1113623,621
2026-10-05 12:19:38,system,7,5,2,,,0.2,0.0,2,8760,0.0
2026-10-05 12:19:39,flamesafe,2,2,0,6022,21
2026-10-05 12:19:39,engine,3,2,2,3756755,126
2026-10-05 12:19:39,deck,5,3,2,10045,36
2026-10-05 12:19:39,soak,0,0,0,72939,51
2026-10-05 12:19:39,BEYOND,23,14,9,1017346,1394
2026-10-05 12:19:39,MadMapper,5,0,5,1113652,621
2026-10-05 12:19:39,system,7,3,4,,,0.2,0.0,2,8759,0.0
2026-10-05 12:19:40,flamesafe,6,5,2,6022,21
2026-10-05 12:19:40,engine,2,2,0,3756968,126
2026-10-05 12:19:40,deck,8,3,5,10045,36
2026-10-05 12:19:40,soak,2,2,0,72943,51
2026-10-05 12:19:40,BEYOND,12,9,3,1017525,1394
2026-10-05 12:19:40,MadMapper,8,0,8,1113656,621
2026-10-05 12:19:40,system,8,5,3,,,0.2,0.4,3,8761,0.0
2026-10-05 12:19:41,flamesafe,0,0,0,6022,21
2026-10-05 12:19:41,engine,9,2,8,3769591,126
2026-10-05 12:19:41,deck,3,2,2,10045,36
2026-10-05 12:19:41,soak,3,2,2,72971,51
2026-10-05 12:19:41,BEYOND,20,11,9,1017679,1394
2026-10-05 12:19:41,MadMapper,6,0,6,1113692,621
2026-10-05 12:19:41,system,13,5,7,,,0.4,0.0,2,8759,0.0
2026-10-05 12:19:42,flamesafe,0,0,0,6022,21
2026-10-05 12:19:42,engine,5,5,0,3769803,126
2026-10-05 12:19:42,deck,3,3,0,10045,36
2026-10-05 12:19:42,soak,3,2,2,72991,51
2026-10-05 12:19:42,BEYOND,28,19,9,1017822,1394
2026-10-05 12:19:42,MadMapper,6,2,5,1113696,621
2026-10-05 12:19:42,system,14,10,4,,,0.0,0.0,0,8681,0.0
2026-10-05 12:19:43,flamesafe,2,2,0,6022,21
2026-10-05 12:19:43,engine,3,2,2,3770011,126
2026-10-05 12:19:43,deck,9,8,2,10045,36
2026-10-05 12:19:43,soak,5,2,3,72995,51
2026-10-05 12:19:43,BEYOND,33,23,9,1017975,1394
2026-10-05 12:19:43,MadMapper,12,0,12,1113701,621
2026-10-05 12:19:43,system,20,13,7,,,0.2,0.4,2,8600,0.0
2026-10-05 12:19:44,flamesafe,2,2,0,6022,21
2026-10-05 12:19:44,engine,3,3,0,3770237,126
2026-10-05 12:19:44,deck,8,8,0,10045,36
2026-10-05 12:19:44,soak,5,5,0,72999,51
2026-10-05 12:19:44,BEYOND,12,11,2,1018130,1394
2026-10-05 12:19:44,MadMapper,9,3,6,1113734,621
2026-10-05 12:19:44,system,10,8,2,,,0.2,0.2,2,8607,0.0
2026-10-05 12:19:45,flamesafe,2,2,0,6022,21
2026-10-05 12:19:45,engine,5,3,2,3770657,127
2026-10-05 12:19:45,deck,9,9,0,10045,36
2026-10-05 12:19:45,soak,5,3,2,73015,51
2026-10-05 12:19:45,BEYOND,31,22,9,1018442,1392
2026-10-05 12:19:45,MadMapper,14,5,9,1113770,621
2026-10-05 12:19:45,system,22,14,8,,,0.2,0.2,2,8725,0.0
2026-10-05 12:19:46,flamesafe,0,0,0,6022,21
2026-10-05 12:19:46,engine,5,3,2,3783250,127
2026-10-05 12:19:46,deck,2,2,0,10045,36
2026-10-05 12:19:46,soak,2,0,2,73044,51
2026-10-05 12:19:46,BEYOND,28,22,6,1018654,1392
2026-10-05 12:19:46,MadMapper,5,3,2,1113775,621
2026-10-05 12:19:46,system,14,7,6,,,0.4,0.2,2,8717,0.0
2026-10-05 12:19:47,flamesafe,0,0,0,6022,21
2026-10-05 12:19:47,engine,5,3,2,3783468,127
2026-10-05 12:19:47,deck,2,2,0,10045,36
2026-10-05 12:19:47,soak,3,3,0,73061,51
2026-10-05 12:19:47,BEYOND,40,25,16,1018858,1393
2026-10-05 12:19:47,MadMapper,12,2,11,1113779,621
2026-10-05 12:19:47,system,12,7,5,,,0.0,0.2,2,8769,0.0
2026-10-05 12:19:48,flamesafe,0,0,0,6022,21
2026-10-05 12:19:48,engine,2,0,2,3783669,127
2026-10-05 12:19:48,deck,6,5,2,10045,36
2026-10-05 12:19:48,soak,2,2,0,73065,51
2026-10-05 12:19:48,BEYOND,22,12,9,1019066,1393
2026-10-05 12:19:48,MadMapper,5,3,2,1113783,621
2026-10-05 12:19:48,system,6,4,2,,,0.0,0.2,2,8761,0.0
2026-10-05 12:19:49,flamesafe,0,0,0,6022,21
2026-10-05 12:19:49,engine,2,0,2,3783887,127
2026-10-05 12:19:49,deck,3,2,2,10045,36
2026-10-05 12:19:49,soak,0,0,0,73069,51
2026-10-05 12:19:49,BEYOND,22,11,11,1019210,1393
2026-10-05 12:19:49,MadMapper,6,5,2,1113811,621
2026-10-05 12:19:49,system,7,3,3,,,0.8,0.2,6,8761,0.0
2026-10-05 12:19:50,flamesafe,0,0,0,6022,21
2026-10-05 12:19:50,engine,5,2,3,3784093,127
2026-10-05 12:19:50,deck,5,3,2,10045,36
2026-10-05 12:19:50,soak,2,2,0,73073,51
2026-10-05 12:19:50,BEYOND,22,12,9,1019356,1393
2026-10-05 12:19:50,MadMapper,5,2,3,1113816,621
2026-10-05 12:19:50,system,7,3,3,,,0.4,0.4,4,8761,0.0
2026-10-05 12:19:51,flamesafe,2,2,0,6022,21
2026-10-05 12:19:51,engine,9,6,3,3796680,127
2026-10-05 12:19:51,deck,8,8,0,10045,36
2026-10-05 12:19:51,soak,5,3,2,73101,51
2026-10-05 12:19:51,BEYOND,30,22,8,1019566,1393
2026-10-05 12:19:51,MadMapper,5,2,3,1113820,621
2026-10-05 12:19:51,system,15,7,8,,,0.6,0.4,3,8761,0.0
2026-10-05 12:19:52,flamesafe,0,0,0,6022,21
2026-10-05 12:19:52,engine,0,0,0,3796895,127
2026-10-05 12:19:52,deck,3,3,0,10045,36
2026-10-05 12:19:52,soak,3,3,0,73105,51
2026-10-05 12:19:52,BEYOND,31,17,14,1019719,1393
2026-10-05 12:19:52,MadMapper,8,2,6,1113824,621
2026-10-05 12:19:52,system,8,5,3,,,0.0,0.0,0,8761,0.0
2026-10-05 12:19:53,flamesafe,3,3,0,6022,21
2026-10-05 12:19:53,engine,8,6,2,3797116,127
2026-10-05 12:19:53,deck,3,3,0,10045,36
2026-10-05 12:19:53,soak,8,8,0,73109,51
2026-10-05 12:19:53,BEYOND,20,8,12,1020146,1394
2026-10-05 12:19:53,MadMapper,3,0,3,1113829,621
2026-10-05 12:19:53,system,9,5,4,,,0.2,0.4,4,8761,0.0
2026-10-05 12:19:54,flamesafe,2,2,0,6022,21
2026-10-05 12:19:54,engine,6,6,0,3797307,127
2026-10-05 12:19:54,deck,2,0,2,10045,36
2026-10-05 12:19:54,soak,2,2,0,73113,51
2026-10-05 12:19:54,BEYOND,28,19,9,1020889,1397
2026-10-05 12:19:54,MadMapper,2,0,2,1113857,621
2026-10-05 12:19:54,system,8,6,2,,,0.0,0.0,0,8761,0.0
2026-10-05 12:19:55,flamesafe,0,0,0,6022,21
2026-10-05 12:19:55,engine,0,0,0,3797658,128
2026-10-05 12:19:55,deck,3,3,0,10045,36
2026-10-05 12:19:55,soak,2,2,0,73117,51
2026-10-05 12:19:55,BEYOND,25,16,9,1021231,1398
2026-10-05 12:19:55,MadMapper,5,5,0,1113861,621
2026-10-05 12:19:55,system,6,4,2,,,0.2,0.2,2,8761,0.0
2026-10-05 12:19:56,flamesafe,2,2,0,6022,21
2026-10-05 12:19:56,engine,9,5,5,3810260,128
2026-10-05 12:19:56,deck,8,6,2,10045,36
2026-10-05 12:19:56,soak,5,3,2,73148,51
2026-10-05 12:19:56,BEYOND,37,25,12,1021682,1399
2026-10-05 12:19:56,MadMapper,8,3,5,1113866,621
2026-10-05 12:19:56,system,13,7,6,,,0.4,0.2,2,8759,0.0
2026-10-05 12:19:57,flamesafe,0,0,0,6022,21
2026-10-05 12:19:57,engine,3,3,0,3810469,128
2026-10-05 12:19:57,deck,3,3,0,10045,36
2026-10-05 12:19:57,soak,3,3,0,73152,51
2026-10-05 12:19:57,BEYOND,31,23,8,1021851,1399
2026-10-05 12:19:57,MadMapper,6,5,2,1113870,621
2026-10-05 12:19:57,system,8,6,2,,,0.2,0.2,2,8760,0.0
2026-10-05 12:19:58,flamesafe,0,0,0,6022,21
2026-10-05 12:19:58,engine,8,5,3,3810680,128
2026-10-05 12:19:58,deck,3,3,0,10045,36
2026-10-05 12:19:58,soak,0,0,0,73156,51
2026-10-05 12:19:58,BEYOND,34,28,6,1022160,1395
2026-10-05 12:19:58,MadMapper,2,2,0,1113874,621
2026-10-05 12:19:58,system,9,6,3,,,0.0,0.0,0,8760,0.0
2026-10-05 12:19:59,flamesafe,0,0,0,6022,21
2026-10-05 12:19:59,engine,0,0,0,3810916,128
2026-10-05 12:19:59,deck,5,5,0,10045,36
2026-10-05 12:19:59,soak,2,0,2,73160,51
2026-10-05 12:19:59,BEYOND,26,23,3,1022443,1393
2026-10-05 12:19:59,MadMapper,8,5,3,1113902,621
2026-10-05 12:19:59,system,8,5,2,,,0.4,0.2,2,8762,0.0
2026-10-05 12:20:00,flamesafe,2,2,0,6022,21
2026-10-05 12:20:00,engine,8,6,2,3811133,128
2026-10-05 12:20:00,deck,5,5,0,10045,36
2026-10-05 12:20:00,soak,0,0,0,73164,51
2026-10-05 12:20:00,BEYOND,31,26,5,1022699,1392
2026-10-05 12:20:00,MadMapper,5,2,3,1113907,621
2026-10-05 12:20:00,system,9,6,3,,,0.2,0.0,2,8762,0.0
2026-10-05 12:20:01,flamesafe,3,3,0,6022,21
2026-10-05 12:20:01,engine,6,5,2,3823727,128
2026-10-05 12:20:01,deck,3,0,3,10045,36
2026-10-05 12:20:01,soak,6,5,2,73192,51
2026-10-05 12:20:01,BEYOND,17,14,3,1022931,1391
2026-10-05 12:20:01,MadMapper,9,3,6,1113911,621
2026-10-05 12:20:01,system,13,6,7,,,0.6,0.8,9,8763,0.0
2026-10-05 12:20:02,flamesafe,0,0,0,6022,21
2026-10-05 12:20:02,engine,2,2,0,3823938,128
2026-10-05 12:20:02,deck,8,6,2,10045,36
2026-10-05 12:20:02,soak,0,0,0,73196,51
2026-10-05 12:20:02,BEYOND,19,8,11,1023201,1392
2026-10-05 12:20:02,MadMapper,6,3,3,1113947,621
2026-10-05 12:20:02,system,7,4,4,,,0.0,0.4,2,8763,0.0
2026-10-05 12:20:03,flamesafe,2,2,0,6022,21
2026-10-05 12:20:03,engine,3,3,0,3824152,128
2026-10-05 12:20:03,deck,5,5,0,10045,36
2026-10-05 12:20:03,soak,0,0,0,73200,51
2026-10-05 12:20:03,BEYOND,20,17,3,1023346,1392
2026-10-05 12:20:03,MadMapper,2,0,2,1113952,621
2026-10-05 12:20:03,system,6,5,1,,,0.2,0.0,2,8764,0.0
2026-10-05 12:20:04,flamesafe,2,2,0,6022,21
2026-10-05 12:20:04,engine,3,3,0,3824377,128
2026-10-05 12:20:04,deck,6,6,0,10045,36
2026-10-05 12:20:04,soak,5,5,0,73204,51
2026-10-05 12:20:04,BEYOND,20,11,9,1023539,1392
2026-10-05 12:20:04,MadMapper,5,3,2,1114028,621
2026-10-05 12:20:04,system,8,6,2,,,0.0,0.0,0,8763,0.0
2026-10-05 12:20:05,flamesafe,0,0,0,6022,21
2026-10-05 12:20:05,engine,3,3,0,3824729,128
2026-10-05 12:20:05,deck,5,5,0,10045,36
2026-10-05 12:20:05,soak,3,3,0,73208,51
2026-10-05 12:20:05,BEYOND,20,20,0,1023791,1392
2026-10-05 12:20:05,MadMapper,8,3,5,1114034,621
2026-10-05 12:20:05,system,6,5,1,,,0.0,0.0,0,8764,0.0
2026-10-05 12:20:06,flamesafe,0,0,0,6022,21
2026-10-05 12:20:06,engine,6,5,2,3837323,129
2026-10-05 12:20:06,deck,3,3,0,10045,36
2026-10-05 12:20:06,soak,5,0,5,73236,51
2026-10-05 12:20:06,BEYOND,36,22,14,1024026,1393
2026-10-05 12:20:06,MadMapper,9,3,6,1114039,621
2026-10-05 12:20:06,system,18,8,10,,,1.0,0.0,3,8761,0.0
2026-10-05 12:20:07,flamesafe,0,0,0,6022,21
2026-10-05 12:20:07,engine,2,2,0,3837533,129
2026-10-05 12:20:07,deck,2,2,0,10045,36
2026-10-05 12:20:07,soak,0,0,0,73240,51
2026-10-05 12:20:07,BEYOND,20,17,3,1024288,1393
2026-10-05 12:20:07,MadMapper,6,2,5,1114044,621
2026-10-05 12:20:07,system,7,5,2,,,0.4,0.0,3,8763,0.0
2026-10-05 12:20:08,flamesafe,0,0,0,6022,21
2026-10-05 12:20:08,engine,2,2,0,3837743,129
2026-10-05 12:20:08,deck,5,3,2,10045,36
2026-10-05 12:20:08,soak,2,2,0,73244,51
2026-10-05 12:20:08,BEYOND,27,14,12,1024932,1395
2026-10-05 12:20:08,MadMapper,3,2,2,1114048,621
2026-10-05 12:20:08,system,7,4,3,,,0.2,0.2,3,8763,0.0
2026-10-05 12:20:09,flamesafe,2,2,0,6022,21
2026-10-05 12:20:09,engine,8,8,0,3837961,129
2026-10-05 12:20:09,deck,3,3,0,10045,36
2026-10-05 12:20:09,soak,0,0,0,73248,51
2026-10-05 12:20:09,BEYOND,25,19,6,1025165,1396
2026-10-05 12:20:09,MadMapper,2,2,0,1114076,621
2026-10-05 12:20:09,system,6,5,1,,,0.0,0.0,0,8762,0.0
2026-10-05 12:20:10,flamesafe,0,0,0,6022,21
2026-10-05 12:20:10,engine,0,0,0,3838174,129
2026-10-05 12:20:10,deck,5,5,0,10045,36
2026-10-05 12:20:10,soak,2,0,2,73252,51
2026-10-05 12:20:10,BEYOND,18,12,6,1025310,1396
2026-10-05 12:20:10,MadMapper,6,2,5,1114081,621
2026-10-05 12:20:10,system,6,4,2,,,0.0,0.2,2,8763,0.0
2026-10-05 12:20:11,flamesafe,0,0,0,6022,21
2026-10-05 12:20:11,engine,5,2,3,3850789,129
2026-10-05 12:20:11,deck,6,5,2,10045,36
2026-10-05 12:20:11,soak,8,3,5,73280,51
2026-10-05 12:20:11,BEYOND,23,20,3,1025489,1396
2026-10-05 12:20:11,MadMapper,3,2,2,1114117,622
2026-10-05 12:20:11,system,13,8,4,,,0.2,0.2,2,8762,0.0
2026-10-05 12:20:12,flamesafe,3,2,2,6022,21
2026-10-05 12:20:12,engine,3,2,2,3851008,129
2026-10-05 12:20:12,deck,2,2,0,10045,36
2026-10-05 12:20:12,soak,0,0,0,73284,51
2026-10-05 12:20:12,BEYOND,28,22,6,1025748,1392
2026-10-05 12:20:12,MadMapper,8,3,5,1114121,622
2026-10-05 12:20:12,system,8,5,3,,,0.2,0.0,2,8764,0.0
2026-10-05 12:20:13,flamesafe,2,2,0,6022,21
2026-10-05 12:20:13,engine,8,8,0,3851224,129
2026-10-05 12:20:13,deck,6,5,2,10045,36
2026-10-05 12:20:13,soak,2,2,0,73288,51
2026-10-05 12:20:13,BEYOND,29,22,8,1026078,1392
2026-10-05 12:20:13,MadMapper,5,2,3,1114128,622
2026-10-05 12:20:13,system,8,6,2,,,0.0,0.0,0,8764,0.0
2026-10-05 12:20:14,flamesafe,0,0,0,6022,21
2026-10-05 12:20:14,engine,12,12,0,3851453,129
2026-10-05 12:20:14,deck,0,0,0,10045,36
2026-10-05 12:20:14,soak,8,5,3,73292,51
2026-10-05 12:20:14,BEYOND,17,14,3,1026317,1392
2026-10-05 12:20:14,MadMapper,6,2,5,1114156,621
2026-10-05 12:20:14,system,8,6,3,,,0.2,0.2,2,8765,0.0
2026-10-05 12:20:15,flamesafe,0,0,0,6022,21
2026-10-05 12:20:15,engine,3,3,0,3851695,129
2026-10-05 12:20:15,deck,0,0,0,10045,36
2026-10-05 12:20:15,soak,5,5,0,73296,51
2026-10-05 12:20:15,BEYOND,17,14,3,1026711,1393
2026-10-05 12:20:15,MadMapper,3,0,3,1114160,621
2026-10-05 12:20:15,system,5,4,1,,,0.0,0.2,2,8765,0.0
2026-10-05 12:20:16,flamesafe,0,0,0,6022,21
2026-10-05 12:20:16,engine,8,6,2,3864311,129
2026-10-05 12:20:16,deck,2,2,0,10045,36
2026-10-05 12:20:16,soak,3,2,2,73324,51
2026-10-05 12:20:16,BEYOND,19,9,9,1027197,1395
2026-10-05 12:20:16,MadMapper,0,0,0,1114164,621
2026-10-05 12:20:16,system,11,6,4,,,0.4,0.0,3,8763,0.0
2026-10-05 12:20:17,flamesafe,0,0,0,6022,21
2026-10-05 12:20:17,engine,0,0,0,3864519,129
2026-10-05 12:20:17,deck,5,5,0,10045,36
2026-10-05 12:20:17,soak,2,2,0,73328,51
2026-10-05 12:20:17,BEYOND,27,22,5,1027865,1397
2026-10-05 12:20:17,MadMapper,5,0,5,1114169,621
2026-10-05 12:20:17,system,6,4,2,,,0.4,0.2,4,8764,0.0
2026-10-05 12:20:18,flamesafe,0,0,0,6022,21
2026-10-05 12:20:18,engine,5,5,0,3864728,129
2026-10-05 12:20:18,deck,5,3,2,10045,36
2026-10-05 12:20:18,soak,0,0,0,73332,51
2026-10-05 12:20:18,BEYOND,14,8,6,1028020,1397
2026-10-05 12:20:18,MadMapper,3,2,2,1114173,621
2026-10-05 12:20:18,system,5,4,2,,,0.0,0.2,2,8764,0.0
2026-10-05 12:20:19,flamesafe,0,0,0,6022,21
2026-10-05 12:20:19,engine,3,2,2,3864946,129
2026-10-05 12:20:19,deck,3,3,0,10045,36
2026-10-05 12:20:19,soak,3,2,2,73336,51
2026-10-05 12:20:19,BEYOND,31,17,14,1028195,1393
2026-10-05 12:20:19,MadMapper,5,0,5,1114233,622
2026-10-05 12:20:19,system,8,4,4,,,0.4,0.0,2,8764,0.0
2026-10-05 12:20:20,flamesafe,2,2,0,6022,21
2026-10-05 12:20:20,engine,9,6,3,3865159,129
2026-10-05 12:20:20,deck,6,6,0,10045,36
2026-10-05 12:20:20,soak,0,0,0,73340,51
2026-10-05 12:20:20,BEYOND,23,16,8,1028339,1390
2026-10-05 12:20:20,MadMapper,5,3,2,1114238,622
2026-10-05 12:20:20,system,7,5,2,,,0.4,0.0,3,8766,0.0
