1790664994.500,{"via": "Focusrite USB ASIO, ASIO, mixer-free, 2 outputs at 48000 Hz", "mixer_free": true, "mode": "idle", "connected": true, "fault": null, "losses": 0, "returns": 0, "clipped": 0, "underflows": 0, "render_errors": 0, "outliers": 0, "respawns": 0}
1790664995.500,{"via": "Focusrite USB ASIO, ASIO, mixer-free, 2 outputs at 48000 Hz", "mixer_free": true, "mode": "idle", "connected": true, "fault": null, "losses": 0, "returns": 0, "clipped": 0, "underflows": 0, "render_errors": 0, "outliers": 0, "respawns": 0}
1790664996.500,{"via": "Focusrite USB ASIO, ASIO, mixer-free, 2 outputs at 48000 Hz", "mixer_free": true, "mode": "idle", "connected": true, "fault": null, "losses": 0, "returns": 0, "clipped": 0, "underflows": 0, "render_errors": 0, "outliers": 0, "respawns": 0}
1790664997.501,{"via": "Focusrite USB ASIO, ASIO, mixer-free, 2 outputs at 48000 Hz", "mixer_free": true, "mode": "idle", "connected": true, "fault": null, "losses": 0, "returns": 0, "clipped": 0, "underflows": 0, "render_errors": 0, "outliers": 0, "respawns": 0}
1790664998.503,{"via": "Focusrite USB ASIO, ASIO, mixer-free, 2 outputs at 48000 Hz", "mixer_free": true, "mode": "follow", "connected": true, "fault": null, "losses": 0, "returns": 0, "clipped": 0, "underflows": 0, "render_errors": 0, "outliers": 0, "respawns": 0}
1790664999.503,{"via": "Focusrite USB ASIO, ASIO, mixer-free, 2 outputs at 48000 Hz", "mixer_free": true, "mode": "follow", "connected": true, "fault": null, "losses": 0, "returns": 0, "clipped": 0, "underflows": 0, "render_errors": 0, "outliers": 0, "respawns": 0}
1790665000.505,{"via": "Focusrite USB ASIO, ASIO, mixer-free, 2 outputs at 48000 Hz", "mixer_free": true, "mode": "follow", "connected": true, "fault": null, "losses": 0, "returns": 0, "clipped": 0, "underflows": 0, "render_errors": 0, "outliers": 0, "respawns": 0}
1790665001.507,{"via": "Focusrite USB ASIO, ASIO, mixer-free, 2 outputs at 48000 Hz", "mixer_free": true, "mode": "follow", "connected": true, "fault": null, "losses": 0, "returns": 0, "clipped": 0, "underflows": 0, "render_errors": 0, "outliers": 0, "respawns": 0}
1790665002.507,{"via": "Focusrite USB ASIO, ASIO, mixer-free, 2 outputs at 48000 Hz", "mixer_free": true, "mode": "follow", "connected": true, "fault": null, "losses": 0, "returns": 0, "clipped": 0, "underflows": 0, "render_errors": 0, "outliers": 0, "respawns": 0}
1790665003.508,{"via": "Focusrite USB ASIO, ASIO, mixer-free, 2 outputs at 48000 Hz", "mixer_free": true, "mode": "follow", "connected": true, "fault": null, "losses": 0, "returns": 0, "clipped": 0, "underflows": 0, "render_errors": 0, "outliers": 0, "respawns": 0}
1790665004.508,{"via": "Focusrite USB ASIO, ASIO, mixer-free, 2 outputs at 48000 Hz", "mixer_free": true, "mode": "follow", "connected": true, "fault": null, "losses": 0, "returns": 0, "clipped": 0, "underflows": 0, "render_errors": 0, "outliers": 0, "respawns": 0}
1790665005.510,{"via": "Focusrite USB ASIO, ASIO, mixer-free, 2 outputs at 48000 Hz", "mixer_free": true, "mode": "follow", "connected": true, "fault": null, "losses": 0, "returns": 0, "clipped": 0, "underflows": 0, "render_errors": 0, "outliers": 0, "respawns": 0}
1790665006.510,{"via": "Focusrite USB ASIO, ASIO, mixer-free, 2 outputs at 48000 Hz", "mixer_free": true, "mode": "follow", "connected": true, "fault": null, "losses": 0, "returns": 0, "clipped": 0, "underflows": 0, "render_errors": 0, "outliers": 0, "respawns": 0}
1790665007.510,{"via": "Focusrite USB ASIO, ASIO, mixer-free, 2 outputs at 48000 Hz", "mixer_free": true, "mode": "follow", "connected": true, "fault": null, "losses": 0, "returns": 0, "clipped": 0, "underflows": 0, "render_errors": 0, "outliers": 0, "respawns": 0}
1790665008.511,{"via": "Focusrite USB ASIO, ASIO, mixer-free, 2 outputs at 48000 Hz", "mixer_free": true, "mode": "follow", "connected": true, "fault": null, "losses": 0, "returns": 0, "clipped": 0, "underflows": 0, "render_errors": 0, "outliers": 0, "respawns": 0}
1790665009.513,{"via": "Focusrite USB ASIO, ASIO, mixer-free, 2 outputs at 48000 Hz", "mixer_free": true, "mode": "follow", "connected": true, "fault": null, "losses": 0, "returns": 0, "clipped": 0, "underflows": 0, "render_errors": 0, "outliers": 0, "respawns": 0}
1790665010.514,{"via": "Focusrite USB ASIO, ASIO, mixer-free, 2 outputs at 48000 Hz", "mixer_free": true, "mode": "follow", "connected": true, "fault": null, "losses": 0, "returns": 0, "clipped": 0, "underflows": 0, "render_errors": 0, "outliers": 0, "respawns": 0}
1790665011.516,{"via": "Focusrite USB ASIO, ASIO, mixer-free, 2 outputs at 48000 Hz", "mixer_free": true, "mode": "follow", "connected": true, "fault": null, "losses": 0, "returns": 0, "clipped": 0, "underflows": 0, "render_errors": 0, "outliers": 0, "respawns": 0}
1790665012.517,{"via": "Focusrite USB ASIO, ASIO, mixer-free, 2 outputs at 48000 Hz", "mixer_free": true, "mode": "follow", "connected": true, "fault": null, "losses": 0, "returns": 0, "clipped": 0, "underflows": 0, "render_errors": 0, "outliers": 0, "respawns": 0}
1790665013.517,{"via": "Focusrite USB ASIO, ASIO, mixer-free, 2 outputs at 48000 Hz", "mixer_free": true, "mode": "follow", "connected": true, "fault": null, "losses": 0, "returns": 0, "clipped": 0, "underflows": 0, "render_errors": 0, "outliers": 0, "respawns": 0}
1790665014.517,{"via": "Focusrite USB ASIO, ASIO, mixer-free, 2 outputs at 48000 Hz", "mixer_free": true, "mode": "follow", "connected": true, "fault": null, "losses": 0, "returns": 0, "clipped": 0, "underflows": 0, "render_errors": 0, "outliers": 0, "respawns": 0}
1790665015.519,{"via": "Focusrite USB ASIO, ASIO, mixer-free, 2 outputs at 48000 Hz", "mixer_free": true, "mode": "follow", "connected": true, "fault": null, "losses": 0, "returns": 0, "clipped": 0, "underflows": 0, "render_errors": 0, "outliers": 0, "respawns": 0}
1790665016.520,{"via": "Focusrite USB ASIO, ASIO, mixer-free, 2 outputs at 48000 Hz", "mixer_free": true, "mode": "follow", "connected": true, "fault": null, "losses": 0, "returns": 0, "clipped": 0, "underflows": 0, "render_errors": 0, "outliers": 0, "respawns": 0}
1790665017.521,{"via": "Focusrite USB ASIO, ASIO, mixer-free, 2 outputs at 48000 Hz", "mixer_free": true, "mode": "follow", "connected": true, "fault": null, "losses": 0, "returns": 0, "clipped": 0, "underflows": 0, "render_errors": 0, "outliers": 0, "respawns": 0}
1790665018.521,{"via": "Focusrite USB ASIO, ASIO, mixer-free, 2 outputs at 48000 Hz", "mixer_free": true, "mode": "follow", "connected": true, "fault": null, "losses": 0, "returns": 0, "clipped": 0, "underflows": 0, "render_errors": 0, "outliers": 0, "respawns": 0}
1790665019.521,{"via": "Focusrite USB ASIO, ASIO, mixer-free, 2 outputs at 48000 Hz", "mixer_free": true, "mode": "idle", "connected": true, "fault": null, "losses": 0, "returns": 0, "clipped": 0, "underflows": 0, "render_errors": 0, "outliers": 0, "respawns": 0}
1790665020.522,{"via": "Focusrite USB ASIO, ASIO, mixer-free, 2 outputs at 48000 Hz", "mixer_free": true, "mode": "idle", "connected": true, "fault": null, "losses": 0, "returns": 0, "clipped": 0, "underflows": 0, "render_errors": 0, "outliers": 0, "respawns": 0}
1790665021.522,{"via": "Focusrite USB ASIO, ASIO, mixer-free, 2 outputs at 48000 Hz", "mixer_free": true, "mode": "idle", "connected": true, "fault": null, "losses": 0, "returns": 0, "clipped": 0, "underflows": 0, "render_errors": 0, "outliers": 0, "respawns": 0}
1790665022.523,{"via": "Focusrite USB ASIO, ASIO, mixer-free, 2 outputs at 48000 Hz", "mixer_free": true, "mode": "idle", "connected": true, "fault": null, "losses": 0, "returns": 0, "clipped": 0, "underflows": 0, "render_errors": 0, "outliers": 0, "respawns": 0}
1790665023.524,{"via": "Focusrite USB ASIO, ASIO, mixer-free, 2 outputs at 48000 Hz", "mixer_free": true, "mode": "follow", "connected": true, "fault": null, "losses": 0, "returns": 0, "clipped": 0, "underflows": 0, "render_errors": 0, "outliers": 0, "respawns": 0}
1790665024.525,{"via": "Focusrite USB ASIO, ASIO, mixer-free, 2 outputs at 48000 Hz", "mixer_free": true, "mode": "follow", "connected": true, "fault": null, "losses": 0, "returns": 0, "clipped": 0, "underflows": 0, "render_errors": 0, "outliers": 0, "respawns": 0}
1790665025.526,{"via": "Focusrite USB ASIO, ASIO, mixer-free, 2 outputs at 48000 Hz", "mixer_free": true, "mode": "follow", "connected": true, "fault": null, "losses": 0, "returns": 0, "clipped": 0, "underflows": 0, "render_errors": 0, "outliers": 0, "respawns": 0}
1790665026.527,{"via": "Focusrite USB ASIO, ASIO, mixer-free, 2 outputs at 48000 Hz", "mixer_free": true, "mode": "follow", "connected": true, "fault": null, "losses": 0, "returns": 0, "clipped": 0, "underflows": 0, "render_errors": 0, "outliers": 0, "respawns": 0}
1790665027.527,{"via": "Focusrite USB ASIO, ASIO, mixer-free, 2 outputs at 48000 Hz", "mixer_free": true, "mode": "follow", "connected": true, "fault": null, "losses": 0, "returns": 0, "clipped": 0, "underflows": 0, "render_errors": 0, "outliers": 0, "respawns": 0}
1790665028.529,{"via": "Focusrite USB ASIO, ASIO, mixer-free, 2 outputs at 48000 Hz", "mixer_free": true, "mode": "follow", "connected": true, "fault": null, "losses": 0, "returns": 0, "clipped": 0, "underflows": 0, "render_errors": 0, "outliers": 0, "respawns": 0}
1790665029.530,{"via": "Focusrite USB ASIO, ASIO, mixer-free, 2 outputs at 48000 Hz", "mixer_free": true, "mode": "follow", "connected": true, "fault": null, "losses": 0, "returns": 0, "clipped": 0, "underflows": 0, "render_errors": 0, "outliers": 0, "respawns": 0}
1790665030.531,{"via": "Focusrite USB ASIO, ASIO, mixer-free, 2 outputs at 48000 Hz", "mixer_free": true, "mode": "follow", "connected": true, "fault": null, "losses": 0, "returns": 0, "clipped": 0, "underflows": 0, "render_errors": 0, "outliers": 0, "respawns": 0}
1790665031.533,{"via": "Focusrite USB ASIO, ASIO, mixer-free, 2 outputs at 48000 Hz", "mixer_free": true, "mode": "follow", "connected": true, "fault": null, "losses": 0, "returns": 0, "clipped": 0, "underflows": 0, "render_errors": 0, "outliers": 0, "respawns": 0}
1790665032.533,{"via": "Focusrite USB ASIO, ASIO, mixer-free, 2 outputs at 48000 Hz", "mixer_free": true, "mode": "follow", "connected": true, "fault": null, "losses": 0, "returns": 0, "clipped": 0, "underflows": 0, "render_errors": 0, "outliers": 0, "respawns": 0}
1790665033.534,{"via": "Focusrite USB ASIO, ASIO, mixer-free, 2 outputs at 48000 Hz", "mixer_free": true, "mode": "follow", "connected": true, "fault": null, "losses": 0, "returns": 0, "clipped": 0, "underflows": 0, "render_errors": 0, "outliers": 0, "respawns": 0}
1790665034.535,{"via": "Focusrite USB ASIO, ASIO, mixer-free, 2 outputs at 48000 Hz", "mixer_free": true, "mode": "follow", "connected": true, "fault": null, "losses": 0, "returns": 0, "clipped": 0, "underflows": 0, "render_errors": 0, "outliers": 0, "respawns": 0}
1790665035.538,{"via": "Focusrite USB ASIO, ASIO, mixer-free, 2 outputs at 48000 Hz", "mixer_free": true, "mode": "follow", "connected": true, "fault": null, "losses": 0, "returns": 0, "clipped": 0, "underflows": 0, "render_errors": 0, "outliers": 0, "respawns": 0}
1790665036.539,{"via": "Focusrite USB ASIO, ASIO, mixer-free, 2 outputs at 48000 Hz", "mixer_free": true, "mode": "follow", "connected": true, "fault": null, "losses": 0, "returns": 0, "clipped": 0, "underflows": 0, "render_errors": 0, "outliers": 0, "respawns": 0}
1790665037.540,{"via": "Focusrite USB ASIO, ASIO, mixer-free, 2 outputs at 48000 Hz", "mixer_free": true, "mode": "follow", "connected": true, "fault": null, "losses": 0, "returns": 0, "clipped": 0, "underflows": 0, "render_errors": 0, "outliers": 0, "respawns": 0}
1790665038.542,{"via": "Focusrite USB ASIO, ASIO, mixer-free, 2 outputs at 48000 Hz", "mixer_free": true, "mode": "follow", "connected": true, "fault": null, "losses": 0, "returns": 0, "clipped": 0, "underflows": 0, "render_errors": 0, "outliers": 0, "respawns": 0}
1790665039.544,{"via": "Focusrite USB ASIO, ASIO, mixer-free, 2 outputs at 48000 Hz", "mixer_free": true, "mode": "follow", "connected": true, "fault": null, "losses": 0, "returns": 0, "clipped": 0, "underflows": 0, "render_errors": 0, "outliers": 0, "respawns": 0}
1790665040.545,{"via": "Focusrite USB ASIO, ASIO, mixer-free, 2 outputs at 48000 Hz", "mixer_free": true, "mode": "follow", "connected": true, "fault": null, "losses": 0, "returns": 0, "clipped": 0, "underflows": 0, "render_errors": 0, "outliers": 0, "respawns": 0}
1790665041.545,{"via": "Focusrite USB ASIO, ASIO, mixer-free, 2 outputs at 48000 Hz", "mixer_free": true, "mode": "follow", "connected": true, "fault": null, "losses": 0, "returns": 0, "clipped": 0, "underflows": 0, "render_errors": 0, "outliers": 0, "respawns": 0}
1790665042.547,{"via": "Focusrite USB ASIO, ASIO, mixer-free, 2 outputs at 48000 Hz", "mixer_free": true, "mode": "follow", "connected": true, "fault": null, "losses": 0, "returns": 0, "clipped": 0, "underflows": 0, "render_errors": 0, "outliers": 0, "respawns": 0}
1790665043.547,{"via": "Focusrite USB ASIO, ASIO, mixer-free, 2 outputs at 48000 Hz", "mixer_free": true, "mode": "follow", "connected": true, "fault": null, "losses": 0, "returns": 0, "clipped": 0, "underflows": 0, "render_errors": 0, "outliers": 0, "respawns": 0}
1790665044.548,{"via": "Focusrite USB ASIO, ASIO, mixer-free, 2 outputs at 48000 Hz", "mixer_free": true, "mode": "idle", "connected": true, "fault": null, "losses": 0, "returns": 0, "clipped": 0, "underflows": 0, "render_errors": 0, "outliers": 0, "respawns": 0}
1790665045.550,{"via": "Focusrite USB ASIO, ASIO, mixer-free, 2 outputs at 48000 Hz", "mixer_free": true, "mode": "idle", "connected": true, "fault": null, "losses": 0, "returns": 0, "clipped": 0, "underflows": 0, "render_errors": 0, "outliers": 0, "respawns": 0}
1790665046.551,{"via": "Focusrite USB ASIO, ASIO, mixer-free, 2 outputs at 48000 Hz", "mixer_free": true, "mode": "idle", "connected": true, "fault": null, "losses": 0, "returns": 0, "clipped": 0, "underflows": 0, "render_errors": 0, "outliers": 0, "respawns": 0}
1790665047.551,{"via": "Focusrite USB ASIO, ASIO, mixer-free, 2 outputs at 48000 Hz", "mixer_free": true, "mode": "idle", "connected": true, "fault": null, "losses": 0, "returns": 0, "clipped": 0, "underflows": 0, "render_errors": 0, "outliers": 0, "respawns": 0}
1790665048.552,{"via": "Focusrite USB ASIO, ASIO, mixer-free, 2 outputs at 48000 Hz", "mixer_free": true, "mode": "follow", "connected": true, "fault": null, "losses": 0, "returns": 0, "clipped": 0, "underflows": 0, "render_errors": 0, "outliers": 0, "respawns": 0}
1790665049.554,{"via": "Focusrite USB ASIO, ASIO, mixer-free, 2 outputs at 48000 Hz", "mixer_free": true, "mode": "follow", "connected": true, "fault": null, "losses": 0, "returns": 0, "clipped": 0, "underflows": 0, "render_errors": 0, "outliers": 0, "respawns": 0}
1790665050.555,{"via": "Focusrite USB ASIO, ASIO, mixer-free, 2 outputs at 48000 Hz", "mixer_free": true, "mode": "follow", "connected": true, "fault": null, "losses": 0, "returns": 0, "clipped": 0, "underflows": 0, "render_errors": 0, "outliers": 0, "respawns": 0}
1790665051.557,{"via": "Focusrite USB ASIO, ASIO, mixer-free, 2 outputs at 48000 Hz", "mixer_free": true, "mode": "follow", "connected": true, "fault": null, "losses": 0, "returns": 0, "clipped": 0, "underflows": 0, "render_errors": 0, "outliers": 0, "respawns": 0}
1790665052.557,{"via": "Focusrite USB ASIO, ASIO, mixer-free, 2 outputs at 48000 Hz", "mixer_free": true, "mode": "follow", "connected": true, "fault": null, "losses": 0, "returns": 0, "clipped": 0, "underflows": 0, "render_errors": 0, "outliers": 0, "respawns": 0}
1790665053.559,{"via": "Focusrite USB ASIO, ASIO, mixer-free, 2 outputs at 48000 Hz", "mixer_free": true, "mode": "follow", "connected": true, "fault": null, "losses": 0, "returns": 0, "clipped": 0, "underflows": 0, "render_errors": 0, "outliers": 0, "respawns": 0}
1790665054.559,{"via": "Focusrite USB ASIO, ASIO, mixer-free, 2 outputs at 48000 Hz", "mixer_free": true, "mode": "follow", "connected": true, "fault": null, "losses": 0, "returns": 0, "clipped": 0, "underflows": 0, "render_errors": 0, "outliers": 0, "respawns": 0}
1790665055.561,{"via": "Focusrite USB ASIO, ASIO, mixer-free, 2 outputs at 48000 Hz", "mixer_free": true, "mode": "follow", "connected": true, "fault": null, "losses": 0, "returns": 0, "clipped": 0, "underflows": 0, "render_errors": 0, "outliers": 0, "respawns": 0}
1790665056.562,{"via": "Focusrite USB ASIO, ASIO, mixer-free, 2 outputs at 48000 Hz", "mixer_free": true, "mode": "follow", "connected": true, "fault": null, "losses": 0, "returns": 0, "clipped": 0, "underflows": 0, "render_errors": 0, "outliers": 0, "respawns": 0}
1790665057.562,{"via": "Focusrite USB ASIO, ASIO, mixer-free, 2 outputs at 48000 Hz", "mixer_free": true, "mode": "follow", "connected": true, "fault": null, "losses": 0, "returns": 0, "clipped": 0, "underflows": 0, "render_errors": 0, "outliers": 0, "respawns": 0}
1790665058.564,{"via": "Focusrite USB ASIO, ASIO, mixer-free, 2 outputs at 48000 Hz", "mixer_free": true, "mode": "follow", "connected": true, "fault": null, "losses": 0, "returns": 0, "clipped": 0, "underflows": 0, "render_errors": 0, "outliers": 0, "respawns": 0}
1790665059.565,{"via": "Focusrite USB ASIO, ASIO, mixer-free, 2 outputs at 48000 Hz", "mixer_free": true, "mode": "follow", "connected": true, "fault": null, "losses": 0, "returns": 0, "clipped": 0, "underflows": 0, "render_errors": 0, "outliers": 0, "respawns": 0}
1790665060.566,{"via": "Focusrite USB ASIO, ASIO, mixer-free, 2 outputs at 48000 Hz", "mixer_free": true, "mode": "follow", "connected": true, "fault": null, "losses": 0, "returns": 0, "clipped": 0, "underflows": 0, "render_errors": 0, "outliers": 0, "respawns": 0}
1790665061.567,{"via": "Focusrite USB ASIO, ASIO, mixer-free, 2 outputs at 48000 Hz", "mixer_free": true, "mode": "follow", "connected": true, "fault": null, "losses": 0, "returns": 0, "clipped": 0, "underflows": 0, "render_errors": 0, "outliers": 0, "respawns": 0}
1790665062.568,{"via": "Focusrite USB ASIO, ASIO, mixer-free, 2 outputs at 48000 Hz", "mixer_free": true, "mode": "follow", "connected": true, "fault": null, "losses": 0, "returns": 0, "clipped": 0, "underflows": 0, "render_errors": 0, "outliers": 0, "respawns": 0}
1790665063.569,{"via": "Focusrite USB ASIO, ASIO, mixer-free, 2 outputs at 48000 Hz", "mixer_free": true, "mode": "follow", "connected": true, "fault": null, "losses": 0, "returns": 0, "clipped": 0, "underflows": 0, "render_errors": 0, "outliers": 0, "respawns": 0}
1790665064.569,{"via": "Focusrite USB ASIO, ASIO, mixer-free, 2 outputs at 48000 Hz", "mixer_free": true, "mode": "follow", "connected": true, "fault": null, "losses": 0, "returns": 0, "clipped": 0, "underflows": 0, "render_errors": 0, "outliers": 0, "respawns": 0}
1790665065.569,{"via": "Focusrite USB ASIO, ASIO, mixer-free, 2 outputs at 48000 Hz", "mixer_free": true, "mode": "follow", "connected": true, "fault": null, "losses": 0, "returns": 0, "clipped": 0, "underflows": 0, "render_errors": 0, "outliers": 0, "respawns": 0}
1790665066.570,{"via": "Focusrite USB ASIO, ASIO, mixer-free, 2 outputs at 48000 Hz", "mixer_free": true, "mode": "follow", "connected": true, "fault": null, "losses": 0, "returns": 0, "clipped": 0, "underflows": 0, "render_errors": 0, "outliers": 0, "respawns": 0}
1790665067.571,{"via": "Focusrite USB ASIO, ASIO, mixer-free, 2 outputs at 48000 Hz", "mixer_free": true, "mode": "follow", "connected": true, "fault": null, "losses": 0, "returns": 0, "clipped": 0, "underflows": 0, "render_errors": 0, "outliers": 0, "respawns": 0}
1790665068.572,{"via": "Focusrite USB ASIO, ASIO, mixer-free, 2 outputs at 48000 Hz", "mixer_free": true, "mode": "follow", "connected": true, "fault": null, "losses": 0, "returns": 0, "clipped": 0, "underflows": 0, "render_errors": 0, "outliers": 0, "respawns": 0}
1790665069.573,{"via": "Focusrite USB ASIO, ASIO, mixer-free, 2 outputs at 48000 Hz", "mixer_free": true, "mode": "idle", "connected": true, "fault": null, "losses": 0, "returns": 0, "clipped": 0, "underflows": 0, "render_errors": 0, "outliers": 0, "respawns": 0}
1790665070.574,{"via": "Focusrite USB ASIO, ASIO, mixer-free, 2 outputs at 48000 Hz", "mixer_free": true, "mode": "idle", "connected": true, "fault": null, "losses": 0, "returns": 0, "clipped": 0, "underflows": 0, "render_errors": 0, "outliers": 0, "respawns": 0}
1790665071.575,{"via": "Focusrite USB ASIO, ASIO, mixer-free, 2 outputs at 48000 Hz", "mixer_free": true, "mode": "idle", "connected": true, "fault": null, "losses": 0, "returns": 0, "clipped": 0, "underflows": 0, "render_errors": 0, "outliers": 0, "respawns": 0}
1790665072.575,{"via": "Focusrite USB ASIO, ASIO, mixer-free, 2 outputs at 48000 Hz", "mixer_free": true, "mode": "idle", "connected": true, "fault": null, "losses": 0, "returns": 0, "clipped": 0, "underflows": 0, "render_errors": 0, "outliers": 0, "respawns": 0}
1790665073.577,{"via": "Focusrite USB ASIO, ASIO, mixer-free, 2 outputs at 48000 Hz", "mixer_free": true, "mode": "follow", "connected": true, "fault": null, "losses": 0, "returns": 0, "clipped": 0, "underflows": 0, "render_errors": 0, "outliers": 0, "respawns": 0}
1790665074.577,{"via": "Focusrite USB ASIO, ASIO, mixer-free, 2 outputs at 48000 Hz", "mixer_free": true, "mode": "follow", "connected": true, "fault": null, "losses": 0, "returns": 0, "clipped": 0, "underflows": 0, "render_errors": 0, "outliers": 0, "respawns": 0}
1790665075.578,{"via": "Focusrite USB ASIO, ASIO, mixer-free, 2 outputs at 48000 Hz", "mixer_free": true, "mode": "follow", "connected": true, "fault": null, "losses": 0, "returns": 0, "clipped": 0, "underflows": 0, "render_errors": 0, "outliers": 0, "respawns": 0}
1790665076.579,{"via": "Focusrite USB ASIO, ASIO, mixer-free, 2 outputs at 48000 Hz", "mixer_free": true, "mode": "follow", "connected": true, "fault": null, "losses": 0, "returns": 0, "clipped": 0, "underflows": 0, "render_errors": 0, "outliers": 0, "respawns": 0}
1790665077.580,{"via": "Focusrite USB ASIO, ASIO, mixer-free, 2 outputs at 48000 Hz", "mixer_free": true, "mode": "follow", "connected": true, "fault": null, "losses": 0, "returns": 0, "clipped": 0, "underflows": 0, "render_errors": 0, "outliers": 0, "respawns": 0}
1790665078.581,{"via": "Focusrite USB ASIO, ASIO, mixer-free, 2 outputs at 48000 Hz", "mixer_free": true, "mode": "follow", "connected": true, "fault": null, "losses": 0, "returns": 0, "clipped": 0, "underflows": 0, "render_errors": 0, "outliers": 0, "respawns": 0}
1790665079.582,{"via": "Focusrite USB ASIO, ASIO, mixer-free, 2 outputs at 48000 Hz", "mixer_free": true, "mode": "follow", "connected": true, "fault": null, "losses": 0, "returns": 0, "clipped": 0, "underflows": 0, "render_errors": 0, "outliers": 0, "respawns": 0}
1790665080.582,{"via": "Focusrite USB ASIO, ASIO, mixer-free, 2 outputs at 48000 Hz", "mixer_free": true, "mode": "follow", "connected": true, "fault": null, "losses": 0, "returns": 0, "clipped": 0, "underflows": 0, "render_errors": 0, "outliers": 0, "respawns": 0}
1790665081.583,{"via": "Focusrite USB ASIO, ASIO, mixer-free, 2 outputs at 48000 Hz", "mixer_free": true, "mode": "follow", "connected": true, "fault": null, "losses": 0, "returns": 0, "clipped": 0, "underflows": 0, "render_errors": 0, "outliers": 0, "respawns": 0}
1790665082.583,{"via": "Focusrite USB ASIO, ASIO, mixer-free, 2 outputs at 48000 Hz", "mixer_free": true, "mode": "follow", "connected": true, "fault": null, "losses": 0, "returns": 0, "clipped": 0, "underflows": 0, "render_errors": 0, "outliers": 0, "respawns": 0}
1790665083.583,{"via": "Focusrite USB ASIO, ASIO, mixer-free, 2 outputs at 48000 Hz", "mixer_free": true, "mode": "follow", "connected": true, "fault": null, "losses": 0, "returns": 0, "clipped": 0, "underflows": 0, "render_errors": 0, "outliers": 0, "respawns": 0}
1790665084.584,{"via": "Focusrite USB ASIO, ASIO, mixer-free, 2 outputs at 48000 Hz", "mixer_free": true, "mode": "follow", "connected": true, "fault": null, "losses": 0, "returns": 0, "clipped": 0, "underflows": 0, "render_errors": 0, "outliers": 0, "respawns": 0}
1790665085.585,{"via": "Focusrite USB ASIO, ASIO, mixer-free, 2 outputs at 48000 Hz", "mixer_free": true, "mode": "follow", "connected": true, "fault": null, "losses": 0, "returns": 0, "clipped": 0, "underflows": 0, "render_errors": 0, "outliers": 0, "respawns": 0}
1790665086.585,{"via": "Focusrite USB ASIO, ASIO, mixer-free, 2 outputs at 48000 Hz", "mixer_free": true, "mode": "follow", "connected": true, "fault": null, "losses": 0, "returns": 0, "clipped": 0, "underflows": 0, "render_errors": 0, "outliers": 0, "respawns": 0}
1790665087.587,{"via": "Focusrite USB ASIO, ASIO, mixer-free, 2 outputs at 48000 Hz", "mixer_free": true, "mode": "follow", "connected": true, "fault": null, "losses": 0, "returns": 0, "clipped": 0, "underflows": 0, "render_errors": 0, "outliers": 0, "respawns": 0}
1790665088.587,{"via": "Focusrite USB ASIO, ASIO, mixer-free, 2 outputs at 48000 Hz", "mixer_free": true, "mode": "follow", "connected": true, "fault": null, "losses": 0, "returns": 0, "clipped": 0, "underflows": 0, "render_errors": 0, "outliers": 0, "respawns": 0}
1790665089.588,{"via": "Focusrite USB ASIO, ASIO, mixer-free, 2 outputs at 48000 Hz", "mixer_free": true, "mode": "follow", "connected": true, "fault": null, "losses": 0, "returns": 0, "clipped": 0, "underflows": 0, "render_errors": 0, "outliers": 0, "respawns": 0}
1790665090.589,{"via": "Focusrite USB ASIO, ASIO, mixer-free, 2 outputs at 48000 Hz", "mixer_free": true, "mode": "follow", "connected": true, "fault": null, "losses": 0, "returns": 0, "clipped": 0, "underflows": 0, "render_errors": 0, "outliers": 0, "respawns": 0}
1790665091.590,{"via": "Focusrite USB ASIO, ASIO, mixer-free, 2 outputs at 48000 Hz", "mixer_free": true, "mode": "follow", "connected": true, "fault": null, "losses": 0, "returns": 0, "clipped": 0, "underflows": 0, "render_errors": 0, "outliers": 0, "respawns": 0}
1790665092.591,{"via": "Focusrite USB ASIO, ASIO, mixer-free, 2 outputs at 48000 Hz", "mixer_free": true, "mode": "follow", "connected": true, "fault": null, "losses": 0, "returns": 0, "clipped": 0, "underflows": 0, "render_errors": 0, "outliers": 0, "respawns": 0}
1790665093.592,{"via": "Focusrite USB ASIO, ASIO, mixer-free, 2 outputs at 48000 Hz", "mixer_free": true, "mode": "follow", "connected": true, "fault": null, "losses": 0, "returns": 0, "clipped": 0, "underflows": 0, "render_errors": 0, "outliers": 0, "respawns": 0}
1790665094.593,{"via": "Focusrite USB ASIO, ASIO, mixer-free, 2 outputs at 48000 Hz", "mixer_free": true, "mode": "follow", "connected": true, "fault": null, "losses": 0, "returns": 0, "clipped": 0, "underflows": 0, "render_errors": 0, "outliers": 0, "respawns": 0}
1790665095.593,{"via": "Focusrite USB ASIO, ASIO, mixer-free, 2 outputs at 48000 Hz", "mixer_free": true, "mode": "follow", "connected": true, "fault": null, "losses": 0, "returns": 0, "clipped": 0, "underflows": 0, "render_errors": 0, "outliers": 0, "respawns": 0}
1790665096.594,{"via": "Focusrite USB ASIO, ASIO, mixer-free, 2 outputs at 48000 Hz", "mixer_free": true, "mode": "follow", "connected": true, "fault": null, "losses": 0, "returns": 0, "clipped": 0, "underflows": 0, "render_errors": 0, "outliers": 0, "respawns": 0}
1790665097.595,{"via": "Focusrite USB ASIO, ASIO, mixer-free, 2 outputs at 48000 Hz", "mixer_free": true, "mode": "follow", "connected": true, "fault": null, "losses": 0, "returns": 0, "clipped": 0, "underflows": 0, "render_errors": 0, "outliers": 0, "respawns": 0}
1790665098.596,{"via": "Focusrite USB ASIO, ASIO, mixer-free, 2 outputs at 48000 Hz", "mixer_free": true, "mode": "follow", "connected": true, "fault": null, "losses": 0, "returns": 0, "clipped": 0, "underflows": 0, "render_errors": 0, "outliers": 0, "respawns": 0}
1790665099.596,{"via": "Focusrite USB ASIO, ASIO, mixer-free, 2 outputs at 48000 Hz", "mixer_free": true, "mode": "follow", "connected": true, "fault": null, "losses": 0, "returns": 0, "clipped": 0, "underflows": 0, "render_errors": 0, "outliers": 0, "respawns": 0}
1790665100.598,{"via": "Focusrite USB ASIO, ASIO, mixer-free, 2 outputs at 48000 Hz", "mixer_free": true, "mode": "follow", "connected": true, "fault": null, "losses": 0, "returns": 0, "clipped": 0, "underflows": 0, "render_errors": 0, "outliers": 0, "respawns": 0}
1790665101.599,{"via": "Focusrite USB ASIO, ASIO, mixer-free, 2 outputs at 48000 Hz", "mixer_free": true, "mode": "follow", "connected": true, "fault": null, "losses": 0, "returns": 0, "clipped": 0, "underflows": 0, "render_errors": 0, "outliers": 0, "respawns": 0}
1790665102.600,{"via": "Focusrite USB ASIO, ASIO, mixer-free, 2 outputs at 48000 Hz", "mixer_free": true, "mode": "follow", "connected": true, "fault": null, "losses": 0, "returns": 0, "clipped": 0, "underflows": 0, "render_errors": 0, "outliers": 0, "respawns": 0}
1790665103.602,{"via": "Focusrite USB ASIO, ASIO, mixer-free, 2 outputs at 48000 Hz", "mixer_free": true, "mode": "follow", "connected": true, "fault": null, "losses": 0, "returns": 0, "clipped": 0, "underflows": 0, "render_errors": 0, "outliers": 0, "respawns": 0}
1790665104.603,{"via": "Focusrite USB ASIO, ASIO, mixer-free, 2 outputs at 48000 Hz", "mixer_free": true, "mode": "follow", "connected": true, "fault": null, "losses": 0, "returns": 0, "clipped": 0, "underflows": 0, "render_errors": 0, "outliers": 0, "respawns": 0}
1790665105.604,{"via": "Focusrite USB ASIO, ASIO, mixer-free, 2 outputs at 48000 Hz", "mixer_free": true, "mode": "follow", "connected": true, "fault": null, "losses": 0, "returns": 0, "clipped": 0, "underflows": 0, "render_errors": 0, "outliers": 0, "respawns": 0}
1790665106.604,{"via": "Focusrite USB ASIO, ASIO, mixer-free, 2 outputs at 48000 Hz", "mixer_free": true, "mode": "follow", "connected": true, "fault": null, "losses": 0, "returns": 0, "clipped": 0, "underflows": 0, "render_errors": 0, "outliers": 0, "respawns": 0}
1790665107.605,{"via": "Focusrite USB ASIO, ASIO, mixer-free, 2 outputs at 48000 Hz", "mixer_free": true, "mode": "follow", "connected": true, "fault": null, "losses": 0, "returns": 0, "clipped": 0, "underflows": 0, "render_errors": 0, "outliers": 0, "respawns": 0}
1790665108.606,{"via": "Focusrite USB ASIO, ASIO, mixer-free, 2 outputs at 48000 Hz", "mixer_free": true, "mode": "follow", "connected": true, "fault": null, "losses": 0, "returns": 0, "clipped": 0, "underflows": 0, "render_errors": 0, "outliers": 0, "respawns": 0}
1790665109.606,{"via": "Focusrite USB ASIO, ASIO, mixer-free, 2 outputs at 48000 Hz", "mixer_free": true, "mode": "follow", "connected": true, "fault": null, "losses": 0, "returns": 0, "clipped": 0, "underflows": 0, "render_errors": 0, "outliers": 0, "respawns": 0}
1790665110.607,{"via": "Focusrite USB ASIO, ASIO, mixer-free, 2 outputs at 48000 Hz", "mixer_free": true, "mode": "follow", "connected": true, "fault": null, "losses": 0, "returns": 0, "clipped": 0, "underflows": 0, "render_errors": 0, "outliers": 0, "respawns": 0}
1790665111.607,{"via": "Focusrite USB ASIO, ASIO, mixer-free, 2 outputs at 48000 Hz", "mixer_free": true, "mode": "follow", "connected": true, "fault": null, "losses": 0, "returns": 0, "clipped": 0, "underflows": 0, "render_errors": 0, "outliers": 0, "respawns": 0}
1790665112.609,{"via": "Focusrite USB ASIO, ASIO, mixer-free, 2 outputs at 48000 Hz", "mixer_free": true, "mode": "follow", "connected": true, "fault": null, "losses": 0, "returns": 0, "clipped": 0, "underflows": 0, "render_errors": 0, "outliers": 0, "respawns": 0}
1790665113.609,{"via": "Focusrite USB ASIO, ASIO, mixer-free, 2 outputs at 48000 Hz", "mixer_free": true, "mode": "follow", "connected": true, "fault": null, "losses": 0, "returns": 0, "clipped": 0, "underflows": 0, "render_errors": 0, "outliers": 0, "respawns": 0}
1790665114.609,{"via": "Focusrite USB ASIO, ASIO, mixer-free, 2 outputs at 48000 Hz", "mixer_free": true, "mode": "follow", "connected": true, "fault": null, "losses": 0, "returns": 0, "clipped": 0, "underflows": 0, "render_errors": 0, "outliers": 0, "respawns": 0}
1790665115.610,{"via": "Focusrite USB ASIO, ASIO, mixer-free, 2 outputs at 48000 Hz", "mixer_free": true, "mode": "follow", "connected": true, "fault": null, "losses": 0, "returns": 0, "clipped": 0, "underflows": 0, "render_errors": 0, "outliers": 0, "respawns": 0}
1790665116.610,{"via": "Focusrite USB ASIO, ASIO, mixer-free, 2 outputs at 48000 Hz", "mixer_free": true, "mode": "follow", "connected": true, "fault": null, "losses": 0, "returns": 0, "clipped": 0, "underflows": 0, "render_errors": 0, "outliers": 0, "respawns": 0}
1790665117.611,{"via": "Focusrite USB ASIO, ASIO, mixer-free, 2 outputs at 48000 Hz", "mixer_free": true, "mode": "follow", "connected": true, "fault": null, "losses": 0, "returns": 0, "clipped": 0, "underflows": 0, "render_errors": 0, "outliers": 0, "respawns": 0}
1790665118.611,{"via": "Focusrite USB ASIO, ASIO, mixer-free, 2 outputs at 48000 Hz", "mixer_free": true, "mode": "follow", "connected": true, "fault": null, "losses": 0, "returns": 0, "clipped": 0, "underflows": 0, "render_errors": 0, "outliers": 0, "respawns": 0}
1790665119.611,{"via": "Focusrite USB ASIO, ASIO, mixer-free, 2 outputs at 48000 Hz", "mixer_free": true, "mode": "follow", "connected": true, "fault": null, "losses": 0, "returns": 0, "clipped": 0, "underflows": 0, "render_errors": 0, "outliers": 0, "respawns": 0}
1790665120.611,{"via": "Focusrite USB ASIO, ASIO, mixer-free, 2 outputs at 48000 Hz", "mixer_free": true, "mode": "follow", "connected": true, "fault": null, "losses": 0, "returns": 0, "clipped": 0, "underflows": 0, "render_errors": 0, "outliers": 0, "respawns": 0}
1790665121.613,{"via": "Focusrite USB ASIO, ASIO, mixer-free, 2 outputs at 48000 Hz", "mixer_free": true, "mode": "follow", "connected": true, "fault": null, "losses": 0, "returns": 0, "clipped": 0, "underflows": 0, "render_errors": 0, "outliers": 0, "respawns": 0}
1790665122.614,{"via": "Focusrite USB ASIO, ASIO, mixer-free, 2 outputs at 48000 Hz", "mixer_free": true, "mode": "follow", "connected": true, "fault": null, "losses": 0, "returns": 0, "clipped": 0, "underflows": 0, "render_errors": 0, "outliers": 0, "respawns": 0}
1790665123.614,{"via": "Focusrite USB ASIO, ASIO, mixer-free, 2 outputs at 48000 Hz", "mixer_free": true, "mode": "follow", "connected": true, "fault": null, "losses": 0, "returns": 0, "clipped": 0, "underflows": 0, "render_errors": 0, "outliers": 0, "respawns": 0}
1790665124.616,{"via": "Focusrite USB ASIO, ASIO, mixer-free, 2 outputs at 48000 Hz", "mixer_free": true, "mode": "follow", "connected": true, "fault": null, "losses": 0, "returns": 0, "clipped": 0, "underflows": 0, "render_errors": 0, "outliers": 0, "respawns": 0}
1790665125.617,{"via": "Focusrite USB ASIO, ASIO, mixer-free, 2 outputs at 48000 Hz", "mixer_free": true, "mode": "follow", "connected": true, "fault": null, "losses": 0, "returns": 0, "clipped": 0, "underflows": 0, "render_errors": 0, "outliers": 0, "respawns": 0}
1790665126.618,{"via": "Focusrite USB ASIO, ASIO, mixer-free, 2 outputs at 48000 Hz", "mixer_free": true, "mode": "follow", "connected": true, "fault": null, "losses": 0, "returns": 0, "clipped": 0, "underflows": 0, "render_errors": 0, "outliers": 0, "respawns": 0}
1790665127.619,{"via": "Focusrite USB ASIO, ASIO, mixer-free, 2 outputs at 48000 Hz", "mixer_free": true, "mode": "follow", "connected": true, "fault": null, "losses": 0, "returns": 0, "clipped": 0, "underflows": 0, "render_errors": 0, "outliers": 0, "respawns": 0}
1790665128.620,{"via": "Focusrite USB ASIO, ASIO, mixer-free, 2 outputs at 48000 Hz", "mixer_free": true, "mode": "follow", "connected": true, "fault": null, "losses": 0, "returns": 0, "clipped": 0, "underflows": 0, "render_errors": 0, "outliers": 0, "respawns": 0}
1790665129.621,{"via": "Focusrite USB ASIO, ASIO, mixer-free, 2 outputs at 48000 Hz", "mixer_free": true, "mode": "follow", "connected": true, "fault": null, "losses": 0, "returns": 0, "clipped": 0, "underflows": 0, "render_errors": 0, "outliers": 0, "respawns": 0}
1790665130.621,{"via": "Focusrite USB ASIO, ASIO, mixer-free, 2 outputs at 48000 Hz", "mixer_free": true, "mode": "follow", "connected": true, "fault": null, "losses": 0, "returns": 0, "clipped": 0, "underflows": 0, "render_errors": 0, "outliers": 0, "respawns": 0}
1790665131.622,{"via": "Focusrite USB ASIO, ASIO, mixer-free, 2 outputs at 48000 Hz", "mixer_free": true, "mode": "follow", "connected": true, "fault": null, "losses": 0, "returns": 0, "clipped": 0, "underflows": 0, "render_errors": 0, "outliers": 0, "respawns": 0}
1790665132.624,{"via": "Focusrite USB ASIO, ASIO, mixer-free, 2 outputs at 48000 Hz", "mixer_free": true, "mode": "follow", "connected": true, "fault": null, "losses": 0, "returns": 0, "clipped": 0, "underflows": 0, "render_errors": 0, "outliers": 0, "respawns": 0}
1790665133.625,{"via": "Focusrite USB ASIO, ASIO, mixer-free, 2 outputs at 48000 Hz", "mixer_free": true, "mode": "follow", "connected": true, "fault": null, "losses": 0, "returns": 0, "clipped": 0, "underflows": 0, "render_errors": 0, "outliers": 0, "respawns": 0}
1790665134.626,{"via": "Focusrite USB ASIO, ASIO, mixer-free, 2 outputs at 48000 Hz", "mixer_free": true, "mode": "follow", "connected": true, "fault": null, "losses": 0, "returns": 0, "clipped": 0, "underflows": 0, "render_errors": 0, "outliers": 0, "respawns": 0}
1790665135.627,{"via": "Focusrite USB ASIO, ASIO, mixer-free, 2 outputs at 48000 Hz", "mixer_free": true, "mode": "follow", "connected": true, "fault": null, "losses": 0, "returns": 0, "clipped": 0, "underflows": 0, "render_errors": 0, "outliers": 0, "respawns": 0}
1790665136.628,{"via": "Focusrite USB ASIO, ASIO, mixer-free, 2 outputs at 48000 Hz", "mixer_free": true, "mode": "follow", "connected": true, "fault": null, "losses": 0, "returns": 0, "clipped": 0, "underflows": 0, "render_errors": 0, "outliers": 0, "respawns": 0}
1790665137.629,{"via": "Focusrite USB ASIO, ASIO, mixer-free, 2 outputs at 48000 Hz", "mixer_free": true, "mode": "follow", "connected": true, "fault": null, "losses": 0, "returns": 0, "clipped": 0, "underflows": 0, "render_errors": 0, "outliers": 0, "respawns": 0}
1790665138.629,{"via": "Focusrite USB ASIO, ASIO, mixer-free, 2 outputs at 48000 Hz", "mixer_free": true, "mode": "follow", "connected": true, "fault": null, "losses": 0, "returns": 0, "clipped": 0, "underflows": 0, "render_errors": 0, "outliers": 0, "respawns": 0}
1790665139.630,{"via": "Focusrite USB ASIO, ASIO, mixer-free, 2 outputs at 48000 Hz", "mixer_free": true, "mode": "follow", "connected": true, "fault": null, "losses": 0, "returns": 0, "clipped": 0, "underflows": 0, "render_errors": 0, "outliers": 0, "respawns": 0}
1790665140.631,{"via": "Focusrite USB ASIO, ASIO, mixer-free, 2 outputs at 48000 Hz", "mixer_free": true, "mode": "follow", "connected": true, "fault": null, "losses": 0, "returns": 0, "clipped": 0, "underflows": 0, "render_errors": 0, "outliers": 0, "respawns": 0}
1790665141.632,{"via": "Focusrite USB ASIO, ASIO, mixer-free, 2 outputs at 48000 Hz", "mixer_free": true, "mode": "follow", "connected": true, "fault": null, "losses": 0, "returns": 0, "clipped": 0, "underflows": 0, "render_errors": 0, "outliers": 0, "respawns": 0}
1790665142.632,{"via": "Focusrite USB ASIO, ASIO, mixer-free, 2 outputs at 48000 Hz", "mixer_free": true, "mode": "follow", "connected": true, "fault": null, "losses": 0, "returns": 0, "clipped": 0, "underflows": 0, "render_errors": 0, "outliers": 0, "respawns": 0}
1790665143.633,{"via": "Focusrite USB ASIO, ASIO, mixer-free, 2 outputs at 48000 Hz", "mixer_free": true, "mode": "follow", "connected": true, "fault": null, "losses": 0, "returns": 0, "clipped": 0, "underflows": 0, "render_errors": 0, "outliers": 0, "respawns": 0}
1790665144.634,{"via": "Focusrite USB ASIO, ASIO, mixer-free, 2 outputs at 48000 Hz", "mixer_free": true, "mode": "follow", "connected": true, "fault": null, "losses": 0, "returns": 0, "clipped": 0, "underflows": 0, "render_errors": 0, "outliers": 0, "respawns": 0}
1790665145.636,{"via": "Focusrite USB ASIO, ASIO, mixer-free, 2 outputs at 48000 Hz", "mixer_free": true, "mode": "follow", "connected": true, "fault": null, "losses": 0, "returns": 0, "clipped": 0, "underflows": 0, "render_errors": 0, "outliers": 0, "respawns": 0}
1790665146.637,{"via": "Focusrite USB ASIO, ASIO, mixer-free, 2 outputs at 48000 Hz", "mixer_free": true, "mode": "follow", "connected": true, "fault": null, "losses": 0, "returns": 0, "clipped": 0, "underflows": 0, "render_errors": 0, "outliers": 0, "respawns": 0}
1790665147.638,{"via": "Focusrite USB ASIO, ASIO, mixer-free, 2 outputs at 48000 Hz", "mixer_free": true, "mode": "follow", "connected": true, "fault": null, "losses": 0, "returns": 0, "clipped": 0, "underflows": 0, "render_errors": 0, "outliers": 0, "respawns": 0}
1790665148.640,{"via": "Focusrite USB ASIO, ASIO, mixer-free, 2 outputs at 48000 Hz", "mixer_free": true, "mode": "follow", "connected": true, "fault": null, "losses": 0, "returns": 0, "clipped": 0, "underflows": 0, "render_errors": 0, "outliers": 0, "respawns": 0}
1790665149.641,{"via": "Focusrite USB ASIO, ASIO, mixer-free, 2 outputs at 48000 Hz", "mixer_free": true, "mode": "follow", "connected": true, "fault": null, "losses": 0, "returns": 0, "clipped": 0, "underflows": 0, "render_errors": 0, "outliers": 0, "respawns": 0}
1790665150.642,{"via": "Focusrite USB ASIO, ASIO, mixer-free, 2 outputs at 48000 Hz", "mixer_free": true, "mode": "follow", "connected": true, "fault": null, "losses": 0, "returns": 0, "clipped": 0, "underflows": 0, "render_errors": 0, "outliers": 0, "respawns": 0}
1790665151.643,{"via": "Focusrite USB ASIO, ASIO, mixer-free, 2 outputs at 48000 Hz", "mixer_free": true, "mode": "follow", "connected": true, "fault": null, "losses": 0, "returns": 0, "clipped": 0, "underflows": 0, "render_errors": 0, "outliers": 0, "respawns": 0}
1790665152.644,{"via": "Focusrite USB ASIO, ASIO, mixer-free, 2 outputs at 48000 Hz", "mixer_free": true, "mode": "follow", "connected": true, "fault": null, "losses": 0, "returns": 0, "clipped": 0, "underflows": 0, "render_errors": 0, "outliers": 0, "respawns": 0}
1790665153.645,{"via": "Focusrite USB ASIO, ASIO, mixer-free, 2 outputs at 48000 Hz", "mixer_free": true, "mode": "follow", "connected": true, "fault": null, "losses": 0, "returns": 0, "clipped": 0, "underflows": 0, "render_errors": 0, "outliers": 0, "respawns": 0}
1790665154.645,{"via": "Focusrite USB ASIO, ASIO, mixer-free, 2 outputs at 48000 Hz", "mixer_free": true, "mode": "follow", "connected": true, "fault": null, "losses": 0, "returns": 0, "clipped": 0, "underflows": 0, "render_errors": 0, "outliers": 0, "respawns": 0}
1790665155.647,{"via": "Focusrite USB ASIO, ASIO, mixer-free, 2 outputs at 48000 Hz", "mixer_free": true, "mode": "follow", "connected": true, "fault": null, "losses": 0, "returns": 0, "clipped": 0, "underflows": 0, "render_errors": 0, "outliers": 0, "respawns": 0}
1790665156.648,{"via": "Focusrite USB ASIO, ASIO, mixer-free, 2 outputs at 48000 Hz", "mixer_free": true, "mode": "follow", "connected": true, "fault": null, "losses": 0, "returns": 0, "clipped": 0, "underflows": 0, "render_errors": 0, "outliers": 0, "respawns": 0}
1790665157.649,{"via": "Focusrite USB ASIO, ASIO, mixer-free, 2 outputs at 48000 Hz", "mixer_free": true, "mode": "follow", "connected": true, "fault": null, "losses": 0, "returns": 0, "clipped": 0, "underflows": 0, "render_errors": 0, "outliers": 0, "respawns": 0}
1790665158.649,{"via": "Focusrite USB ASIO, ASIO, mixer-free, 2 outputs at 48000 Hz", "mixer_free": true, "mode": "follow", "connected": true, "fault": null, "losses": 0, "returns": 0, "clipped": 0, "underflows": 0, "render_errors": 0, "outliers": 0, "respawns": 0}
1790665159.650,{"via": "Focusrite USB ASIO, ASIO, mixer-free, 2 outputs at 48000 Hz", "mixer_free": true, "mode": "follow", "connected": true, "fault": null, "losses": 0, "returns": 0, "clipped": 0, "underflows": 0, "render_errors": 0, "outliers": 0, "respawns": 0}
1790665160.651,{"via": "Focusrite USB ASIO, ASIO, mixer-free, 2 outputs at 48000 Hz", "mixer_free": true, "mode": "follow", "connected": true, "fault": null, "losses": 0, "returns": 0, "clipped": 0, "underflows": 0, "render_errors": 0, "outliers": 0, "respawns": 0}
1790665161.652,{"via": "Focusrite USB ASIO, ASIO, mixer-free, 2 outputs at 48000 Hz", "mixer_free": true, "mode": "follow", "connected": true, "fault": null, "losses": 0, "returns": 0, "clipped": 0, "underflows": 0, "render_errors": 0, "outliers": 0, "respawns": 0}
1790665162.654,{"via": "Focusrite USB ASIO, ASIO, mixer-free, 2 outputs at 48000 Hz", "mixer_free": true, "mode": "follow", "connected": true, "fault": null, "losses": 0, "returns": 0, "clipped": 0, "underflows": 0, "render_errors": 0, "outliers": 0, "respawns": 0}
1790665163.655,{"via": "Focusrite USB ASIO, ASIO, mixer-free, 2 outputs at 48000 Hz", "mixer_free": true, "mode": "follow", "connected": true, "fault": null, "losses": 0, "returns": 0, "clipped": 0, "underflows": 0, "render_errors": 0, "outliers": 0, "respawns": 0}
1790665164.655,{"via": "Focusrite USB ASIO, ASIO, mixer-free, 2 outputs at 48000 Hz", "mixer_free": true, "mode": "follow", "connected": true, "fault": null, "losses": 0, "returns": 0, "clipped": 0, "underflows": 0, "render_errors": 0, "outliers": 0, "respawns": 0}
1790665165.656,{"via": "Focusrite USB ASIO, ASIO, mixer-free, 2 outputs at 48000 Hz", "mixer_free": true, "mode": "follow", "connected": true, "fault": null, "losses": 0, "returns": 0, "clipped": 0, "underflows": 0, "render_errors": 0, "outliers": 0, "respawns": 0}
1790665166.657,{"via": "Focusrite USB ASIO, ASIO, mixer-free, 2 outputs at 48000 Hz", "mixer_free": true, "mode": "follow", "connected": true, "fault": null, "losses": 0, "returns": 0, "clipped": 0, "underflows": 0, "render_errors": 0, "outliers": 0, "respawns": 0}
1790665167.658,{"via": "Focusrite USB ASIO, ASIO, mixer-free, 2 outputs at 48000 Hz", "mixer_free": true, "mode": "follow", "connected": true, "fault": null, "losses": 0, "returns": 0, "clipped": 0, "underflows": 0, "render_errors": 0, "outliers": 0, "respawns": 0}
1790665168.659,{"via": "Focusrite USB ASIO, ASIO, mixer-free, 2 outputs at 48000 Hz", "mixer_free": true, "mode": "follow", "connected": true, "fault": null, "losses": 0, "returns": 0, "clipped": 0, "underflows": 0, "render_errors": 0, "outliers": 0, "respawns": 0}
1790665169.660,{"via": "Focusrite USB ASIO, ASIO, mixer-free, 2 outputs at 48000 Hz", "mixer_free": true, "mode": "follow", "connected": true, "fault": null, "losses": 0, "returns": 0, "clipped": 0, "underflows": 0, "render_errors": 0, "outliers": 0, "respawns": 0}
1790665170.660,{"via": "Focusrite USB ASIO, ASIO, mixer-free, 2 outputs at 48000 Hz", "mixer_free": true, "mode": "follow", "connected": true, "fault": null, "losses": 0, "returns": 0, "clipped": 0, "underflows": 0, "render_errors": 0, "outliers": 0, "respawns": 0}
1790665171.661,{"via": "Focusrite USB ASIO, ASIO, mixer-free, 2 outputs at 48000 Hz", "mixer_free": true, "mode": "follow", "connected": true, "fault": null, "losses": 0, "returns": 0, "clipped": 0, "underflows": 0, "render_errors": 0, "outliers": 0, "respawns": 0}
1790665172.663,{"via": "Focusrite USB ASIO, ASIO, mixer-free, 2 outputs at 48000 Hz", "mixer_free": true, "mode": "follow", "connected": true, "fault": null, "losses": 0, "returns": 0, "clipped": 0, "underflows": 0, "render_errors": 0, "outliers": 0, "respawns": 0}
1790665173.664,{"via": "Focusrite USB ASIO, ASIO, mixer-free, 2 outputs at 48000 Hz", "mixer_free": true, "mode": "follow", "connected": true, "fault": null, "losses": 0, "returns": 0, "clipped": 0, "underflows": 0, "render_errors": 0, "outliers": 0, "respawns": 0}
1790665174.665,{"via": "Focusrite USB ASIO, ASIO, mixer-free, 2 outputs at 48000 Hz", "mixer_free": true, "mode": "follow", "connected": true, "fault": null, "losses": 0, "returns": 0, "clipped": 0, "underflows": 0, "render_errors": 0, "outliers": 0, "respawns": 0}
1790665175.665,{"via": "Focusrite USB ASIO, ASIO, mixer-free, 2 outputs at 48000 Hz", "mixer_free": true, "mode": "follow", "connected": true, "fault": null, "losses": 0, "returns": 0, "clipped": 0, "underflows": 0, "render_errors": 0, "outliers": 0, "respawns": 0}
1790665176.666,{"via": "Focusrite USB ASIO, ASIO, mixer-free, 2 outputs at 48000 Hz", "mixer_free": true, "mode": "follow", "connected": true, "fault": null, "losses": 0, "returns": 0, "clipped": 0, "underflows": 0, "render_errors": 0, "outliers": 0, "respawns": 0}
1790665177.666,{"via": "Focusrite USB ASIO, ASIO, mixer-free, 2 outputs at 48000 Hz", "mixer_free": true, "mode": "follow", "connected": true, "fault": null, "losses": 0, "returns": 0, "clipped": 0, "underflows": 0, "render_errors": 0, "outliers": 0, "respawns": 0}
1790665178.667,{"via": "Focusrite USB ASIO, ASIO, mixer-free, 2 outputs at 48000 Hz", "mixer_free": true, "mode": "follow", "connected": true, "fault": null, "losses": 0, "returns": 0, "clipped": 0, "underflows": 0, "render_errors": 0, "outliers": 0, "respawns": 0}
1790665179.668,{"via": "Focusrite USB ASIO, ASIO, mixer-free, 2 outputs at 48000 Hz", "mixer_free": true, "mode": "follow", "connected": true, "fault": null, "losses": 0, "returns": 0, "clipped": 0, "underflows": 0, "render_errors": 0, "outliers": 0, "respawns": 0}
1790665180.670,{"via": "Focusrite USB ASIO, ASIO, mixer-free, 2 outputs at 48000 Hz", "mixer_free": true, "mode": "follow", "connected": true, "fault": null, "losses": 0, "returns": 0, "clipped": 0, "underflows": 0, "render_errors": 0, "outliers": 0, "respawns": 0}
1790665181.670,{"via": "Focusrite USB ASIO, ASIO, mixer-free, 2 outputs at 48000 Hz", "mixer_free": true, "mode": "follow", "connected": true, "fault": null, "losses": 0, "returns": 0, "clipped": 0, "underflows": 0, "render_errors": 0, "outliers": 0, "respawns": 0}
1790665182.671,{"via": "Focusrite USB ASIO, ASIO, mixer-free, 2 outputs at 48000 Hz", "mixer_free": true, "mode": "follow", "connected": true, "fault": null, "losses": 0, "returns": 0, "clipped": 0, "underflows": 0, "render_errors": 0, "outliers": 0, "respawns": 0}
1790665183.674,{"via": "Focusrite USB ASIO, ASIO, mixer-free, 2 outputs at 48000 Hz", "mixer_free": true, "mode": "follow", "connected": true, "fault": null, "losses": 0, "returns": 0, "clipped": 0, "underflows": 0, "render_errors": 0, "outliers": 0, "respawns": 0}
1790665184.675,{"via": "Focusrite USB ASIO, ASIO, mixer-free, 2 outputs at 48000 Hz", "mixer_free": true, "mode": "follow", "connected": true, "fault": null, "losses": 0, "returns": 0, "clipped": 0, "underflows": 0, "render_errors": 0, "outliers": 0, "respawns": 0}
1790665185.676,{"via": "Focusrite USB ASIO, ASIO, mixer-free, 2 outputs at 48000 Hz", "mixer_free": true, "mode": "follow", "connected": true, "fault": null, "losses": 0, "returns": 0, "clipped": 0, "underflows": 0, "render_errors": 0, "outliers": 0, "respawns": 0}
1790665186.676,{"via": "Focusrite USB ASIO, ASIO, mixer-free, 2 outputs at 48000 Hz", "mixer_free": true, "mode": "follow", "connected": true, "fault": null, "losses": 0, "returns": 0, "clipped": 0, "underflows": 0, "render_errors": 0, "outliers": 0, "respawns": 0}
1790665187.677,{"via": "Focusrite USB ASIO, ASIO, mixer-free, 2 outputs at 48000 Hz", "mixer_free": true, "mode": "follow", "connected": true, "fault": null, "losses": 0, "returns": 0, "clipped": 0, "underflows": 0, "render_errors": 0, "outliers": 0, "respawns": 0}
1790665188.678,{"via": "Focusrite USB ASIO, ASIO, mixer-free, 2 outputs at 48000 Hz", "mixer_free": true, "mode": "follow", "connected": true, "fault": null, "losses": 0, "returns": 0, "clipped": 0, "underflows": 0, "render_errors": 0, "outliers": 0, "respawns": 0}
1790665189.679,{"via": "Focusrite USB ASIO, ASIO, mixer-free, 2 outputs at 48000 Hz", "mixer_free": true, "mode": "follow", "connected": true, "fault": null, "losses": 0, "returns": 0, "clipped": 0, "underflows": 0, "render_errors": 0, "outliers": 0, "respawns": 0}
1790665190.680,{"via": "Focusrite USB ASIO, ASIO, mixer-free, 2 outputs at 48000 Hz", "mixer_free": true, "mode": "follow", "connected": true, "fault": null, "losses": 0, "returns": 0, "clipped": 0, "underflows": 0, "render_errors": 0, "outliers": 0, "respawns": 0}
1790665191.682,{"via": "Focusrite USB ASIO, ASIO, mixer-free, 2 outputs at 48000 Hz", "mixer_free": true, "mode": "follow", "connected": true, "fault": null, "losses": 0, "returns": 0, "clipped": 0, "underflows": 0, "render_errors": 0, "outliers": 0, "respawns": 0}
1790665192.683,{"via": "Focusrite USB ASIO, ASIO, mixer-free, 2 outputs at 48000 Hz", "mixer_free": true, "mode": "follow", "connected": true, "fault": null, "losses": 0, "returns": 0, "clipped": 0, "underflows": 0, "render_errors": 0, "outliers": 0, "respawns": 0}
1790665193.684,{"via": "Focusrite USB ASIO, ASIO, mixer-free, 2 outputs at 48000 Hz", "mixer_free": true, "mode": "follow", "connected": true, "fault": null, "losses": 0, "returns": 0, "clipped": 0, "underflows": 0, "render_errors": 0, "outliers": 0, "respawns": 0}
1790665194.684,{"via": "Focusrite USB ASIO, ASIO, mixer-free, 2 outputs at 48000 Hz", "mixer_free": true, "mode": "follow", "connected": true, "fault": null, "losses": 0, "returns": 0, "clipped": 0, "underflows": 0, "render_errors": 0, "outliers": 0, "respawns": 0}
1790665195.686,{"via": "Focusrite USB ASIO, ASIO, mixer-free, 2 outputs at 48000 Hz", "mixer_free": true, "mode": "follow", "connected": true, "fault": null, "losses": 0, "returns": 0, "clipped": 0, "underflows": 0, "render_errors": 0, "outliers": 0, "respawns": 0}
1790665196.688,{"via": "Focusrite USB ASIO, ASIO, mixer-free, 2 outputs at 48000 Hz", "mixer_free": true, "mode": "follow", "connected": true, "fault": null, "losses": 0, "returns": 0, "clipped": 0, "underflows": 0, "render_errors": 0, "outliers": 0, "respawns": 0}
1790665197.688,{"via": "Focusrite USB ASIO, ASIO, mixer-free, 2 outputs at 48000 Hz", "mixer_free": true, "mode": "follow", "connected": true, "fault": null, "losses": 0, "returns": 0, "clipped": 0, "underflows": 0, "render_errors": 0, "outliers": 0, "respawns": 0}
1790665198.689,{"via": "Focusrite USB ASIO, ASIO, mixer-free, 2 outputs at 48000 Hz", "mixer_free": true, "mode": "follow", "connected": true, "fault": null, "losses": 0, "returns": 0, "clipped": 0, "underflows": 0, "render_errors": 0, "outliers": 0, "respawns": 0}
1790665199.689,{"via": "Focusrite USB ASIO, ASIO, mixer-free, 2 outputs at 48000 Hz", "mixer_free": true, "mode": "follow", "connected": true, "fault": null, "losses": 0, "returns": 0, "clipped": 0, "underflows": 0, "render_errors": 0, "outliers": 0, "respawns": 0}
1790665200.690,{"via": "Focusrite USB ASIO, ASIO, mixer-free, 2 outputs at 48000 Hz", "mixer_free": true, "mode": "follow", "connected": true, "fault": null, "losses": 0, "returns": 0, "clipped": 0, "underflows": 0, "render_errors": 0, "outliers": 0, "respawns": 0}
1790665201.691,{"via": "Focusrite USB ASIO, ASIO, mixer-free, 2 outputs at 48000 Hz", "mixer_free": true, "mode": "follow", "connected": true, "fault": null, "losses": 0, "returns": 0, "clipped": 0, "underflows": 0, "render_errors": 0, "outliers": 0, "respawns": 0}
1790665202.692,{"via": "Focusrite USB ASIO, ASIO, mixer-free, 2 outputs at 48000 Hz", "mixer_free": true, "mode": "follow", "connected": true, "fault": null, "losses": 0, "returns": 0, "clipped": 0, "underflows": 0, "render_errors": 0, "outliers": 0, "respawns": 0}
1790665203.693,{"via": "Focusrite USB ASIO, ASIO, mixer-free, 2 outputs at 48000 Hz", "mixer_free": true, "mode": "follow", "connected": true, "fault": null, "losses": 0, "returns": 0, "clipped": 0, "underflows": 0, "render_errors": 0, "outliers": 0, "respawns": 0}
1790665204.695,{"via": "Focusrite USB ASIO, ASIO, mixer-free, 2 outputs at 48000 Hz", "mixer_free": true, "mode": "follow", "connected": true, "fault": null, "losses": 0, "returns": 0, "clipped": 0, "underflows": 0, "render_errors": 0, "outliers": 0, "respawns": 0}
1790665205.696,{"via": "Focusrite USB ASIO, ASIO, mixer-free, 2 outputs at 48000 Hz", "mixer_free": true, "mode": "follow", "connected": true, "fault": null, "losses": 0, "returns": 0, "clipped": 0, "underflows": 0, "render_errors": 0, "outliers": 0, "respawns": 0}
1790665206.697,{"via": "Focusrite USB ASIO, ASIO, mixer-free, 2 outputs at 48000 Hz", "mixer_free": true, "mode": "follow", "connected": true, "fault": null, "losses": 0, "returns": 0, "clipped": 0, "underflows": 0, "render_errors": 0, "outliers": 0, "respawns": 0}
1790665207.697,{"via": "Focusrite USB ASIO, ASIO, mixer-free, 2 outputs at 48000 Hz", "mixer_free": true, "mode": "follow", "connected": true, "fault": null, "losses": 0, "returns": 0, "clipped": 0, "underflows": 0, "render_errors": 0, "outliers": 0, "respawns": 0}
1790665208.698,{"via": "Focusrite USB ASIO, ASIO, mixer-free, 2 outputs at 48000 Hz", "mixer_free": true, "mode": "follow", "connected": true, "fault": null, "losses": 0, "returns": 0, "clipped": 0, "underflows": 0, "render_errors": 0, "outliers": 0, "respawns": 0}
1790665209.698,{"via": "Focusrite USB ASIO, ASIO, mixer-free, 2 outputs at 48000 Hz", "mixer_free": true, "mode": "follow", "connected": true, "fault": null, "losses": 0, "returns": 0, "clipped": 0, "underflows": 0, "render_errors": 0, "outliers": 0, "respawns": 0}
1790665210.700,{"via": "Focusrite USB ASIO, ASIO, mixer-free, 2 outputs at 48000 Hz", "mixer_free": true, "mode": "follow", "connected": true, "fault": null, "losses": 0, "returns": 0, "clipped": 0, "underflows": 0, "render_errors": 0, "outliers": 0, "respawns": 0}
1790665211.701,{"via": "Focusrite USB ASIO, ASIO, mixer-free, 2 outputs at 48000 Hz", "mixer_free": true, "mode": "follow", "connected": true, "fault": null, "losses": 0, "returns": 0, "clipped": 0, "underflows": 0, "render_errors": 0, "outliers": 0, "respawns": 0}
1790665212.702,{"via": "Focusrite USB ASIO, ASIO, mixer-free, 2 outputs at 48000 Hz", "mixer_free": true, "mode": "follow", "connected": true, "fault": null, "losses": 0, "returns": 0, "clipped": 0, "underflows": 0, "render_errors": 0, "outliers": 0, "respawns": 0}
1790665213.704,{"via": "Focusrite USB ASIO, ASIO, mixer-free, 2 outputs at 48000 Hz", "mixer_free": true, "mode": "follow", "connected": true, "fault": null, "losses": 0, "returns": 0, "clipped": 0, "underflows": 0, "render_errors": 0, "outliers": 0, "respawns": 0}
1790665214.704,{"via": "Focusrite USB ASIO, ASIO, mixer-free, 2 outputs at 48000 Hz", "mixer_free": true, "mode": "follow", "connected": true, "fault": null, "losses": 0, "returns": 0, "clipped": 0, "underflows": 0, "render_errors": 0, "outliers": 0, "respawns": 0}
1790665215.705,{"via": "Focusrite USB ASIO, ASIO, mixer-free, 2 outputs at 48000 Hz", "mixer_free": true, "mode": "follow", "connected": true, "fault": null, "losses": 0, "returns": 0, "clipped": 0, "underflows": 0, "render_errors": 0, "outliers": 0, "respawns": 0}
1790665216.706,{"via": "Focusrite USB ASIO, ASIO, mixer-free, 2 outputs at 48000 Hz", "mixer_free": true, "mode": "follow", "connected": true, "fault": null, "losses": 0, "returns": 0, "clipped": 0, "underflows": 0, "render_errors": 0, "outliers": 0, "respawns": 0}
1790665217.708,{"via": "Focusrite USB ASIO, ASIO, mixer-free, 2 outputs at 48000 Hz", "mixer_free": true, "mode": "follow", "connected": true, "fault": null, "losses": 0, "returns": 0, "clipped": 0, "underflows": 0, "render_errors": 0, "outliers": 0, "respawns": 0}
1790665218.709,{"via": "Focusrite USB ASIO, ASIO, mixer-free, 2 outputs at 48000 Hz", "mixer_free": true, "mode": "follow", "connected": true, "fault": null, "losses": 0, "returns": 0, "clipped": 0, "underflows": 0, "render_errors": 0, "outliers": 0, "respawns": 0}
1790665219.710,{"via": "Focusrite USB ASIO, ASIO, mixer-free, 2 outputs at 48000 Hz", "mixer_free": true, "mode": "follow", "connected": true, "fault": null, "losses": 0, "returns": 0, "clipped": 0, "underflows": 0, "render_errors": 0, "outliers": 0, "respawns": 0}
1790665220.712,{"via": "Focusrite USB ASIO, ASIO, mixer-free, 2 outputs at 48000 Hz", "mixer_free": true, "mode": "follow", "connected": true, "fault": null, "losses": 0, "returns": 0, "clipped": 0, "underflows": 0, "render_errors": 0, "outliers": 0, "respawns": 0}
1790665221.712,{"via": "Focusrite USB ASIO, ASIO, mixer-free, 2 outputs at 48000 Hz", "mixer_free": true, "mode": "follow", "connected": true, "fault": null, "losses": 0, "returns": 0, "clipped": 0, "underflows": 0, "render_errors": 0, "outliers": 0, "respawns": 0}
1790665222.713,{"via": "Focusrite USB ASIO, ASIO, mixer-free, 2 outputs at 48000 Hz", "mixer_free": true, "mode": "follow", "connected": true, "fault": null, "losses": 0, "returns": 0, "clipped": 0, "underflows": 0, "render_errors": 0, "outliers": 0, "respawns": 0}
1790665223.713,{"via": "Focusrite USB ASIO, ASIO, mixer-free, 2 outputs at 48000 Hz", "mixer_free": true, "mode": "follow", "connected": true, "fault": null, "losses": 0, "returns": 0, "clipped": 0, "underflows": 0, "render_errors": 0, "outliers": 0, "respawns": 0}
1790665224.713,{"via": "Focusrite USB ASIO, ASIO, mixer-free, 2 outputs at 48000 Hz", "mixer_free": true, "mode": "follow", "connected": true, "fault": null, "losses": 0, "returns": 0, "clipped": 0, "underflows": 0, "render_errors": 0, "outliers": 0, "respawns": 0}
1790665225.715,{"via": "Focusrite USB ASIO, ASIO, mixer-free, 2 outputs at 48000 Hz", "mixer_free": true, "mode": "follow", "connected": true, "fault": null, "losses": 0, "returns": 0, "clipped": 0, "underflows": 0, "render_errors": 0, "outliers": 0, "respawns": 0}
1790665226.716,{"via": "Focusrite USB ASIO, ASIO, mixer-free, 2 outputs at 48000 Hz", "mixer_free": true, "mode": "follow", "connected": true, "fault": null, "losses": 0, "returns": 0, "clipped": 0, "underflows": 0, "render_errors": 0, "outliers": 0, "respawns": 0}
1790665227.716,{"via": "Focusrite USB ASIO, ASIO, mixer-free, 2 outputs at 48000 Hz", "mixer_free": true, "mode": "follow", "connected": true, "fault": null, "losses": 0, "returns": 0, "clipped": 0, "underflows": 0, "render_errors": 0, "outliers": 0, "respawns": 0}
1790665228.717,{"via": "Focusrite USB ASIO, ASIO, mixer-free, 2 outputs at 48000 Hz", "mixer_free": true, "mode": "follow", "connected": true, "fault": null, "losses": 0, "returns": 0, "clipped": 0, "underflows": 0, "render_errors": 0, "outliers": 0, "respawns": 0}
1790665229.718,{"via": "Focusrite USB ASIO, ASIO, mixer-free, 2 outputs at 48000 Hz", "mixer_free": true, "mode": "follow", "connected": true, "fault": null, "losses": 0, "returns": 0, "clipped": 0, "underflows": 0, "render_errors": 0, "outliers": 0, "respawns": 0}
1790665230.719,{"via": "Focusrite USB ASIO, ASIO, mixer-free, 2 outputs at 48000 Hz", "mixer_free": true, "mode": "follow", "connected": true, "fault": null, "losses": 0, "returns": 0, "clipped": 0, "underflows": 0, "render_errors": 0, "outliers": 0, "respawns": 0}
1790665231.720,{"via": "Focusrite USB ASIO, ASIO, mixer-free, 2 outputs at 48000 Hz", "mixer_free": true, "mode": "follow", "connected": true, "fault": null, "losses": 0, "returns": 0, "clipped": 0, "underflows": 0, "render_errors": 0, "outliers": 0, "respawns": 0}
1790665232.720,{"via": "Focusrite USB ASIO, ASIO, mixer-free, 2 outputs at 48000 Hz", "mixer_free": true, "mode": "follow", "connected": true, "fault": null, "losses": 0, "returns": 0, "clipped": 0, "underflows": 0, "render_errors": 0, "outliers": 0, "respawns": 0}
1790665233.720,{"via": "Focusrite USB ASIO, ASIO, mixer-free, 2 outputs at 48000 Hz", "mixer_free": true, "mode": "follow", "connected": true, "fault": null, "losses": 0, "returns": 0, "clipped": 0, "underflows": 0, "render_errors": 0, "outliers": 0, "respawns": 0}
1790665234.721,{"via": "Focusrite USB ASIO, ASIO, mixer-free, 2 outputs at 48000 Hz", "mixer_free": true, "mode": "follow", "connected": true, "fault": null, "losses": 0, "returns": 0, "clipped": 0, "underflows": 0, "render_errors": 0, "outliers": 0, "respawns": 0}
1790665235.721,{"via": "Focusrite USB ASIO, ASIO, mixer-free, 2 outputs at 48000 Hz", "mixer_free": true, "mode": "follow", "connected": true, "fault": null, "losses": 0, "returns": 0, "clipped": 0, "underflows": 0, "render_errors": 0, "outliers": 0, "respawns": 0}
1790665236.722,{"via": "Focusrite USB ASIO, ASIO, mixer-free, 2 outputs at 48000 Hz", "mixer_free": true, "mode": "follow", "connected": true, "fault": null, "losses": 0, "returns": 0, "clipped": 0, "underflows": 0, "render_errors": 0, "outliers": 0, "respawns": 0}
1790665237.723,{"via": "Focusrite USB ASIO, ASIO, mixer-free, 2 outputs at 48000 Hz", "mixer_free": true, "mode": "follow", "connected": true, "fault": null, "losses": 0, "returns": 0, "clipped": 0, "underflows": 0, "render_errors": 0, "outliers": 0, "respawns": 0}
1790665238.724,{"via": "Focusrite USB ASIO, ASIO, mixer-free, 2 outputs at 48000 Hz", "mixer_free": true, "mode": "follow", "connected": true, "fault": null, "losses": 0, "returns": 0, "clipped": 0, "underflows": 0, "render_errors": 0, "outliers": 0, "respawns": 0}
1790665239.725,{"via": "Focusrite USB ASIO, ASIO, mixer-free, 2 outputs at 48000 Hz", "mixer_free": true, "mode": "follow", "connected": true, "fault": null, "losses": 0, "returns": 0, "clipped": 0, "underflows": 0, "render_errors": 0, "outliers": 0, "respawns": 0}
1790665240.725,{"via": "Focusrite USB ASIO, ASIO, mixer-free, 2 outputs at 48000 Hz", "mixer_free": true, "mode": "follow", "connected": true, "fault": null, "losses": 0, "returns": 0, "clipped": 0, "underflows": 0, "render_errors": 0, "outliers": 0, "respawns": 0}
1790665241.726,{"via": "Focusrite USB ASIO, ASIO, mixer-free, 2 outputs at 48000 Hz", "mixer_free": true, "mode": "follow", "connected": true, "fault": null, "losses": 0, "returns": 0, "clipped": 0, "underflows": 0, "render_errors": 0, "outliers": 0, "respawns": 0}
1790665242.728,{"via": "Focusrite USB ASIO, ASIO, mixer-free, 2 outputs at 48000 Hz", "mixer_free": true, "mode": "follow", "connected": true, "fault": null, "losses": 0, "returns": 0, "clipped": 0, "underflows": 0, "render_errors": 0, "outliers": 0, "respawns": 0}
1790665243.729,{"via": "Focusrite USB ASIO, ASIO, mixer-free, 2 outputs at 48000 Hz", "mixer_free": true, "mode": "follow", "connected": true, "fault": null, "losses": 0, "returns": 0, "clipped": 0, "underflows": 0, "render_errors": 0, "outliers": 0, "respawns": 0}
1790665244.729,{"via": "Focusrite USB ASIO, ASIO, mixer-free, 2 outputs at 48000 Hz", "mixer_free": true, "mode": "follow", "connected": true, "fault": null, "losses": 0, "returns": 0, "clipped": 0, "underflows": 0, "render_errors": 0, "outliers": 0, "respawns": 0}
1790665245.730,{"via": "Focusrite USB ASIO, ASIO, mixer-free, 2 outputs at 48000 Hz", "mixer_free": true, "mode": "follow", "connected": true, "fault": null, "losses": 0, "returns": 0, "clipped": 0, "underflows": 0, "render_errors": 0, "outliers": 0, "respawns": 0}
1790665246.731,{"via": "Focusrite USB ASIO, ASIO, mixer-free, 2 outputs at 48000 Hz", "mixer_free": true, "mode": "follow", "connected": true, "fault": null, "losses": 0, "returns": 0, "clipped": 0, "underflows": 0, "render_errors": 0, "outliers": 0, "respawns": 0}
1790665247.733,{"via": "Focusrite USB ASIO, ASIO, mixer-free, 2 outputs at 48000 Hz", "mixer_free": true, "mode": "follow", "connected": true, "fault": null, "losses": 0, "returns": 0, "clipped": 0, "underflows": 0, "render_errors": 0, "outliers": 0, "respawns": 0}
1790665248.733,{"via": "Focusrite USB ASIO, ASIO, mixer-free, 2 outputs at 48000 Hz", "mixer_free": true, "mode": "follow", "connected": true, "fault": null, "losses": 0, "returns": 0, "clipped": 0, "underflows": 0, "render_errors": 0, "outliers": 0, "respawns": 0}
1790665249.733,{"via": "Focusrite USB ASIO, ASIO, mixer-free, 2 outputs at 48000 Hz", "mixer_free": true, "mode": "follow", "connected": true, "fault": null, "losses": 0, "returns": 0, "clipped": 0, "underflows": 0, "render_errors": 0, "outliers": 0, "respawns": 0}
1790665250.735,{"via": "Focusrite USB ASIO, ASIO, mixer-free, 2 outputs at 48000 Hz", "mixer_free": true, "mode": "follow", "connected": true, "fault": null, "losses": 0, "returns": 0, "clipped": 0, "underflows": 0, "render_errors": 0, "outliers": 0, "respawns": 0}
1790665251.737,{"via": "Focusrite USB ASIO, ASIO, mixer-free, 2 outputs at 48000 Hz", "mixer_free": true, "mode": "follow", "connected": true, "fault": null, "losses": 0, "returns": 0, "clipped": 0, "underflows": 0, "render_errors": 0, "outliers": 0, "respawns": 0}
1790665252.738,{"via": "Focusrite USB ASIO, ASIO, mixer-free, 2 outputs at 48000 Hz", "mixer_free": true, "mode": "follow", "connected": true, "fault": null, "losses": 0, "returns": 0, "clipped": 0, "underflows": 0, "render_errors": 0, "outliers": 0, "respawns": 0}
1790665253.739,{"via": "Focusrite USB ASIO, ASIO, mixer-free, 2 outputs at 48000 Hz", "mixer_free": true, "mode": "follow", "connected": true, "fault": null, "losses": 0, "returns": 0, "clipped": 0, "underflows": 0, "render_errors": 0, "outliers": 0, "respawns": 0}
1790665254.740,{"via": "Focusrite USB ASIO, ASIO, mixer-free, 2 outputs at 48000 Hz", "mixer_free": true, "mode": "follow", "connected": true, "fault": null, "losses": 0, "returns": 0, "clipped": 0, "underflows": 0, "render_errors": 0, "outliers": 0, "respawns": 0}
1790665255.741,{"via": "Focusrite USB ASIO, ASIO, mixer-free, 2 outputs at 48000 Hz", "mixer_free": true, "mode": "follow", "connected": true, "fault": null, "losses": 0, "returns": 0, "clipped": 0, "underflows": 0, "render_errors": 0, "outliers": 0, "respawns": 0}
1790665256.742,{"via": "Focusrite USB ASIO, ASIO, mixer-free, 2 outputs at 48000 Hz", "mixer_free": true, "mode": "follow", "connected": true, "fault": null, "losses": 0, "returns": 0, "clipped": 0, "underflows": 0, "render_errors": 0, "outliers": 0, "respawns": 0}
1790665257.742,{"via": "Focusrite USB ASIO, ASIO, mixer-free, 2 outputs at 48000 Hz", "mixer_free": true, "mode": "follow", "connected": true, "fault": null, "losses": 0, "returns": 0, "clipped": 0, "underflows": 0, "render_errors": 0, "outliers": 0, "respawns": 0}
1790665258.744,{"via": "Focusrite USB ASIO, ASIO, mixer-free, 2 outputs at 48000 Hz", "mixer_free": true, "mode": "follow", "connected": true, "fault": null, "losses": 0, "returns": 0, "clipped": 0, "underflows": 0, "render_errors": 0, "outliers": 0, "respawns": 0}
1790665259.746,{"via": "Focusrite USB ASIO, ASIO, mixer-free, 2 outputs at 48000 Hz", "mixer_free": true, "mode": "follow", "connected": true, "fault": null, "losses": 0, "returns": 0, "clipped": 0, "underflows": 0, "render_errors": 0, "outliers": 0, "respawns": 0}
1790665260.747,{"via": "Focusrite USB ASIO, ASIO, mixer-free, 2 outputs at 48000 Hz", "mixer_free": true, "mode": "follow", "connected": true, "fault": null, "losses": 0, "returns": 0, "clipped": 0, "underflows": 0, "render_errors": 0, "outliers": 0, "respawns": 0}
1790665261.748,{"via": "Focusrite USB ASIO, ASIO, mixer-free, 2 outputs at 48000 Hz", "mixer_free": true, "mode": "follow", "connected": true, "fault": null, "losses": 0, "returns": 0, "clipped": 0, "underflows": 0, "render_errors": 0, "outliers": 0, "respawns": 0}
1790665262.749,{"via": "Focusrite USB ASIO, ASIO, mixer-free, 2 outputs at 48000 Hz", "mixer_free": true, "mode": "follow", "connected": true, "fault": null, "losses": 0, "returns": 0, "clipped": 0, "underflows": 0, "render_errors": 0, "outliers": 0, "respawns": 0}
1790665263.750,{"via": "Focusrite USB ASIO, ASIO, mixer-free, 2 outputs at 48000 Hz", "mixer_free": true, "mode": "follow", "connected": true, "fault": null, "losses": 0, "returns": 0, "clipped": 0, "underflows": 0, "render_errors": 0, "outliers": 0, "respawns": 0}
1790665264.751,{"via": "Focusrite USB ASIO, ASIO, mixer-free, 2 outputs at 48000 Hz", "mixer_free": true, "mode": "follow", "connected": true, "fault": null, "losses": 0, "returns": 0, "clipped": 0, "underflows": 0, "render_errors": 0, "outliers": 0, "respawns": 0}
1790665265.752,{"via": "Focusrite USB ASIO, ASIO, mixer-free, 2 outputs at 48000 Hz", "mixer_free": true, "mode": "follow", "connected": true, "fault": null, "losses": 0, "returns": 0, "clipped": 0, "underflows": 0, "render_errors": 0, "outliers": 0, "respawns": 0}
1790665266.752,{"via": "Focusrite USB ASIO, ASIO, mixer-free, 2 outputs at 48000 Hz", "mixer_free": true, "mode": "follow", "connected": true, "fault": null, "losses": 0, "returns": 0, "clipped": 0, "underflows": 0, "render_errors": 0, "outliers": 0, "respawns": 0}
1790665267.753,{"via": "Focusrite USB ASIO, ASIO, mixer-free, 2 outputs at 48000 Hz", "mixer_free": true, "mode": "follow", "connected": true, "fault": null, "losses": 0, "returns": 0, "clipped": 0, "underflows": 0, "render_errors": 0, "outliers": 0, "respawns": 0}
1790665268.754,{"via": "Focusrite USB ASIO, ASIO, mixer-free, 2 outputs at 48000 Hz", "mixer_free": true, "mode": "follow", "connected": true, "fault": null, "losses": 0, "returns": 0, "clipped": 0, "underflows": 0, "render_errors": 0, "outliers": 0, "respawns": 0}
1790665269.755,{"via": "Focusrite USB ASIO, ASIO, mixer-free, 2 outputs at 48000 Hz", "mixer_free": true, "mode": "follow", "connected": true, "fault": null, "losses": 0, "returns": 0, "clipped": 0, "underflows": 0, "render_errors": 0, "outliers": 0, "respawns": 0}
1790665270.755,{"via": "Focusrite USB ASIO, ASIO, mixer-free, 2 outputs at 48000 Hz", "mixer_free": true, "mode": "follow", "connected": true, "fault": null, "losses": 0, "returns": 0, "clipped": 0, "underflows": 0, "render_errors": 0, "outliers": 0, "respawns": 0}
1790665271.756,{"via": "Focusrite USB ASIO, ASIO, mixer-free, 2 outputs at 48000 Hz", "mixer_free": true, "mode": "follow", "connected": true, "fault": null, "losses": 0, "returns": 0, "clipped": 0, "underflows": 0, "render_errors": 0, "outliers": 0, "respawns": 0}
1790665272.757,{"via": "Focusrite USB ASIO, ASIO, mixer-free, 2 outputs at 48000 Hz", "mixer_free": true, "mode": "follow", "connected": true, "fault": null, "losses": 0, "returns": 0, "clipped": 0, "underflows": 0, "render_errors": 0, "outliers": 0, "respawns": 0}
1790665273.758,{"via": "Focusrite USB ASIO, ASIO, mixer-free, 2 outputs at 48000 Hz", "mixer_free": true, "mode": "follow", "connected": true, "fault": null, "losses": 0, "returns": 0, "clipped": 0, "underflows": 0, "render_errors": 0, "outliers": 0, "respawns": 0}
1790665274.758,{"via": "Focusrite USB ASIO, ASIO, mixer-free, 2 outputs at 48000 Hz", "mixer_free": true, "mode": "follow", "connected": true, "fault": null, "losses": 0, "returns": 0, "clipped": 0, "underflows": 0, "render_errors": 0, "outliers": 0, "respawns": 0}
1790665275.759,{"via": "Focusrite USB ASIO, ASIO, mixer-free, 2 outputs at 48000 Hz", "mixer_free": true, "mode": "follow", "connected": true, "fault": null, "losses": 0, "returns": 0, "clipped": 0, "underflows": 0, "render_errors": 0, "outliers": 0, "respawns": 0}
1790665276.759,{"via": "Focusrite USB ASIO, ASIO, mixer-free, 2 outputs at 48000 Hz", "mixer_free": true, "mode": "follow", "connected": true, "fault": null, "losses": 0, "returns": 0, "clipped": 0, "underflows": 0, "render_errors": 0, "outliers": 0, "respawns": 0}
1790665277.761,{"via": "Focusrite USB ASIO, ASIO, mixer-free, 2 outputs at 48000 Hz", "mixer_free": true, "mode": "follow", "connected": true, "fault": null, "losses": 0, "returns": 0, "clipped": 0, "underflows": 0, "render_errors": 0, "outliers": 0, "respawns": 0}
1790665278.762,{"via": "Focusrite USB ASIO, ASIO, mixer-free, 2 outputs at 48000 Hz", "mixer_free": true, "mode": "follow", "connected": true, "fault": null, "losses": 0, "returns": 0, "clipped": 0, "underflows": 0, "render_errors": 0, "outliers": 0, "respawns": 0}
1790665279.762,{"via": "Focusrite USB ASIO, ASIO, mixer-free, 2 outputs at 48000 Hz", "mixer_free": true, "mode": "follow", "connected": true, "fault": null, "losses": 0, "returns": 0, "clipped": 0, "underflows": 0, "render_errors": 0, "outliers": 0, "respawns": 0}
1790665280.763,{"via": "Focusrite USB ASIO, ASIO, mixer-free, 2 outputs at 48000 Hz", "mixer_free": true, "mode": "follow", "connected": true, "fault": null, "losses": 0, "returns": 0, "clipped": 0, "underflows": 0, "render_errors": 0, "outliers": 0, "respawns": 0}
1790665281.763,{"via": "Focusrite USB ASIO, ASIO, mixer-free, 2 outputs at 48000 Hz", "mixer_free": true, "mode": "follow", "connected": true, "fault": null, "losses": 0, "returns": 0, "clipped": 0, "underflows": 0, "render_errors": 0, "outliers": 0, "respawns": 0}
1790665282.765,{"via": "Focusrite USB ASIO, ASIO, mixer-free, 2 outputs at 48000 Hz", "mixer_free": true, "mode": "follow", "connected": true, "fault": null, "losses": 0, "returns": 0, "clipped": 0, "underflows": 0, "render_errors": 0, "outliers": 0, "respawns": 0}
1790665283.765,{"via": "Focusrite USB ASIO, ASIO, mixer-free, 2 outputs at 48000 Hz", "mixer_free": true, "mode": "follow", "connected": true, "fault": null, "losses": 0, "returns": 0, "clipped": 0, "underflows": 0, "render_errors": 0, "outliers": 0, "respawns": 0}
1790665284.768,{"via": "Focusrite USB ASIO, ASIO, mixer-free, 2 outputs at 48000 Hz", "mixer_free": true, "mode": "follow", "connected": true, "fault": null, "losses": 0, "returns": 0, "clipped": 0, "underflows": 0, "render_errors": 0, "outliers": 0, "respawns": 0}
1790665285.769,{"via": "Focusrite USB ASIO, ASIO, mixer-free, 2 outputs at 48000 Hz", "mixer_free": true, "mode": "follow", "connected": true, "fault": null, "losses": 0, "returns": 0, "clipped": 0, "underflows": 0, "render_errors": 0, "outliers": 0, "respawns": 0}
1790665286.770,{"via": "Focusrite USB ASIO, ASIO, mixer-free, 2 outputs at 48000 Hz", "mixer_free": true, "mode": "follow", "connected": true, "fault": null, "losses": 0, "returns": 0, "clipped": 0, "underflows": 0, "render_errors": 0, "outliers": 0, "respawns": 0}
1790665287.771,{"via": "Focusrite USB ASIO, ASIO, mixer-free, 2 outputs at 48000 Hz", "mixer_free": true, "mode": "follow", "connected": true, "fault": null, "losses": 0, "returns": 0, "clipped": 0, "underflows": 0, "render_errors": 0, "outliers": 0, "respawns": 0}
1790665288.772,{"via": "Focusrite USB ASIO, ASIO, mixer-free, 2 outputs at 48000 Hz", "mixer_free": true, "mode": "follow", "connected": true, "fault": null, "losses": 0, "returns": 0, "clipped": 0, "underflows": 0, "render_errors": 0, "outliers": 0, "respawns": 0}
1790665289.772,{"via": "Focusrite USB ASIO, ASIO, mixer-free, 2 outputs at 48000 Hz", "mixer_free": true, "mode": "follow", "connected": true, "fault": null, "losses": 0, "returns": 0, "clipped": 0, "underflows": 0, "render_errors": 0, "outliers": 0, "respawns": 0}
1790665290.772,{"via": "Focusrite USB ASIO, ASIO, mixer-free, 2 outputs at 48000 Hz", "mixer_free": true, "mode": "follow", "connected": true, "fault": null, "losses": 0, "returns": 0, "clipped": 0, "underflows": 0, "render_errors": 0, "outliers": 0, "respawns": 0}
1790665291.773,{"via": "Focusrite USB ASIO, ASIO, mixer-free, 2 outputs at 48000 Hz", "mixer_free": true, "mode": "follow", "connected": true, "fault": null, "losses": 0, "returns": 0, "clipped": 0, "underflows": 0, "render_errors": 0, "outliers": 0, "respawns": 0}
1790665292.773,{"via": "Focusrite USB ASIO, ASIO, mixer-free, 2 outputs at 48000 Hz", "mixer_free": true, "mode": "follow", "connected": true, "fault": null, "losses": 0, "returns": 0, "clipped": 0, "underflows": 0, "render_errors": 0, "outliers": 0, "respawns": 0}
1790665293.774,{"via": "Focusrite USB ASIO, ASIO, mixer-free, 2 outputs at 48000 Hz", "mixer_free": true, "mode": "follow", "connected": true, "fault": null, "losses": 0, "returns": 0, "clipped": 0, "underflows": 0, "render_errors": 0, "outliers": 0, "respawns": 0}
1790665294.775,{"via": "Focusrite USB ASIO, ASIO, mixer-free, 2 outputs at 48000 Hz", "mixer_free": true, "mode": "follow", "connected": true, "fault": null, "losses": 0, "returns": 0, "clipped": 0, "underflows": 0, "render_errors": 0, "outliers": 0, "respawns": 0}
1790665295.775,{"via": "Focusrite USB ASIO, ASIO, mixer-free, 2 outputs at 48000 Hz", "mixer_free": true, "mode": "follow", "connected": true, "fault": null, "losses": 0, "returns": 0, "clipped": 0, "underflows": 0, "render_errors": 0, "outliers": 0, "respawns": 0}
1790665296.777,{"via": "Focusrite USB ASIO, ASIO, mixer-free, 2 outputs at 48000 Hz", "mixer_free": true, "mode": "follow", "connected": true, "fault": null, "losses": 0, "returns": 0, "clipped": 0, "underflows": 0, "render_errors": 0, "outliers": 0, "respawns": 0}
1790665297.778,{"via": "Focusrite USB ASIO, ASIO, mixer-free, 2 outputs at 48000 Hz", "mixer_free": true, "mode": "follow", "connected": true, "fault": null, "losses": 0, "returns": 0, "clipped": 0, "underflows": 0, "render_errors": 0, "outliers": 0, "respawns": 0}
1790665298.779,{"via": "Focusrite USB ASIO, ASIO, mixer-free, 2 outputs at 48000 Hz", "mixer_free": true, "mode": "follow", "connected": true, "fault": null, "losses": 0, "returns": 0, "clipped": 0, "underflows": 0, "render_errors": 0, "outliers": 0, "respawns": 0}
1790665299.780,{"via": "Focusrite USB ASIO, ASIO, mixer-free, 2 outputs at 48000 Hz", "mixer_free": true, "mode": "follow", "connected": true, "fault": null, "losses": 0, "returns": 0, "clipped": 0, "underflows": 0, "render_errors": 0, "outliers": 0, "respawns": 0}
1790665300.782,{"via": "Focusrite USB ASIO, ASIO, mixer-free, 2 outputs at 48000 Hz", "mixer_free": true, "mode": "follow", "connected": true, "fault": null, "losses": 0, "returns": 0, "clipped": 0, "underflows": 0, "render_errors": 0, "outliers": 0, "respawns": 0}
1790665301.782,{"via": "Focusrite USB ASIO, ASIO, mixer-free, 2 outputs at 48000 Hz", "mixer_free": true, "mode": "follow", "connected": true, "fault": null, "losses": 0, "returns": 0, "clipped": 0, "underflows": 0, "render_errors": 0, "outliers": 0, "respawns": 0}
1790665302.783,{"via": "Focusrite USB ASIO, ASIO, mixer-free, 2 outputs at 48000 Hz", "mixer_free": true, "mode": "follow", "connected": true, "fault": null, "losses": 0, "returns": 0, "clipped": 0, "underflows": 0, "render_errors": 0, "outliers": 0, "respawns": 0}
1790665303.783,{"via": "Focusrite USB ASIO, ASIO, mixer-free, 2 outputs at 48000 Hz", "mixer_free": true, "mode": "follow", "connected": true, "fault": null, "losses": 0, "returns": 0, "clipped": 0, "underflows": 0, "render_errors": 0, "outliers": 0, "respawns": 0}
1790665304.784,{"via": "Focusrite USB ASIO, ASIO, mixer-free, 2 outputs at 48000 Hz", "mixer_free": true, "mode": "follow", "connected": true, "fault": null, "losses": 0, "returns": 0, "clipped": 0, "underflows": 0, "render_errors": 0, "outliers": 0, "respawns": 0}
1790665305.784,{"via": "Focusrite USB ASIO, ASIO, mixer-free, 2 outputs at 48000 Hz", "mixer_free": true, "mode": "follow", "connected": true, "fault": null, "losses": 0, "returns": 0, "clipped": 0, "underflows": 0, "render_errors": 0, "outliers": 0, "respawns": 0}
1790665306.785,{"via": "Focusrite USB ASIO, ASIO, mixer-free, 2 outputs at 48000 Hz", "mixer_free": true, "mode": "follow", "connected": true, "fault": null, "losses": 0, "returns": 0, "clipped": 0, "underflows": 0, "render_errors": 0, "outliers": 0, "respawns": 0}
1790665307.785,{"via": "Focusrite USB ASIO, ASIO, mixer-free, 2 outputs at 48000 Hz", "mixer_free": true, "mode": "follow", "connected": true, "fault": null, "losses": 0, "returns": 0, "clipped": 0, "underflows": 0, "render_errors": 0, "outliers": 0, "respawns": 0}
1790665308.786,{"via": "Focusrite USB ASIO, ASIO, mixer-free, 2 outputs at 48000 Hz", "mixer_free": true, "mode": "follow", "connected": true, "fault": null, "losses": 0, "returns": 0, "clipped": 0, "underflows": 0, "render_errors": 0, "outliers": 0, "respawns": 0}
1790665309.787,{"via": "Focusrite USB ASIO, ASIO, mixer-free, 2 outputs at 48000 Hz", "mixer_free": true, "mode": "follow", "connected": true, "fault": null, "losses": 0, "returns": 0, "clipped": 0, "underflows": 0, "render_errors": 0, "outliers": 0, "respawns": 0}
1790665310.788,{"via": "Focusrite USB ASIO, ASIO, mixer-free, 2 outputs at 48000 Hz", "mixer_free": true, "mode": "follow", "connected": true, "fault": null, "losses": 0, "returns": 0, "clipped": 0, "underflows": 0, "render_errors": 0, "outliers": 0, "respawns": 0}
1790665311.790,{"via": "Focusrite USB ASIO, ASIO, mixer-free, 2 outputs at 48000 Hz", "mixer_free": true, "mode": "follow", "connected": true, "fault": null, "losses": 0, "returns": 0, "clipped": 0, "underflows": 0, "render_errors": 0, "outliers": 0, "respawns": 0}
1790665312.791,{"via": "Focusrite USB ASIO, ASIO, mixer-free, 2 outputs at 48000 Hz", "mixer_free": true, "mode": "follow", "connected": true, "fault": null, "losses": 0, "returns": 0, "clipped": 0, "underflows": 0, "render_errors": 0, "outliers": 0, "respawns": 0}
1790665313.792,{"via": "Focusrite USB ASIO, ASIO, mixer-free, 2 outputs at 48000 Hz", "mixer_free": true, "mode": "follow", "connected": true, "fault": null, "losses": 0, "returns": 0, "clipped": 0, "underflows": 0, "render_errors": 0, "outliers": 0, "respawns": 0}
1790665314.792,{"via": "Focusrite USB ASIO, ASIO, mixer-free, 2 outputs at 48000 Hz", "mixer_free": true, "mode": "follow", "connected": true, "fault": null, "losses": 0, "returns": 0, "clipped": 0, "underflows": 0, "render_errors": 0, "outliers": 0, "respawns": 0}
1790665315.794,{"via": "Focusrite USB ASIO, ASIO, mixer-free, 2 outputs at 48000 Hz", "mixer_free": true, "mode": "follow", "connected": true, "fault": null, "losses": 0, "returns": 0, "clipped": 0, "underflows": 0, "render_errors": 0, "outliers": 0, "respawns": 0}
1790665316.795,{"via": "Focusrite USB ASIO, ASIO, mixer-free, 2 outputs at 48000 Hz", "mixer_free": true, "mode": "follow", "connected": true, "fault": null, "losses": 0, "returns": 0, "clipped": 0, "underflows": 0, "render_errors": 0, "outliers": 0, "respawns": 0}
1790665317.796,{"via": "Focusrite USB ASIO, ASIO, mixer-free, 2 outputs at 48000 Hz", "mixer_free": true, "mode": "follow", "connected": true, "fault": null, "losses": 0, "returns": 0, "clipped": 0, "underflows": 0, "render_errors": 0, "outliers": 0, "respawns": 0}
1790665318.797,{"via": "Focusrite USB ASIO, ASIO, mixer-free, 2 outputs at 48000 Hz", "mixer_free": true, "mode": "follow", "connected": true, "fault": null, "losses": 0, "returns": 0, "clipped": 0, "underflows": 0, "render_errors": 0, "outliers": 0, "respawns": 0}
1790665319.797,{"via": "Focusrite USB ASIO, ASIO, mixer-free, 2 outputs at 48000 Hz", "mixer_free": true, "mode": "follow", "connected": true, "fault": null, "losses": 0, "returns": 0, "clipped": 0, "underflows": 0, "render_errors": 0, "outliers": 0, "respawns": 0}
1790665320.798,{"via": "Focusrite USB ASIO, ASIO, mixer-free, 2 outputs at 48000 Hz", "mixer_free": true, "mode": "follow", "connected": true, "fault": null, "losses": 0, "returns": 0, "clipped": 0, "underflows": 0, "render_errors": 0, "outliers": 0, "respawns": 0}
1790665321.798,{"via": "Focusrite USB ASIO, ASIO, mixer-free, 2 outputs at 48000 Hz", "mixer_free": true, "mode": "follow", "connected": true, "fault": null, "losses": 0, "returns": 0, "clipped": 0, "underflows": 0, "render_errors": 0, "outliers": 0, "respawns": 0}
1790665322.798,{"via": "Focusrite USB ASIO, ASIO, mixer-free, 2 outputs at 48000 Hz", "mixer_free": true, "mode": "follow", "connected": true, "fault": null, "losses": 0, "returns": 0, "clipped": 0, "underflows": 0, "render_errors": 0, "outliers": 0, "respawns": 0}
1790665323.800,{"via": "Focusrite USB ASIO, ASIO, mixer-free, 2 outputs at 48000 Hz", "mixer_free": true, "mode": "follow", "connected": true, "fault": null, "losses": 0, "returns": 0, "clipped": 0, "underflows": 0, "render_errors": 0, "outliers": 0, "respawns": 0}
1790665324.801,{"via": "Focusrite USB ASIO, ASIO, mixer-free, 2 outputs at 48000 Hz", "mixer_free": true, "mode": "follow", "connected": true, "fault": null, "losses": 0, "returns": 0, "clipped": 0, "underflows": 0, "render_errors": 0, "outliers": 0, "respawns": 0}
1790665325.802,{"via": "Focusrite USB ASIO, ASIO, mixer-free, 2 outputs at 48000 Hz", "mixer_free": true, "mode": "follow", "connected": true, "fault": null, "losses": 0, "returns": 0, "clipped": 0, "underflows": 0, "render_errors": 0, "outliers": 0, "respawns": 0}
1790665326.804,{"via": "Focusrite USB ASIO, ASIO, mixer-free, 2 outputs at 48000 Hz", "mixer_free": true, "mode": "follow", "connected": true, "fault": null, "losses": 0, "returns": 0, "clipped": 0, "underflows": 0, "render_errors": 0, "outliers": 0, "respawns": 0}
1790665327.805,{"via": "Focusrite USB ASIO, ASIO, mixer-free, 2 outputs at 48000 Hz", "mixer_free": true, "mode": "follow", "connected": true, "fault": null, "losses": 0, "returns": 0, "clipped": 0, "underflows": 0, "render_errors": 0, "outliers": 0, "respawns": 0}
1790665328.807,{"via": "Focusrite USB ASIO, ASIO, mixer-free, 2 outputs at 48000 Hz", "mixer_free": true, "mode": "follow", "connected": true, "fault": null, "losses": 0, "returns": 0, "clipped": 0, "underflows": 0, "render_errors": 0, "outliers": 0, "respawns": 0}
1790665329.807,{"via": "Focusrite USB ASIO, ASIO, mixer-free, 2 outputs at 48000 Hz", "mixer_free": true, "mode": "follow", "connected": true, "fault": null, "losses": 0, "returns": 0, "clipped": 0, "underflows": 0, "render_errors": 0, "outliers": 0, "respawns": 0}
1790665330.809,{"via": "Focusrite USB ASIO, ASIO, mixer-free, 2 outputs at 48000 Hz", "mixer_free": true, "mode": "follow", "connected": true, "fault": null, "losses": 0, "returns": 0, "clipped": 0, "underflows": 0, "render_errors": 0, "outliers": 0, "respawns": 0}
1790665331.809,{"via": "Focusrite USB ASIO, ASIO, mixer-free, 2 outputs at 48000 Hz", "mixer_free": true, "mode": "follow", "connected": true, "fault": null, "losses": 0, "returns": 0, "clipped": 0, "underflows": 0, "render_errors": 0, "outliers": 0, "respawns": 0}
1790665332.811,{"via": "Focusrite USB ASIO, ASIO, mixer-free, 2 outputs at 48000 Hz", "mixer_free": true, "mode": "follow", "connected": true, "fault": null, "losses": 0, "returns": 0, "clipped": 0, "underflows": 0, "render_errors": 0, "outliers": 0, "respawns": 0}
1790665333.812,{"via": "Focusrite USB ASIO, ASIO, mixer-free, 2 outputs at 48000 Hz", "mixer_free": true, "mode": "follow", "connected": true, "fault": null, "losses": 0, "returns": 0, "clipped": 0, "underflows": 0, "render_errors": 0, "outliers": 0, "respawns": 0}
1790665334.813,{"via": "Focusrite USB ASIO, ASIO, mixer-free, 2 outputs at 48000 Hz", "mixer_free": true, "mode": "follow", "connected": true, "fault": null, "losses": 0, "returns": 0, "clipped": 0, "underflows": 0, "render_errors": 0, "outliers": 0, "respawns": 0}
1790665335.813,{"via": "Focusrite USB ASIO, ASIO, mixer-free, 2 outputs at 48000 Hz", "mixer_free": true, "mode": "follow", "connected": true, "fault": null, "losses": 0, "returns": 0, "clipped": 0, "underflows": 0, "render_errors": 0, "outliers": 0, "respawns": 0}
1790665336.814,{"via": "Focusrite USB ASIO, ASIO, mixer-free, 2 outputs at 48000 Hz", "mixer_free": true, "mode": "follow", "connected": true, "fault": null, "losses": 0, "returns": 0, "clipped": 0, "underflows": 0, "render_errors": 0, "outliers": 0, "respawns": 0}
1790665337.814,{"via": "Focusrite USB ASIO, ASIO, mixer-free, 2 outputs at 48000 Hz", "mixer_free": true, "mode": "follow", "connected": true, "fault": null, "losses": 0, "returns": 0, "clipped": 0, "underflows": 0, "render_errors": 0, "outliers": 0, "respawns": 0}
1790665338.815,{"via": "Focusrite USB ASIO, ASIO, mixer-free, 2 outputs at 48000 Hz", "mixer_free": true, "mode": "follow", "connected": true, "fault": null, "losses": 0, "returns": 0, "clipped": 0, "underflows": 0, "render_errors": 0, "outliers": 0, "respawns": 0}
1790665339.816,{"via": "Focusrite USB ASIO, ASIO, mixer-free, 2 outputs at 48000 Hz", "mixer_free": true, "mode": "follow", "connected": true, "fault": null, "losses": 0, "returns": 0, "clipped": 0, "underflows": 0, "render_errors": 0, "outliers": 0, "respawns": 0}
1790665340.818,{"via": "Focusrite USB ASIO, ASIO, mixer-free, 2 outputs at 48000 Hz", "mixer_free": true, "mode": "follow", "connected": true, "fault": null, "losses": 0, "returns": 0, "clipped": 0, "underflows": 0, "render_errors": 0, "outliers": 0, "respawns": 0}
1790665341.819,{"via": "Focusrite USB ASIO, ASIO, mixer-free, 2 outputs at 48000 Hz", "mixer_free": true, "mode": "follow", "connected": true, "fault": null, "losses": 0, "returns": 0, "clipped": 0, "underflows": 0, "render_errors": 0, "outliers": 0, "respawns": 0}
1790665342.819,{"via": "Focusrite USB ASIO, ASIO, mixer-free, 2 outputs at 48000 Hz", "mixer_free": true, "mode": "follow", "connected": true, "fault": null, "losses": 0, "returns": 0, "clipped": 0, "underflows": 0, "render_errors": 0, "outliers": 0, "respawns": 0}
1790665343.819,{"via": "Focusrite USB ASIO, ASIO, mixer-free, 2 outputs at 48000 Hz", "mixer_free": true, "mode": "follow", "connected": true, "fault": null, "losses": 0, "returns": 0, "clipped": 0, "underflows": 0, "render_errors": 0, "outliers": 0, "respawns": 0}
1790665344.821,{"via": "Focusrite USB ASIO, ASIO, mixer-free, 2 outputs at 48000 Hz", "mixer_free": true, "mode": "follow", "connected": true, "fault": null, "losses": 0, "returns": 0, "clipped": 0, "underflows": 0, "render_errors": 0, "outliers": 0, "respawns": 0}
1790665345.822,{"via": "Focusrite USB ASIO, ASIO, mixer-free, 2 outputs at 48000 Hz", "mixer_free": true, "mode": "follow", "connected": true, "fault": null, "losses": 0, "returns": 0, "clipped": 0, "underflows": 0, "render_errors": 0, "outliers": 0, "respawns": 0}
1790665346.823,{"via": "Focusrite USB ASIO, ASIO, mixer-free, 2 outputs at 48000 Hz", "mixer_free": true, "mode": "follow", "connected": true, "fault": null, "losses": 0, "returns": 0, "clipped": 0, "underflows": 0, "render_errors": 0, "outliers": 0, "respawns": 0}
1790665347.825,{"via": "Focusrite USB ASIO, ASIO, mixer-free, 2 outputs at 48000 Hz", "mixer_free": true, "mode": "follow", "connected": true, "fault": null, "losses": 0, "returns": 0, "clipped": 0, "underflows": 0, "render_errors": 0, "outliers": 0, "respawns": 0}
1790665348.825,{"via": "Focusrite USB ASIO, ASIO, mixer-free, 2 outputs at 48000 Hz", "mixer_free": true, "mode": "follow", "connected": true, "fault": null, "losses": 0, "returns": 0, "clipped": 0, "underflows": 0, "render_errors": 0, "outliers": 0, "respawns": 0}
1790665349.827,{"via": "Focusrite USB ASIO, ASIO, mixer-free, 2 outputs at 48000 Hz", "mixer_free": true, "mode": "follow", "connected": true, "fault": null, "losses": 0, "returns": 0, "clipped": 0, "underflows": 0, "render_errors": 0, "outliers": 0, "respawns": 0}
1790665350.827,{"via": "Focusrite USB ASIO, ASIO, mixer-free, 2 outputs at 48000 Hz", "mixer_free": true, "mode": "follow", "connected": true, "fault": null, "losses": 0, "returns": 0, "clipped": 0, "underflows": 0, "render_errors": 0, "outliers": 0, "respawns": 0}
1790665351.828,{"via": "Focusrite USB ASIO, ASIO, mixer-free, 2 outputs at 48000 Hz", "mixer_free": true, "mode": "follow", "connected": true, "fault": null, "losses": 0, "returns": 0, "clipped": 0, "underflows": 0, "render_errors": 0, "outliers": 0, "respawns": 0}
1790665352.829,{"via": "Focusrite USB ASIO, ASIO, mixer-free, 2 outputs at 48000 Hz", "mixer_free": true, "mode": "follow", "connected": true, "fault": null, "losses": 0, "returns": 0, "clipped": 0, "underflows": 0, "render_errors": 0, "outliers": 0, "respawns": 0}
1790665353.830,{"via": "Focusrite USB ASIO, ASIO, mixer-free, 2 outputs at 48000 Hz", "mixer_free": true, "mode": "follow", "connected": true, "fault": null, "losses": 0, "returns": 0, "clipped": 0, "underflows": 0, "render_errors": 0, "outliers": 0, "respawns": 0}
1790665354.830,{"via": "Focusrite USB ASIO, ASIO, mixer-free, 2 outputs at 48000 Hz", "mixer_free": true, "mode": "follow", "connected": true, "fault": null, "losses": 0, "returns": 0, "clipped": 0, "underflows": 0, "render_errors": 0, "outliers": 0, "respawns": 0}
1790665355.830,{"via": "Focusrite USB ASIO, ASIO, mixer-free, 2 outputs at 48000 Hz", "mixer_free": true, "mode": "follow", "connected": true, "fault": null, "losses": 0, "returns": 0, "clipped": 0, "underflows": 0, "render_errors": 0, "outliers": 0, "respawns": 0}
1790665356.832,{"via": "Focusrite USB ASIO, ASIO, mixer-free, 2 outputs at 48000 Hz", "mixer_free": true, "mode": "follow", "connected": true, "fault": null, "losses": 0, "returns": 0, "clipped": 0, "underflows": 0, "render_errors": 0, "outliers": 0, "respawns": 0}
1790665357.834,{"via": "Focusrite USB ASIO, ASIO, mixer-free, 2 outputs at 48000 Hz", "mixer_free": true, "mode": "follow", "connected": true, "fault": null, "losses": 0, "returns": 0, "clipped": 0, "underflows": 0, "render_errors": 0, "outliers": 0, "respawns": 0}
1790665358.834,{"via": "Focusrite USB ASIO, ASIO, mixer-free, 2 outputs at 48000 Hz", "mixer_free": true, "mode": "follow", "connected": true, "fault": null, "losses": 0, "returns": 0, "clipped": 0, "underflows": 0, "render_errors": 0, "outliers": 0, "respawns": 0}
1790665359.835,{"via": "Focusrite USB ASIO, ASIO, mixer-free, 2 outputs at 48000 Hz", "mixer_free": true, "mode": "follow", "connected": true, "fault": null, "losses": 0, "returns": 0, "clipped": 0, "underflows": 0, "render_errors": 0, "outliers": 0, "respawns": 0}
1790665360.836,{"via": "Focusrite USB ASIO, ASIO, mixer-free, 2 outputs at 48000 Hz", "mixer_free": true, "mode": "follow", "connected": true, "fault": null, "losses": 0, "returns": 0, "clipped": 0, "underflows": 0, "render_errors": 0, "outliers": 0, "respawns": 0}
1790665361.837,{"via": "Focusrite USB ASIO, ASIO, mixer-free, 2 outputs at 48000 Hz", "mixer_free": true, "mode": "follow", "connected": true, "fault": null, "losses": 0, "returns": 0, "clipped": 0, "underflows": 0, "render_errors": 0, "outliers": 0, "respawns": 0}
1790665362.838,{"via": "Focusrite USB ASIO, ASIO, mixer-free, 2 outputs at 48000 Hz", "mixer_free": true, "mode": "follow", "connected": true, "fault": null, "losses": 0, "returns": 0, "clipped": 0, "underflows": 0, "render_errors": 0, "outliers": 0, "respawns": 0}
1790665363.840,{"via": "Focusrite USB ASIO, ASIO, mixer-free, 2 outputs at 48000 Hz", "mixer_free": true, "mode": "follow", "connected": true, "fault": null, "losses": 0, "returns": 0, "clipped": 0, "underflows": 0, "render_errors": 0, "outliers": 0, "respawns": 0}
1790665364.842,{"via": "Focusrite USB ASIO, ASIO, mixer-free, 2 outputs at 48000 Hz", "mixer_free": true, "mode": "follow", "connected": true, "fault": null, "losses": 0, "returns": 0, "clipped": 0, "underflows": 0, "render_errors": 0, "outliers": 0, "respawns": 0}
1790665365.843,{"via": "Focusrite USB ASIO, ASIO, mixer-free, 2 outputs at 48000 Hz", "mixer_free": true, "mode": "follow", "connected": true, "fault": null, "losses": 0, "returns": 0, "clipped": 0, "underflows": 0, "render_errors": 0, "outliers": 0, "respawns": 0}
1790665366.844,{"via": "Focusrite USB ASIO, ASIO, mixer-free, 2 outputs at 48000 Hz", "mixer_free": true, "mode": "follow", "connected": true, "fault": null, "losses": 0, "returns": 0, "clipped": 0, "underflows": 0, "render_errors": 0, "outliers": 0, "respawns": 0}
1790665367.844,{"via": "Focusrite USB ASIO, ASIO, mixer-free, 2 outputs at 48000 Hz", "mixer_free": true, "mode": "follow", "connected": true, "fault": null, "losses": 0, "returns": 0, "clipped": 0, "underflows": 0, "render_errors": 0, "outliers": 0, "respawns": 0}
1790665368.846,{"via": "Focusrite USB ASIO, ASIO, mixer-free, 2 outputs at 48000 Hz", "mixer_free": true, "mode": "follow", "connected": true, "fault": null, "losses": 0, "returns": 0, "clipped": 0, "underflows": 0, "render_errors": 0, "outliers": 0, "respawns": 0}
1790665369.846,{"via": "Focusrite USB ASIO, ASIO, mixer-free, 2 outputs at 48000 Hz", "mixer_free": true, "mode": "follow", "connected": true, "fault": null, "losses": 0, "returns": 0, "clipped": 0, "underflows": 0, "render_errors": 0, "outliers": 0, "respawns": 0}
1790665370.847,{"via": "Focusrite USB ASIO, ASIO, mixer-free, 2 outputs at 48000 Hz", "mixer_free": true, "mode": "follow", "connected": true, "fault": null, "losses": 0, "returns": 0, "clipped": 0, "underflows": 0, "render_errors": 0, "outliers": 0, "respawns": 0}
1790665371.850,{"via": "Focusrite USB ASIO, ASIO, mixer-free, 2 outputs at 48000 Hz", "mixer_free": true, "mode": "follow", "connected": true, "fault": null, "losses": 0, "returns": 0, "clipped": 0, "underflows": 0, "render_errors": 0, "outliers": 0, "respawns": 0}
1790665372.851,{"via": "Focusrite USB ASIO, ASIO, mixer-free, 2 outputs at 48000 Hz", "mixer_free": true, "mode": "follow", "connected": true, "fault": null, "losses": 0, "returns": 0, "clipped": 0, "underflows": 0, "render_errors": 0, "outliers": 0, "respawns": 0}
1790665373.853,{"via": "Focusrite USB ASIO, ASIO, mixer-free, 2 outputs at 48000 Hz", "mixer_free": true, "mode": "follow", "connected": true, "fault": null, "losses": 0, "returns": 0, "clipped": 0, "underflows": 0, "render_errors": 0, "outliers": 0, "respawns": 0}
1790665374.854,{"via": "Focusrite USB ASIO, ASIO, mixer-free, 2 outputs at 48000 Hz", "mixer_free": true, "mode": "follow", "connected": true, "fault": null, "losses": 0, "returns": 0, "clipped": 0, "underflows": 0, "render_errors": 0, "outliers": 0, "respawns": 0}
1790665375.855,{"via": "Focusrite USB ASIO, ASIO, mixer-free, 2 outputs at 48000 Hz", "mixer_free": true, "mode": "follow", "connected": true, "fault": null, "losses": 0, "returns": 0, "clipped": 0, "underflows": 0, "render_errors": 0, "outliers": 0, "respawns": 0}
1790665376.856,{"via": "Focusrite USB ASIO, ASIO, mixer-free, 2 outputs at 48000 Hz", "mixer_free": true, "mode": "follow", "connected": true, "fault": null, "losses": 0, "returns": 0, "clipped": 0, "underflows": 0, "render_errors": 0, "outliers": 0, "respawns": 0}
1790665377.857,{"via": "Focusrite USB ASIO, ASIO, mixer-free, 2 outputs at 48000 Hz", "mixer_free": true, "mode": "follow", "connected": true, "fault": null, "losses": 0, "returns": 0, "clipped": 0, "underflows": 0, "render_errors": 0, "outliers": 0, "respawns": 0}
1790665378.859,{"via": "Focusrite USB ASIO, ASIO, mixer-free, 2 outputs at 48000 Hz", "mixer_free": true, "mode": "follow", "connected": true, "fault": null, "losses": 0, "returns": 0, "clipped": 0, "underflows": 0, "render_errors": 0, "outliers": 0, "respawns": 0}
1790665379.860,{"via": "Focusrite USB ASIO, ASIO, mixer-free, 2 outputs at 48000 Hz", "mixer_free": true, "mode": "follow", "connected": true, "fault": null, "losses": 0, "returns": 0, "clipped": 0, "underflows": 0, "render_errors": 0, "outliers": 0, "respawns": 0}
1790665380.861,{"via": "Focusrite USB ASIO, ASIO, mixer-free, 2 outputs at 48000 Hz", "mixer_free": true, "mode": "follow", "connected": true, "fault": null, "losses": 0, "returns": 0, "clipped": 0, "underflows": 0, "render_errors": 0, "outliers": 0, "respawns": 0}
1790665381.862,{"via": "Focusrite USB ASIO, ASIO, mixer-free, 2 outputs at 48000 Hz", "mixer_free": true, "mode": "follow", "connected": true, "fault": null, "losses": 0, "returns": 0, "clipped": 0, "underflows": 0, "render_errors": 0, "outliers": 0, "respawns": 0}
1790665382.863,{"via": "Focusrite USB ASIO, ASIO, mixer-free, 2 outputs at 48000 Hz", "mixer_free": true, "mode": "follow", "connected": true, "fault": null, "losses": 0, "returns": 0, "clipped": 0, "underflows": 0, "render_errors": 0, "outliers": 0, "respawns": 0}
1790665383.863,{"via": "Focusrite USB ASIO, ASIO, mixer-free, 2 outputs at 48000 Hz", "mixer_free": true, "mode": "follow", "connected": true, "fault": null, "losses": 0, "returns": 0, "clipped": 0, "underflows": 0, "render_errors": 0, "outliers": 0, "respawns": 0}
1790665384.863,{"via": "Focusrite USB ASIO, ASIO, mixer-free, 2 outputs at 48000 Hz", "mixer_free": true, "mode": "follow", "connected": true, "fault": null, "losses": 0, "returns": 0, "clipped": 0, "underflows": 0, "render_errors": 0, "outliers": 0, "respawns": 0}
1790665385.864,{"via": "Focusrite USB ASIO, ASIO, mixer-free, 2 outputs at 48000 Hz", "mixer_free": true, "mode": "follow", "connected": true, "fault": null, "losses": 0, "returns": 0, "clipped": 0, "underflows": 0, "render_errors": 0, "outliers": 0, "respawns": 0}
1790665386.865,{"via": "Focusrite USB ASIO, ASIO, mixer-free, 2 outputs at 48000 Hz", "mixer_free": true, "mode": "follow", "connected": true, "fault": null, "losses": 0, "returns": 0, "clipped": 0, "underflows": 0, "render_errors": 0, "outliers": 0, "respawns": 0}
1790665387.867,{"via": "Focusrite USB ASIO, ASIO, mixer-free, 2 outputs at 48000 Hz", "mixer_free": true, "mode": "follow", "connected": true, "fault": null, "losses": 0, "returns": 0, "clipped": 0, "underflows": 0, "render_errors": 0, "outliers": 0, "respawns": 0}
1790665388.867,{"via": "Focusrite USB ASIO, ASIO, mixer-free, 2 outputs at 48000 Hz", "mixer_free": true, "mode": "follow", "connected": true, "fault": null, "losses": 0, "returns": 0, "clipped": 0, "underflows": 0, "render_errors": 0, "outliers": 0, "respawns": 0}
1790665389.869,{"via": "Focusrite USB ASIO, ASIO, mixer-free, 2 outputs at 48000 Hz", "mixer_free": true, "mode": "follow", "connected": true, "fault": null, "losses": 0, "returns": 0, "clipped": 0, "underflows": 0, "render_errors": 0, "outliers": 0, "respawns": 0}
1790665390.870,{"via": "Focusrite USB ASIO, ASIO, mixer-free, 2 outputs at 48000 Hz", "mixer_free": true, "mode": "follow", "connected": true, "fault": null, "losses": 0, "returns": 0, "clipped": 0, "underflows": 0, "render_errors": 0, "outliers": 0, "respawns": 0}
1790665391.871,{"via": "Focusrite USB ASIO, ASIO, mixer-free, 2 outputs at 48000 Hz", "mixer_free": true, "mode": "follow", "connected": true, "fault": null, "losses": 0, "returns": 0, "clipped": 0, "underflows": 0, "render_errors": 0, "outliers": 0, "respawns": 0}
1790665392.872,{"via": "Focusrite USB ASIO, ASIO, mixer-free, 2 outputs at 48000 Hz", "mixer_free": true, "mode": "follow", "connected": true, "fault": null, "losses": 0, "returns": 0, "clipped": 0, "underflows": 0, "render_errors": 0, "outliers": 0, "respawns": 0}
1790665393.872,{"via": "Focusrite USB ASIO, ASIO, mixer-free, 2 outputs at 48000 Hz", "mixer_free": true, "mode": "follow", "connected": true, "fault": null, "losses": 0, "returns": 0, "clipped": 0, "underflows": 0, "render_errors": 0, "outliers": 0, "respawns": 0}
1790665394.873,{"via": "Focusrite USB ASIO, ASIO, mixer-free, 2 outputs at 48000 Hz", "mixer_free": true, "mode": "follow", "connected": true, "fault": null, "losses": 0, "returns": 0, "clipped": 0, "underflows": 0, "render_errors": 0, "outliers": 0, "respawns": 0}
1790665395.874,{"via": "Focusrite USB ASIO, ASIO, mixer-free, 2 outputs at 48000 Hz", "mixer_free": true, "mode": "follow", "connected": true, "fault": null, "losses": 0, "returns": 0, "clipped": 0, "underflows": 0, "render_errors": 0, "outliers": 0, "respawns": 0}
1790665396.876,{"via": "Focusrite USB ASIO, ASIO, mixer-free, 2 outputs at 48000 Hz", "mixer_free": true, "mode": "follow", "connected": true, "fault": null, "losses": 0, "returns": 0, "clipped": 0, "underflows": 0, "render_errors": 0, "outliers": 0, "respawns": 0}
1790665397.877,{"via": "Focusrite USB ASIO, ASIO, mixer-free, 2 outputs at 48000 Hz", "mixer_free": true, "mode": "follow", "connected": true, "fault": null, "losses": 0, "returns": 0, "clipped": 0, "underflows": 0, "render_errors": 0, "outliers": 0, "respawns": 0}
1790665398.878,{"via": "Focusrite USB ASIO, ASIO, mixer-free, 2 outputs at 48000 Hz", "mixer_free": true, "mode": "follow", "connected": true, "fault": null, "losses": 0, "returns": 0, "clipped": 0, "underflows": 0, "render_errors": 0, "outliers": 0, "respawns": 0}
1790665399.880,{"via": "Focusrite USB ASIO, ASIO, mixer-free, 2 outputs at 48000 Hz", "mixer_free": true, "mode": "follow", "connected": true, "fault": null, "losses": 0, "returns": 0, "clipped": 0, "underflows": 0, "render_errors": 0, "outliers": 0, "respawns": 0}
1790665400.882,{"via": "Focusrite USB ASIO, ASIO, mixer-free, 2 outputs at 48000 Hz", "mixer_free": true, "mode": "follow", "connected": true, "fault": null, "losses": 0, "returns": 0, "clipped": 0, "underflows": 0, "render_errors": 0, "outliers": 0, "respawns": 0}
1790665401.882,{"via": "Focusrite USB ASIO, ASIO, mixer-free, 2 outputs at 48000 Hz", "mixer_free": true, "mode": "follow", "connected": true, "fault": null, "losses": 0, "returns": 0, "clipped": 0, "underflows": 0, "render_errors": 0, "outliers": 0, "respawns": 0}
1790665402.882,{"via": "Focusrite USB ASIO, ASIO, mixer-free, 2 outputs at 48000 Hz", "mixer_free": true, "mode": "follow", "connected": true, "fault": null, "losses": 0, "returns": 0, "clipped": 0, "underflows": 0, "render_errors": 0, "outliers": 0, "respawns": 0}
1790665403.882,{"via": "Focusrite USB ASIO, ASIO, mixer-free, 2 outputs at 48000 Hz", "mixer_free": true, "mode": "follow", "connected": true, "fault": null, "losses": 0, "returns": 0, "clipped": 0, "underflows": 0, "render_errors": 0, "outliers": 0, "respawns": 0}
1790665404.883,{"via": "Focusrite USB ASIO, ASIO, mixer-free, 2 outputs at 48000 Hz", "mixer_free": true, "mode": "follow", "connected": true, "fault": null, "losses": 0, "returns": 0, "clipped": 0, "underflows": 0, "render_errors": 0, "outliers": 0, "respawns": 0}
1790665405.883,{"via": "Focusrite USB ASIO, ASIO, mixer-free, 2 outputs at 48000 Hz", "mixer_free": true, "mode": "follow", "connected": true, "fault": null, "losses": 0, "returns": 0, "clipped": 0, "underflows": 0, "render_errors": 0, "outliers": 0, "respawns": 0}
1790665406.884,{"via": "Focusrite USB ASIO, ASIO, mixer-free, 2 outputs at 48000 Hz", "mixer_free": true, "mode": "follow", "connected": true, "fault": null, "losses": 0, "returns": 0, "clipped": 0, "underflows": 0, "render_errors": 0, "outliers": 0, "respawns": 0}
1790665407.884,{"via": "Focusrite USB ASIO, ASIO, mixer-free, 2 outputs at 48000 Hz", "mixer_free": true, "mode": "follow", "connected": true, "fault": null, "losses": 0, "returns": 0, "clipped": 0, "underflows": 0, "render_errors": 0, "outliers": 0, "respawns": 0}
1790665408.884,{"via": "Focusrite USB ASIO, ASIO, mixer-free, 2 outputs at 48000 Hz", "mixer_free": true, "mode": "follow", "connected": true, "fault": null, "losses": 0, "returns": 0, "clipped": 0, "underflows": 0, "render_errors": 0, "outliers": 0, "respawns": 0}
1790665409.884,{"via": "Focusrite USB ASIO, ASIO, mixer-free, 2 outputs at 48000 Hz", "mixer_free": true, "mode": "follow", "connected": true, "fault": null, "losses": 0, "returns": 0, "clipped": 0, "underflows": 0, "render_errors": 0, "outliers": 0, "respawns": 0}
1790665410.886,{"via": "Focusrite USB ASIO, ASIO, mixer-free, 2 outputs at 48000 Hz", "mixer_free": true, "mode": "follow", "connected": true, "fault": null, "losses": 0, "returns": 0, "clipped": 0, "underflows": 0, "render_errors": 0, "outliers": 0, "respawns": 0}
1790665411.887,{"via": "Focusrite USB ASIO, ASIO, mixer-free, 2 outputs at 48000 Hz", "mixer_free": true, "mode": "follow", "connected": true, "fault": null, "losses": 0, "returns": 0, "clipped": 0, "underflows": 0, "render_errors": 0, "outliers": 0, "respawns": 0}
1790665412.889,{"via": "Focusrite USB ASIO, ASIO, mixer-free, 2 outputs at 48000 Hz", "mixer_free": true, "mode": "follow", "connected": true, "fault": null, "losses": 0, "returns": 0, "clipped": 0, "underflows": 0, "render_errors": 0, "outliers": 0, "respawns": 0}
1790665413.889,{"via": "Focusrite USB ASIO, ASIO, mixer-free, 2 outputs at 48000 Hz", "mixer_free": true, "mode": "follow", "connected": true, "fault": null, "losses": 0, "returns": 0, "clipped": 0, "underflows": 0, "render_errors": 0, "outliers": 0, "respawns": 0}
1790665414.891,{"via": "Focusrite USB ASIO, ASIO, mixer-free, 2 outputs at 48000 Hz", "mixer_free": true, "mode": "follow", "connected": true, "fault": null, "losses": 0, "returns": 0, "clipped": 0, "underflows": 0, "render_errors": 0, "outliers": 0, "respawns": 0}
1790665415.892,{"via": "Focusrite USB ASIO, ASIO, mixer-free, 2 outputs at 48000 Hz", "mixer_free": true, "mode": "follow", "connected": true, "fault": null, "losses": 0, "returns": 0, "clipped": 0, "underflows": 0, "render_errors": 0, "outliers": 0, "respawns": 0}
1790665416.892,{"via": "Focusrite USB ASIO, ASIO, mixer-free, 2 outputs at 48000 Hz", "mixer_free": true, "mode": "follow", "connected": true, "fault": null, "losses": 0, "returns": 0, "clipped": 0, "underflows": 0, "render_errors": 0, "outliers": 0, "respawns": 0}
1790665417.893,{"via": "Focusrite USB ASIO, ASIO, mixer-free, 2 outputs at 48000 Hz", "mixer_free": true, "mode": "follow", "connected": true, "fault": null, "losses": 0, "returns": 0, "clipped": 0, "underflows": 0, "render_errors": 0, "outliers": 0, "respawns": 0}
1790665418.894,{"via": "Focusrite USB ASIO, ASIO, mixer-free, 2 outputs at 48000 Hz", "mixer_free": true, "mode": "follow", "connected": true, "fault": null, "losses": 0, "returns": 0, "clipped": 0, "underflows": 0, "render_errors": 0, "outliers": 0, "respawns": 0}
1790665419.895,{"via": "Focusrite USB ASIO, ASIO, mixer-free, 2 outputs at 48000 Hz", "mixer_free": true, "mode": "follow", "connected": true, "fault": null, "losses": 0, "returns": 0, "clipped": 0, "underflows": 0, "render_errors": 0, "outliers": 0, "respawns": 0}
1790665420.896,{"via": "Focusrite USB ASIO, ASIO, mixer-free, 2 outputs at 48000 Hz", "mixer_free": true, "mode": "follow", "connected": true, "fault": null, "losses": 0, "returns": 0, "clipped": 0, "underflows": 0, "render_errors": 0, "outliers": 0, "respawns": 0}
1790665421.897,{"via": "Focusrite USB ASIO, ASIO, mixer-free, 2 outputs at 48000 Hz", "mixer_free": true, "mode": "follow", "connected": true, "fault": null, "losses": 0, "returns": 0, "clipped": 0, "underflows": 0, "render_errors": 0, "outliers": 0, "respawns": 0}
1790665422.897,{"via": "Focusrite USB ASIO, ASIO, mixer-free, 2 outputs at 48000 Hz", "mixer_free": true, "mode": "follow", "connected": true, "fault": null, "losses": 0, "returns": 0, "clipped": 0, "underflows": 0, "render_errors": 0, "outliers": 0, "respawns": 0}
1790665423.897,{"via": "Focusrite USB ASIO, ASIO, mixer-free, 2 outputs at 48000 Hz", "mixer_free": true, "mode": "follow", "connected": true, "fault": null, "losses": 0, "returns": 0, "clipped": 0, "underflows": 0, "render_errors": 0, "outliers": 0, "respawns": 0}
1790665424.898,{"via": "Focusrite USB ASIO, ASIO, mixer-free, 2 outputs at 48000 Hz", "mixer_free": true, "mode": "follow", "connected": true, "fault": null, "losses": 0, "returns": 0, "clipped": 0, "underflows": 0, "render_errors": 0, "outliers": 0, "respawns": 0}
1790665425.899,{"via": "Focusrite USB ASIO, ASIO, mixer-free, 2 outputs at 48000 Hz", "mixer_free": true, "mode": "follow", "connected": true, "fault": null, "losses": 0, "returns": 0, "clipped": 0, "underflows": 0, "render_errors": 0, "outliers": 0, "respawns": 0}
1790665426.900,{"via": "Focusrite USB ASIO, ASIO, mixer-free, 2 outputs at 48000 Hz", "mixer_free": true, "mode": "follow", "connected": true, "fault": null, "losses": 0, "returns": 0, "clipped": 0, "underflows": 0, "render_errors": 0, "outliers": 0, "respawns": 0}
1790665427.902,{"via": "Focusrite USB ASIO, ASIO, mixer-free, 2 outputs at 48000 Hz", "mixer_free": true, "mode": "follow", "connected": true, "fault": null, "losses": 0, "returns": 0, "clipped": 0, "underflows": 0, "render_errors": 0, "outliers": 0, "respawns": 0}
1790665428.902,{"via": "Focusrite USB ASIO, ASIO, mixer-free, 2 outputs at 48000 Hz", "mixer_free": true, "mode": "follow", "connected": true, "fault": null, "losses": 0, "returns": 0, "clipped": 0, "underflows": 0, "render_errors": 0, "outliers": 0, "respawns": 0}
1790665429.903,{"via": "Focusrite USB ASIO, ASIO, mixer-free, 2 outputs at 48000 Hz", "mixer_free": true, "mode": "follow", "connected": true, "fault": null, "losses": 0, "returns": 0, "clipped": 0, "underflows": 0, "render_errors": 0, "outliers": 0, "respawns": 0}
1790665430.904,{"via": "Focusrite USB ASIO, ASIO, mixer-free, 2 outputs at 48000 Hz", "mixer_free": true, "mode": "follow", "connected": true, "fault": null, "losses": 0, "returns": 0, "clipped": 0, "underflows": 0, "render_errors": 0, "outliers": 0, "respawns": 0}
1790665431.905,{"via": "Focusrite USB ASIO, ASIO, mixer-free, 2 outputs at 48000 Hz", "mixer_free": true, "mode": "follow", "connected": true, "fault": null, "losses": 0, "returns": 0, "clipped": 0, "underflows": 0, "render_errors": 0, "outliers": 0, "respawns": 0}
1790665432.906,{"via": "Focusrite USB ASIO, ASIO, mixer-free, 2 outputs at 48000 Hz", "mixer_free": true, "mode": "follow", "connected": true, "fault": null, "losses": 0, "returns": 0, "clipped": 0, "underflows": 0, "render_errors": 0, "outliers": 0, "respawns": 0}
1790665433.908,{"via": "Focusrite USB ASIO, ASIO, mixer-free, 2 outputs at 48000 Hz", "mixer_free": true, "mode": "follow", "connected": true, "fault": null, "losses": 0, "returns": 0, "clipped": 0, "underflows": 0, "render_errors": 0, "outliers": 0, "respawns": 0}
1790665434.908,{"via": "Focusrite USB ASIO, ASIO, mixer-free, 2 outputs at 48000 Hz", "mixer_free": true, "mode": "follow", "connected": true, "fault": null, "losses": 0, "returns": 0, "clipped": 0, "underflows": 0, "render_errors": 0, "outliers": 0, "respawns": 0}
1790665435.908,{"via": "Focusrite USB ASIO, ASIO, mixer-free, 2 outputs at 48000 Hz", "mixer_free": true, "mode": "follow", "connected": true, "fault": null, "losses": 0, "returns": 0, "clipped": 0, "underflows": 0, "render_errors": 0, "outliers": 0, "respawns": 0}
1790665436.910,{"via": "Focusrite USB ASIO, ASIO, mixer-free, 2 outputs at 48000 Hz", "mixer_free": true, "mode": "follow", "connected": true, "fault": null, "losses": 0, "returns": 0, "clipped": 0, "underflows": 0, "render_errors": 0, "outliers": 0, "respawns": 0}
1790665437.911,{"via": "Focusrite USB ASIO, ASIO, mixer-free, 2 outputs at 48000 Hz", "mixer_free": true, "mode": "follow", "connected": true, "fault": null, "losses": 0, "returns": 0, "clipped": 0, "underflows": 0, "render_errors": 0, "outliers": 0, "respawns": 0}
1790665438.913,{"via": "Focusrite USB ASIO, ASIO, mixer-free, 2 outputs at 48000 Hz", "mixer_free": true, "mode": "follow", "connected": true, "fault": null, "losses": 0, "returns": 0, "clipped": 0, "underflows": 0, "render_errors": 0, "outliers": 0, "respawns": 0}
1790665439.913,{"via": "Focusrite USB ASIO, ASIO, mixer-free, 2 outputs at 48000 Hz", "mixer_free": true, "mode": "follow", "connected": true, "fault": null, "losses": 0, "returns": 0, "clipped": 0, "underflows": 0, "render_errors": 0, "outliers": 0, "respawns": 0}
1790665440.915,{"via": "Focusrite USB ASIO, ASIO, mixer-free, 2 outputs at 48000 Hz", "mixer_free": true, "mode": "follow", "connected": true, "fault": null, "losses": 0, "returns": 0, "clipped": 0, "underflows": 0, "render_errors": 0, "outliers": 0, "respawns": 0}
1790665441.915,{"via": "Focusrite USB ASIO, ASIO, mixer-free, 2 outputs at 48000 Hz", "mixer_free": true, "mode": "follow", "connected": true, "fault": null, "losses": 0, "returns": 0, "clipped": 0, "underflows": 0, "render_errors": 0, "outliers": 0, "respawns": 0}
1790665442.915,{"via": "Focusrite USB ASIO, ASIO, mixer-free, 2 outputs at 48000 Hz", "mixer_free": true, "mode": "follow", "connected": true, "fault": null, "losses": 0, "returns": 0, "clipped": 0, "underflows": 0, "render_errors": 0, "outliers": 0, "respawns": 0}
1790665443.916,{"via": "Focusrite USB ASIO, ASIO, mixer-free, 2 outputs at 48000 Hz", "mixer_free": true, "mode": "follow", "connected": true, "fault": null, "losses": 0, "returns": 0, "clipped": 0, "underflows": 0, "render_errors": 0, "outliers": 0, "respawns": 0}
1790665444.917,{"via": "Focusrite USB ASIO, ASIO, mixer-free, 2 outputs at 48000 Hz", "mixer_free": true, "mode": "follow", "connected": true, "fault": null, "losses": 0, "returns": 0, "clipped": 0, "underflows": 0, "render_errors": 0, "outliers": 0, "respawns": 0}
1790665445.919,{"via": "Focusrite USB ASIO, ASIO, mixer-free, 2 outputs at 48000 Hz", "mixer_free": true, "mode": "follow", "connected": true, "fault": null, "losses": 0, "returns": 0, "clipped": 0, "underflows": 0, "render_errors": 0, "outliers": 0, "respawns": 0}
1790665446.919,{"via": "Focusrite USB ASIO, ASIO, mixer-free, 2 outputs at 48000 Hz", "mixer_free": true, "mode": "follow", "connected": true, "fault": null, "losses": 0, "returns": 0, "clipped": 0, "underflows": 0, "render_errors": 0, "outliers": 0, "respawns": 0}
1790665447.922,{"via": "Focusrite USB ASIO, ASIO, mixer-free, 2 outputs at 48000 Hz", "mixer_free": true, "mode": "follow", "connected": true, "fault": null, "losses": 0, "returns": 0, "clipped": 0, "underflows": 0, "render_errors": 0, "outliers": 0, "respawns": 0}
1790665448.923,{"via": "Focusrite USB ASIO, ASIO, mixer-free, 2 outputs at 48000 Hz", "mixer_free": true, "mode": "follow", "connected": true, "fault": null, "losses": 0, "returns": 0, "clipped": 0, "underflows": 0, "render_errors": 0, "outliers": 0, "respawns": 0}
1790665449.924,{"via": "Focusrite USB ASIO, ASIO, mixer-free, 2 outputs at 48000 Hz", "mixer_free": true, "mode": "follow", "connected": true, "fault": null, "losses": 0, "returns": 0, "clipped": 0, "underflows": 0, "render_errors": 0, "outliers": 0, "respawns": 0}
1790665450.925,{"via": "Focusrite USB ASIO, ASIO, mixer-free, 2 outputs at 48000 Hz", "mixer_free": true, "mode": "follow", "connected": true, "fault": null, "losses": 0, "returns": 0, "clipped": 0, "underflows": 0, "render_errors": 0, "outliers": 0, "respawns": 0}
1790665451.926,{"via": "Focusrite USB ASIO, ASIO, mixer-free, 2 outputs at 48000 Hz", "mixer_free": true, "mode": "follow", "connected": true, "fault": null, "losses": 0, "returns": 0, "clipped": 0, "underflows": 0, "render_errors": 0, "outliers": 0, "respawns": 0}
1790665452.927,{"via": "Focusrite USB ASIO, ASIO, mixer-free, 2 outputs at 48000 Hz", "mixer_free": true, "mode": "follow", "connected": true, "fault": null, "losses": 0, "returns": 0, "clipped": 0, "underflows": 0, "render_errors": 0, "outliers": 0, "respawns": 0}
1790665453.929,{"via": "Focusrite USB ASIO, ASIO, mixer-free, 2 outputs at 48000 Hz", "mixer_free": true, "mode": "follow", "connected": true, "fault": null, "losses": 0, "returns": 0, "clipped": 0, "underflows": 0, "render_errors": 0, "outliers": 0, "respawns": 0}
1790665454.930,{"via": "Focusrite USB ASIO, ASIO, mixer-free, 2 outputs at 48000 Hz", "mixer_free": true, "mode": "follow", "connected": true, "fault": null, "losses": 0, "returns": 0, "clipped": 0, "underflows": 0, "render_errors": 0, "outliers": 0, "respawns": 0}
1790665455.931,{"via": "Focusrite USB ASIO, ASIO, mixer-free, 2 outputs at 48000 Hz", "mixer_free": true, "mode": "follow", "connected": true, "fault": null, "losses": 0, "returns": 0, "clipped": 0, "underflows": 0, "render_errors": 0, "outliers": 0, "respawns": 0}
1790665456.932,{"via": "Focusrite USB ASIO, ASIO, mixer-free, 2 outputs at 48000 Hz", "mixer_free": true, "mode": "follow", "connected": true, "fault": null, "losses": 0, "returns": 0, "clipped": 0, "underflows": 0, "render_errors": 0, "outliers": 0, "respawns": 0}
1790665457.932,{"via": "Focusrite USB ASIO, ASIO, mixer-free, 2 outputs at 48000 Hz", "mixer_free": true, "mode": "follow", "connected": true, "fault": null, "losses": 0, "returns": 0, "clipped": 0, "underflows": 0, "render_errors": 0, "outliers": 0, "respawns": 0}
1790665458.933,{"via": "Focusrite USB ASIO, ASIO, mixer-free, 2 outputs at 48000 Hz", "mixer_free": true, "mode": "follow", "connected": true, "fault": null, "losses": 0, "returns": 0, "clipped": 0, "underflows": 0, "render_errors": 0, "outliers": 0, "respawns": 0}
1790665459.935,{"via": "Focusrite USB ASIO, ASIO, mixer-free, 2 outputs at 48000 Hz", "mixer_free": true, "mode": "follow", "connected": true, "fault": null, "losses": 0, "returns": 0, "clipped": 0, "underflows": 0, "render_errors": 0, "outliers": 0, "respawns": 0}
1790665460.935,{"via": "Focusrite USB ASIO, ASIO, mixer-free, 2 outputs at 48000 Hz", "mixer_free": true, "mode": "follow", "connected": true, "fault": null, "losses": 0, "returns": 0, "clipped": 0, "underflows": 0, "render_errors": 0, "outliers": 0, "respawns": 0}
1790665461.936,{"via": "Focusrite USB ASIO, ASIO, mixer-free, 2 outputs at 48000 Hz", "mixer_free": true, "mode": "follow", "connected": true, "fault": null, "losses": 0, "returns": 0, "clipped": 0, "underflows": 0, "render_errors": 0, "outliers": 0, "respawns": 0}
1790665462.937,{"via": "Focusrite USB ASIO, ASIO, mixer-free, 2 outputs at 48000 Hz", "mixer_free": true, "mode": "follow", "connected": true, "fault": null, "losses": 0, "returns": 0, "clipped": 0, "underflows": 0, "render_errors": 0, "outliers": 0, "respawns": 0}
1790665463.938,{"via": "Focusrite USB ASIO, ASIO, mixer-free, 2 outputs at 48000 Hz", "mixer_free": true, "mode": "follow", "connected": true, "fault": null, "losses": 0, "returns": 0, "clipped": 0, "underflows": 0, "render_errors": 0, "outliers": 0, "respawns": 0}
1790665464.940,{"via": "Focusrite USB ASIO, ASIO, mixer-free, 2 outputs at 48000 Hz", "mixer_free": true, "mode": "follow", "connected": true, "fault": null, "losses": 0, "returns": 0, "clipped": 0, "underflows": 0, "render_errors": 0, "outliers": 0, "respawns": 0}
1790665465.940,{"via": "Focusrite USB ASIO, ASIO, mixer-free, 2 outputs at 48000 Hz", "mixer_free": true, "mode": "follow", "connected": true, "fault": null, "losses": 0, "returns": 0, "clipped": 0, "underflows": 0, "render_errors": 0, "outliers": 0, "respawns": 0}
1790665466.942,{"via": "Focusrite USB ASIO, ASIO, mixer-free, 2 outputs at 48000 Hz", "mixer_free": true, "mode": "follow", "connected": true, "fault": null, "losses": 0, "returns": 0, "clipped": 0, "underflows": 0, "render_errors": 0, "outliers": 0, "respawns": 0}
1790665467.943,{"via": "Focusrite USB ASIO, ASIO, mixer-free, 2 outputs at 48000 Hz", "mixer_free": true, "mode": "follow", "connected": true, "fault": null, "losses": 0, "returns": 0, "clipped": 0, "underflows": 0, "render_errors": 0, "outliers": 0, "respawns": 0}
1790665468.945,{"via": "Focusrite USB ASIO, ASIO, mixer-free, 2 outputs at 48000 Hz", "mixer_free": true, "mode": "follow", "connected": true, "fault": null, "losses": 0, "returns": 0, "clipped": 0, "underflows": 0, "render_errors": 0, "outliers": 0, "respawns": 0}
1790665469.946,{"via": "Focusrite USB ASIO, ASIO, mixer-free, 2 outputs at 48000 Hz", "mixer_free": true, "mode": "follow", "connected": true, "fault": null, "losses": 0, "returns": 0, "clipped": 0, "underflows": 0, "render_errors": 0, "outliers": 0, "respawns": 0}
1790665470.948,{"via": "Focusrite USB ASIO, ASIO, mixer-free, 2 outputs at 48000 Hz", "mixer_free": true, "mode": "follow", "connected": true, "fault": null, "losses": 0, "returns": 0, "clipped": 0, "underflows": 0, "render_errors": 0, "outliers": 0, "respawns": 0}
1790665471.949,{"via": "Focusrite USB ASIO, ASIO, mixer-free, 2 outputs at 48000 Hz", "mixer_free": true, "mode": "follow", "connected": true, "fault": null, "losses": 0, "returns": 0, "clipped": 0, "underflows": 0, "render_errors": 0, "outliers": 0, "respawns": 0}
1790665472.949,{"via": "Focusrite USB ASIO, ASIO, mixer-free, 2 outputs at 48000 Hz", "mixer_free": true, "mode": "follow", "connected": true, "fault": null, "losses": 0, "returns": 0, "clipped": 0, "underflows": 0, "render_errors": 0, "outliers": 0, "respawns": 0}
1790665473.951,{"via": "Focusrite USB ASIO, ASIO, mixer-free, 2 outputs at 48000 Hz", "mixer_free": true, "mode": "follow", "connected": true, "fault": null, "losses": 0, "returns": 0, "clipped": 0, "underflows": 0, "render_errors": 0, "outliers": 0, "respawns": 0}
1790665474.953,{"via": "Focusrite USB ASIO, ASIO, mixer-free, 2 outputs at 48000 Hz", "mixer_free": true, "mode": "follow", "connected": true, "fault": null, "losses": 0, "returns": 0, "clipped": 0, "underflows": 0, "render_errors": 0, "outliers": 0, "respawns": 0}
1790665475.954,{"via": "Focusrite USB ASIO, ASIO, mixer-free, 2 outputs at 48000 Hz", "mixer_free": true, "mode": "follow", "connected": true, "fault": null, "losses": 0, "returns": 0, "clipped": 0, "underflows": 0, "render_errors": 0, "outliers": 0, "respawns": 0}
1790665476.955,{"via": "Focusrite USB ASIO, ASIO, mixer-free, 2 outputs at 48000 Hz", "mixer_free": true, "mode": "follow", "connected": true, "fault": null, "losses": 0, "returns": 0, "clipped": 0, "underflows": 0, "render_errors": 0, "outliers": 0, "respawns": 0}
1790665477.955,{"via": "Focusrite USB ASIO, ASIO, mixer-free, 2 outputs at 48000 Hz", "mixer_free": true, "mode": "follow", "connected": true, "fault": null, "losses": 0, "returns": 0, "clipped": 0, "underflows": 0, "render_errors": 0, "outliers": 0, "respawns": 0}
1790665478.957,{"via": "Focusrite USB ASIO, ASIO, mixer-free, 2 outputs at 48000 Hz", "mixer_free": true, "mode": "follow", "connected": true, "fault": null, "losses": 0, "returns": 0, "clipped": 0, "underflows": 0, "render_errors": 0, "outliers": 0, "respawns": 0}
1790665479.959,{"via": "Focusrite USB ASIO, ASIO, mixer-free, 2 outputs at 48000 Hz", "mixer_free": true, "mode": "follow", "connected": true, "fault": null, "losses": 0, "returns": 0, "clipped": 0, "underflows": 0, "render_errors": 0, "outliers": 0, "respawns": 0}
1790665480.959,{"via": "Focusrite USB ASIO, ASIO, mixer-free, 2 outputs at 48000 Hz", "mixer_free": true, "mode": "follow", "connected": true, "fault": null, "losses": 0, "returns": 0, "clipped": 0, "underflows": 0, "render_errors": 0, "outliers": 0, "respawns": 0}
1790665481.961,{"via": "Focusrite USB ASIO, ASIO, mixer-free, 2 outputs at 48000 Hz", "mixer_free": true, "mode": "follow", "connected": true, "fault": null, "losses": 0, "returns": 0, "clipped": 0, "underflows": 0, "render_errors": 0, "outliers": 0, "respawns": 0}
1790665482.963,{"via": "Focusrite USB ASIO, ASIO, mixer-free, 2 outputs at 48000 Hz", "mixer_free": true, "mode": "follow", "connected": true, "fault": null, "losses": 0, "returns": 0, "clipped": 0, "underflows": 0, "render_errors": 0, "outliers": 0, "respawns": 0}
1790665483.965,{"via": "Focusrite USB ASIO, ASIO, mixer-free, 2 outputs at 48000 Hz", "mixer_free": true, "mode": "follow", "connected": true, "fault": null, "losses": 0, "returns": 0, "clipped": 0, "underflows": 0, "render_errors": 0, "outliers": 0, "respawns": 0}
1790665484.965,{"via": "Focusrite USB ASIO, ASIO, mixer-free, 2 outputs at 48000 Hz", "mixer_free": true, "mode": "follow", "connected": true, "fault": null, "losses": 0, "returns": 0, "clipped": 0, "underflows": 0, "render_errors": 0, "outliers": 0, "respawns": 0}
1790665485.967,{"via": "Focusrite USB ASIO, ASIO, mixer-free, 2 outputs at 48000 Hz", "mixer_free": true, "mode": "follow", "connected": true, "fault": null, "losses": 0, "returns": 0, "clipped": 0, "underflows": 0, "render_errors": 0, "outliers": 0, "respawns": 0}
1790665486.969,{"via": "Focusrite USB ASIO, ASIO, mixer-free, 2 outputs at 48000 Hz", "mixer_free": true, "mode": "follow", "connected": true, "fault": null, "losses": 0, "returns": 0, "clipped": 0, "underflows": 0, "render_errors": 0, "outliers": 0, "respawns": 0}
1790665487.970,{"via": "Focusrite USB ASIO, ASIO, mixer-free, 2 outputs at 48000 Hz", "mixer_free": true, "mode": "follow", "connected": true, "fault": null, "losses": 0, "returns": 0, "clipped": 0, "underflows": 0, "render_errors": 0, "outliers": 0, "respawns": 0}
1790665488.971,{"via": "Focusrite USB ASIO, ASIO, mixer-free, 2 outputs at 48000 Hz", "mixer_free": true, "mode": "follow", "connected": true, "fault": null, "losses": 0, "returns": 0, "clipped": 0, "underflows": 0, "render_errors": 0, "outliers": 0, "respawns": 0}
1790665489.972,{"via": "Focusrite USB ASIO, ASIO, mixer-free, 2 outputs at 48000 Hz", "mixer_free": true, "mode": "follow", "connected": true, "fault": null, "losses": 0, "returns": 0, "clipped": 0, "underflows": 0, "render_errors": 0, "outliers": 0, "respawns": 0}
1790665490.974,{"via": "Focusrite USB ASIO, ASIO, mixer-free, 2 outputs at 48000 Hz", "mixer_free": true, "mode": "follow", "connected": true, "fault": null, "losses": 0, "returns": 0, "clipped": 0, "underflows": 0, "render_errors": 0, "outliers": 0, "respawns": 0}
1790665491.976,{"via": "Focusrite USB ASIO, ASIO, mixer-free, 2 outputs at 48000 Hz", "mixer_free": true, "mode": "follow", "connected": true, "fault": null, "losses": 0, "returns": 0, "clipped": 0, "underflows": 0, "render_errors": 0, "outliers": 0, "respawns": 0}
1790665492.977,{"via": "Focusrite USB ASIO, ASIO, mixer-free, 2 outputs at 48000 Hz", "mixer_free": true, "mode": "follow", "connected": true, "fault": null, "losses": 0, "returns": 0, "clipped": 0, "underflows": 0, "render_errors": 0, "outliers": 0, "respawns": 0}
1790665493.980,{"via": "Focusrite USB ASIO, ASIO, mixer-free, 2 outputs at 48000 Hz", "mixer_free": true, "mode": "follow", "connected": true, "fault": null, "losses": 0, "returns": 0, "clipped": 0, "underflows": 0, "render_errors": 0, "outliers": 0, "respawns": 0}
1790665494.980,{"via": "Focusrite USB ASIO, ASIO, mixer-free, 2 outputs at 48000 Hz", "mixer_free": true, "mode": "follow", "connected": true, "fault": null, "losses": 0, "returns": 0, "clipped": 0, "underflows": 0, "render_errors": 0, "outliers": 0, "respawns": 0}
1790665495.982,{"via": "Focusrite USB ASIO, ASIO, mixer-free, 2 outputs at 48000 Hz", "mixer_free": true, "mode": "follow", "connected": true, "fault": null, "losses": 0, "returns": 0, "clipped": 0, "underflows": 0, "render_errors": 0, "outliers": 0, "respawns": 0}
1790665496.983,{"via": "Focusrite USB ASIO, ASIO, mixer-free, 2 outputs at 48000 Hz", "mixer_free": true, "mode": "follow", "connected": true, "fault": null, "losses": 0, "returns": 0, "clipped": 0, "underflows": 0, "render_errors": 0, "outliers": 0, "respawns": 0}
1790665497.984,{"via": "Focusrite USB ASIO, ASIO, mixer-free, 2 outputs at 48000 Hz", "mixer_free": true, "mode": "follow", "connected": true, "fault": null, "losses": 0, "returns": 0, "clipped": 0, "underflows": 0, "render_errors": 0, "outliers": 0, "respawns": 0}
1790665498.984,{"via": "Focusrite USB ASIO, ASIO, mixer-free, 2 outputs at 48000 Hz", "mixer_free": true, "mode": "follow", "connected": true, "fault": null, "losses": 0, "returns": 0, "clipped": 0, "underflows": 0, "render_errors": 0, "outliers": 0, "respawns": 0}
1790665499.985,{"via": "Focusrite USB ASIO, ASIO, mixer-free, 2 outputs at 48000 Hz", "mixer_free": true, "mode": "follow", "connected": true, "fault": null, "losses": 0, "returns": 0, "clipped": 0, "underflows": 0, "render_errors": 0, "outliers": 0, "respawns": 0}
1790665500.986,{"via": "Focusrite USB ASIO, ASIO, mixer-free, 2 outputs at 48000 Hz", "mixer_free": true, "mode": "follow", "connected": true, "fault": null, "losses": 0, "returns": 0, "clipped": 0, "underflows": 0, "render_errors": 0, "outliers": 0, "respawns": 0}
1790665501.986,{"via": "Focusrite USB ASIO, ASIO, mixer-free, 2 outputs at 48000 Hz", "mixer_free": true, "mode": "follow", "connected": true, "fault": null, "losses": 0, "returns": 0, "clipped": 0, "underflows": 0, "render_errors": 0, "outliers": 0, "respawns": 0}
1790665502.988,{"via": "Focusrite USB ASIO, ASIO, mixer-free, 2 outputs at 48000 Hz", "mixer_free": true, "mode": "follow", "connected": true, "fault": null, "losses": 0, "returns": 0, "clipped": 0, "underflows": 0, "render_errors": 0, "outliers": 0, "respawns": 0}
1790665503.988,{"via": "Focusrite USB ASIO, ASIO, mixer-free, 2 outputs at 48000 Hz", "mixer_free": true, "mode": "follow", "connected": true, "fault": null, "losses": 0, "returns": 0, "clipped": 0, "underflows": 0, "render_errors": 0, "outliers": 0, "respawns": 0}
1790665504.990,{"via": "Focusrite USB ASIO, ASIO, mixer-free, 2 outputs at 48000 Hz", "mixer_free": true, "mode": "follow", "connected": true, "fault": null, "losses": 0, "returns": 0, "clipped": 0, "underflows": 0, "render_errors": 0, "outliers": 0, "respawns": 0}
1790665505.991,{"via": "Focusrite USB ASIO, ASIO, mixer-free, 2 outputs at 48000 Hz", "mixer_free": true, "mode": "follow", "connected": true, "fault": null, "losses": 0, "returns": 0, "clipped": 0, "underflows": 0, "render_errors": 0, "outliers": 0, "respawns": 0}
1790665506.992,{"via": "Focusrite USB ASIO, ASIO, mixer-free, 2 outputs at 48000 Hz", "mixer_free": true, "mode": "follow", "connected": true, "fault": null, "losses": 0, "returns": 0, "clipped": 0, "underflows": 0, "render_errors": 0, "outliers": 0, "respawns": 0}
1790665507.993,{"via": "Focusrite USB ASIO, ASIO, mixer-free, 2 outputs at 48000 Hz", "mixer_free": true, "mode": "follow", "connected": true, "fault": null, "losses": 0, "returns": 0, "clipped": 0, "underflows": 0, "render_errors": 0, "outliers": 0, "respawns": 0}
1790665508.993,{"via": "Focusrite USB ASIO, ASIO, mixer-free, 2 outputs at 48000 Hz", "mixer_free": true, "mode": "follow", "connected": true, "fault": null, "losses": 0, "returns": 0, "clipped": 0, "underflows": 0, "render_errors": 0, "outliers": 0, "respawns": 0}
1790665509.994,{"via": "Focusrite USB ASIO, ASIO, mixer-free, 2 outputs at 48000 Hz", "mixer_free": true, "mode": "follow", "connected": true, "fault": null, "losses": 0, "returns": 0, "clipped": 0, "underflows": 0, "render_errors": 0, "outliers": 0, "respawns": 0}
1790665510.995,{"via": "Focusrite USB ASIO, ASIO, mixer-free, 2 outputs at 48000 Hz", "mixer_free": true, "mode": "follow", "connected": true, "fault": null, "losses": 0, "returns": 0, "clipped": 0, "underflows": 0, "render_errors": 0, "outliers": 0, "respawns": 0}
1790665511.996,{"via": "Focusrite USB ASIO, ASIO, mixer-free, 2 outputs at 48000 Hz", "mixer_free": true, "mode": "follow", "connected": true, "fault": null, "losses": 0, "returns": 0, "clipped": 0, "underflows": 0, "render_errors": 0, "outliers": 0, "respawns": 0}
1790665512.997,{"via": "Focusrite USB ASIO, ASIO, mixer-free, 2 outputs at 48000 Hz", "mixer_free": true, "mode": "follow", "connected": true, "fault": null, "losses": 0, "returns": 0, "clipped": 0, "underflows": 0, "render_errors": 0, "outliers": 0, "respawns": 0}
1790665513.998,{"via": "Focusrite USB ASIO, ASIO, mixer-free, 2 outputs at 48000 Hz", "mixer_free": true, "mode": "follow", "connected": true, "fault": null, "losses": 0, "returns": 0, "clipped": 0, "underflows": 0, "render_errors": 0, "outliers": 0, "respawns": 0}
1790665514.999,{"via": "Focusrite USB ASIO, ASIO, mixer-free, 2 outputs at 48000 Hz", "mixer_free": true, "mode": "follow", "connected": true, "fault": null, "losses": 0, "returns": 0, "clipped": 0, "underflows": 0, "render_errors": 0, "outliers": 0, "respawns": 0}
1790665516.000,{"via": "Focusrite USB ASIO, ASIO, mixer-free, 2 outputs at 48000 Hz", "mixer_free": true, "mode": "follow", "connected": true, "fault": null, "losses": 0, "returns": 0, "clipped": 0, "underflows": 0, "render_errors": 0, "outliers": 0, "respawns": 0}
1790665517.000,{"via": "Focusrite USB ASIO, ASIO, mixer-free, 2 outputs at 48000 Hz", "mixer_free": true, "mode": "follow", "connected": true, "fault": null, "losses": 0, "returns": 0, "clipped": 0, "underflows": 0, "render_errors": 0, "outliers": 0, "respawns": 0}
1790665518.001,{"via": "Focusrite USB ASIO, ASIO, mixer-free, 2 outputs at 48000 Hz", "mixer_free": true, "mode": "follow", "connected": true, "fault": null, "losses": 0, "returns": 0, "clipped": 0, "underflows": 0, "render_errors": 0, "outliers": 0, "respawns": 0}
1790665519.003,{"via": "Focusrite USB ASIO, ASIO, mixer-free, 2 outputs at 48000 Hz", "mixer_free": true, "mode": "follow", "connected": true, "fault": null, "losses": 0, "returns": 0, "clipped": 0, "underflows": 0, "render_errors": 0, "outliers": 0, "respawns": 0}
1790665520.005,{"via": "Focusrite USB ASIO, ASIO, mixer-free, 2 outputs at 48000 Hz", "mixer_free": true, "mode": "follow", "connected": true, "fault": null, "losses": 0, "returns": 0, "clipped": 0, "underflows": 0, "render_errors": 0, "outliers": 0, "respawns": 0}
1790665521.007,{"via": "Focusrite USB ASIO, ASIO, mixer-free, 2 outputs at 48000 Hz", "mixer_free": true, "mode": "follow", "connected": true, "fault": null, "losses": 0, "returns": 0, "clipped": 0, "underflows": 0, "render_errors": 0, "outliers": 0, "respawns": 0}
1790665522.007,{"via": "Focusrite USB ASIO, ASIO, mixer-free, 2 outputs at 48000 Hz", "mixer_free": true, "mode": "follow", "connected": true, "fault": null, "losses": 0, "returns": 0, "clipped": 0, "underflows": 0, "render_errors": 0, "outliers": 0, "respawns": 0}
1790665523.007,{"via": "Focusrite USB ASIO, ASIO, mixer-free, 2 outputs at 48000 Hz", "mixer_free": true, "mode": "idle", "connected": true, "fault": null, "losses": 0, "returns": 0, "clipped": 0, "underflows": 0, "render_errors": 0, "outliers": 0, "respawns": 0}
1790665524.010,{"via": "Focusrite USB ASIO, ASIO, mixer-free, 2 outputs at 48000 Hz", "mixer_free": true, "mode": "idle", "connected": true, "fault": null, "losses": 0, "returns": 0, "clipped": 0, "underflows": 0, "render_errors": 0, "outliers": 0, "respawns": 0}
1790665525.010,{"via": "Focusrite USB ASIO, ASIO, mixer-free, 2 outputs at 48000 Hz", "mixer_free": true, "mode": "idle", "connected": true, "fault": null, "losses": 0, "returns": 0, "clipped": 0, "underflows": 0, "render_errors": 0, "outliers": 0, "respawns": 0}
1790665526.011,{"via": "Focusrite USB ASIO, ASIO, mixer-free, 2 outputs at 48000 Hz", "mixer_free": true, "mode": "idle", "connected": true, "fault": null, "losses": 0, "returns": 0, "clipped": 0, "underflows": 0, "render_errors": 0, "outliers": 0, "respawns": 0}
1790665527.011,{"via": "Focusrite USB ASIO, ASIO, mixer-free, 2 outputs at 48000 Hz", "mixer_free": true, "mode": "idle", "connected": true, "fault": null, "losses": 0, "returns": 0, "clipped": 0, "underflows": 0, "render_errors": 0, "outliers": 0, "respawns": 0}
